FV-4b required proofs	Set up job	﻿2026-08-19T03:05:05.8509741Z Current runner version: '2.336.0'
FV-4b required proofs	Set up job	2026-08-19T03:05:05.8537091Z ##[group]Runner Image Provisioner
FV-4b required proofs	Set up job	2026-08-19T03:05:05.8538153Z Hosted Compute Agent
FV-4b required proofs	Set up job	2026-08-19T03:05:05.8538770Z Version: 20260729.566
FV-4b required proofs	Set up job	2026-08-19T03:05:05.8539508Z Commit: cf7153fe6e25b664e8693c24944bf2b00355d109
FV-4b required proofs	Set up job	2026-08-19T03:05:05.8540289Z Build Date: 2026-07-29T19:17:02Z
FV-4b required proofs	Set up job	2026-08-19T03:05:05.8541018Z Worker ID: {3878e7a0-11db-47de-91af-90c67d47ae51}
FV-4b required proofs	Set up job	2026-08-19T03:05:05.8541813Z Azure Region: westus3
FV-4b required proofs	Set up job	2026-08-19T03:05:05.8542413Z ##[endgroup]
FV-4b required proofs	Set up job	2026-08-19T03:05:05.8543940Z ##[group]Operating System
FV-4b required proofs	Set up job	2026-08-19T03:05:05.8544739Z Ubuntu
FV-4b required proofs	Set up job	2026-08-19T03:05:05.8545315Z 22.04.5
FV-4b required proofs	Set up job	2026-08-19T03:05:05.8546112Z LTS
FV-4b required proofs	Set up job	2026-08-19T03:05:05.8546704Z ##[endgroup]
FV-4b required proofs	Set up job	2026-08-19T03:05:05.8547306Z ##[group]Runner Image
FV-4b required proofs	Set up job	2026-08-19T03:05:05.8547998Z Image: ubuntu-22.04
FV-4b required proofs	Set up job	2026-08-19T03:05:05.8548612Z Version: 20260817.266.1
FV-4b required proofs	Set up job	2026-08-19T03:05:05.8549670Z Included Software: https://github.com/actions/runner-images/blob/ubuntu22/20260817.266/images/ubuntu/Ubuntu2204-Readme.md
FV-4b required proofs	Set up job	2026-08-19T03:05:05.8551505Z Image Release: https://github.com/actions/runner-images/releases/tag/ubuntu22%2F20260817.266
FV-4b required proofs	Set up job	2026-08-19T03:05:05.8552949Z ##[endgroup]
FV-4b required proofs	Set up job	2026-08-19T03:05:05.8554149Z ##[group]GITHUB_TOKEN Permissions
FV-4b required proofs	Set up job	2026-08-19T03:05:05.8556668Z Contents: read
FV-4b required proofs	Set up job	2026-08-19T03:05:05.8557357Z Metadata: read
FV-4b required proofs	Set up job	2026-08-19T03:05:05.8557953Z ##[endgroup]
FV-4b required proofs	Set up job	2026-08-19T03:05:05.8560200Z Secret source: Actions
FV-4b required proofs	Set up job	2026-08-19T03:05:05.8561444Z Prepare workflow directory
FV-4b required proofs	Set up job	2026-08-19T03:05:05.8971824Z Prepare all required actions
FV-4b required proofs	Set up job	2026-08-19T03:05:05.9022052Z Getting action download info
FV-4b required proofs	Set up job	2026-08-19T03:05:06.2134438Z Download action repository 'actions/checkout@v4' (SHA:11d5960a326750d5838078e36cf38b85af677262)
FV-4b required proofs	Set up job	2026-08-19T03:05:06.3892419Z Download action repository 'actions/upload-artifact@v4' (SHA:ea165f8d65b6e75b540449e92b4886f43607fa02)
FV-4b required proofs	Set up job	2026-08-19T03:05:06.7290413Z Complete job name: FV-4b required proofs
FV-4b required proofs	Checkout repository	﻿2026-08-19T03:05:06.8219016Z Node 20 is being deprecated. This workflow is running with Node 24 by default. If you need to temporarily use Node 20, you can set the ACTIONS_ALLOW_USE_UNSECURE_NODE_VERSION=true environment variable. For more information see: https://github.blog/changelog/2025-09-19-deprecation-of-node-20-on-github-actions-runners/
FV-4b required proofs	Checkout repository	2026-08-19T03:05:06.8233194Z ##[group]Run actions/checkout@v4
FV-4b required proofs	Checkout repository	2026-08-19T03:05:06.8234432Z with:
FV-4b required proofs	Checkout repository	2026-08-19T03:05:06.8235248Z   repository: aieonyx/edisondb-fv
FV-4b required proofs	Checkout repository	2026-08-19T03:05:06.8243227Z   token: ***
FV-4b required proofs	Checkout repository	2026-08-19T03:05:06.8243997Z   ssh-strict: true
FV-4b required proofs	Checkout repository	2026-08-19T03:05:06.8244724Z   ssh-user: git
FV-4b required proofs	Checkout repository	2026-08-19T03:05:06.8245503Z   persist-credentials: true
FV-4b required proofs	Checkout repository	2026-08-19T03:05:06.8246671Z   clean: true
FV-4b required proofs	Checkout repository	2026-08-19T03:05:06.8247448Z   sparse-checkout-cone-mode: true
FV-4b required proofs	Checkout repository	2026-08-19T03:05:06.8248332Z   fetch-depth: 1
FV-4b required proofs	Checkout repository	2026-08-19T03:05:06.8249090Z   fetch-tags: false
FV-4b required proofs	Checkout repository	2026-08-19T03:05:06.8249918Z   show-progress: true
FV-4b required proofs	Checkout repository	2026-08-19T03:05:06.8250655Z   lfs: false
FV-4b required proofs	Checkout repository	2026-08-19T03:05:06.8251337Z   submodules: false
FV-4b required proofs	Checkout repository	2026-08-19T03:05:06.8252150Z   set-safe-directory: true
FV-4b required proofs	Checkout repository	2026-08-19T03:05:06.8253070Z   allow-unsafe-pr-checkout: false
FV-4b required proofs	Checkout repository	2026-08-19T03:05:06.8254395Z ##[endgroup]
FV-4b required proofs	Checkout repository	2026-08-19T03:05:06.9430988Z Syncing repository: aieonyx/edisondb-fv
FV-4b required proofs	Checkout repository	2026-08-19T03:05:06.9433869Z ##[group]Getting Git version info
FV-4b required proofs	Checkout repository	2026-08-19T03:05:06.9435151Z Working directory is '/home/runner/work/edisondb-fv/edisondb-fv'
FV-4b required proofs	Checkout repository	2026-08-19T03:05:06.9437315Z [command]/usr/bin/git version
FV-4b required proofs	Checkout repository	2026-08-19T03:05:07.1849311Z git version 2.55.0
FV-4b required proofs	Checkout repository	2026-08-19T03:05:07.1872906Z ##[endgroup]
FV-4b required proofs	Checkout repository	2026-08-19T03:05:07.1888812Z Temporarily overriding HOME='/home/runner/work/_temp/a9ca2cc3-d35f-440e-8454-187681629c04' before making global git config changes
FV-4b required proofs	Checkout repository	2026-08-19T03:05:07.1894120Z Adding repository directory to the temporary git global config as a safe directory
FV-4b required proofs	Checkout repository	2026-08-19T03:05:07.1895497Z [command]/usr/bin/git config --global --add safe.directory /home/runner/work/edisondb-fv/edisondb-fv
FV-4b required proofs	Checkout repository	2026-08-19T03:05:07.1938724Z Deleting the contents of '/home/runner/work/edisondb-fv/edisondb-fv'
FV-4b required proofs	Checkout repository	2026-08-19T03:05:07.1942915Z ##[group]Initializing the repository
FV-4b required proofs	Checkout repository	2026-08-19T03:05:07.1948063Z [command]/usr/bin/git init /home/runner/work/edisondb-fv/edisondb-fv
FV-4b required proofs	Checkout repository	2026-08-19T03:05:07.2896460Z hint: Using 'master' as the name for the initial branch. This default branch name
FV-4b required proofs	Checkout repository	2026-08-19T03:05:07.2897860Z hint: will change to "main" in Git 3.0. To configure the initial branch name
FV-4b required proofs	Checkout repository	2026-08-19T03:05:07.2899252Z hint: to use in all of your new repositories, which will suppress this warning,
FV-4b required proofs	Checkout repository	2026-08-19T03:05:07.2900153Z hint: call:
FV-4b required proofs	Checkout repository	2026-08-19T03:05:07.2901075Z hint:
FV-4b required proofs	Checkout repository	2026-08-19T03:05:07.2901948Z hint: 	git config --global init.defaultBranch <name>
FV-4b required proofs	Checkout repository	2026-08-19T03:05:07.2903039Z hint:
FV-4b required proofs	Checkout repository	2026-08-19T03:05:07.2903811Z hint: Names commonly chosen instead of 'master' are 'main', 'trunk' and
FV-4b required proofs	Checkout repository	2026-08-19T03:05:07.2905022Z hint: 'development'. The just-created branch can be renamed via this command:
FV-4b required proofs	Checkout repository	2026-08-19T03:05:07.2906494Z hint:
FV-4b required proofs	Checkout repository	2026-08-19T03:05:07.2910840Z hint: 	git branch -m <name>
FV-4b required proofs	Checkout repository	2026-08-19T03:05:07.2911657Z hint:
FV-4b required proofs	Checkout repository	2026-08-19T03:05:07.2912734Z hint: Disable this message with "git config set advice.defaultBranchName false"
FV-4b required proofs	Checkout repository	2026-08-19T03:05:07.2914482Z Initialized empty Git repository in /home/runner/work/edisondb-fv/edisondb-fv/.git/
FV-4b required proofs	Checkout repository	2026-08-19T03:05:07.2916809Z [command]/usr/bin/git remote add origin https://github.com/aieonyx/edisondb-fv
FV-4b required proofs	Checkout repository	2026-08-19T03:05:07.3063494Z ##[endgroup]
FV-4b required proofs	Checkout repository	2026-08-19T03:05:07.3064852Z ##[group]Disabling automatic garbage collection
FV-4b required proofs	Checkout repository	2026-08-19T03:05:07.3067630Z [command]/usr/bin/git config --local gc.auto 0
FV-4b required proofs	Checkout repository	2026-08-19T03:05:07.3108171Z ##[endgroup]
FV-4b required proofs	Checkout repository	2026-08-19T03:05:07.3109326Z ##[group]Setting up auth
FV-4b required proofs	Checkout repository	2026-08-19T03:05:07.3114870Z [command]/usr/bin/git config --local --name-only --get-regexp core\.sshCommand
FV-4b required proofs	Checkout repository	2026-08-19T03:05:07.3156150Z [command]/usr/bin/git submodule foreach --recursive sh -c "git config --local --name-only --get-regexp 'core\.sshCommand' && git config --local --unset-all 'core.sshCommand' || :"
FV-4b required proofs	Checkout repository	2026-08-19T03:05:07.6740378Z [command]/usr/bin/git config --local --name-only --get-regexp http\.https\:\/\/github\.com\/\.extraheader
FV-4b required proofs	Checkout repository	2026-08-19T03:05:07.6783050Z [command]/usr/bin/git submodule foreach --recursive sh -c "git config --local --name-only --get-regexp 'http\.https\:\/\/github\.com\/\.extraheader' && git config --local --unset-all 'http.https://github.com/.extraheader' || :"
FV-4b required proofs	Checkout repository	2026-08-19T03:05:07.7050146Z [command]/usr/bin/git config --local --name-only --get-regexp ^includeIf\.gitdir:
FV-4b required proofs	Checkout repository	2026-08-19T03:05:07.7091320Z [command]/usr/bin/git submodule foreach --recursive git config --local --show-origin --name-only --get-regexp remote.origin.url
FV-4b required proofs	Checkout repository	2026-08-19T03:05:07.7355174Z [command]/usr/bin/git config --local http.https://github.com/.extraheader AUTHORIZATION: basic ***
FV-4b required proofs	Checkout repository	2026-08-19T03:05:07.7398752Z ##[endgroup]
FV-4b required proofs	Checkout repository	2026-08-19T03:05:07.7400840Z ##[group]Fetching the repository
FV-4b required proofs	Checkout repository	2026-08-19T03:05:07.7408924Z [command]/usr/bin/git -c protocol.version=2 fetch --no-tags --prune --no-recurse-submodules --depth=1 origin +5c63ac45289e876eb563f1752eb796a19b553534:refs/remotes/origin/fv/4b-remediation
FV-4b required proofs	Checkout repository	2026-08-19T03:05:08.8694213Z From https://github.com/aieonyx/edisondb-fv
FV-4b required proofs	Checkout repository	2026-08-19T03:05:08.8695266Z  * [new ref]         5c63ac45289e876eb563f1752eb796a19b553534 -> origin/fv/4b-remediation
FV-4b required proofs	Checkout repository	2026-08-19T03:05:08.8698206Z ##[endgroup]
FV-4b required proofs	Checkout repository	2026-08-19T03:05:08.8699408Z ##[group]Determining the checkout info
FV-4b required proofs	Checkout repository	2026-08-19T03:05:08.8707851Z ##[endgroup]
FV-4b required proofs	Checkout repository	2026-08-19T03:05:08.8708536Z [command]/usr/bin/git sparse-checkout disable
FV-4b required proofs	Checkout repository	2026-08-19T03:05:08.8880191Z [command]/usr/bin/git config --local --unset-all extensions.worktreeConfig
FV-4b required proofs	Checkout repository	2026-08-19T03:05:08.8918670Z ##[group]Checking out the ref
FV-4b required proofs	Checkout repository	2026-08-19T03:05:08.8923125Z [command]/usr/bin/git checkout --progress --force -B fv/4b-remediation refs/remotes/origin/fv/4b-remediation
FV-4b required proofs	Checkout repository	2026-08-19T03:05:08.9336577Z Switched to a new branch 'fv/4b-remediation'
FV-4b required proofs	Checkout repository	2026-08-19T03:05:08.9338709Z branch 'fv/4b-remediation' set up to track 'origin/fv/4b-remediation'.
FV-4b required proofs	Checkout repository	2026-08-19T03:05:08.9347284Z ##[endgroup]
FV-4b required proofs	Checkout repository	2026-08-19T03:05:08.9394985Z [command]/usr/bin/git log -1 --format=%H
FV-4b required proofs	Checkout repository	2026-08-19T03:05:08.9427316Z 5c63ac45289e876eb563f1752eb796a19b553534
FV-4b required proofs	Install pinned Rust toolchain	﻿2026-08-19T03:05:08.9653243Z ##[group]Run set -euo pipefail
FV-4b required proofs	Install pinned Rust toolchain	2026-08-19T03:05:08.9654019Z [36;1mset -euo pipefail[0m
FV-4b required proofs	Install pinned Rust toolchain	2026-08-19T03:05:08.9654474Z [36;1mrustup toolchain install 1.97.0 --profile minimal[0m
FV-4b required proofs	Install pinned Rust toolchain	2026-08-19T03:05:08.9654927Z [36;1mrustup default 1.97.0[0m
FV-4b required proofs	Install pinned Rust toolchain	2026-08-19T03:05:08.9655293Z [36;1mrustc --version[0m
FV-4b required proofs	Install pinned Rust toolchain	2026-08-19T03:05:08.9655615Z [36;1mcargo --version[0m
FV-4b required proofs	Install pinned Rust toolchain	2026-08-19T03:05:09.3627566Z shell: /usr/bin/bash --noprofile --norc -e -o pipefail {0}
FV-4b required proofs	Install pinned Rust toolchain	2026-08-19T03:05:09.3628125Z ##[endgroup]
FV-4b required proofs	Install pinned Rust toolchain	2026-08-19T03:05:10.3244828Z info: syncing channel updates for 1.97.0-x86_64-unknown-linux-gnu
FV-4b required proofs	Install pinned Rust toolchain	2026-08-19T03:05:10.6864954Z info: latest update on 2026-07-09 for version 1.97.0 (2d8144b78 2026-07-07)
FV-4b required proofs	Install pinned Rust toolchain	2026-08-19T03:05:10.6866296Z info: downloading 3 components
FV-4b required proofs	Install pinned Rust toolchain	2026-08-19T03:05:18.8493993Z 
FV-4b required proofs	Install pinned Rust toolchain	2026-08-19T03:05:18.8593704Z   1.97.0-x86_64-unknown-linux-gnu installed - rustc 1.97.0 (2d8144b78 2026-07-07)
FV-4b required proofs	Install pinned Rust toolchain	2026-08-19T03:05:18.8802258Z info: using existing install for 1.97.0-x86_64-unknown-linux-gnu
FV-4b required proofs	Install pinned Rust toolchain	2026-08-19T03:05:18.8802716Z 
FV-4b required proofs	Install pinned Rust toolchain	2026-08-19T03:05:18.8810403Z info: default toolchain set to 1.97.0-x86_64-unknown-linux-gnu
FV-4b required proofs	Install pinned Rust toolchain	2026-08-19T03:05:18.8810949Z 
FV-4b required proofs	Install pinned Rust toolchain	2026-08-19T03:05:18.8909365Z   1.97.0-x86_64-unknown-linux-gnu unchanged - rustc 1.97.0 (2d8144b78 2026-07-07)
FV-4b required proofs	Install pinned Rust toolchain	2026-08-19T03:05:18.8909767Z 
FV-4b required proofs	Install pinned Rust toolchain	2026-08-19T03:05:18.9072401Z rustc 1.97.0 (2d8144b78 2026-07-07)
FV-4b required proofs	Install pinned Rust toolchain	2026-08-19T03:05:18.9193450Z cargo 1.97.0 (c980f4866 2026-06-30)
FV-4b required proofs	Install pinned Kani	﻿2026-08-19T03:05:18.9331732Z ##[group]Run set -euo pipefail
FV-4b required proofs	Install pinned Kani	2026-08-19T03:05:18.9332227Z [36;1mset -euo pipefail[0m
FV-4b required proofs	Install pinned Kani	2026-08-19T03:05:18.9332571Z [36;1mcargo install --locked kani-verifier --version 0.67.0[0m
FV-4b required proofs	Install pinned Kani	2026-08-19T03:05:18.9332959Z [36;1mcargo kani setup[0m
FV-4b required proofs	Install pinned Kani	2026-08-19T03:05:18.9407555Z shell: /usr/bin/bash --noprofile --norc -e -o pipefail {0}
FV-4b required proofs	Install pinned Kani	2026-08-19T03:05:18.9407992Z ##[endgroup]
FV-4b required proofs	Install pinned Kani	2026-08-19T03:05:18.9789411Z     Updating crates.io index
FV-4b required proofs	Install pinned Kani	2026-08-19T03:05:19.0799282Z  Downloading crates ...
FV-4b required proofs	Install pinned Kani	2026-08-19T03:05:19.1333564Z   Downloaded kani-verifier v0.67.0
FV-4b required proofs	Install pinned Kani	2026-08-19T03:05:19.2017734Z   Installing kani-verifier v0.67.0
FV-4b required proofs	Install pinned Kani	2026-08-19T03:05:19.2024374Z     Updating crates.io index
FV-4b required proofs	Install pinned Kani	2026-08-19T03:05:19.3674582Z     Updating crates.io index
FV-4b required proofs	Install pinned Kani	2026-08-19T03:05:19.4318013Z  Downloading crates ...
FV-4b required proofs	Install pinned Kani	2026-08-19T03:05:19.4434247Z   Downloaded anyhow v1.0.100
FV-4b required proofs	Install pinned Kani	2026-08-19T03:05:19.4513601Z   Downloaded bitflags v2.10.0
FV-4b required proofs	Install pinned Kani	2026-08-19T03:05:19.4577588Z   Downloaded cfg-if v1.0.4
FV-4b required proofs	Install pinned Kani	2026-08-19T03:05:19.4591889Z   Downloaded home v0.5.12
FV-4b required proofs	Install pinned Kani	2026-08-19T03:05:19.4616776Z   Downloaded log v0.4.29
FV-4b required proofs	Install pinned Kani	2026-08-19T03:05:19.4646649Z   Downloaded cfg_aliases v0.2.1
FV-4b required proofs	Install pinned Kani	2026-08-19T03:05:19.4657454Z   Downloaded os_info v3.14.0
FV-4b required proofs	Install pinned Kani	2026-08-19T03:05:19.4693600Z   Downloaded nix v0.30.1
FV-4b required proofs	Install pinned Kani	2026-08-19T03:05:19.4824635Z   Downloaded libc v0.2.180
FV-4b required proofs	Install pinned Kani	2026-08-19T03:05:19.5561394Z    Compiling libc v0.2.180
FV-4b required proofs	Install pinned Kani	2026-08-19T03:05:19.5562756Z    Compiling cfg_aliases v0.2.1
FV-4b required proofs	Install pinned Kani	2026-08-19T03:05:19.5564030Z    Compiling anyhow v1.0.100
FV-4b required proofs	Install pinned Kani	2026-08-19T03:05:19.5565026Z    Compiling bitflags v2.10.0
FV-4b required proofs	Install pinned Kani	2026-08-19T03:05:19.6015727Z    Compiling nix v0.30.1
FV-4b required proofs	Install pinned Kani	2026-08-19T03:05:19.8847091Z    Compiling cfg-if v1.0.4
FV-4b required proofs	Install pinned Kani	2026-08-19T03:05:19.9067000Z    Compiling kani-verifier v0.67.0
FV-4b required proofs	Install pinned Kani	2026-08-19T03:05:20.0546462Z    Compiling log v0.4.29
FV-4b required proofs	Install pinned Kani	2026-08-19T03:05:20.0637968Z    Compiling home v0.5.12
FV-4b required proofs	Install pinned Kani	2026-08-19T03:05:21.3089865Z    Compiling os_info v3.14.0
FV-4b required proofs	Install pinned Kani	2026-08-19T03:05:22.2212769Z     Finished `release` profile [optimized] target(s) in 3.26s
FV-4b required proofs	Install pinned Kani	2026-08-19T03:05:22.2235212Z   Installing /home/runner/.cargo/bin/cargo-kani
FV-4b required proofs	Install pinned Kani	2026-08-19T03:05:22.2236873Z   Installing /home/runner/.cargo/bin/kani
FV-4b required proofs	Install pinned Kani	2026-08-19T03:05:22.2237878Z    Installed package `kani-verifier v0.67.0` (executables `cargo-kani`, `kani`)
FV-4b required proofs	Install pinned Kani	2026-08-19T03:05:22.3018244Z [0/5] Running Kani first-time setup...
FV-4b required proofs	Install pinned Kani	2026-08-19T03:05:22.3018940Z [1/5] Ensuring the existence of: /home/runner/.kani/kani-0.67.0
FV-4b required proofs	Install pinned Kani	2026-08-19T03:05:22.3019785Z [2/5] Downloading Kani release bundle: kani-0.67.0-x86_64-unknown-linux-gnu.tar.gz
FV-4b required proofs	Install pinned Kani	2026-08-19T03:05:27.1510882Z [3/5] Installing rust toolchain version: nightly-2025-11-21-x86_64-unknown-linux-gnu
FV-4b required proofs	Install pinned Kani	2026-08-19T03:05:27.1580854Z info: syncing channel updates for nightly-2025-11-21-x86_64-unknown-linux-gnu
FV-4b required proofs	Install pinned Kani	2026-08-19T03:05:27.2519204Z info: latest update on 2025-11-21 for version 1.93.0-nightly (53732d5e0 2025-11-20)
FV-4b required proofs	Install pinned Kani	2026-08-19T03:05:27.2520050Z info: downloading 3 components
FV-4b required proofs	Install pinned Kani	2026-08-19T03:05:35.3755903Z 
FV-4b required proofs	Install pinned Kani	2026-08-19T03:05:35.3857065Z   nightly-2025-11-21-x86_64-unknown-linux-gnu installed - rustc 1.93.0-nightly (53732d5e0 2025-11-20)
FV-4b required proofs	Install pinned Kani	2026-08-19T03:05:35.3857950Z 
FV-4b required proofs	Install pinned Kani	2026-08-19T03:05:35.4014277Z [5/5] Successfully completed Kani first-time setup.
FV-4b required proofs	Verify Kani and CBMC versions	﻿2026-08-19T03:05:35.4051919Z ##[group]Run set -euo pipefail
FV-4b required proofs	Verify Kani and CBMC versions	2026-08-19T03:05:35.4052276Z [36;1mset -euo pipefail[0m
FV-4b required proofs	Verify Kani and CBMC versions	2026-08-19T03:05:35.4052505Z [36;1m[0m
FV-4b required proofs	Verify Kani and CBMC versions	2026-08-19T03:05:35.4052702Z [36;1mmkdir -p kani-artifacts[0m
FV-4b required proofs	Verify Kani and CBMC versions	2026-08-19T03:05:35.4052945Z [36;1m[0m
FV-4b required proofs	Verify Kani and CBMC versions	2026-08-19T03:05:35.4053137Z [36;1mcargo kani --version \[0m
FV-4b required proofs	Verify Kani and CBMC versions	2026-08-19T03:05:35.4053414Z [36;1m  | tee kani-artifacts/toolchain.log[0m
FV-4b required proofs	Verify Kani and CBMC versions	2026-08-19T03:05:35.4053689Z [36;1m[0m
FV-4b required proofs	Verify Kani and CBMC versions	2026-08-19T03:05:35.4053894Z [36;1mKANI_VERSION="$(cargo kani --version)"[0m
FV-4b required proofs	Verify Kani and CBMC versions	2026-08-19T03:05:35.4054236Z [36;1mif [ "$KANI_VERSION" != "cargo-kani 0.67.0" ]; then[0m
FV-4b required proofs	Verify Kani and CBMC versions	2026-08-19T03:05:35.4054611Z [36;1m  echo "Unexpected Kani version: $KANI_VERSION"[0m
FV-4b required proofs	Verify Kani and CBMC versions	2026-08-19T03:05:35.4054905Z [36;1m  exit 1[0m
FV-4b required proofs	Verify Kani and CBMC versions	2026-08-19T03:05:35.4055092Z [36;1mfi[0m
FV-4b required proofs	Verify Kani and CBMC versions	2026-08-19T03:05:35.4055264Z [36;1m[0m
FV-4b required proofs	Verify Kani and CBMC versions	2026-08-19T03:05:35.4055468Z [36;1mCBMC="$HOME/.kani/kani-0.67.0/bin/cbmc"[0m
FV-4b required proofs	Verify Kani and CBMC versions	2026-08-19T03:05:35.4056030Z [36;1m[0m
FV-4b required proofs	Verify Kani and CBMC versions	2026-08-19T03:05:35.4056253Z [36;1mif [ ! -x "$CBMC" ]; then[0m
FV-4b required proofs	Verify Kani and CBMC versions	2026-08-19T03:05:35.4056537Z [36;1m  echo "Bundled CBMC binary not found: $CBMC"[0m
FV-4b required proofs	Verify Kani and CBMC versions	2026-08-19T03:05:35.4056850Z [36;1m  exit 1[0m
FV-4b required proofs	Verify Kani and CBMC versions	2026-08-19T03:05:35.4057033Z [36;1mfi[0m
FV-4b required proofs	Verify Kani and CBMC versions	2026-08-19T03:05:35.4057200Z [36;1m[0m
FV-4b required proofs	Verify Kani and CBMC versions	2026-08-19T03:05:35.4057395Z [36;1mCBMC_VERSION="$("$CBMC" --version)"[0m
FV-4b required proofs	Verify Kani and CBMC versions	2026-08-19T03:05:35.4057654Z [36;1m[0m
FV-4b required proofs	Verify Kani and CBMC versions	2026-08-19T03:05:35.4057853Z [36;1mprintf 'CBMC: %s\n' "$CBMC_VERSION" \[0m
FV-4b required proofs	Verify Kani and CBMC versions	2026-08-19T03:05:35.4058162Z [36;1m  | tee -a kani-artifacts/toolchain.log[0m
FV-4b required proofs	Verify Kani and CBMC versions	2026-08-19T03:05:35.4058430Z [36;1m[0m
FV-4b required proofs	Verify Kani and CBMC versions	2026-08-19T03:05:35.4058660Z [36;1mif [ "$CBMC_VERSION" != "6.8.0 (cbmc-6.8.0)" ]; then[0m
FV-4b required proofs	Verify Kani and CBMC versions	2026-08-19T03:05:35.4059017Z [36;1m  echo "Unexpected CBMC version: $CBMC_VERSION"[0m
FV-4b required proofs	Verify Kani and CBMC versions	2026-08-19T03:05:35.4059312Z [36;1m  exit 1[0m
FV-4b required proofs	Verify Kani and CBMC versions	2026-08-19T03:05:35.4059491Z [36;1mfi[0m
FV-4b required proofs	Verify Kani and CBMC versions	2026-08-19T03:05:35.4059659Z [36;1m[0m
FV-4b required proofs	Verify Kani and CBMC versions	2026-08-19T03:05:35.4059930Z [36;1mrustc --version \[0m
FV-4b required proofs	Verify Kani and CBMC versions	2026-08-19T03:05:35.4060219Z [36;1m  | tee -a kani-artifacts/toolchain.log[0m
FV-4b required proofs	Verify Kani and CBMC versions	2026-08-19T03:05:35.4060504Z [36;1m[0m
FV-4b required proofs	Verify Kani and CBMC versions	2026-08-19T03:05:35.4060731Z [36;1mcargo --version \[0m
FV-4b required proofs	Verify Kani and CBMC versions	2026-08-19T03:05:35.4060987Z [36;1m  | tee -a kani-artifacts/toolchain.log[0m
FV-4b required proofs	Verify Kani and CBMC versions	2026-08-19T03:05:35.4132393Z shell: /usr/bin/bash --noprofile --norc -e -o pipefail {0}
FV-4b required proofs	Verify Kani and CBMC versions	2026-08-19T03:05:35.4132747Z ##[endgroup]
FV-4b required proofs	Verify Kani and CBMC versions	2026-08-19T03:05:35.4443390Z cargo-kani 0.67.0
FV-4b required proofs	Verify Kani and CBMC versions	2026-08-19T03:05:35.4702369Z CBMC: 6.8.0 (cbmc-6.8.0)
FV-4b required proofs	Verify Kani and CBMC versions	2026-08-19T03:05:35.4851538Z rustc 1.97.0 (2d8144b78 2026-07-07)
FV-4b required proofs	Verify Kani and CBMC versions	2026-08-19T03:05:35.4976189Z cargo 1.97.0 (c980f4866 2026-06-30)
FV-4b required proofs	Verify dependency lock state	﻿2026-08-19T03:05:35.5015263Z ##[group]Run set -euo pipefail
FV-4b required proofs	Verify dependency lock state	2026-08-19T03:05:35.5015604Z [36;1mset -euo pipefail[0m
FV-4b required proofs	Verify dependency lock state	2026-08-19T03:05:35.5016354Z [36;1mcargo check --locked[0m
FV-4b required proofs	Verify dependency lock state	2026-08-19T03:05:35.5087716Z shell: /usr/bin/bash --noprofile --norc -e -o pipefail {0}
FV-4b required proofs	Verify dependency lock state	2026-08-19T03:05:35.5088065Z ##[endgroup]
FV-4b required proofs	Verify dependency lock state	2026-08-19T03:05:35.5746444Z     Updating crates.io index
FV-4b required proofs	Verify dependency lock state	2026-08-19T03:05:36.1781127Z  Downloading crates ...
FV-4b required proofs	Verify dependency lock state	2026-08-19T03:05:36.2109804Z   Downloaded aead v0.5.2
FV-4b required proofs	Verify dependency lock state	2026-08-19T03:05:36.2189426Z   Downloaded quinn-udp v0.5.14
FV-4b required proofs	Verify dependency lock state	2026-08-19T03:05:36.2217612Z   Downloaded rustc-hash v2.1.2
FV-4b required proofs	Verify dependency lock state	2026-08-19T03:05:36.2236009Z   Downloaded quote v1.0.45
FV-4b required proofs	Verify dependency lock state	2026-08-19T03:05:36.2279180Z   Downloaded rand_core v0.9.5
FV-4b required proofs	Verify dependency lock state	2026-08-19T03:05:36.2297738Z   Downloaded rand_core v0.6.4
FV-4b required proofs	Verify dependency lock state	2026-08-19T03:05:36.2316707Z   Downloaded rustls-pki-types v1.14.1
FV-4b required proofs	Verify dependency lock state	2026-08-19T03:05:36.2354885Z   Downloaded quinn v0.11.9
FV-4b required proofs	Verify dependency lock state	2026-08-19T03:05:36.2402436Z   Downloaded rpassword v7.5.3
FV-4b required proofs	Verify dependency lock state	2026-08-19T03:05:36.2431389Z   Downloaded rustls-native-certs v0.8.4
FV-4b required proofs	Verify dependency lock state	2026-08-19T03:05:36.2450523Z   Downloaded ryu v1.0.23
FV-4b required proofs	Verify dependency lock state	2026-08-19T03:05:36.2494180Z   Downloaded rand_chacha v0.9.0
FV-4b required proofs	Verify dependency lock state	2026-08-19T03:05:36.2511107Z   Downloaded unicode-segmentation v1.13.2
FV-4b required proofs	Verify dependency lock state	2026-08-19T03:05:36.2555875Z   Downloaded regex v1.12.3
FV-4b required proofs	Verify dependency lock state	2026-08-19T03:05:36.2620684Z   Downloaded rustls-webpki v0.103.13
FV-4b required proofs	Verify dependency lock state	2026-08-19T03:05:36.2659287Z   Downloaded anstyle-query v1.1.5
FV-4b required proofs	Verify dependency lock state	2026-08-19T03:05:36.2672881Z   Downloaded is_terminal_polyfill v1.70.2
FV-4b required proofs	Verify dependency lock state	2026-08-19T03:05:36.2684134Z   Downloaded num_cpus v1.17.0
FV-4b required proofs	Verify dependency lock state	2026-08-19T03:05:36.2737842Z   Downloaded rtoolbox v0.0.5
FV-4b required proofs	Verify dependency lock state	2026-08-19T03:05:36.2761686Z   Downloaded arrayref v0.3.9
FV-4b required proofs	Verify dependency lock state	2026-08-19T03:05:36.2781899Z   Downloaded atomic-waker v1.1.2
FV-4b required proofs	Verify dependency lock state	2026-08-19T03:05:36.2803248Z   Downloaded itoa v1.0.18
FV-4b required proofs	Verify dependency lock state	2026-08-19T03:05:36.2826691Z   Downloaded potential_utf v0.1.5
FV-4b required proofs	Verify dependency lock state	2026-08-19T03:05:36.2844132Z   Downloaded zerofrom v0.1.8
FV-4b required proofs	Verify dependency lock state	2026-08-19T03:05:36.2857832Z   Downloaded lock_api v0.4.14
FV-4b required proofs	Verify dependency lock state	2026-08-19T03:05:36.2877946Z   Downloaded password-hash v0.5.0
FV-4b required proofs	Verify dependency lock state	2026-08-19T03:05:36.2907338Z   Downloaded pin-project-internal v1.1.13
FV-4b required proofs	Verify dependency lock state	2026-08-19T03:05:36.2936580Z   Downloaded quinn-proto v0.11.14
FV-4b required proofs	Verify dependency lock state	2026-08-19T03:05:36.3038415Z   Downloaded reqwest v0.13.4
FV-4b required proofs	Verify dependency lock state	2026-08-19T03:05:36.3130951Z   Downloaded rustls-platform-verifier v0.7.0
FV-4b required proofs	Verify dependency lock state	2026-08-19T03:05:36.3179004Z   Downloaded zeroize v1.8.2
FV-4b required proofs	Verify dependency lock state	2026-08-19T03:05:36.3195631Z   Downloaded prost-derive v0.14.3
FV-4b required proofs	Verify dependency lock state	2026-08-19T03:05:36.3212724Z   Downloaded axum-core v0.5.6
FV-4b required proofs	Verify dependency lock state	2026-08-19T03:05:36.3252990Z   Downloaded icu_provider v2.2.0
FV-4b required proofs	Verify dependency lock state	2026-08-19T03:05:36.3286699Z   Downloaded instant-distance v0.6.1
FV-4b required proofs	Verify dependency lock state	2026-08-19T03:05:36.3307248Z   Downloaded matchit v0.8.4
FV-4b required proofs	Verify dependency lock state	2026-08-19T03:05:36.3333818Z   Downloaded parking_lot v0.12.5
FV-4b required proofs	Verify dependency lock state	2026-08-19T03:05:36.3365570Z   Downloaded prettyplease v0.2.37
FV-4b required proofs	Verify dependency lock state	2026-08-19T03:05:36.3451145Z   Downloaded prost-build v0.14.3
FV-4b required proofs	Verify dependency lock state	2026-08-19T03:05:36.3497053Z   Downloaded radix_trie v0.3.0
FV-4b required proofs	Verify dependency lock state	2026-08-19T03:05:36.3564884Z   Downloaded thiserror-impl v1.0.69
FV-4b required proofs	Verify dependency lock state	2026-08-19T03:05:36.3582790Z   Downloaded bitflags v2.11.1
FV-4b required proofs	Verify dependency lock state	2026-08-19T03:05:36.3634372Z   Downloaded dunce v1.0.5
FV-4b required proofs	Verify dependency lock state	2026-08-19T03:05:36.3646121Z   Downloaded icu_locale_core v2.2.0
FV-4b required proofs	Verify dependency lock state	2026-08-19T03:05:36.3787030Z   Downloaded icu_normalizer v2.2.0
FV-4b required proofs	Verify dependency lock state	2026-08-19T03:05:36.3831552Z   Downloaded icu_normalizer_data v2.2.0
FV-4b required proofs	Verify dependency lock state	2026-08-19T03:05:36.3859694Z   Downloaded icu_properties v2.2.0
FV-4b required proofs	Verify dependency lock state	2026-08-19T03:05:36.3891561Z   Downloaded idna_adapter v1.2.2
FV-4b required proofs	Verify dependency lock state	2026-08-19T03:05:36.3941400Z   Downloaded indexmap v2.14.0
FV-4b required proofs	Verify dependency lock state	2026-08-19T03:05:36.4013585Z   Downloaded inout v0.1.4
FV-4b required proofs	Verify dependency lock state	2026-08-19T03:05:36.4037194Z   Downloaded itertools v0.10.5
FV-4b required proofs	Verify dependency lock state	2026-08-19T03:05:36.4115928Z   Downloaded jobserver v0.1.34
FV-4b required proofs	Verify dependency lock state	2026-08-19T03:05:36.4142644Z   Downloaded mio v1.2.1
FV-4b required proofs	Verify dependency lock state	2026-08-19T03:05:36.4219641Z   Downloaded multimap v0.10.1
FV-4b required proofs	Verify dependency lock state	2026-08-19T03:05:36.4232330Z   Downloaded opaque-debug v0.3.1
FV-4b required proofs	Verify dependency lock state	2026-08-19T03:05:36.4242802Z   Downloaded pest v2.8.6
FV-4b required proofs	Verify dependency lock state	2026-08-19T03:05:36.4294282Z   Downloaded pest_generator v2.8.6
FV-4b required proofs	Verify dependency lock state	2026-08-19T03:05:36.4311996Z   Downloaded pest_meta v2.8.6
FV-4b required proofs	Verify dependency lock state	2026-08-19T03:05:36.4337522Z   Downloaded rustls v0.23.40
FV-4b required proofs	Verify dependency lock state	2026-08-19T03:05:36.4468567Z   Downloaded rustyline v18.0.0
FV-4b required proofs	Verify dependency lock state	2026-08-19T03:05:36.4523800Z   Downloaded scopeguard v1.2.0
FV-4b required proofs	Verify dependency lock state	2026-08-19T03:05:36.4537765Z   Downloaded self_cell v1.2.2
FV-4b required proofs	Verify dependency lock state	2026-08-19T03:05:36.4549123Z   Downloaded serde_path_to_error v0.1.20
FV-4b required proofs	Verify dependency lock state	2026-08-19T03:05:36.4567406Z   Downloaded sha2 v0.10.9
FV-4b required proofs	Verify dependency lock state	2026-08-19T03:05:36.4598477Z   Downloaded spin v0.9.8
FV-4b required proofs	Verify dependency lock state	2026-08-19T03:05:36.4626017Z   Downloaded sync_wrapper v1.0.2
FV-4b required proofs	Verify dependency lock state	2026-08-19T03:05:36.4636930Z   Downloaded tinyvec_macros v0.1.1
FV-4b required proofs	Verify dependency lock state	2026-08-19T03:05:36.4647215Z   Downloaded utf8parse v0.2.2
FV-4b required proofs	Verify dependency lock state	2026-08-19T03:05:36.4659473Z   Downloaded version_check v0.9.5
FV-4b required proofs	Verify dependency lock state	2026-08-19T03:05:36.4674713Z   Downloaded zerovec v0.11.6
FV-4b required proofs	Verify dependency lock state	2026-08-19T03:05:36.4742366Z   Downloaded aes v0.8.4
FV-4b required proofs	Verify dependency lock state	2026-08-19T03:05:36.4780887Z   Downloaded block-buffer v0.10.4
FV-4b required proofs	Verify dependency lock state	2026-08-19T03:05:36.4792895Z   Downloaded icu_properties_data v2.2.0
FV-4b required proofs	Verify dependency lock state	2026-08-19T03:05:36.4912391Z   Downloaded idna v1.1.0
FV-4b required proofs	Verify dependency lock state	2026-08-19T03:05:36.4951248Z   Downloaded interval-heap v0.0.5
FV-4b required proofs	Verify dependency lock state	2026-08-19T03:05:36.4961148Z   Downloaded memchr v2.8.0
FV-4b required proofs	Verify dependency lock state	2026-08-19T03:05:36.5022226Z   Downloaded mime v0.3.17
FV-4b required proofs	Verify dependency lock state	2026-08-19T03:05:36.5037402Z   Downloaded nibble_vec v0.1.0
FV-4b required proofs	Verify dependency lock state	2026-08-19T03:05:36.5051848Z   Downloaded ordered-float v3.9.2
FV-4b required proofs	Verify dependency lock state	2026-08-19T03:05:36.5067999Z   Downloaded parking_lot_core v0.9.12
FV-4b required proofs	Verify dependency lock state	2026-08-19T03:05:36.5092083Z   Downloaded pest_derive v2.8.6
FV-4b required proofs	Verify dependency lock state	2026-08-19T03:05:36.5119598Z   Downloaded pin-project v1.1.13
FV-4b required proofs	Verify dependency lock state	2026-08-19T03:05:36.5272756Z   Downloaded ppv-lite86 v0.2.21
FV-4b required proofs	Verify dependency lock state	2026-08-19T03:05:36.5287582Z   Downloaded serde v1.0.228
FV-4b required proofs	Verify dependency lock state	2026-08-19T03:05:36.5326766Z   Downloaded signal-hook-registry v1.4.8
FV-4b required proofs	Verify dependency lock state	2026-08-19T03:05:36.5340323Z   Downloaded stable_deref_trait v1.2.1
FV-4b required proofs	Verify dependency lock state	2026-08-19T03:05:36.5350655Z   Downloaded thiserror v1.0.69
FV-4b required proofs	Verify dependency lock state	2026-08-19T03:05:36.5415336Z   Downloaded tokio-macros v2.7.0
FV-4b required proofs	Verify dependency lock state	2026-08-19T03:05:36.5428371Z   Downloaded tonic-prost-build v0.14.6
FV-4b required proofs	Verify dependency lock state	2026-08-19T03:05:36.5439458Z   Downloaded tower-service v0.3.3
FV-4b required proofs	Verify dependency lock state	2026-08-19T03:05:36.5448666Z   Downloaded ucd-trie v0.1.7
FV-4b required proofs	Verify dependency lock state	2026-08-19T03:05:36.5464327Z   Downloaded writeable v0.6.3
FV-4b required proofs	Verify dependency lock state	2026-08-19T03:05:36.5486941Z   Downloaded autocfg v1.5.1
FV-4b required proofs	Verify dependency lock state	2026-08-19T03:05:36.5508435Z   Downloaded equivalent v1.0.2
FV-4b required proofs	Verify dependency lock state	2026-08-19T03:05:36.5519872Z   Downloaded find-msvc-tools v0.1.9
FV-4b required proofs	Verify dependency lock state	2026-08-19T03:05:36.5537842Z   Downloaded rustix v1.1.4
FV-4b required proofs	Verify dependency lock state	2026-08-19T03:05:36.5846164Z   Downloaded shlex v2.0.1
FV-4b required proofs	Verify dependency lock state	2026-08-19T03:05:36.5860823Z   Downloaded slab v0.4.12
FV-4b required proofs	Verify dependency lock state	2026-08-19T03:05:36.5875255Z   Downloaded smallvec v1.15.1
FV-4b required proofs	Verify dependency lock state	2026-08-19T03:05:36.5899144Z   Downloaded socket2 v0.6.4
FV-4b required proofs	Verify dependency lock state	2026-08-19T03:05:36.5919643Z   Downloaded strsim v0.11.1
FV-4b required proofs	Verify dependency lock state	2026-08-19T03:05:36.5934079Z   Downloaded nix v0.31.3
FV-4b required proofs	Verify dependency lock state	2026-08-19T03:05:36.6063956Z   Downloaded num-traits v0.2.19
FV-4b required proofs	Verify dependency lock state	2026-08-19T03:05:36.6093546Z   Downloaded proc-macro2 v1.0.106
FV-4b required proofs	Verify dependency lock state	2026-08-19T03:05:36.6127219Z   Downloaded clap_lex v1.1.0
FV-4b required proofs	Verify dependency lock state	2026-08-19T03:05:36.6139556Z   Downloaded lru-slab v0.1.2
FV-4b required proofs	Verify dependency lock state	2026-08-19T03:05:36.6149631Z   Downloaded tonic-build v0.14.6
FV-4b required proofs	Verify dependency lock state	2026-08-19T03:05:36.6162570Z   Downloaded twox-hash v2.1.2
FV-4b required proofs	Verify dependency lock state	2026-08-19T03:05:36.6188080Z   Downloaded want v0.3.1
FV-4b required proofs	Verify dependency lock state	2026-08-19T03:05:36.6198526Z   Downloaded zerovec-derive v0.11.3
FV-4b required proofs	Verify dependency lock state	2026-08-19T03:05:36.6215819Z   Downloaded zmij v1.0.21
FV-4b required proofs	Verify dependency lock state	2026-08-19T03:05:36.6236354Z   Downloaded percent-encoding v2.3.2
FV-4b required proofs	Verify dependency lock state	2026-08-19T03:05:36.6246196Z   Downloaded anstyle-parse v1.0.0
FV-4b required proofs	Verify dependency lock state	2026-08-19T03:05:36.6264610Z   Downloaded litemap v0.8.2
FV-4b required proofs	Verify dependency lock state	2026-08-19T03:05:36.6290897Z   Downloaded zerofrom-derive v0.1.7
FV-4b required proofs	Verify dependency lock state	2026-08-19T03:05:36.6302516Z   Downloaded async-trait v0.1.89
FV-4b required proofs	Verify dependency lock state	2026-08-19T03:05:36.6344576Z   Downloaded base64ct v1.8.3
FV-4b required proofs	Verify dependency lock state	2026-08-19T03:05:36.6373364Z   Downloaded blake2 v0.10.6
FV-4b required proofs	Verify dependency lock state	2026-08-19T03:05:36.6402785Z   Downloaded constant_time_eq v0.4.2
FV-4b required proofs	Verify dependency lock state	2026-08-19T03:05:36.6425685Z   Downloaded ipnet v2.12.0
FV-4b required proofs	Verify dependency lock state	2026-08-19T03:05:36.6444561Z   Downloaded lsm-tree v3.1.6
FV-4b required proofs	Verify dependency lock state	2026-08-19T03:05:36.6573185Z   Downloaded prost v0.14.3
FV-4b required proofs	Verify dependency lock state	2026-08-19T03:05:36.6592160Z   Downloaded anstyle v1.0.14
FV-4b required proofs	Verify dependency lock state	2026-08-19T03:05:36.6608673Z   Downloaded openssl-probe v0.2.1
FV-4b required proofs	Verify dependency lock state	2026-08-19T03:05:36.6622109Z   Downloaded futures-sink v0.3.32
FV-4b required proofs	Verify dependency lock state	2026-08-19T03:05:36.6631799Z   Downloaded sfa v1.0.0
FV-4b required proofs	Verify dependency lock state	2026-08-19T03:05:36.6650488Z   Downloaded tokio-stream v0.1.18
FV-4b required proofs	Verify dependency lock state	2026-08-19T03:05:36.6705656Z   Downloaded tracing-attributes v0.1.31
FV-4b required proofs	Verify dependency lock state	2026-08-19T03:05:36.6735828Z   Downloaded unicase v2.9.0
FV-4b required proofs	Verify dependency lock state	2026-08-19T03:05:36.6753502Z   Downloaded pin-project-lite v0.2.17
FV-4b required proofs	Verify dependency lock state	2026-08-19T03:05:36.6844570Z   Downloaded zerotrie v0.2.4
FV-4b required proofs	Verify dependency lock state	2026-08-19T03:05:36.6908199Z   Downloaded hyper-rustls v0.27.9
FV-4b required proofs	Verify dependency lock state	2026-08-19T03:05:36.6930253Z   Downloaded lz4_flex v0.13.1
FV-4b required proofs	Verify dependency lock state	2026-08-19T03:05:36.6960920Z   Downloaded polyval v0.6.2
FV-4b required proofs	Verify dependency lock state	2026-08-19T03:05:36.6982960Z   Downloaded quick_cache v0.6.22
FV-4b required proofs	Verify dependency lock state	2026-08-19T03:05:36.7022036Z   Downloaded tonic-prost v0.14.6
FV-4b required proofs	Verify dependency lock state	2026-08-19T03:05:36.7046690Z   Downloaded unicode-ident v1.0.24
FV-4b required proofs	Verify dependency lock state	2026-08-19T03:05:36.7076862Z   Downloaded utf8_iter v1.0.4
FV-4b required proofs	Verify dependency lock state	2026-08-19T03:05:36.7106535Z   Downloaded argon2 v0.5.3
FV-4b required proofs	Verify dependency lock state	2026-08-19T03:05:36.7126923Z   Downloaded block-buffer v0.12.0
FV-4b required proofs	Verify dependency lock state	2026-08-19T03:05:36.7132981Z   Downloaded errno v0.3.14
FV-4b required proofs	Verify dependency lock state	2026-08-19T03:05:36.7170552Z   Downloaded tower-layer v0.3.3
FV-4b required proofs	Verify dependency lock state	2026-08-19T03:05:36.7176828Z   Downloaded try-lock v0.2.5
FV-4b required proofs	Verify dependency lock state	2026-08-19T03:05:36.7178932Z   Downloaded universal-hash v0.5.1
FV-4b required proofs	Verify dependency lock state	2026-08-19T03:05:36.7191736Z   Downloaded http-body-util v0.1.3
FV-4b required proofs	Verify dependency lock state	2026-08-19T03:05:36.7226670Z   Downloaded rand_chacha v0.3.1
FV-4b required proofs	Verify dependency lock state	2026-08-19T03:05:36.7230422Z   Downloaded serde_urlencoded v0.7.1
FV-4b required proofs	Verify dependency lock state	2026-08-19T03:05:36.7253231Z   Downloaded subtle v2.6.1
FV-4b required proofs	Verify dependency lock state	2026-08-19T03:05:36.7269523Z   Downloaded untrusted v0.9.0
FV-4b required proofs	Verify dependency lock state	2026-08-19T03:05:36.7292104Z   Downloaded varint-rs v2.2.0
FV-4b required proofs	Verify dependency lock state	2026-08-19T03:05:36.7304763Z   Downloaded axum v0.8.9
FV-4b required proofs	Verify dependency lock state	2026-08-19T03:05:36.7400141Z   Downloaded crypto-common v0.1.7
FV-4b required proofs	Verify dependency lock state	2026-08-19T03:05:36.7410962Z   Downloaded serde_derive v1.0.228
FV-4b required proofs	Verify dependency lock state	2026-08-19T03:05:36.7453704Z   Downloaded thiserror v2.0.18
FV-4b required proofs	Verify dependency lock state	2026-08-19T03:05:36.7530284Z   Downloaded tinystr v0.8.3
FV-4b required proofs	Verify dependency lock state	2026-08-19T03:05:36.7553145Z   Downloaded tinyvec v1.11.0
FV-4b required proofs	Verify dependency lock state	2026-08-19T03:05:36.7581748Z   Downloaded xxhash-rust v0.8.15
FV-4b required proofs	Verify dependency lock state	2026-08-19T03:05:36.7600595Z   Downloaded yoke-derive v0.8.2
FV-4b required proofs	Verify dependency lock state	2026-08-19T03:05:36.7612966Z   Downloaded ghash v0.5.1
FV-4b required proofs	Verify dependency lock state	2026-08-19T03:05:36.7625198Z   Downloaded heck v0.5.0
FV-4b required proofs	Verify dependency lock state	2026-08-19T03:05:36.7639312Z   Downloaded synstructure v0.13.2
FV-4b required proofs	Verify dependency lock state	2026-08-19T03:05:36.7650313Z   Downloaded thiserror-impl v2.0.18
FV-4b required proofs	Verify dependency lock state	2026-08-19T03:05:36.7666110Z   Downloaded log v0.4.30
FV-4b required proofs	Verify dependency lock state	2026-08-19T03:05:36.7693333Z   Downloaded sha2 v0.11.0
FV-4b required proofs	Verify dependency lock state	2026-08-19T03:05:36.7735149Z   Downloaded tokio-rustls v0.26.4
FV-4b required proofs	Verify dependency lock state	2026-08-19T03:05:36.7758457Z   Downloaded byteorder-lite v0.1.0
FV-4b required proofs	Verify dependency lock state	2026-08-19T03:05:36.7769872Z   Downloaded form_urlencoded v1.2.2
FV-4b required proofs	Verify dependency lock state	2026-08-19T03:05:36.7778643Z   Downloaded fs_extra v1.3.0
FV-4b required proofs	Verify dependency lock state	2026-08-19T03:05:36.7796560Z   Downloaded httpdate v1.0.3
FV-4b required proofs	Verify dependency lock state	2026-08-19T03:05:36.7809752Z   Downloaded protoc-bin-vendored v3.2.0
FV-4b required proofs	Verify dependency lock state	2026-08-19T03:05:36.7819889Z   Downloaded regex-syntax v0.8.10
FV-4b required proofs	Verify dependency lock state	2026-08-19T03:05:36.7896855Z   Downloaded cipher v0.4.4
FV-4b required proofs	Verify dependency lock state	2026-08-19T03:05:36.7914075Z   Downloaded colorchoice v1.0.5
FV-4b required proofs	Verify dependency lock state	2026-08-19T03:05:36.7946704Z   Downloaded displaydoc v0.2.6
FV-4b required proofs	Verify dependency lock state	2026-08-19T03:05:36.7954621Z   Downloaded enum_dispatch v0.3.13
FV-4b required proofs	Verify dependency lock state	2026-08-19T03:05:36.7989435Z   Downloaded httparse v1.10.1
FV-4b required proofs	Verify dependency lock state	2026-08-19T03:05:36.8017389Z   Downloaded tempfile v3.27.0
FV-4b required proofs	Verify dependency lock state	2026-08-19T03:05:36.8045557Z   Downloaded tonic v0.14.6
FV-4b required proofs	Verify dependency lock state	2026-08-19T03:05:36.8113662Z   Downloaded typenum v1.20.0
FV-4b required proofs	Verify dependency lock state	2026-08-19T03:05:36.8153136Z   Downloaded yoke v0.8.3
FV-4b required proofs	Verify dependency lock state	2026-08-19T03:05:36.8172834Z   Downloaded arrayvec v0.7.8
FV-4b required proofs	Verify dependency lock state	2026-08-19T03:05:36.8195848Z   Downloaded byteview v0.10.1
FV-4b required proofs	Verify dependency lock state	2026-08-19T03:05:36.8208702Z   Downloaded cmake v0.1.58
FV-4b required proofs	Verify dependency lock state	2026-08-19T03:05:36.8223477Z   Downloaded crossbeam-epoch v0.9.18
FV-4b required proofs	Verify dependency lock state	2026-08-19T03:05:36.8250181Z   Downloaded crossbeam-skiplist v0.1.3
FV-4b required proofs	Verify dependency lock state	2026-08-19T03:05:36.8272650Z   Downloaded crypto-common v0.2.2
FV-4b required proofs	Verify dependency lock state	2026-08-19T03:05:36.8285236Z   Downloaded endian-type v0.2.0
FV-4b required proofs	Verify dependency lock state	2026-08-19T03:05:36.8293277Z   Downloaded hybrid-array v0.4.12
FV-4b required proofs	Verify dependency lock state	2026-08-19T03:05:36.8317891Z   Downloaded once_cell v1.21.4
FV-4b required proofs	Verify dependency lock state	2026-08-19T03:05:36.8347348Z   Downloaded prost-types v0.14.3
FV-4b required proofs	Verify dependency lock state	2026-08-19T03:05:36.8366065Z   Downloaded pulldown-cmark v0.13.4
FV-4b required proofs	Verify dependency lock state	2026-08-19T03:05:36.8435389Z   Downloaded pulldown-cmark-to-cmark v22.0.0
FV-4b required proofs	Verify dependency lock state	2026-08-19T03:05:36.8450780Z   Downloaded serde_core v1.0.228
FV-4b required proofs	Verify dependency lock state	2026-08-19T03:05:36.8480746Z   Downloaded tower v0.5.3
FV-4b required proofs	Verify dependency lock state	2026-08-19T03:05:36.8597959Z   Downloaded tracing-core v0.1.36
FV-4b required proofs	Verify dependency lock state	2026-08-19T03:05:36.8627360Z   Downloaded anstream v1.0.0
FV-4b required proofs	Verify dependency lock state	2026-08-19T03:05:36.8649328Z   Downloaded base64 v0.22.1
FV-4b required proofs	Verify dependency lock state	2026-08-19T03:05:36.8692139Z   Downloaded bytes v1.11.1
FV-4b required proofs	Verify dependency lock state	2026-08-19T03:05:36.8738664Z   Downloaded clap_derive v4.6.1
FV-4b required proofs	Verify dependency lock state	2026-08-19T03:05:36.8763439Z   Downloaded compare v0.0.6
FV-4b required proofs	Verify dependency lock state	2026-08-19T03:05:36.8773027Z   Downloaded crossbeam-utils v0.8.21
FV-4b required proofs	Verify dependency lock state	2026-08-19T03:05:36.8802124Z   Downloaded ctr v0.9.2
FV-4b required proofs	Verify dependency lock state	2026-08-19T03:05:36.8825738Z   Downloaded digest v0.10.7
FV-4b required proofs	Verify dependency lock state	2026-08-19T03:05:36.8846561Z   Downloaded digest v0.11.3
FV-4b required proofs	Verify dependency lock state	2026-08-19T03:05:36.8893310Z   Downloaded fastrand v2.4.1
FV-4b required proofs	Verify dependency lock state	2026-08-19T03:05:36.8897918Z   Downloaded getrandom v0.3.4
FV-4b required proofs	Verify dependency lock state	2026-08-19T03:05:36.8936794Z   Downloaded http-body v1.0.1
FV-4b required proofs	Verify dependency lock state	2026-08-19T03:05:36.8947862Z   Downloaded rand v0.8.6
FV-4b required proofs	Verify dependency lock state	2026-08-19T03:05:36.8984784Z   Downloaded rayon-core v1.13.0
FV-4b required proofs	Verify dependency lock state	2026-08-19T03:05:36.9026917Z   Downloaded url v2.5.8
FV-4b required proofs	Verify dependency lock state	2026-08-19T03:05:36.9055884Z   Downloaded zerocopy-derive v0.8.48
FV-4b required proofs	Verify dependency lock state	2026-08-19T03:05:36.9160651Z   Downloaded cc v1.2.63
FV-4b required proofs	Verify dependency lock state	2026-08-19T03:05:36.9193714Z   Downloaded cpufeatures v0.3.0
FV-4b required proofs	Verify dependency lock state	2026-08-19T03:05:36.9210138Z   Downloaded crossbeam-deque v0.8.6
FV-4b required proofs	Verify dependency lock state	2026-08-19T03:05:36.9225828Z   Downloaded either v1.16.0
FV-4b required proofs	Verify dependency lock state	2026-08-19T03:05:36.9242698Z   Downloaded generic-array v0.14.7
FV-4b required proofs	Verify dependency lock state	2026-08-19T03:05:36.9258500Z   Downloaded hashbrown v0.14.5
FV-4b required proofs	Verify dependency lock state	2026-08-19T03:05:36.9310984Z   Downloaded rand v0.9.4
FV-4b required proofs	Verify dependency lock state	2026-08-19T03:05:36.9353585Z   Downloaded tokio-util v0.7.18
FV-4b required proofs	Verify dependency lock state	2026-08-19T03:05:36.9440957Z   Downloaded tower-http v0.6.11
FV-4b required proofs	Verify dependency lock state	2026-08-19T03:05:36.9559084Z   Downloaded aes-gcm v0.10.3
FV-4b required proofs	Verify dependency lock state	2026-08-19T03:05:36.9592039Z   Downloaded fixedbitset v0.5.7
FV-4b required proofs	Verify dependency lock state	2026-08-19T03:05:36.9615960Z   Downloaded fnv v1.0.7
FV-4b required proofs	Verify dependency lock state	2026-08-19T03:05:36.9626205Z   Downloaded futures-core v0.3.32
FV-4b required proofs	Verify dependency lock state	2026-08-19T03:05:36.9641344Z   Downloaded futures-io v0.3.32
FV-4b required proofs	Verify dependency lock state	2026-08-19T03:05:36.9650812Z   Downloaded futures-macro v0.3.32
FV-4b required proofs	Verify dependency lock state	2026-08-19T03:05:36.9662228Z   Downloaded anyhow v1.0.102
FV-4b required proofs	Verify dependency lock state	2026-08-19T03:05:36.9708199Z   Downloaded cpufeatures v0.2.17
FV-4b required proofs	Verify dependency lock state	2026-08-19T03:05:36.9723124Z   Downloaded foldhash v0.1.5
FV-4b required proofs	Verify dependency lock state	2026-08-19T03:05:36.9736668Z   Downloaded futures-task v0.3.32
FV-4b required proofs	Verify dependency lock state	2026-08-19T03:05:36.9749806Z   Downloaded hyper-timeout v0.5.2
FV-4b required proofs	Verify dependency lock state	2026-08-19T03:05:36.9765428Z   Downloaded serde_json v1.0.149
FV-4b required proofs	Verify dependency lock state	2026-08-19T03:05:36.9846538Z   Downloaded aws-lc-rs v1.17.0
FV-4b required proofs	Verify dependency lock state	2026-08-19T03:05:36.9974685Z   Downloaded clap v4.6.1
FV-4b required proofs	Verify dependency lock state	2026-08-19T03:05:37.0088856Z   Downloaded fjall v3.1.6
FV-4b required proofs	Verify dependency lock state	2026-08-19T03:05:37.0150226Z   Downloaded flume v0.12.0
FV-4b required proofs	Verify dependency lock state	2026-08-19T03:05:37.0188320Z   Downloaded futures-channel v0.3.32
FV-4b required proofs	Verify dependency lock state	2026-08-19T03:05:37.0209407Z   Downloaded getrandom v0.2.17
FV-4b required proofs	Verify dependency lock state	2026-08-19T03:05:37.0242495Z   Downloaded rayon v1.12.0
FV-4b required proofs	Verify dependency lock state	2026-08-19T03:05:37.0349089Z   Downloaded const-oid v0.10.2
FV-4b required proofs	Verify dependency lock state	2026-08-19T03:05:37.0376259Z   Downloaded dashmap v6.2.1
FV-4b required proofs	Verify dependency lock state	2026-08-19T03:05:37.0404409Z   Downloaded redb v2.6.3
FV-4b required proofs	Verify dependency lock state	2026-08-19T03:05:37.0502046Z   Downloaded hyper-util v0.1.20
FV-4b required proofs	Verify dependency lock state	2026-08-19T03:05:37.0572379Z   Downloaded icu_collections v2.2.0
FV-4b required proofs	Verify dependency lock state	2026-08-19T03:05:37.0642381Z   Downloaded aho-corasick v1.1.4
FV-4b required proofs	Verify dependency lock state	2026-08-19T03:05:37.0700257Z   Downloaded blake3 v1.8.5
FV-4b required proofs	Verify dependency lock state	2026-08-19T03:05:37.0791367Z   Downloaded http v1.4.1
FV-4b required proofs	Verify dependency lock state	2026-08-19T03:05:37.0832142Z   Downloaded futures-util v0.3.32
FV-4b required proofs	Verify dependency lock state	2026-08-19T03:05:37.0991935Z   Downloaded hashbrown v0.15.5
FV-4b required proofs	Verify dependency lock state	2026-08-19T03:05:37.2997462Z   Downloaded syn v2.0.117
FV-4b required proofs	Verify dependency lock state	2026-08-19T03:05:37.3113449Z   Downloaded clap_builder v4.6.0
FV-4b required proofs	Verify dependency lock state	2026-08-19T03:05:37.3186479Z   Downloaded hashbrown v0.16.1
FV-4b required proofs	Verify dependency lock state	2026-08-19T03:05:37.3244138Z   Downloaded hashbrown v0.17.1
FV-4b required proofs	Verify dependency lock state	2026-08-19T03:05:37.3303406Z   Downloaded libc v0.2.186
FV-4b required proofs	Verify dependency lock state	2026-08-19T03:05:37.3751968Z   Downloaded h2 v0.4.14
FV-4b required proofs	Verify dependency lock state	2026-08-19T03:05:37.3824820Z   Downloaded hyper v1.10.1
FV-4b required proofs	Verify dependency lock state	2026-08-19T03:05:37.3949314Z   Downloaded unicode-width v0.2.2
FV-4b required proofs	Verify dependency lock state	2026-08-19T03:05:37.3989200Z   Downloaded zerocopy v0.8.48
FV-4b required proofs	Verify dependency lock state	2026-08-19T03:05:37.4233943Z   Downloaded tokio v1.52.3
FV-4b required proofs	Verify dependency lock state	2026-08-19T03:05:37.4742869Z   Downloaded tracing v0.1.44
FV-4b required proofs	Verify dependency lock state	2026-08-19T03:05:37.4931440Z   Downloaded petgraph v0.8.3
FV-4b required proofs	Verify dependency lock state	2026-08-19T03:05:37.5170766Z   Downloaded regex-automata v0.4.14
FV-4b required proofs	Verify dependency lock state	2026-08-19T03:05:37.5326681Z   Downloaded ring v0.17.14
FV-4b required proofs	Verify dependency lock state	2026-08-19T03:05:37.5806672Z   Downloaded encoding_rs v0.8.35
FV-4b required proofs	Verify dependency lock state	2026-08-19T03:05:37.6024495Z   Downloaded protoc-bin-vendored-macos-x86_64 v3.2.0
FV-4b required proofs	Verify dependency lock state	2026-08-19T03:05:37.6329234Z   Downloaded protoc-bin-vendored-macos-aarch_64 v3.2.0
FV-4b required proofs	Verify dependency lock state	2026-08-19T03:05:37.6633413Z   Downloaded protoc-bin-vendored-linux-aarch_64 v3.2.0
FV-4b required proofs	Verify dependency lock state	2026-08-19T03:05:37.7022601Z   Downloaded linux-raw-sys v0.12.1
FV-4b required proofs	Verify dependency lock state	2026-08-19T03:05:37.7732903Z   Downloaded protoc-bin-vendored-linux-x86_32 v3.2.0
FV-4b required proofs	Verify dependency lock state	2026-08-19T03:05:37.8152025Z   Downloaded protoc-bin-vendored-win32 v3.2.0
FV-4b required proofs	Verify dependency lock state	2026-08-19T03:05:37.8558426Z   Downloaded protoc-bin-vendored-linux-x86_64 v3.2.0
FV-4b required proofs	Verify dependency lock state	2026-08-19T03:05:37.8941469Z   Downloaded protoc-bin-vendored-linux-ppcle_64 v3.2.0
FV-4b required proofs	Verify dependency lock state	2026-08-19T03:05:37.9420709Z   Downloaded protoc-bin-vendored-linux-s390_64 v3.2.0
FV-4b required proofs	Verify dependency lock state	2026-08-19T03:05:37.9919154Z   Downloaded aws-lc-sys v0.41.0
FV-4b required proofs	Verify dependency lock state	2026-08-19T03:05:39.3146571Z    Compiling proc-macro2 v1.0.106
FV-4b required proofs	Verify dependency lock state	2026-08-19T03:05:39.3147224Z    Compiling unicode-ident v1.0.24
FV-4b required proofs	Verify dependency lock state	2026-08-19T03:05:39.3147764Z    Compiling quote v1.0.45
FV-4b required proofs	Verify dependency lock state	2026-08-19T03:05:39.3148310Z    Compiling libc v0.2.186
FV-4b required proofs	Verify dependency lock state	2026-08-19T03:05:39.3929828Z     Checking cfg-if v1.0.4
FV-4b required proofs	Verify dependency lock state	2026-08-19T03:05:39.4250685Z     Checking smallvec v1.15.1
FV-4b required proofs	Verify dependency lock state	2026-08-19T03:05:39.5753463Z     Checking scopeguard v1.2.0
FV-4b required proofs	Verify dependency lock state	2026-08-19T03:05:39.6199100Z     Checking lock_api v0.4.14
FV-4b required proofs	Verify dependency lock state	2026-08-19T03:05:39.8080007Z     Checking once_cell v1.21.4
FV-4b required proofs	Verify dependency lock state	2026-08-19T03:05:39.9376830Z    Compiling parking_lot_core v0.9.12
FV-4b required proofs	Verify dependency lock state	2026-08-19T03:05:40.2866987Z    Compiling syn v2.0.117
FV-4b required proofs	Verify dependency lock state	2026-08-19T03:05:40.3516784Z     Checking bytes v1.11.1
FV-4b required proofs	Verify dependency lock state	2026-08-19T03:05:40.8366744Z     Checking typenum v1.20.0
FV-4b required proofs	Verify dependency lock state	2026-08-19T03:05:40.8726752Z     Checking pin-project-lite v0.2.17
FV-4b required proofs	Verify dependency lock state	2026-08-19T03:05:40.9206792Z     Checking log v0.4.30
FV-4b required proofs	Verify dependency lock state	2026-08-19T03:05:41.0307679Z     Checking futures-core v0.3.32
FV-4b required proofs	Verify dependency lock state	2026-08-19T03:05:41.1038064Z    Compiling jobserver v0.1.34
FV-4b required proofs	Verify dependency lock state	2026-08-19T03:05:41.2641816Z     Checking getrandom v0.2.17
FV-4b required proofs	Verify dependency lock state	2026-08-19T03:05:41.3926898Z    Compiling shlex v2.0.1
FV-4b required proofs	Verify dependency lock state	2026-08-19T03:05:41.4227241Z    Compiling version_check v0.9.5
FV-4b required proofs	Verify dependency lock state	2026-08-19T03:05:41.5367395Z     Checking itoa v1.0.18
FV-4b required proofs	Verify dependency lock state	2026-08-19T03:05:41.6416937Z    Compiling find-msvc-tools v0.1.9
FV-4b required proofs	Verify dependency lock state	2026-08-19T03:05:41.6927106Z    Compiling generic-array v0.14.7
FV-4b required proofs	Verify dependency lock state	2026-08-19T03:05:41.7287068Z     Checking rand_core v0.6.4
FV-4b required proofs	Verify dependency lock state	2026-08-19T03:05:41.8247088Z    Compiling cc v1.2.63
FV-4b required proofs	Verify dependency lock state	2026-08-19T03:05:41.8471091Z     Checking parking_lot v0.12.5
FV-4b required proofs	Verify dependency lock state	2026-08-19T03:05:41.8606687Z     Checking errno v0.3.14
FV-4b required proofs	Verify dependency lock state	2026-08-19T03:05:41.9476927Z     Checking signal-hook-registry v1.4.8
FV-4b required proofs	Verify dependency lock state	2026-08-19T03:05:42.0341221Z     Checking socket2 v0.6.4
FV-4b required proofs	Verify dependency lock state	2026-08-19T03:05:42.0747062Z     Checking mio v1.2.1
FV-4b required proofs	Verify dependency lock state	2026-08-19T03:05:42.3086839Z     Checking equivalent v1.0.2
FV-4b required proofs	Verify dependency lock state	2026-08-19T03:05:42.3476758Z     Checking stable_deref_trait v1.2.1
FV-4b required proofs	Verify dependency lock state	2026-08-19T03:05:42.3806783Z     Checking futures-sink v0.3.32
FV-4b required proofs	Verify dependency lock state	2026-08-19T03:05:42.4407328Z     Checking http v1.4.1
FV-4b required proofs	Verify dependency lock state	2026-08-19T03:05:42.9134164Z     Checking tracing-core v0.1.36
FV-4b required proofs	Verify dependency lock state	2026-08-19T03:05:43.1126745Z     Checking subtle v2.6.1
FV-4b required proofs	Verify dependency lock state	2026-08-19T03:05:43.2077091Z     Checking memchr v2.8.0
FV-4b required proofs	Verify dependency lock state	2026-08-19T03:05:43.2406955Z    Compiling cmake v0.1.58
FV-4b required proofs	Verify dependency lock state	2026-08-19T03:05:43.5118089Z    Compiling dunce v1.0.5
FV-4b required proofs	Verify dependency lock state	2026-08-19T03:05:43.5606919Z    Compiling fs_extra v1.3.0
FV-4b required proofs	Verify dependency lock state	2026-08-19T03:05:43.5815083Z     Checking slab v0.4.12
FV-4b required proofs	Verify dependency lock state	2026-08-19T03:05:43.6267019Z     Checking hashbrown v0.17.1
FV-4b required proofs	Verify dependency lock state	2026-08-19T03:05:43.7026833Z     Checking http-body v1.0.1
FV-4b required proofs	Verify dependency lock state	2026-08-19T03:05:43.7842878Z     Checking crypto-common v0.1.7
FV-4b required proofs	Verify dependency lock state	2026-08-19T03:05:43.8047430Z    Compiling aws-lc-sys v0.41.0
FV-4b required proofs	Verify dependency lock state	2026-08-19T03:05:43.8667705Z    Compiling crossbeam-utils v0.8.21
FV-4b required proofs	Verify dependency lock state	2026-08-19T03:05:44.0726945Z    Compiling rustix v1.1.4
FV-4b required proofs	Verify dependency lock state	2026-08-19T03:05:44.1685494Z    Compiling synstructure v0.13.2
FV-4b required proofs	Verify dependency lock state	2026-08-19T03:05:44.3407351Z     Checking indexmap v2.14.0
FV-4b required proofs	Verify dependency lock state	2026-08-19T03:05:44.7066924Z     Checking percent-encoding v2.3.2
FV-4b required proofs	Verify dependency lock state	2026-08-19T03:05:44.7307133Z    Compiling anyhow v1.0.102
FV-4b required proofs	Verify dependency lock state	2026-08-19T03:05:44.8026973Z    Compiling getrandom v0.3.4
FV-4b required proofs	Verify dependency lock state	2026-08-19T03:05:45.0276434Z     Checking futures-io v0.3.32
FV-4b required proofs	Verify dependency lock state	2026-08-19T03:05:45.0896353Z    Compiling httparse v1.10.1
FV-4b required proofs	Verify dependency lock state	2026-08-19T03:05:45.0954866Z     Checking tower-service v0.3.3
FV-4b required proofs	Verify dependency lock state	2026-08-19T03:05:45.1273333Z    Compiling either v1.16.0
FV-4b required proofs	Verify dependency lock state	2026-08-19T03:05:45.3116284Z     Checking futures-task v0.3.32
FV-4b required proofs	Verify dependency lock state	2026-08-19T03:05:45.4047634Z    Compiling serde_core v1.0.228
FV-4b required proofs	Verify dependency lock state	2026-08-19T03:05:45.6323378Z     Checking futures-util v0.3.32
FV-4b required proofs	Verify dependency lock state	2026-08-19T03:05:45.7146955Z    Compiling zerofrom-derive v0.1.7
FV-4b required proofs	Verify dependency lock state	2026-08-19T03:05:45.8791851Z    Compiling tokio-macros v2.7.0
FV-4b required proofs	Verify dependency lock state	2026-08-19T03:05:46.3982499Z    Compiling yoke-derive v0.8.2
FV-4b required proofs	Verify dependency lock state	2026-08-19T03:05:46.6813947Z     Checking zerofrom v0.1.8
FV-4b required proofs	Verify dependency lock state	2026-08-19T03:05:46.7364994Z     Checking tokio v1.52.3
FV-4b required proofs	Verify dependency lock state	2026-08-19T03:05:47.4041448Z     Checking yoke v0.8.3
FV-4b required proofs	Verify dependency lock state	2026-08-19T03:05:47.4974698Z    Compiling zerovec-derive v0.11.3
FV-4b required proofs	Verify dependency lock state	2026-08-19T03:05:47.8793367Z    Compiling tracing-attributes v0.1.31
FV-4b required proofs	Verify dependency lock state	2026-08-19T03:05:48.2642588Z     Checking zerovec v0.11.6
FV-4b required proofs	Verify dependency lock state	2026-08-19T03:05:48.7000381Z    Compiling displaydoc v0.2.6
FV-4b required proofs	Verify dependency lock state	2026-08-19T03:05:49.0649205Z     Checking tracing v0.1.44
FV-4b required proofs	Verify dependency lock state	2026-08-19T03:05:49.2170825Z     Checking tinystr v0.8.3
FV-4b required proofs	Verify dependency lock state	2026-08-19T03:05:49.2682065Z    Compiling itertools v0.10.5
FV-4b required proofs	Verify dependency lock state	2026-08-19T03:05:49.9028970Z     Checking fnv v1.0.7
FV-4b required proofs	Verify dependency lock state	2026-08-19T03:05:49.9453864Z     Checking atomic-waker v1.1.2
FV-4b required proofs	Verify dependency lock state	2026-08-19T03:05:49.9914609Z    Compiling aws-lc-rs v1.17.0
FV-4b required proofs	Verify dependency lock state	2026-08-19T03:05:50.1842680Z     Checking zeroize v1.8.2
FV-4b required proofs	Verify dependency lock state	2026-08-19T03:05:50.2134562Z     Checking tokio-util v0.7.18
FV-4b required proofs	Verify dependency lock state	2026-08-19T03:05:50.2884361Z     Checking writeable v0.6.3
FV-4b required proofs	Verify dependency lock state	2026-08-19T03:05:50.4177008Z     Checking litemap v0.8.2
FV-4b required proofs	Verify dependency lock state	2026-08-19T03:05:50.4652121Z     Checking try-lock v0.2.5
FV-4b required proofs	Verify dependency lock state	2026-08-19T03:05:50.5149640Z     Checking want v0.3.1
FV-4b required proofs	Verify dependency lock state	2026-08-19T03:05:50.5389086Z     Checking icu_locale_core v2.2.0
FV-4b required proofs	Verify dependency lock state	2026-08-19T03:05:50.5898140Z    Compiling prost-derive v0.14.3
FV-4b required proofs	Verify dependency lock state	2026-08-19T03:05:50.5985133Z     Checking h2 v0.4.14
FV-4b required proofs	Verify dependency lock state	2026-08-19T03:05:51.4152501Z     Checking zerotrie v0.2.4
FV-4b required proofs	Verify dependency lock state	2026-08-19T03:05:51.6027310Z     Checking potential_utf v0.1.5
FV-4b required proofs	Verify dependency lock state	2026-08-19T03:05:52.0137037Z     Checking futures-channel v0.3.32
FV-4b required proofs	Verify dependency lock state	2026-08-19T03:05:52.1767549Z     Checking httpdate v1.0.3
FV-4b required proofs	Verify dependency lock state	2026-08-19T03:05:52.2758222Z     Checking bitflags v2.11.1
FV-4b required proofs	Verify dependency lock state	2026-08-19T03:05:52.4062044Z     Checking utf8_iter v1.0.4
FV-4b required proofs	Verify dependency lock state	2026-08-19T03:05:52.8367419Z    Compiling icu_normalizer_data v2.2.0
FV-4b required proofs	Verify dependency lock state	2026-08-19T03:05:52.9496336Z    Compiling icu_properties_data v2.2.0
FV-4b required proofs	Verify dependency lock state	2026-08-19T03:05:53.0806952Z     Checking icu_collections v2.2.0
FV-4b required proofs	Verify dependency lock state	2026-08-19T03:05:53.3527070Z     Checking icu_provider v2.2.0
FV-4b required proofs	Verify dependency lock state	2026-08-19T03:05:53.4186921Z     Checking hyper v1.10.1
FV-4b required proofs	Verify dependency lock state	2026-08-19T03:05:53.5057101Z     Checking rustls-pki-types v1.14.1
FV-4b required proofs	Verify dependency lock state	2026-08-19T03:05:53.5369747Z     Checking crossbeam-epoch v0.9.18
FV-4b required proofs	Verify dependency lock state	2026-08-19T03:05:53.6845979Z     Checking form_urlencoded v1.2.2
FV-4b required proofs	Verify dependency lock state	2026-08-19T03:05:53.7484488Z     Checking sync_wrapper v1.0.2
FV-4b required proofs	Verify dependency lock state	2026-08-19T03:05:53.7810401Z    Compiling pulldown-cmark v0.13.4
FV-4b required proofs	Verify dependency lock state	2026-08-19T03:05:53.7900519Z    Compiling serde v1.0.228
FV-4b required proofs	Verify dependency lock state	2026-08-19T03:05:53.8991429Z    Compiling prettyplease v0.2.37
FV-4b required proofs	Verify dependency lock state	2026-08-19T03:05:53.9748342Z     Checking base64 v0.22.1
FV-4b required proofs	Verify dependency lock state	2026-08-19T03:05:54.0269418Z    Compiling zmij v1.0.21
FV-4b required proofs	Verify dependency lock state	2026-08-19T03:05:54.1777133Z     Checking ipnet v2.12.0
FV-4b required proofs	Verify dependency lock state	2026-08-19T03:05:54.2090611Z     Checking tower-layer v0.3.3
FV-4b required proofs	Verify dependency lock state	2026-08-19T03:05:54.3947102Z     Checking hyper-util v0.1.20
FV-4b required proofs	Verify dependency lock state	2026-08-19T03:05:54.4168181Z    Compiling serde_derive v1.0.228
FV-4b required proofs	Verify dependency lock state	2026-08-19T03:05:54.4926915Z    Compiling rustls v0.23.40
FV-4b required proofs	Verify dependency lock state	2026-08-19T03:05:55.6966866Z    Compiling foldhash v0.1.5
FV-4b required proofs	Verify dependency lock state	2026-08-19T03:05:55.8267934Z    Compiling regex-syntax v0.8.10
FV-4b required proofs	Verify dependency lock state	2026-08-19T03:05:55.8386949Z    Compiling heck v0.5.0
FV-4b required proofs	Verify dependency lock state	2026-08-19T03:05:56.0185597Z    Compiling unicase v2.9.0
FV-4b required proofs	Verify dependency lock state	2026-08-19T03:05:56.1696972Z    Compiling zerocopy v0.8.48
FV-4b required proofs	Verify dependency lock state	2026-08-19T03:05:56.4406904Z    Compiling serde_json v1.0.149
FV-4b required proofs	Verify dependency lock state	2026-08-19T03:05:56.5262301Z     Checking untrusted v0.9.0
FV-4b required proofs	Verify dependency lock state	2026-08-19T03:05:56.5796982Z    Compiling linux-raw-sys v0.12.1
FV-4b required proofs	Verify dependency lock state	2026-08-19T03:05:57.8956820Z    Compiling regex-automata v0.4.14
FV-4b required proofs	Verify dependency lock state	2026-08-19T03:05:58.8836608Z    Compiling hashbrown v0.15.5
FV-4b required proofs	Verify dependency lock state	2026-08-19T03:05:59.4147891Z    Compiling prost v0.14.3
FV-4b required proofs	Verify dependency lock state	2026-08-19T03:05:59.7969182Z     Checking icu_properties v2.2.0
FV-4b required proofs	Verify dependency lock state	2026-08-19T03:05:59.9934933Z     Checking icu_normalizer v2.2.0
FV-4b required proofs	Verify dependency lock state	2026-08-19T03:06:00.4947344Z     Checking tower v0.5.3
FV-4b required proofs	Verify dependency lock state	2026-08-19T03:06:00.7330165Z     Checking http-body-util v0.1.3
FV-4b required proofs	Verify dependency lock state	2026-08-19T03:06:00.8477311Z     Checking utf8parse v0.2.2
FV-4b required proofs	Verify dependency lock state	2026-08-19T03:06:00.9001894Z    Compiling autocfg v1.5.1
FV-4b required proofs	Verify dependency lock state	2026-08-19T03:06:00.9024821Z    Compiling fixedbitset v0.5.7
FV-4b required proofs	Verify dependency lock state	2026-08-19T03:06:01.1136353Z     Checking cpufeatures v0.2.17
FV-4b required proofs	Verify dependency lock state	2026-08-19T03:06:01.1497767Z    Compiling fastrand v2.4.1
FV-4b required proofs	Verify dependency lock state	2026-08-19T03:06:01.2576934Z     Checking mime v0.3.17
FV-4b required proofs	Verify dependency lock state	2026-08-19T03:06:01.3466957Z    Compiling tempfile v3.27.0
FV-4b required proofs	Verify dependency lock state	2026-08-19T03:06:01.3847179Z    Compiling num-traits v0.2.19
FV-4b required proofs	Verify dependency lock state	2026-08-19T03:06:01.4216008Z    Compiling petgraph v0.8.3
FV-4b required proofs	Verify dependency lock state	2026-08-19T03:06:01.4868607Z     Checking idna_adapter v1.2.2
FV-4b required proofs	Verify dependency lock state	2026-08-19T03:06:01.6414901Z    Compiling prost-types v0.14.3
FV-4b required proofs	Verify dependency lock state	2026-08-19T03:06:02.4257025Z    Compiling pulldown-cmark-to-cmark v22.0.0
FV-4b required proofs	Verify dependency lock state	2026-08-19T03:06:02.7156318Z    Compiling regex v1.12.3
FV-4b required proofs	Verify dependency lock state	2026-08-19T03:06:03.0257149Z     Checking inout v0.1.4
FV-4b required proofs	Verify dependency lock state	2026-08-19T03:06:03.0803531Z     Checking hybrid-array v0.4.12
FV-4b required proofs	Verify dependency lock state	2026-08-19T03:06:03.1287160Z    Compiling cfg_aliases v0.2.1
FV-4b required proofs	Verify dependency lock state	2026-08-19T03:06:03.1684953Z    Compiling ucd-trie v0.1.7
FV-4b required proofs	Verify dependency lock state	2026-08-19T03:06:03.3617777Z    Compiling rayon-core v1.13.0
FV-4b required proofs	Verify dependency lock state	2026-08-19T03:06:03.5687081Z     Checking ryu v1.0.23
FV-4b required proofs	Verify dependency lock state	2026-08-19T03:06:03.5926858Z    Compiling multimap v0.10.1
FV-4b required proofs	Verify dependency lock state	2026-08-19T03:06:03.7137264Z    Compiling prost-build v0.14.3
FV-4b required proofs	Verify dependency lock state	2026-08-19T03:06:05.1476854Z     Checking serde_urlencoded v0.7.1
FV-4b required proofs	Verify dependency lock state	2026-08-19T03:06:05.1844944Z    Compiling pest v2.8.6
FV-4b required proofs	Verify dependency lock state	2026-08-19T03:06:05.3373656Z    Compiling nix v0.31.3
FV-4b required proofs	Verify dependency lock state	2026-08-19T03:06:05.6899210Z     Checking cipher v0.4.4
FV-4b required proofs	Verify dependency lock state	2026-08-19T03:06:05.8541961Z     Checking idna v1.1.0
FV-4b required proofs	Verify dependency lock state	2026-08-19T03:06:06.1070746Z     Checking axum-core v0.5.6
FV-4b required proofs	Verify dependency lock state	2026-08-19T03:06:06.4004766Z     Checking ppv-lite86 v0.2.21
FV-4b required proofs	Verify dependency lock state	2026-08-19T03:06:06.5266259Z     Checking anstyle-parse v1.0.0
FV-4b required proofs	Verify dependency lock state	2026-08-19T03:06:06.6380229Z    Compiling tonic-build v0.14.6
FV-4b required proofs	Verify dependency lock state	2026-08-19T03:06:06.6826507Z     Checking crossbeam-deque v0.8.6
FV-4b required proofs	Verify dependency lock state	2026-08-19T03:06:06.8266927Z     Checking serde_path_to_error v0.1.20
FV-4b required proofs	Verify dependency lock state	2026-08-19T03:06:07.1150969Z    Compiling pin-project-internal v1.1.13
FV-4b required proofs	Verify dependency lock state	2026-08-19T03:06:07.3883124Z     Checking universal-hash v0.5.1
FV-4b required proofs	Verify dependency lock state	2026-08-19T03:06:07.4627326Z     Checking block-buffer v0.10.4
FV-4b required proofs	Verify dependency lock state	2026-08-19T03:06:07.4675226Z    Compiling protoc-bin-vendored-linux-ppcle_64 v3.2.0
FV-4b required proofs	Verify dependency lock state	2026-08-19T03:06:07.5257104Z    Compiling protoc-bin-vendored-linux-x86_32 v3.2.0
FV-4b required proofs	Verify dependency lock state	2026-08-19T03:06:07.5472270Z    Compiling protoc-bin-vendored-linux-aarch_64 v3.2.0
FV-4b required proofs	Verify dependency lock state	2026-08-19T03:06:07.5946878Z     Checking opaque-debug v0.3.1
FV-4b required proofs	Verify dependency lock state	2026-08-19T03:06:07.6108595Z     Checking xxhash-rust v0.8.15
FV-4b required proofs	Verify dependency lock state	2026-08-19T03:06:07.6337171Z     Checking matchit v0.8.4
FV-4b required proofs	Verify dependency lock state	2026-08-19T03:06:07.7355674Z     Checking hashbrown v0.16.1
FV-4b required proofs	Verify dependency lock state	2026-08-19T03:06:07.7952010Z     Checking anstyle v1.0.14
FV-4b required proofs	Verify dependency lock state	2026-08-19T03:06:07.9352154Z    Compiling protoc-bin-vendored-win32 v3.2.0
FV-4b required proofs	Verify dependency lock state	2026-08-19T03:06:08.1091116Z     Checking twox-hash v2.1.2
FV-4b required proofs	Verify dependency lock state	2026-08-19T03:06:08.1506853Z     Checking openssl-probe v0.2.1
FV-4b required proofs	Verify dependency lock state	2026-08-19T03:06:08.1711553Z    Compiling protoc-bin-vendored-linux-s390_64 v3.2.0
FV-4b required proofs	Verify dependency lock state	2026-08-19T03:06:08.2031735Z     Checking anstyle-query v1.1.5
FV-4b required proofs	Verify dependency lock state	2026-08-19T03:06:08.2072382Z    Compiling protoc-bin-vendored-linux-x86_64 v3.2.0
FV-4b required proofs	Verify dependency lock state	2026-08-19T03:06:08.2353314Z    Compiling protoc-bin-vendored-macos-aarch_64 v3.2.0
FV-4b required proofs	Verify dependency lock state	2026-08-19T03:06:08.2476887Z     Checking compare v0.0.6
FV-4b required proofs	Verify dependency lock state	2026-08-19T03:06:08.2666942Z     Checking colorchoice v1.0.5
FV-4b required proofs	Verify dependency lock state	2026-08-19T03:06:08.3055602Z    Compiling protoc-bin-vendored-macos-x86_64 v3.2.0
FV-4b required proofs	Verify dependency lock state	2026-08-19T03:06:08.3128358Z     Checking byteorder-lite v0.1.0
FV-4b required proofs	Verify dependency lock state	2026-08-19T03:06:08.3343487Z     Checking is_terminal_polyfill v1.70.2
FV-4b required proofs	Verify dependency lock state	2026-08-19T03:06:08.3694875Z    Compiling protoc-bin-vendored v3.2.0
FV-4b required proofs	Verify dependency lock state	2026-08-19T03:06:08.3776751Z     Checking anstream v1.0.0
FV-4b required proofs	Verify dependency lock state	2026-08-19T03:06:08.4370895Z     Checking interval-heap v0.0.5
FV-4b required proofs	Verify dependency lock state	2026-08-19T03:06:08.5036943Z     Checking sfa v1.0.0
FV-4b required proofs	Verify dependency lock state	2026-08-19T03:06:08.5379319Z     Checking quick_cache v0.6.22
FV-4b required proofs	Verify dependency lock state	2026-08-19T03:06:08.5437715Z     Checking rustls-native-certs v0.8.4
FV-4b required proofs	Verify dependency lock state	2026-08-19T03:06:08.6196708Z     Checking lz4_flex v0.13.1
FV-4b required proofs	Verify dependency lock state	2026-08-19T03:06:08.8174601Z     Checking pin-project v1.1.13
FV-4b required proofs	Verify dependency lock state	2026-08-19T03:06:08.8538203Z     Checking axum v0.8.9
FV-4b required proofs	Verify dependency lock state	2026-08-19T03:06:08.8617661Z     Checking polyval v0.6.2
FV-4b required proofs	Verify dependency lock state	2026-08-19T03:06:08.9184272Z     Checking digest v0.10.7
FV-4b required proofs	Verify dependency lock state	2026-08-19T03:06:08.9526384Z    Compiling tonic-prost-build v0.14.6
FV-4b required proofs	Verify dependency lock state	2026-08-19T03:06:09.3376224Z     Checking rand_chacha v0.3.1
FV-4b required proofs	Verify dependency lock state	2026-08-19T03:06:09.4036859Z    Compiling pest_meta v2.8.6
FV-4b required proofs	Verify dependency lock state	2026-08-19T03:06:10.0387090Z     Checking url v2.5.8
FV-4b required proofs	Verify dependency lock state	2026-08-19T03:06:10.4251666Z     Checking block-buffer v0.12.0
FV-4b required proofs	Verify dependency lock state	2026-08-19T03:06:10.5277722Z     Checking crypto-common v0.2.2
FV-4b required proofs	Verify dependency lock state	2026-08-19T03:06:11.1867014Z     Checking hyper-timeout v0.5.2
FV-4b required proofs	Verify dependency lock state	2026-08-19T03:06:11.3411832Z     Checking crossbeam-skiplist v0.1.3
FV-4b required proofs	Verify dependency lock state	2026-08-19T03:06:11.4596909Z    Compiling enum_dispatch v0.3.13
FV-4b required proofs	Verify dependency lock state	2026-08-19T03:06:11.6046285Z     Checking tokio-stream v0.1.18
FV-4b required proofs	Verify dependency lock state	2026-08-19T03:06:11.9040553Z    Compiling async-trait v0.1.89
FV-4b required proofs	Verify dependency lock state	2026-08-19T03:06:12.1828228Z    Compiling blake3 v1.8.5
FV-4b required proofs	Verify dependency lock state	2026-08-19T03:06:12.3821034Z     Checking spin v0.9.8
FV-4b required proofs	Verify dependency lock state	2026-08-19T03:06:12.4717631Z     Checking nibble_vec v0.1.0
FV-4b required proofs	Verify dependency lock state	2026-08-19T03:06:12.5252157Z     Checking const-oid v0.10.2
FV-4b required proofs	Verify dependency lock state	2026-08-19T03:06:12.5297478Z     Checking varint-rs v2.2.0
FV-4b required proofs	Verify dependency lock state	2026-08-19T03:06:12.5896368Z     Checking endian-type v0.2.0
FV-4b required proofs	Verify dependency lock state	2026-08-19T03:06:12.6386982Z     Checking base64ct v1.8.3
FV-4b required proofs	Verify dependency lock state	2026-08-19T03:06:12.6697271Z    Compiling thiserror v1.0.69
FV-4b required proofs	Verify dependency lock state	2026-08-19T03:06:12.7462149Z     Checking cpufeatures v0.3.0
FV-4b required proofs	Verify dependency lock state	2026-08-19T03:06:12.7887338Z    Compiling redb v2.6.3
FV-4b required proofs	Verify dependency lock state	2026-08-19T03:06:12.8366885Z     Checking hashbrown v0.14.5
FV-4b required proofs	Verify dependency lock state	2026-08-19T03:06:12.8662882Z     Checking rustc-hash v2.1.2
FV-4b required proofs	Verify dependency lock state	2026-08-19T03:06:12.9053586Z     Checking byteview v0.10.1
FV-4b required proofs	Verify dependency lock state	2026-08-19T03:06:12.9926179Z     Checking clap_lex v1.1.0
FV-4b required proofs	Verify dependency lock state	2026-08-19T03:06:13.0791039Z     Checking strsim v0.11.1
FV-4b required proofs	Verify dependency lock state	2026-08-19T03:06:13.0839934Z     Checking self_cell v1.2.2
FV-4b required proofs	Verify dependency lock state	2026-08-19T03:06:13.1396837Z     Checking lsm-tree v3.1.6
FV-4b required proofs	Verify dependency lock state	2026-08-19T03:06:13.1961411Z     Checking clap_builder v4.6.0
FV-4b required proofs	Verify dependency lock state	2026-08-19T03:06:13.3478522Z     Checking dashmap v6.2.1
FV-4b required proofs	Verify dependency lock state	2026-08-19T03:06:13.6144579Z     Checking rayon v1.12.0
FV-4b required proofs	Verify dependency lock state	2026-08-19T03:06:14.6516989Z     Checking password-hash v0.5.0
FV-4b required proofs	Verify dependency lock state	2026-08-19T03:06:14.6696817Z     Checking tonic v0.14.6
FV-4b required proofs	Verify dependency lock state	2026-08-19T03:06:14.8049744Z     Checking radix_trie v0.3.0
FV-4b required proofs	Verify dependency lock state	2026-08-19T03:06:14.9356981Z     Checking digest v0.11.3
FV-4b required proofs	Verify dependency lock state	2026-08-19T03:06:15.0349967Z     Checking flume v0.12.0
FV-4b required proofs	Verify dependency lock state	2026-08-19T03:06:16.1229648Z     Checking tower-http v0.6.11
FV-4b required proofs	Verify dependency lock state	2026-08-19T03:06:16.6766829Z    Compiling pest_generator v2.8.6
FV-4b required proofs	Verify dependency lock state	2026-08-19T03:06:16.8136571Z     Checking ordered-float v3.9.2
FV-4b required proofs	Verify dependency lock state	2026-08-19T03:06:17.0570707Z     Checking rand v0.8.6
FV-4b required proofs	Verify dependency lock state	2026-08-19T03:06:17.3223817Z    Compiling edisondb v0.6.0-p3m9 (/home/runner/work/edisondb-fv/edisondb-fv)
FV-4b required proofs	Verify dependency lock state	2026-08-19T03:06:17.6645103Z     Checking blake2 v0.10.6
FV-4b required proofs	Verify dependency lock state	2026-08-19T03:06:17.8505396Z     Checking ghash v0.5.1
FV-4b required proofs	Verify dependency lock state	2026-08-19T03:06:17.9180260Z     Checking ctr v0.9.2
FV-4b required proofs	Verify dependency lock state	2026-08-19T03:06:17.9309000Z     Checking aes v0.8.4
FV-4b required proofs	Verify dependency lock state	2026-08-19T03:06:18.0328013Z    Compiling clap_derive v4.6.1
FV-4b required proofs	Verify dependency lock state	2026-08-19T03:06:18.5501463Z    Compiling thiserror-impl v1.0.69
FV-4b required proofs	Verify dependency lock state	2026-08-19T03:06:19.6257583Z     Checking aead v0.5.2
FV-4b required proofs	Verify dependency lock state	2026-08-19T03:06:19.6973158Z     Checking rtoolbox v0.0.5
FV-4b required proofs	Verify dependency lock state	2026-08-19T03:06:19.7725119Z     Checking num_cpus v1.17.0
FV-4b required proofs	Verify dependency lock state	2026-08-19T03:06:19.7771433Z     Checking encoding_rs v0.8.35
FV-4b required proofs	Verify dependency lock state	2026-08-19T03:06:19.8571821Z     Checking unicode-width v0.2.2
FV-4b required proofs	Verify dependency lock state	2026-08-19T03:06:19.9972157Z     Checking home v0.5.12
FV-4b required proofs	Verify dependency lock state	2026-08-19T03:06:20.0385379Z     Checking arrayvec v0.7.8
FV-4b required proofs	Verify dependency lock state	2026-08-19T03:06:20.1597236Z     Checking unicode-segmentation v1.13.2
FV-4b required proofs	Verify dependency lock state	2026-08-19T03:06:20.5085427Z     Checking constant_time_eq v0.4.2
FV-4b required proofs	Verify dependency lock state	2026-08-19T03:06:20.5149564Z     Checking arrayref v0.3.9
FV-4b required proofs	Verify dependency lock state	2026-08-19T03:06:20.5806455Z     Checking rustyline v18.0.0
FV-4b required proofs	Verify dependency lock state	2026-08-19T03:06:21.2150858Z     Checking instant-distance v0.6.1
FV-4b required proofs	Verify dependency lock state	2026-08-19T03:06:21.3348404Z     Checking clap v4.6.1
FV-4b required proofs	Verify dependency lock state	2026-08-19T03:06:21.3640218Z     Checking rpassword v7.5.3
FV-4b required proofs	Verify dependency lock state	2026-08-19T03:06:21.4484026Z     Checking aes-gcm v0.10.3
FV-4b required proofs	Verify dependency lock state	2026-08-19T03:06:21.5243150Z     Checking tonic-prost v0.14.6
FV-4b required proofs	Verify dependency lock state	2026-08-19T03:06:21.5920827Z     Checking argon2 v0.5.3
FV-4b required proofs	Verify dependency lock state	2026-08-19T03:06:21.6112572Z    Compiling pest_derive v2.8.6
FV-4b required proofs	Verify dependency lock state	2026-08-19T03:06:21.7906811Z     Checking fjall v3.1.6
FV-4b required proofs	Verify dependency lock state	2026-08-19T03:06:21.8162449Z     Checking sha2 v0.11.0
FV-4b required proofs	Verify dependency lock state	2026-08-19T03:06:35.3293145Z     Checking rustls-webpki v0.103.13
FV-4b required proofs	Verify dependency lock state	2026-08-19T03:06:37.4361722Z     Checking tokio-rustls v0.26.4
FV-4b required proofs	Verify dependency lock state	2026-08-19T03:06:37.4362306Z     Checking rustls-platform-verifier v0.7.0
FV-4b required proofs	Verify dependency lock state	2026-08-19T03:06:37.5702729Z     Checking hyper-rustls v0.27.9
FV-4b required proofs	Verify dependency lock state	2026-08-19T03:06:37.6663837Z     Checking reqwest v0.13.4
FV-4b required proofs	Verify dependency lock state	2026-08-19T03:06:39.5874034Z     Finished `dev` profile [unoptimized + debuginfo] target(s) in 1m 04s
FV-4b required proofs	Prove owner non-empty invariant	﻿2026-08-19T03:06:39.6802083Z ##[group]Run set -euo pipefail
FV-4b required proofs	Prove owner non-empty invariant	2026-08-19T03:06:39.6802442Z [36;1mset -euo pipefail[0m
FV-4b required proofs	Prove owner non-empty invariant	2026-08-19T03:06:39.6802683Z [36;1mcargo kani \[0m
FV-4b required proofs	Prove owner non-empty invariant	2026-08-19T03:06:39.6802938Z [36;1m  --harness kani_owner_nonempty_invariant \[0m
FV-4b required proofs	Prove owner non-empty invariant	2026-08-19T03:06:39.6803236Z [36;1m  2>&1 \[0m
FV-4b required proofs	Prove owner non-empty invariant	2026-08-19T03:06:39.6803475Z [36;1m  | tee kani-artifacts/owner-nonempty.log[0m
FV-4b required proofs	Prove owner non-empty invariant	2026-08-19T03:06:39.6875253Z shell: /usr/bin/bash --noprofile --norc -e -o pipefail {0}
FV-4b required proofs	Prove owner non-empty invariant	2026-08-19T03:06:39.6875613Z ##[endgroup]
FV-4b required proofs	Prove owner non-empty invariant	2026-08-19T03:06:39.7371069Z Kani Rust Verifier 0.67.0 (cargo plugin)
FV-4b required proofs	Prove owner non-empty invariant	2026-08-19T03:06:40.4052912Z    Compiling proc-macro2 v1.0.106
FV-4b required proofs	Prove owner non-empty invariant	2026-08-19T03:06:40.4054522Z    Compiling quote v1.0.45
FV-4b required proofs	Prove owner non-empty invariant	2026-08-19T03:06:40.4056120Z    Compiling unicode-ident v1.0.24
FV-4b required proofs	Prove owner non-empty invariant	2026-08-19T03:06:40.4056866Z    Compiling libc v0.2.186
FV-4b required proofs	Prove owner non-empty invariant	2026-08-19T03:06:40.4996846Z    Compiling cfg-if v1.0.4
FV-4b required proofs	Prove owner non-empty invariant	2026-08-19T03:06:40.5316912Z    Compiling smallvec v1.15.1
FV-4b required proofs	Prove owner non-empty invariant	2026-08-19T03:06:40.7267213Z    Compiling scopeguard v1.2.0
FV-4b required proofs	Prove owner non-empty invariant	2026-08-19T03:06:40.7731813Z    Compiling lock_api v0.4.14
FV-4b required proofs	Prove owner non-empty invariant	2026-08-19T03:06:41.0026982Z    Compiling parking_lot_core v0.9.12
FV-4b required proofs	Prove owner non-empty invariant	2026-08-19T03:06:41.5010883Z    Compiling syn v2.0.117
FV-4b required proofs	Prove owner non-empty invariant	2026-08-19T03:06:41.6156734Z    Compiling once_cell v1.21.4
FV-4b required proofs	Prove owner non-empty invariant	2026-08-19T03:06:41.7926650Z    Compiling typenum v1.20.0
FV-4b required proofs	Prove owner non-empty invariant	2026-08-19T03:06:42.2691148Z    Compiling bytes v1.11.1
FV-4b required proofs	Prove owner non-empty invariant	2026-08-19T03:06:42.8696724Z    Compiling pin-project-lite v0.2.17
FV-4b required proofs	Prove owner non-empty invariant	2026-08-19T03:06:42.9197345Z    Compiling log v0.4.30
FV-4b required proofs	Prove owner non-empty invariant	2026-08-19T03:06:42.9290948Z    Compiling futures-core v0.3.32
FV-4b required proofs	Prove owner non-empty invariant	2026-08-19T03:06:42.9596880Z    Compiling getrandom v0.2.17
FV-4b required proofs	Prove owner non-empty invariant	2026-08-19T03:06:43.0196507Z    Compiling jobserver v0.1.34
FV-4b required proofs	Prove owner non-empty invariant	2026-08-19T03:06:43.0516917Z    Compiling itoa v1.0.18
FV-4b required proofs	Prove owner non-empty invariant	2026-08-19T03:06:43.1013651Z    Compiling shlex v2.0.1
FV-4b required proofs	Prove owner non-empty invariant	2026-08-19T03:06:43.1736788Z    Compiling version_check v0.9.5
FV-4b required proofs	Prove owner non-empty invariant	2026-08-19T03:06:43.2636897Z    Compiling find-msvc-tools v0.1.9
FV-4b required proofs	Prove owner non-empty invariant	2026-08-19T03:06:43.4736843Z    Compiling cc v1.2.63
FV-4b required proofs	Prove owner non-empty invariant	2026-08-19T03:06:43.5511517Z    Compiling generic-array v0.14.7
FV-4b required proofs	Prove owner non-empty invariant	2026-08-19T03:06:43.5648690Z    Compiling rand_core v0.6.4
FV-4b required proofs	Prove owner non-empty invariant	2026-08-19T03:06:43.6686869Z    Compiling parking_lot v0.12.5
FV-4b required proofs	Prove owner non-empty invariant	2026-08-19T03:06:43.7216300Z    Compiling errno v0.3.14
FV-4b required proofs	Prove owner non-empty invariant	2026-08-19T03:06:43.8122517Z    Compiling signal-hook-registry v1.4.8
FV-4b required proofs	Prove owner non-empty invariant	2026-08-19T03:06:43.9163640Z    Compiling mio v1.2.1
FV-4b required proofs	Prove owner non-empty invariant	2026-08-19T03:06:43.9857028Z    Compiling socket2 v0.6.4
FV-4b required proofs	Prove owner non-empty invariant	2026-08-19T03:06:44.3106960Z    Compiling equivalent v1.0.2
FV-4b required proofs	Prove owner non-empty invariant	2026-08-19T03:06:44.3527008Z    Compiling stable_deref_trait v1.2.1
FV-4b required proofs	Prove owner non-empty invariant	2026-08-19T03:06:44.3826956Z    Compiling futures-sink v0.3.32
FV-4b required proofs	Prove owner non-empty invariant	2026-08-19T03:06:44.4437770Z    Compiling http v1.4.1
FV-4b required proofs	Prove owner non-empty invariant	2026-08-19T03:06:45.0354626Z    Compiling tracing-core v0.1.36
FV-4b required proofs	Prove owner non-empty invariant	2026-08-19T03:06:45.3712743Z    Compiling subtle v2.6.1
FV-4b required proofs	Prove owner non-empty invariant	2026-08-19T03:06:45.4854177Z    Compiling memchr v2.8.0
FV-4b required proofs	Prove owner non-empty invariant	2026-08-19T03:06:45.4884577Z    Compiling cmake v0.1.58
FV-4b required proofs	Prove owner non-empty invariant	2026-08-19T03:06:45.9739492Z    Compiling synstructure v0.13.2
FV-4b required proofs	Prove owner non-empty invariant	2026-08-19T03:06:46.0134715Z    Compiling slab v0.4.12
FV-4b required proofs	Prove owner non-empty invariant	2026-08-19T03:06:46.0516884Z    Compiling rustix v1.1.4
FV-4b required proofs	Prove owner non-empty invariant	2026-08-19T03:06:46.1596776Z    Compiling dunce v1.0.5
FV-4b required proofs	Prove owner non-empty invariant	2026-08-19T03:06:46.2090124Z    Compiling hashbrown v0.17.1
FV-4b required proofs	Prove owner non-empty invariant	2026-08-19T03:06:46.3926979Z    Compiling getrandom v0.3.4
FV-4b required proofs	Prove owner non-empty invariant	2026-08-19T03:06:46.7107124Z    Compiling fs_extra v1.3.0
FV-4b required proofs	Prove owner non-empty invariant	2026-08-19T03:06:46.8906912Z    Compiling indexmap v2.14.0
FV-4b required proofs	Prove owner non-empty invariant	2026-08-19T03:06:46.9666960Z    Compiling http-body v1.0.1
FV-4b required proofs	Prove owner non-empty invariant	2026-08-19T03:06:46.9846722Z    Compiling aws-lc-sys v0.41.0
FV-4b required proofs	Prove owner non-empty invariant	2026-08-19T03:06:47.0616811Z    Compiling crypto-common v0.1.7
FV-4b required proofs	Prove owner non-empty invariant	2026-08-19T03:06:47.1466609Z    Compiling percent-encoding v2.3.2
FV-4b required proofs	Prove owner non-empty invariant	2026-08-19T03:06:47.2632682Z    Compiling anyhow v1.0.102
FV-4b required proofs	Prove owner non-empty invariant	2026-08-19T03:06:47.5747129Z    Compiling crossbeam-utils v0.8.21
FV-4b required proofs	Prove owner non-empty invariant	2026-08-19T03:06:47.7677787Z    Compiling serde_core v1.0.228
FV-4b required proofs	Prove owner non-empty invariant	2026-08-19T03:06:48.0587038Z    Compiling either v1.16.0
FV-4b required proofs	Prove owner non-empty invariant	2026-08-19T03:06:48.2737060Z    Compiling futures-task v0.3.32
FV-4b required proofs	Prove owner non-empty invariant	2026-08-19T03:06:48.3976876Z    Compiling httparse v1.10.1
FV-4b required proofs	Prove owner non-empty invariant	2026-08-19T03:06:48.6699125Z    Compiling futures-io v0.3.32
FV-4b required proofs	Prove owner non-empty invariant	2026-08-19T03:06:48.7128726Z    Compiling tower-service v0.3.3
FV-4b required proofs	Prove owner non-empty invariant	2026-08-19T03:06:48.7530816Z    Compiling futures-util v0.3.32
FV-4b required proofs	Prove owner non-empty invariant	2026-08-19T03:06:48.7769657Z    Compiling itertools v0.10.5
FV-4b required proofs	Prove owner non-empty invariant	2026-08-19T03:06:49.0413612Z    Compiling zerofrom-derive v0.1.7
FV-4b required proofs	Prove owner non-empty invariant	2026-08-19T03:06:49.9306049Z    Compiling tokio-macros v2.7.0
FV-4b required proofs	Prove owner non-empty invariant	2026-08-19T03:06:50.6066364Z    Compiling yoke-derive v0.8.2
FV-4b required proofs	Prove owner non-empty invariant	2026-08-19T03:06:51.1766772Z    Compiling zerofrom v0.1.8
FV-4b required proofs	Prove owner non-empty invariant	2026-08-19T03:06:51.2646958Z    Compiling tokio v1.52.3
FV-4b required proofs	Prove owner non-empty invariant	2026-08-19T03:06:51.8096997Z    Compiling zerovec-derive v0.11.3
FV-4b required proofs	Prove owner non-empty invariant	2026-08-19T03:06:52.1531270Z    Compiling yoke v0.8.3
FV-4b required proofs	Prove owner non-empty invariant	2026-08-19T03:06:52.3111820Z    Compiling tracing-attributes v0.1.31
FV-4b required proofs	Prove owner non-empty invariant	2026-08-19T03:06:53.1407510Z    Compiling zerovec v0.11.6
FV-4b required proofs	Prove owner non-empty invariant	2026-08-19T03:06:53.6711228Z    Compiling displaydoc v0.2.6
FV-4b required proofs	Prove owner non-empty invariant	2026-08-19T03:06:54.1991377Z    Compiling tracing v0.1.44
FV-4b required proofs	Prove owner non-empty invariant	2026-08-19T03:06:54.5708467Z    Compiling tinystr v0.8.3
FV-4b required proofs	Prove owner non-empty invariant	2026-08-19T03:06:54.9036749Z    Compiling aws-lc-rs v1.17.0
FV-4b required proofs	Prove owner non-empty invariant	2026-08-19T03:06:55.1434761Z    Compiling atomic-waker v1.1.2
FV-4b required proofs	Prove owner non-empty invariant	2026-08-19T03:06:55.1460218Z    Compiling fnv v1.0.7
FV-4b required proofs	Prove owner non-empty invariant	2026-08-19T03:06:55.1892271Z    Compiling try-lock v0.2.5
FV-4b required proofs	Prove owner non-empty invariant	2026-08-19T03:06:55.1969490Z    Compiling writeable v0.6.3
FV-4b required proofs	Prove owner non-empty invariant	2026-08-19T03:06:55.2422481Z    Compiling litemap v0.8.2
FV-4b required proofs	Prove owner non-empty invariant	2026-08-19T03:06:55.3386979Z    Compiling zeroize v1.8.2
FV-4b required proofs	Prove owner non-empty invariant	2026-08-19T03:06:55.4125162Z    Compiling icu_locale_core v2.2.0
FV-4b required proofs	Prove owner non-empty invariant	2026-08-19T03:06:55.4556861Z    Compiling want v0.3.1
FV-4b required proofs	Prove owner non-empty invariant	2026-08-19T03:06:55.5411582Z    Compiling prost-derive v0.14.3
FV-4b required proofs	Prove owner non-empty invariant	2026-08-19T03:06:56.3913610Z    Compiling tokio-util v0.7.18
FV-4b required proofs	Prove owner non-empty invariant	2026-08-19T03:06:56.4171685Z    Compiling zerotrie v0.2.4
FV-4b required proofs	Prove owner non-empty invariant	2026-08-19T03:06:56.9987096Z    Compiling h2 v0.4.14
FV-4b required proofs	Prove owner non-empty invariant	2026-08-19T03:06:57.6666931Z    Compiling potential_utf v0.1.5
FV-4b required proofs	Prove owner non-empty invariant	2026-08-19T03:06:57.9966471Z    Compiling futures-channel v0.3.32
FV-4b required proofs	Prove owner non-empty invariant	2026-08-19T03:06:58.2205127Z    Compiling httpdate v1.0.3
FV-4b required proofs	Prove owner non-empty invariant	2026-08-19T03:06:58.3256946Z    Compiling utf8_iter v1.0.4
FV-4b required proofs	Prove owner non-empty invariant	2026-08-19T03:06:58.3879734Z    Compiling bitflags v2.11.1
FV-4b required proofs	Prove owner non-empty invariant	2026-08-19T03:06:58.5302542Z    Compiling icu_normalizer_data v2.2.0
FV-4b required proofs	Prove owner non-empty invariant	2026-08-19T03:06:58.9797065Z    Compiling icu_properties_data v2.2.0
FV-4b required proofs	Prove owner non-empty invariant	2026-08-19T03:06:59.0891976Z    Compiling icu_collections v2.2.0
FV-4b required proofs	Prove owner non-empty invariant	2026-08-19T03:06:59.4417139Z    Compiling icu_provider v2.2.0
FV-4b required proofs	Prove owner non-empty invariant	2026-08-19T03:06:59.4994993Z    Compiling rustls-pki-types v1.14.1
FV-4b required proofs	Prove owner non-empty invariant	2026-08-19T03:06:59.6955230Z    Compiling crossbeam-epoch v0.9.18
FV-4b required proofs	Prove owner non-empty invariant	2026-08-19T03:06:59.8922371Z    Compiling form_urlencoded v1.2.2
FV-4b required proofs	Prove owner non-empty invariant	2026-08-19T03:06:59.9172073Z    Compiling sync_wrapper v1.0.2
FV-4b required proofs	Prove owner non-empty invariant	2026-08-19T03:06:59.9771320Z    Compiling serde v1.0.228
FV-4b required proofs	Prove owner non-empty invariant	2026-08-19T03:07:00.0125677Z    Compiling tower-layer v0.3.3
FV-4b required proofs	Prove owner non-empty invariant	2026-08-19T03:07:00.1517955Z    Compiling pulldown-cmark v0.13.4
FV-4b required proofs	Prove owner non-empty invariant	2026-08-19T03:07:00.2578490Z    Compiling ipnet v2.12.0
FV-4b required proofs	Prove owner non-empty invariant	2026-08-19T03:07:00.2616992Z    Compiling prettyplease v0.2.37
FV-4b required proofs	Prove owner non-empty invariant	2026-08-19T03:07:00.3763617Z    Compiling base64 v0.22.1
FV-4b required proofs	Prove owner non-empty invariant	2026-08-19T03:07:00.5406869Z    Compiling zmij v1.0.21
FV-4b required proofs	Prove owner non-empty invariant	2026-08-19T03:07:00.7720394Z    Compiling serde_derive v1.0.228
FV-4b required proofs	Prove owner non-empty invariant	2026-08-19T03:07:01.0076843Z    Compiling serde_json v1.0.149
FV-4b required proofs	Prove owner non-empty invariant	2026-08-19T03:07:01.6878758Z    Compiling hyper v1.10.1
FV-4b required proofs	Prove owner non-empty invariant	2026-08-19T03:07:01.6963884Z    Compiling rustls v0.23.40
FV-4b required proofs	Prove owner non-empty invariant	2026-08-19T03:07:01.7979276Z    Compiling linux-raw-sys v0.12.1
FV-4b required proofs	Prove owner non-empty invariant	2026-08-19T03:07:02.8856708Z    Compiling zerocopy v0.8.48
FV-4b required proofs	Prove owner non-empty invariant	2026-08-19T03:07:03.1361067Z    Compiling hyper-util v0.1.20
FV-4b required proofs	Prove owner non-empty invariant	2026-08-19T03:07:03.2905299Z    Compiling heck v0.5.0
FV-4b required proofs	Prove owner non-empty invariant	2026-08-19T03:07:03.5216737Z    Compiling unicase v2.9.0
FV-4b required proofs	Prove owner non-empty invariant	2026-08-19T03:07:03.6943651Z    Compiling foldhash v0.1.5
FV-4b required proofs	Prove owner non-empty invariant	2026-08-19T03:07:03.8371289Z    Compiling regex-syntax v0.8.10
FV-4b required proofs	Prove owner non-empty invariant	2026-08-19T03:07:04.7763905Z    Compiling untrusted v0.9.0
FV-4b required proofs	Prove owner non-empty invariant	2026-08-19T03:07:05.6745592Z    Compiling regex-automata v0.4.14
FV-4b required proofs	Prove owner non-empty invariant	2026-08-19T03:07:05.9036220Z    Compiling hashbrown v0.15.5
FV-4b required proofs	Prove owner non-empty invariant	2026-08-19T03:07:06.8096814Z    Compiling prost v0.14.3
FV-4b required proofs	Prove owner non-empty invariant	2026-08-19T03:07:08.4474239Z    Compiling icu_properties v2.2.0
FV-4b required proofs	Prove owner non-empty invariant	2026-08-19T03:07:08.8688640Z    Compiling icu_normalizer v2.2.0
FV-4b required proofs	Prove owner non-empty invariant	2026-08-19T03:07:09.5106823Z    Compiling tower v0.5.3
FV-4b required proofs	Prove owner non-empty invariant	2026-08-19T03:07:09.7020279Z    Compiling http-body-util v0.1.3
FV-4b required proofs	Prove owner non-empty invariant	2026-08-19T03:07:09.8977989Z    Compiling mime v0.3.17
FV-4b required proofs	Prove owner non-empty invariant	2026-08-19T03:07:10.0656550Z    Compiling utf8parse v0.2.2
FV-4b required proofs	Prove owner non-empty invariant	2026-08-19T03:07:10.1173416Z    Compiling autocfg v1.5.1
FV-4b required proofs	Prove owner non-empty invariant	2026-08-19T03:07:10.4442531Z    Compiling fixedbitset v0.5.7
FV-4b required proofs	Prove owner non-empty invariant	2026-08-19T03:07:10.6016925Z    Compiling cpufeatures v0.2.17
FV-4b required proofs	Prove owner non-empty invariant	2026-08-19T03:07:10.6341713Z    Compiling fastrand v2.4.1
FV-4b required proofs	Prove owner non-empty invariant	2026-08-19T03:07:10.7212138Z    Compiling petgraph v0.8.3
FV-4b required proofs	Prove owner non-empty invariant	2026-08-19T03:07:10.7727920Z    Compiling num-traits v0.2.19
FV-4b required proofs	Prove owner non-empty invariant	2026-08-19T03:07:10.8289838Z    Compiling tempfile v3.27.0
FV-4b required proofs	Prove owner non-empty invariant	2026-08-19T03:07:10.8656900Z    Compiling idna_adapter v1.2.2
FV-4b required proofs	Prove owner non-empty invariant	2026-08-19T03:07:11.3047205Z    Compiling pulldown-cmark-to-cmark v22.0.0
FV-4b required proofs	Prove owner non-empty invariant	2026-08-19T03:07:11.6646955Z    Compiling regex v1.12.3
FV-4b required proofs	Prove owner non-empty invariant	2026-08-19T03:07:11.9196794Z    Compiling prost-types v0.14.3
FV-4b required proofs	Prove owner non-empty invariant	2026-08-19T03:07:12.6916736Z    Compiling inout v0.1.4
FV-4b required proofs	Prove owner non-empty invariant	2026-08-19T03:07:12.7786998Z    Compiling hybrid-array v0.4.12
FV-4b required proofs	Prove owner non-empty invariant	2026-08-19T03:07:13.3511355Z    Compiling multimap v0.10.1
FV-4b required proofs	Prove owner non-empty invariant	2026-08-19T03:07:13.4457066Z    Compiling rayon-core v1.13.0
FV-4b required proofs	Prove owner non-empty invariant	2026-08-19T03:07:13.4799776Z    Compiling cfg_aliases v0.2.1
FV-4b required proofs	Prove owner non-empty invariant	2026-08-19T03:07:13.5197366Z    Compiling ucd-trie v0.1.7
FV-4b required proofs	Prove owner non-empty invariant	2026-08-19T03:07:13.5583263Z    Compiling ryu v1.0.23
FV-4b required proofs	Prove owner non-empty invariant	2026-08-19T03:07:13.8054060Z    Compiling prost-build v0.14.3
FV-4b required proofs	Prove owner non-empty invariant	2026-08-19T03:07:15.9715098Z    Compiling pest v2.8.6
FV-4b required proofs	Prove owner non-empty invariant	2026-08-19T03:07:15.9784705Z    Compiling serde_urlencoded v0.7.1
FV-4b required proofs	Prove owner non-empty invariant	2026-08-19T03:07:16.2276797Z    Compiling nix v0.31.3
FV-4b required proofs	Prove owner non-empty invariant	2026-08-19T03:07:16.6156717Z    Compiling cipher v0.4.4
FV-4b required proofs	Prove owner non-empty invariant	2026-08-19T03:07:16.9286977Z    Compiling idna v1.1.0
FV-4b required proofs	Prove owner non-empty invariant	2026-08-19T03:07:17.2766977Z    Compiling ppv-lite86 v0.2.21
FV-4b required proofs	Prove owner non-empty invariant	2026-08-19T03:07:17.3647012Z    Compiling anstyle-parse v1.0.0
FV-4b required proofs	Prove owner non-empty invariant	2026-08-19T03:07:17.4987057Z    Compiling axum-core v0.5.6
FV-4b required proofs	Prove owner non-empty invariant	2026-08-19T03:07:17.6799050Z    Compiling tonic-build v0.14.6
FV-4b required proofs	Prove owner non-empty invariant	2026-08-19T03:07:17.6827170Z    Compiling crossbeam-deque v0.8.6
FV-4b required proofs	Prove owner non-empty invariant	2026-08-19T03:07:17.8577085Z    Compiling serde_path_to_error v0.1.20
FV-4b required proofs	Prove owner non-empty invariant	2026-08-19T03:07:18.2565295Z    Compiling pin-project-internal v1.1.13
FV-4b required proofs	Prove owner non-empty invariant	2026-08-19T03:07:18.8238307Z    Compiling universal-hash v0.5.1
FV-4b required proofs	Prove owner non-empty invariant	2026-08-19T03:07:18.9116760Z    Compiling block-buffer v0.10.4
FV-4b required proofs	Prove owner non-empty invariant	2026-08-19T03:07:19.0056836Z    Compiling matchit v0.8.4
FV-4b required proofs	Prove owner non-empty invariant	2026-08-19T03:07:19.2637496Z    Compiling protoc-bin-vendored-win32 v3.2.0
FV-4b required proofs	Prove owner non-empty invariant	2026-08-19T03:07:19.2723313Z    Compiling compare v0.0.6
FV-4b required proofs	Prove owner non-empty invariant	2026-08-19T03:07:19.3467339Z    Compiling protoc-bin-vendored-linux-x86_64 v3.2.0
FV-4b required proofs	Prove owner non-empty invariant	2026-08-19T03:07:19.3812587Z    Compiling xxhash-rust v0.8.15
FV-4b required proofs	Prove owner non-empty invariant	2026-08-19T03:07:19.4296917Z    Compiling twox-hash v2.1.2
FV-4b required proofs	Prove owner non-empty invariant	2026-08-19T03:07:19.5166664Z    Compiling hashbrown v0.16.1
FV-4b required proofs	Prove owner non-empty invariant	2026-08-19T03:07:19.5616978Z    Compiling anstyle-query v1.1.5
FV-4b required proofs	Prove owner non-empty invariant	2026-08-19T03:07:19.8171580Z    Compiling protoc-bin-vendored-macos-x86_64 v3.2.0
FV-4b required proofs	Prove owner non-empty invariant	2026-08-19T03:07:19.8338427Z    Compiling opaque-debug v0.3.1
FV-4b required proofs	Prove owner non-empty invariant	2026-08-19T03:07:19.8646341Z    Compiling colorchoice v1.0.5
FV-4b required proofs	Prove owner non-empty invariant	2026-08-19T03:07:19.8844082Z    Compiling protoc-bin-vendored-linux-x86_32 v3.2.0
FV-4b required proofs	Prove owner non-empty invariant	2026-08-19T03:07:19.9126188Z    Compiling protoc-bin-vendored-linux-aarch_64 v3.2.0
FV-4b required proofs	Prove owner non-empty invariant	2026-08-19T03:07:19.9630815Z    Compiling protoc-bin-vendored-linux-s390_64 v3.2.0
FV-4b required proofs	Prove owner non-empty invariant	2026-08-19T03:07:19.9677366Z    Compiling openssl-probe v0.2.1
FV-4b required proofs	Prove owner non-empty invariant	2026-08-19T03:07:20.0385065Z    Compiling byteorder-lite v0.1.0
FV-4b required proofs	Prove owner non-empty invariant	2026-08-19T03:07:20.0429512Z    Compiling protoc-bin-vendored-macos-aarch_64 v3.2.0
FV-4b required proofs	Prove owner non-empty invariant	2026-08-19T03:07:20.1179862Z    Compiling anstyle v1.0.14
FV-4b required proofs	Prove owner non-empty invariant	2026-08-19T03:07:20.1321002Z    Compiling is_terminal_polyfill v1.70.2
FV-4b required proofs	Prove owner non-empty invariant	2026-08-19T03:07:20.1718575Z    Compiling protoc-bin-vendored-linux-ppcle_64 v3.2.0
FV-4b required proofs	Prove owner non-empty invariant	2026-08-19T03:07:20.2430012Z    Compiling sfa v1.0.0
FV-4b required proofs	Prove owner non-empty invariant	2026-08-19T03:07:20.2529274Z    Compiling protoc-bin-vendored v3.2.0
FV-4b required proofs	Prove owner non-empty invariant	2026-08-19T03:07:20.2818238Z    Compiling anstream v1.0.0
FV-4b required proofs	Prove owner non-empty invariant	2026-08-19T03:07:20.3271856Z    Compiling quick_cache v0.6.22
FV-4b required proofs	Prove owner non-empty invariant	2026-08-19T03:07:20.3804945Z    Compiling rustls-native-certs v0.8.4
FV-4b required proofs	Prove owner non-empty invariant	2026-08-19T03:07:20.4726880Z    Compiling polyval v0.6.2
FV-4b required proofs	Prove owner non-empty invariant	2026-08-19T03:07:20.5062621Z    Compiling pin-project v1.1.13
FV-4b required proofs	Prove owner non-empty invariant	2026-08-19T03:07:20.6017199Z    Compiling lz4_flex v0.13.1
FV-4b required proofs	Prove owner non-empty invariant	2026-08-19T03:07:20.7597459Z    Compiling interval-heap v0.0.5
FV-4b required proofs	Prove owner non-empty invariant	2026-08-19T03:07:20.7931402Z    Compiling axum v0.8.9
FV-4b required proofs	Prove owner non-empty invariant	2026-08-19T03:07:20.8450505Z    Compiling digest v0.10.7
FV-4b required proofs	Prove owner non-empty invariant	2026-08-19T03:07:20.9181467Z    Compiling tonic-prost-build v0.14.6
FV-4b required proofs	Prove owner non-empty invariant	2026-08-19T03:07:21.4482513Z    Compiling rand_chacha v0.3.1
FV-4b required proofs	Prove owner non-empty invariant	2026-08-19T03:07:21.5825277Z    Compiling pest_meta v2.8.6
FV-4b required proofs	Prove owner non-empty invariant	2026-08-19T03:07:22.4176979Z    Compiling url v2.5.8
FV-4b required proofs	Prove owner non-empty invariant	2026-08-19T03:07:22.9239724Z    Compiling block-buffer v0.12.0
FV-4b required proofs	Prove owner non-empty invariant	2026-08-19T03:07:23.0396805Z    Compiling crypto-common v0.2.2
FV-4b required proofs	Prove owner non-empty invariant	2026-08-19T03:07:23.8271437Z    Compiling hyper-timeout v0.5.2
FV-4b required proofs	Prove owner non-empty invariant	2026-08-19T03:07:24.0072451Z    Compiling crossbeam-skiplist v0.1.3
FV-4b required proofs	Prove owner non-empty invariant	2026-08-19T03:07:24.2396834Z    Compiling enum_dispatch v0.3.13
FV-4b required proofs	Prove owner non-empty invariant	2026-08-19T03:07:24.3067177Z    Compiling tokio-stream v0.1.18
FV-4b required proofs	Prove owner non-empty invariant	2026-08-19T03:07:24.6416934Z    Compiling async-trait v0.1.89
FV-4b required proofs	Prove owner non-empty invariant	2026-08-19T03:07:25.2506964Z    Compiling blake3 v1.8.5
FV-4b required proofs	Prove owner non-empty invariant	2026-08-19T03:07:25.4217597Z    Compiling spin v0.9.8
FV-4b required proofs	Prove owner non-empty invariant	2026-08-19T03:07:25.5450334Z    Compiling nibble_vec v0.1.0
FV-4b required proofs	Prove owner non-empty invariant	2026-08-19T03:07:25.5754872Z    Compiling self_cell v1.2.2
FV-4b required proofs	Prove owner non-empty invariant	2026-08-19T03:07:25.6142102Z    Compiling redb v2.6.3
FV-4b required proofs	Prove owner non-empty invariant	2026-08-19T03:07:25.7126851Z    Compiling hashbrown v0.14.5
FV-4b required proofs	Prove owner non-empty invariant	2026-08-19T03:07:25.8132103Z    Compiling base64ct v1.8.3
FV-4b required proofs	Prove owner non-empty invariant	2026-08-19T03:07:26.0073926Z    Compiling cpufeatures v0.3.0
FV-4b required proofs	Prove owner non-empty invariant	2026-08-19T03:07:26.0217075Z    Compiling byteview v0.10.1
FV-4b required proofs	Prove owner non-empty invariant	2026-08-19T03:07:26.0422212Z    Compiling strsim v0.11.1
FV-4b required proofs	Prove owner non-empty invariant	2026-08-19T03:07:26.1671855Z    Compiling thiserror v1.0.69
FV-4b required proofs	Prove owner non-empty invariant	2026-08-19T03:07:26.2597774Z    Compiling rustc-hash v2.1.2
FV-4b required proofs	Prove owner non-empty invariant	2026-08-19T03:07:26.3344461Z    Compiling const-oid v0.10.2
FV-4b required proofs	Prove owner non-empty invariant	2026-08-19T03:07:26.3582045Z    Compiling varint-rs v2.2.0
FV-4b required proofs	Prove owner non-empty invariant	2026-08-19T03:07:26.3757716Z    Compiling endian-type v0.2.0
FV-4b required proofs	Prove owner non-empty invariant	2026-08-19T03:07:26.4567279Z    Compiling clap_lex v1.1.0
FV-4b required proofs	Prove owner non-empty invariant	2026-08-19T03:07:26.4698362Z    Compiling digest v0.11.3
FV-4b required proofs	Prove owner non-empty invariant	2026-08-19T03:07:26.4742632Z    Compiling radix_trie v0.3.0
FV-4b required proofs	Prove owner non-empty invariant	2026-08-19T03:07:26.5653148Z    Compiling clap_builder v4.6.0
FV-4b required proofs	Prove owner non-empty invariant	2026-08-19T03:07:26.5943661Z    Compiling lsm-tree v3.1.6
FV-4b required proofs	Prove owner non-empty invariant	2026-08-19T03:07:26.7640118Z    Compiling dashmap v6.2.1
FV-4b required proofs	Prove owner non-empty invariant	2026-08-19T03:07:27.0995024Z    Compiling tonic v0.14.6
FV-4b required proofs	Prove owner non-empty invariant	2026-08-19T03:07:29.0769675Z    Compiling password-hash v0.5.0
FV-4b required proofs	Prove owner non-empty invariant	2026-08-19T03:07:29.1317918Z    Compiling rayon v1.12.0
FV-4b required proofs	Prove owner non-empty invariant	2026-08-19T03:07:29.3219427Z    Compiling flume v0.12.0
FV-4b required proofs	Prove owner non-empty invariant	2026-08-19T03:07:30.2436842Z    Compiling tower-http v0.6.11
FV-4b required proofs	Prove owner non-empty invariant	2026-08-19T03:07:31.2395284Z    Compiling pest_generator v2.8.6
FV-4b required proofs	Prove owner non-empty invariant	2026-08-19T03:07:31.3223559Z    Compiling ordered-float v3.9.2
FV-4b required proofs	Prove owner non-empty invariant	2026-08-19T03:07:31.6314145Z    Compiling rand v0.8.6
FV-4b required proofs	Prove owner non-empty invariant	2026-08-19T03:07:31.7187765Z    Compiling edisondb v0.6.0-p3m9 (/home/runner/work/edisondb-fv/edisondb-fv)
FV-4b required proofs	Prove owner non-empty invariant	2026-08-19T03:07:32.2919198Z    Compiling blake2 v0.10.6
FV-4b required proofs	Prove owner non-empty invariant	2026-08-19T03:07:32.3560689Z    Compiling ghash v0.5.1
FV-4b required proofs	Prove owner non-empty invariant	2026-08-19T03:07:32.4229940Z    Compiling aes v0.8.4
FV-4b required proofs	Prove owner non-empty invariant	2026-08-19T03:07:32.5434814Z    Compiling ctr v0.9.2
FV-4b required proofs	Prove owner non-empty invariant	2026-08-19T03:07:32.6987036Z    Compiling clap_derive v4.6.1
FV-4b required proofs	Prove owner non-empty invariant	2026-08-19T03:07:32.9476979Z    Compiling thiserror-impl v1.0.69
FV-4b required proofs	Prove owner non-empty invariant	2026-08-19T03:07:33.1206771Z    Compiling aead v0.5.2
FV-4b required proofs	Prove owner non-empty invariant	2026-08-19T03:07:33.2436893Z    Compiling num_cpus v1.17.0
FV-4b required proofs	Prove owner non-empty invariant	2026-08-19T03:07:33.4217004Z    Compiling rtoolbox v0.0.5
FV-4b required proofs	Prove owner non-empty invariant	2026-08-19T03:07:33.5397018Z    Compiling encoding_rs v0.8.35
FV-4b required proofs	Prove owner non-empty invariant	2026-08-19T03:07:34.7747512Z    Compiling arrayvec v0.7.8
FV-4b required proofs	Prove owner non-empty invariant	2026-08-19T03:07:34.9066858Z    Compiling home v0.5.12
FV-4b required proofs	Prove owner non-empty invariant	2026-08-19T03:07:34.9591553Z    Compiling unicode-width v0.2.2
FV-4b required proofs	Prove owner non-empty invariant	2026-08-19T03:07:34.9826772Z    Compiling unicode-segmentation v1.13.2
FV-4b required proofs	Prove owner non-empty invariant	2026-08-19T03:07:35.1507450Z    Compiling arrayref v0.3.9
FV-4b required proofs	Prove owner non-empty invariant	2026-08-19T03:07:35.1908719Z    Compiling constant_time_eq v0.4.2
FV-4b required proofs	Prove owner non-empty invariant	2026-08-19T03:07:35.2083894Z    Compiling clap v4.6.1
FV-4b required proofs	Prove owner non-empty invariant	2026-08-19T03:07:35.3820054Z    Compiling rustyline v18.0.0
FV-4b required proofs	Prove owner non-empty invariant	2026-08-19T03:07:35.6846648Z    Compiling rpassword v7.5.3
FV-4b required proofs	Prove owner non-empty invariant	2026-08-19T03:07:35.8563419Z    Compiling instant-distance v0.6.1
FV-4b required proofs	Prove owner non-empty invariant	2026-08-19T03:07:36.0877125Z    Compiling aes-gcm v0.10.3
FV-4b required proofs	Prove owner non-empty invariant	2026-08-19T03:07:36.2116829Z    Compiling tonic-prost v0.14.6
FV-4b required proofs	Prove owner non-empty invariant	2026-08-19T03:07:36.4259534Z    Compiling argon2 v0.5.3
FV-4b required proofs	Prove owner non-empty invariant	2026-08-19T03:07:36.4930855Z    Compiling pest_derive v2.8.6
FV-4b required proofs	Prove owner non-empty invariant	2026-08-19T03:07:36.7493292Z    Compiling fjall v3.1.6
FV-4b required proofs	Prove owner non-empty invariant	2026-08-19T03:07:36.7975994Z    Compiling sha2 v0.11.0
FV-4b required proofs	Prove owner non-empty invariant	2026-08-19T03:07:47.5425714Z    Compiling rustls-webpki v0.103.13
FV-4b required proofs	Prove owner non-empty invariant	2026-08-19T03:07:50.6228308Z    Compiling tokio-rustls v0.26.4
FV-4b required proofs	Prove owner non-empty invariant	2026-08-19T03:07:50.6229576Z    Compiling rustls-platform-verifier v0.7.0
FV-4b required proofs	Prove owner non-empty invariant	2026-08-19T03:07:50.8055088Z    Compiling hyper-rustls v0.27.9
FV-4b required proofs	Prove owner non-empty invariant	2026-08-19T03:07:50.9334593Z    Compiling reqwest v0.13.4
FV-4b required proofs	Prove owner non-empty invariant	2026-08-19T03:07:53.8398910Z warning: Found the following unsupported constructs:
FV-4b required proofs	Prove owner non-empty invariant	2026-08-19T03:07:53.8399547Z              - caller_location (1)
FV-4b required proofs	Prove owner non-empty invariant	2026-08-19T03:07:53.8399987Z              - foreign function (2)
FV-4b required proofs	Prove owner non-empty invariant	2026-08-19T03:07:53.8400375Z          
FV-4b required proofs	Prove owner non-empty invariant	2026-08-19T03:07:53.8400873Z          Verification will fail if one or more of these constructs is reachable.
FV-4b required proofs	Prove owner non-empty invariant	2026-08-19T03:07:53.8401816Z          See https://model-checking.github.io/kani/rust-feature-support.html for more details.
FV-4b required proofs	Prove owner non-empty invariant	2026-08-19T03:07:53.8402791Z 
FV-4b required proofs	Prove owner non-empty invariant	2026-08-19T03:07:53.9363484Z     Finished `dev` profile [unoptimized + debuginfo] target(s) in 1m 13s
FV-4b required proofs	Prove owner non-empty invariant	2026-08-19T03:07:54.1621335Z    Compiling edisondb v0.6.0-p3m9 (/home/runner/work/edisondb-fv/edisondb-fv)
FV-4b required proofs	Prove owner non-empty invariant	2026-08-19T03:07:55.8775013Z     Finished `dev` profile [unoptimized + debuginfo] target(s) in 1.91s
FV-4b required proofs	Prove owner non-empty invariant	2026-08-19T03:07:56.0956938Z    Compiling edisondb v0.6.0-p3m9 (/home/runner/work/edisondb-fv/edisondb-fv)
FV-4b required proofs	Prove owner non-empty invariant	2026-08-19T03:07:56.8444784Z     Finished `dev` profile [unoptimized + debuginfo] target(s) in 0.93s
FV-4b required proofs	Prove owner non-empty invariant	2026-08-19T03:07:57.8843689Z Checking harness verification::kani_harnesses::kani_owner_nonempty_invariant...
FV-4b required proofs	Prove owner non-empty invariant	2026-08-19T03:07:57.9002291Z CBMC 6.8.0 (cbmc-6.8.0)
FV-4b required proofs	Prove owner non-empty invariant	2026-08-19T03:07:57.9148259Z CBMC version 6.8.0 (cbmc-6.8.0) 64-bit x86_64 linux
FV-4b required proofs	Prove owner non-empty invariant	2026-08-19T03:07:57.9173142Z Reading GOTO program from file /home/runner/work/edisondb-fv/edisondb-fv/target/kani/x86_64-unknown-linux-gnu/debug/deps/edisondb__RNvNtNtCsh53XPqpdbtl_8edisondb12verification14kani_harnesses29kani_owner_nonempty_invariant.out
FV-4b required proofs	Prove owner non-empty invariant	2026-08-19T03:07:57.9179352Z Generating GOTO Program
FV-4b required proofs	Prove owner non-empty invariant	2026-08-19T03:07:57.9209411Z Adding CPROVER library (x86_64)
FV-4b required proofs	Prove owner non-empty invariant	2026-08-19T03:07:57.9373379Z Removal of function pointers and virtual functions
FV-4b required proofs	Prove owner non-empty invariant	2026-08-19T03:07:57.9374811Z Generic Property Instrumentation
FV-4b required proofs	Prove owner non-empty invariant	2026-08-19T03:07:58.0350165Z Running with 16 object bits, 48 offset bits (user-specified)
FV-4b required proofs	Prove owner non-empty invariant	2026-08-19T03:07:58.0391516Z Starting Bounded Model Checking
FV-4b required proofs	Prove owner non-empty invariant	2026-08-19T03:07:58.0433935Z aborting path on assume(false) at file /home/runner/.rustup/toolchains/nightly-2025-11-21-x86_64-unknown-linux-gnu/lib/rustlib/src/rust/library/core/src/alloc/layout.rs line 359 column 5 function std::alloc::Layout::repeat thread 0
FV-4b required proofs	Prove owner non-empty invariant	2026-08-19T03:07:58.0841386Z aborting path on assume(false) at file /home/runner/.rustup/toolchains/nightly-2025-11-21-x86_64-unknown-linux-gnu/lib/rustlib/src/rust/library/core/src/result.rs line 835 column 15 function std::result::Result::<(std::alloc::Layout, usize), std::alloc::LayoutError>::map::<std::alloc::Layout, {closure@alloc::raw_vec::layout_array::{closure#0}}> thread 0
FV-4b required proofs	Prove owner non-empty invariant	2026-08-19T03:07:58.1201158Z aborting path on assume(false) at file /home/runner/.rustup/toolchains/nightly-2025-11-21-x86_64-unknown-linux-gnu/lib/rustlib/src/rust/library/core/src/result.rs line 966 column 15 function std::result::Result::<std::alloc::Layout, std::alloc::LayoutError>::map_err::<std::collections::TryReserveError, {closure@alloc::raw_vec::layout_array::{closure#1}}> thread 0
FV-4b required proofs	Prove owner non-empty invariant	2026-08-19T03:07:58.1217889Z aborting path on assume(false) at file src/lib.rs line 0 column 0 function alloc::raw_vec::RawVecInner::try_allocate_in thread 0
FV-4b required proofs	Prove owner non-empty invariant	2026-08-19T03:07:58.1252956Z aborting path on assume(false) at file /home/runner/.rustup/toolchains/nightly-2025-11-21-x86_64-unknown-linux-gnu/lib/rustlib/src/rust/library/alloc/src/raw_vec/mod.rs line 419 column 15 function alloc::raw_vec::RawVecInner::with_capacity_in thread 0
FV-4b required proofs	Prove owner non-empty invariant	2026-08-19T03:07:58.1276448Z aborting path on assume(false) at file /home/runner/.rustup/toolchains/nightly-2025-11-21-x86_64-unknown-linux-gnu/lib/rustlib/src/rust/library/alloc/src/collections/mod.rs line 93 column 10 function <std::collections::TryReserveErrorKind as std::clone::Clone>::clone thread 0
FV-4b required proofs	Prove owner non-empty invariant	2026-08-19T03:07:58.1278718Z aborting path on assume(false) at file /home/runner/.rustup/toolchains/nightly-2025-11-21-x86_64-unknown-linux-gnu/lib/rustlib/src/rust/library/alloc/src/raw_vec/mod.rs line 845 column 11 function alloc::raw_vec::handle_error thread 0
FV-4b required proofs	Prove owner non-empty invariant	2026-08-19T03:07:58.1281146Z aborting path on assume(false) at file /home/runner/.rustup/toolchains/nightly-2025-11-21-x86_64-unknown-linux-gnu/lib/rustlib/src/rust/library/alloc/src/alloc.rs line 366 column 5 function std::alloc::handle_alloc_error::rt_error thread 0
FV-4b required proofs	Prove owner non-empty invariant	2026-08-19T03:07:58.1283202Z aborting path on assume(false) at file /home/runner/.rustup/toolchains/nightly-2025-11-21-x86_64-unknown-linux-gnu/lib/rustlib/src/rust/library/alloc/src/alloc.rs line 407 column 13 function std::alloc::handle_alloc_error::rt_error thread 0
FV-4b required proofs	Prove owner non-empty invariant	2026-08-19T03:07:58.1300408Z aborting path on assume(false) at file /home/runner/.rustup/toolchains/nightly-2025-11-21-x86_64-unknown-linux-gnu/lib/rustlib/src/rust/library/alloc/src/alloc.rs line 413 column 9 function std::alloc::handle_alloc_error thread 0
FV-4b required proofs	Prove owner non-empty invariant	2026-08-19T03:07:58.1303504Z aborting path on assume(false) at file /home/runner/.rustup/toolchains/nightly-2025-11-21-x86_64-unknown-linux-gnu/lib/rustlib/src/rust/library/alloc/src/raw_vec/mod.rs line 847 column 38 function alloc::raw_vec::handle_error thread 0
FV-4b required proofs	Prove owner non-empty invariant	2026-08-19T03:07:58.1318556Z aborting path on assume(false) at file /home/runner/.rustup/toolchains/nightly-2025-11-21-x86_64-unknown-linux-gnu/lib/rustlib/src/rust/library/alloc/src/raw_vec/mod.rs line 28 column 5 function alloc::raw_vec::capacity_overflow thread 0
FV-4b required proofs	Prove owner non-empty invariant	2026-08-19T03:07:58.1617706Z aborting path on assume(false) at file /home/runner/.rustup/toolchains/nightly-2025-11-21-x86_64-unknown-linux-gnu/lib/rustlib/src/rust/library/alloc/src/raw_vec/mod.rs line 846 column 29 function alloc::raw_vec::handle_error thread 0
FV-4b required proofs	Prove owner non-empty invariant	2026-08-19T03:07:58.2006488Z aborting path on assume(false) at file /home/runner/.rustup/toolchains/nightly-2025-11-21-x86_64-unknown-linux-gnu/lib/rustlib/src/rust/library/alloc/src/raw_vec/mod.rs line 427 column 25 function alloc::raw_vec::RawVecInner::with_capacity_in thread 0
FV-4b required proofs	Prove owner non-empty invariant	2026-08-19T03:07:58.2243772Z aborting path on assume(false) at file src/lib.rs line 0 column 0 function <std::result::Result<(), EdisonError> as std::cmp::PartialEq>::eq thread 0
FV-4b required proofs	Prove owner non-empty invariant	2026-08-19T03:07:58.2251364Z aborting path on assume(false) at file /home/runner/.rustup/toolchains/nightly-2025-11-21-x86_64-unknown-linux-gnu/lib/rustlib/src/rust/library/alloc/src/raw_vec/mod.rs line 830 column 5 function alloc::raw_vec::RawVecInner::deallocate thread 0
FV-4b required proofs	Prove owner non-empty invariant	2026-08-19T03:07:58.2279642Z Runtime Symex: 0.285704s
FV-4b required proofs	Prove owner non-empty invariant	2026-08-19T03:07:58.2280211Z size of program expression: 7771 steps
FV-4b required proofs	Prove owner non-empty invariant	2026-08-19T03:07:58.2280830Z slicing removed 5124 assignments
FV-4b required proofs	Prove owner non-empty invariant	2026-08-19T03:07:58.2325265Z Generated 588 VCC(s), 63 remaining after simplification
FV-4b required proofs	Prove owner non-empty invariant	2026-08-19T03:07:58.2326035Z Runtime Postprocess Equation: 0.00386545s
FV-4b required proofs	Prove owner non-empty invariant	2026-08-19T03:07:58.2682791Z Passing problem to propositional reduction
FV-4b required proofs	Prove owner non-empty invariant	2026-08-19T03:07:58.2684387Z converting SSA
FV-4b required proofs	Prove owner non-empty invariant	2026-08-19T03:07:58.2684784Z Runtime Convert SSA: 0.0356241s
FV-4b required proofs	Prove owner non-empty invariant	2026-08-19T03:07:58.2778984Z Running propositional reduction
FV-4b required proofs	Prove owner non-empty invariant	2026-08-19T03:07:58.2779387Z Post-processing
FV-4b required proofs	Prove owner non-empty invariant	2026-08-19T03:07:58.2779675Z Runtime Post-process: 0.00936901s
FV-4b required proofs	Prove owner non-empty invariant	2026-08-19T03:07:58.2795795Z Solving with CaDiCaL 2.0.0
FV-4b required proofs	Prove owner non-empty invariant	2026-08-19T03:07:58.2796196Z 35895 variables, 54279 clauses
FV-4b required proofs	Prove owner non-empty invariant	2026-08-19T03:07:58.2801443Z SAT checker: instance is SATISFIABLE
FV-4b required proofs	Prove owner non-empty invariant	2026-08-19T03:07:58.2801851Z Runtime Solver: 0.0111059s
FV-4b required proofs	Prove owner non-empty invariant	2026-08-19T03:07:58.2970798Z Runtime decision procedure: 0.0476886s
FV-4b required proofs	Prove owner non-empty invariant	2026-08-19T03:07:58.2971635Z Running propositional reduction
FV-4b required proofs	Prove owner non-empty invariant	2026-08-19T03:07:58.2981385Z Solving with CaDiCaL 2.0.0
FV-4b required proofs	Prove owner non-empty invariant	2026-08-19T03:07:58.2981799Z 35896 variables, 54280 clauses
FV-4b required proofs	Prove owner non-empty invariant	2026-08-19T03:07:58.2983013Z SAT checker: instance is SATISFIABLE
FV-4b required proofs	Prove owner non-empty invariant	2026-08-19T03:07:58.2983393Z Runtime Solver: 0.00114713s
FV-4b required proofs	Prove owner non-empty invariant	2026-08-19T03:07:58.3120472Z Runtime decision procedure: 0.00151926s
FV-4b required proofs	Prove owner non-empty invariant	2026-08-19T03:07:58.3121079Z Running propositional reduction
FV-4b required proofs	Prove owner non-empty invariant	2026-08-19T03:07:58.3121607Z Solving with CaDiCaL 2.0.0
FV-4b required proofs	Prove owner non-empty invariant	2026-08-19T03:07:58.3122185Z 35897 variables, 54281 clauses
FV-4b required proofs	Prove owner non-empty invariant	2026-08-19T03:07:58.3122623Z SAT checker: instance is UNSATISFIABLE
FV-4b required proofs	Prove owner non-empty invariant	2026-08-19T03:07:58.3129660Z Runtime Solver: 0.000135775s
FV-4b required proofs	Prove owner non-empty invariant	2026-08-19T03:07:58.3130273Z Runtime decision procedure: 0.00033113s
FV-4b required proofs	Prove owner non-empty invariant	2026-08-19T03:07:58.4078581Z 
FV-4b required proofs	Prove owner non-empty invariant	2026-08-19T03:07:58.4079859Z RESULTS:
FV-4b required proofs	Prove owner non-empty invariant	2026-08-19T03:07:58.4080572Z Check 1: <std::result::Result<(), EdisonError> as std::cmp::PartialEq>::eq.unreachable.1
FV-4b required proofs	Prove owner non-empty invariant	2026-08-19T03:07:58.4081256Z 	 - Status: SUCCESS
FV-4b required proofs	Prove owner non-empty invariant	2026-08-19T03:07:58.4081596Z 	 - Description: "unreachable code"
FV-4b required proofs	Prove owner non-empty invariant	2026-08-19T03:07:58.4082333Z 	 - Location: src/lib.rs:0:0 in function <std::result::Result<(), EdisonError> as std::cmp::PartialEq>::eq
FV-4b required proofs	Prove owner non-empty invariant	2026-08-19T03:07:58.4082956Z 
FV-4b required proofs	Prove owner non-empty invariant	2026-08-19T03:07:58.4083307Z Check 2: std::alloc::handle_alloc_error::rt_error.unsupported_construct.1
FV-4b required proofs	Prove owner non-empty invariant	2026-08-19T03:07:58.4083893Z 	 - Status: SUCCESS
FV-4b required proofs	Prove owner non-empty invariant	2026-08-19T03:07:58.4085656Z 	 - Description: "call to foreign "Rust" function `_RNvCs1hStedNDpZ2_7___rustc26___rust_alloc_error_handler` is not currently supported by Kani. Please post your example at https://github.com/model-checking/kani/issues/new/choose"
FV-4b required proofs	Prove owner non-empty invariant	2026-08-19T03:07:58.4088579Z 	 - Location: ../../../.rustup/toolchains/nightly-2025-11-21-x86_64-unknown-linux-gnu/lib/rustlib/src/rust/library/alloc/src/alloc.rs:366:5 in function std::alloc::handle_alloc_error::rt_error
FV-4b required proofs	Prove owner non-empty invariant	2026-08-19T03:07:58.4089732Z 
FV-4b required proofs	Prove owner non-empty invariant	2026-08-19T03:07:58.4089883Z Check 3: malloc.assertion.1
FV-4b required proofs	Prove owner non-empty invariant	2026-08-19T03:07:58.4090250Z 	 - Status: SUCCESS
FV-4b required proofs	Prove owner non-empty invariant	2026-08-19T03:07:58.4090616Z 	 - Description: "max allocation size exceeded"
FV-4b required proofs	Prove owner non-empty invariant	2026-08-19T03:07:58.4091174Z 	 - Location: <builtin-library-malloc>:31 in function malloc
FV-4b required proofs	Prove owner non-empty invariant	2026-08-19T03:07:58.4091566Z 
FV-4b required proofs	Prove owner non-empty invariant	2026-08-19T03:07:58.4091704Z Check 4: malloc.assertion.2
FV-4b required proofs	Prove owner non-empty invariant	2026-08-19T03:07:58.4092061Z 	 - Status: SUCCESS
FV-4b required proofs	Prove owner non-empty invariant	2026-08-19T03:07:58.4092408Z 	 - Description: "max allocation may fail"
FV-4b required proofs	Prove owner non-empty invariant	2026-08-19T03:07:58.4092937Z 	 - Location: <builtin-library-malloc>:36 in function malloc
FV-4b required proofs	Prove owner non-empty invariant	2026-08-19T03:07:58.4093350Z 
FV-4b required proofs	Prove owner non-empty invariant	2026-08-19T03:07:58.4093700Z Check 5: core::panicking::panic_nounwind_fmt::runtime.unsupported_construct.1
FV-4b required proofs	Prove owner non-empty invariant	2026-08-19T03:07:58.4094327Z 	 - Status: SUCCESS
FV-4b required proofs	Prove owner non-empty invariant	2026-08-19T03:07:58.4095715Z 	 - Description: "call to foreign "Rust" function `_RNvCs1hStedNDpZ2_7___rustc17rust_begin_unwind` is not currently supported by Kani. Please post your example at https://github.com/model-checking/kani/issues/new/choose"
FV-4b required proofs	Prove owner non-empty invariant	2026-08-19T03:07:58.4098295Z 	 - Location: ../../../.rustup/toolchains/nightly-2025-11-21-x86_64-unknown-linux-gnu/lib/rustlib/src/rust/library/core/src/panicking.rs:110:17 in function core::panicking::panic_nounwind_fmt::runtime
FV-4b required proofs	Prove owner non-empty invariant	2026-08-19T03:07:58.4099430Z 
FV-4b required proofs	Prove owner non-empty invariant	2026-08-19T03:07:58.4099578Z Check 6: __rust_dealloc.assertion.1
FV-4b required proofs	Prove owner non-empty invariant	2026-08-19T03:07:58.4099957Z 	 - Status: SUCCESS
FV-4b required proofs	Prove owner non-empty invariant	2026-08-19T03:07:58.4100295Z 	 - Description: "Alignment is power of two"
FV-4b required proofs	Prove owner non-empty invariant	2026-08-19T03:07:58.4100942Z 	 - Location: ../../../.kani/kani-0.67.0/library/kani/kani_lib.c:83 in function __rust_dealloc
FV-4b required proofs	Prove owner non-empty invariant	2026-08-19T03:07:58.4101473Z 
FV-4b required proofs	Prove owner non-empty invariant	2026-08-19T03:07:58.4101620Z Check 7: __rust_dealloc.assertion.2
FV-4b required proofs	Prove owner non-empty invariant	2026-08-19T03:07:58.4101990Z 	 - Status: SUCCESS
FV-4b required proofs	Prove owner non-empty invariant	2026-08-19T03:07:58.4102613Z 	 - Description: "rust_dealloc must be called on an object whose allocated size matches its layout"
FV-4b required proofs	Prove owner non-empty invariant	2026-08-19T03:07:58.4103611Z 	 - Location: ../../../.kani/kani-0.67.0/library/kani/kani_lib.c:85 in function __rust_dealloc
FV-4b required proofs	Prove owner non-empty invariant	2026-08-19T03:07:58.4104185Z 
FV-4b required proofs	Prove owner non-empty invariant	2026-08-19T03:07:58.4104337Z Check 8: calloc.assertion.1
FV-4b required proofs	Prove owner non-empty invariant	2026-08-19T03:07:58.4104705Z 	 - Status: SUCCESS
FV-4b required proofs	Prove owner non-empty invariant	2026-08-19T03:07:58.4105087Z 	 - Description: "max allocation size exceeded"
FV-4b required proofs	Prove owner non-empty invariant	2026-08-19T03:07:58.4105687Z 	 - Location: <builtin-library-calloc>:31 in function calloc
FV-4b required proofs	Prove owner non-empty invariant	2026-08-19T03:07:58.4106374Z 
FV-4b required proofs	Prove owner non-empty invariant	2026-08-19T03:07:58.4106524Z Check 9: calloc.assertion.2
FV-4b required proofs	Prove owner non-empty invariant	2026-08-19T03:07:58.4106902Z 	 - Status: SUCCESS
FV-4b required proofs	Prove owner non-empty invariant	2026-08-19T03:07:58.4107235Z 	 - Description: "max allocation may fail"
FV-4b required proofs	Prove owner non-empty invariant	2026-08-19T03:07:58.4107786Z 	 - Location: <builtin-library-calloc>:36 in function calloc
FV-4b required proofs	Prove owner non-empty invariant	2026-08-19T03:07:58.4108211Z 
FV-4b required proofs	Prove owner non-empty invariant	2026-08-19T03:07:58.4108434Z Check 10: std::fmt::Arguments::<'_>::from_str.assertion.1
FV-4b required proofs	Prove owner non-empty invariant	2026-08-19T03:07:58.4108879Z 	 - Status: UNREACHABLE
FV-4b required proofs	Prove owner non-empty invariant	2026-08-19T03:07:58.4109257Z 	 - Description: "attempt to shift left with overflow"
FV-4b required proofs	Prove owner non-empty invariant	2026-08-19T03:07:58.4110462Z 	 - Location: ../../../.rustup/toolchains/nightly-2025-11-21-x86_64-unknown-linux-gnu/lib/rustlib/src/rust/library/core/src/fmt/mod.rs:820:38 in function std::fmt::Arguments::<'_>::from_str
FV-4b required proofs	Prove owner non-empty invariant	2026-08-19T03:07:58.4111911Z 
FV-4b required proofs	Prove owner non-empty invariant	2026-08-19T03:07:58.4112336Z Check 11: <std::collections::TryReserveErrorKind as std::clone::Clone>::clone.unreachable.1
FV-4b required proofs	Prove owner non-empty invariant	2026-08-19T03:07:58.4113021Z 	 - Status: SUCCESS
FV-4b required proofs	Prove owner non-empty invariant	2026-08-19T03:07:58.4113250Z 	 - Description: "unreachable code"
FV-4b required proofs	Prove owner non-empty invariant	2026-08-19T03:07:58.4114168Z 	 - Location: ../../../.rustup/toolchains/nightly-2025-11-21-x86_64-unknown-linux-gnu/lib/rustlib/src/rust/library/alloc/src/collections/mod.rs:93:10 in function <std::collections::TryReserveErrorKind as std::clone::Clone>::clone
FV-4b required proofs	Prove owner non-empty invariant	2026-08-19T03:07:58.4115389Z 
FV-4b required proofs	Prove owner non-empty invariant	2026-08-19T03:07:58.4115561Z Check 12: __rust_alloc.assertion.1
FV-4b required proofs	Prove owner non-empty invariant	2026-08-19T03:07:58.4116146Z 	 - Status: SUCCESS
FV-4b required proofs	Prove owner non-empty invariant	2026-08-19T03:07:58.4116464Z 	 - Description: "__rust_alloc must be called with a size greater than 0"
FV-4b required proofs	Prove owner non-empty invariant	2026-08-19T03:07:58.4117181Z 	 - Location: ../../../.kani/kani-0.67.0/library/kani/kani_lib.c:43 in function __rust_alloc
FV-4b required proofs	Prove owner non-empty invariant	2026-08-19T03:07:58.4117717Z 
FV-4b required proofs	Prove owner non-empty invariant	2026-08-19T03:07:58.4117898Z Check 13: __rust_alloc.assertion.2
FV-4b required proofs	Prove owner non-empty invariant	2026-08-19T03:07:58.4118301Z 	 - Status: SUCCESS
FV-4b required proofs	Prove owner non-empty invariant	2026-08-19T03:07:58.4118678Z 	 - Description: "Alignment is power of two"
FV-4b required proofs	Prove owner non-empty invariant	2026-08-19T03:07:58.4119359Z 	 - Location: ../../../.kani/kani-0.67.0/library/kani/kani_lib.c:46 in function __rust_alloc
FV-4b required proofs	Prove owner non-empty invariant	2026-08-19T03:07:58.4119914Z 
FV-4b required proofs	Prove owner non-empty invariant	2026-08-19T03:07:58.4120639Z Check 14: std::option::Option::<std::ptr::NonNull<u8>>::ok_or::<std::alloc::AllocError>.unreachable.1
FV-4b required proofs	Prove owner non-empty invariant	2026-08-19T03:07:58.4121389Z 	 - Status: SUCCESS
FV-4b required proofs	Prove owner non-empty invariant	2026-08-19T03:07:58.4121655Z 	 - Description: "unreachable code"
FV-4b required proofs	Prove owner non-empty invariant	2026-08-19T03:07:58.4122572Z 	 - Location: ../../../.rustup/toolchains/nightly-2025-11-21-x86_64-unknown-linux-gnu/lib/rustlib/src/rust/library/core/src/option.rs:1338:15 in function std::option::Option::<std::ptr::NonNull<u8>>::ok_or::<std::alloc::AllocError>
FV-4b required proofs	Prove owner non-empty invariant	2026-08-19T03:07:58.4123390Z 
FV-4b required proofs	Prove owner non-empty invariant	2026-08-19T03:07:58.4123577Z Check 15: std::alloc::Layout::max_size_for_align.assertion.1
FV-4b required proofs	Prove owner non-empty invariant	2026-08-19T03:07:58.4123892Z 	 - Status: SUCCESS
FV-4b required proofs	Prove owner non-empty invariant	2026-08-19T03:07:58.4124128Z 	 - Description: "attempt to add with overflow"
FV-4b required proofs	Prove owner non-empty invariant	2026-08-19T03:07:58.4124934Z 	 - Location: ../../../.rustup/toolchains/nightly-2025-11-21-x86_64-unknown-linux-gnu/lib/rustlib/src/rust/library/core/src/alloc/layout.rs:95:32 in function std::alloc::Layout::max_size_for_align
FV-4b required proofs	Prove owner non-empty invariant	2026-08-19T03:07:58.4125636Z 
FV-4b required proofs	Prove owner non-empty invariant	2026-08-19T03:07:58.4126095Z Check 16: std::alloc::Layout::max_size_for_align.arithmetic_overflow.1
FV-4b required proofs	Prove owner non-empty invariant	2026-08-19T03:07:58.4126462Z 	 - Status: SUCCESS
FV-4b required proofs	Prove owner non-empty invariant	2026-08-19T03:07:58.4126767Z 	 - Description: "attempt to compute `unchecked_sub` which would overflow"
FV-4b required proofs	Prove owner non-empty invariant	2026-08-19T03:07:58.4127684Z 	 - Location: ../../../.rustup/toolchains/nightly-2025-11-21-x86_64-unknown-linux-gnu/lib/rustlib/src/rust/library/core/src/alloc/layout.rs:95:18 in function std::alloc::Layout::max_size_for_align
FV-4b required proofs	Prove owner non-empty invariant	2026-08-19T03:07:58.4128391Z 
FV-4b required proofs	Prove owner non-empty invariant	2026-08-19T03:07:58.4128489Z Check 17: __rust_alloc_zeroed.assertion.1
FV-4b required proofs	Prove owner non-empty invariant	2026-08-19T03:07:58.4128748Z 	 - Status: SUCCESS
FV-4b required proofs	Prove owner non-empty invariant	2026-08-19T03:07:58.4129062Z 	 - Description: "__rust_alloc_zeroed must be called with a size greater than 0"
FV-4b required proofs	Prove owner non-empty invariant	2026-08-19T03:07:58.4129625Z 	 - Location: ../../../.kani/kani-0.67.0/library/kani/kani_lib.c:62 in function __rust_alloc_zeroed
FV-4b required proofs	Prove owner non-empty invariant	2026-08-19T03:07:58.4129974Z 
FV-4b required proofs	Prove owner non-empty invariant	2026-08-19T03:07:58.4130077Z Check 18: __rust_alloc_zeroed.assertion.2
FV-4b required proofs	Prove owner non-empty invariant	2026-08-19T03:07:58.4130332Z 	 - Status: SUCCESS
FV-4b required proofs	Prove owner non-empty invariant	2026-08-19T03:07:58.4130554Z 	 - Description: "Alignment is power of two"
FV-4b required proofs	Prove owner non-empty invariant	2026-08-19T03:07:58.4131009Z 	 - Location: ../../../.kani/kani-0.67.0/library/kani/kani_lib.c:65 in function __rust_alloc_zeroed
FV-4b required proofs	Prove owner non-empty invariant	2026-08-19T03:07:58.4131357Z 
FV-4b required proofs	Prove owner non-empty invariant	2026-08-19T03:07:58.4131917Z Check 19: std::result::Result::<std::alloc::Layout, std::alloc::LayoutError>::map_err::<std::collections::TryReserveError, {closure@alloc::raw_vec::layout_array::{closure#1}}>.unreachable.1
FV-4b required proofs	Prove owner non-empty invariant	2026-08-19T03:07:58.4132639Z 	 - Status: SUCCESS
FV-4b required proofs	Prove owner non-empty invariant	2026-08-19T03:07:58.4132852Z 	 - Description: "unreachable code"
FV-4b required proofs	Prove owner non-empty invariant	2026-08-19T03:07:58.4134021Z 	 - Location: ../../../.rustup/toolchains/nightly-2025-11-21-x86_64-unknown-linux-gnu/lib/rustlib/src/rust/library/core/src/result.rs:966:15 in function std::result::Result::<std::alloc::Layout, std::alloc::LayoutError>::map_err::<std::collections::TryReserveError, {closure@alloc::raw_vec::layout_array::{closure#1}}>
FV-4b required proofs	Prove owner non-empty invariant	2026-08-19T03:07:58.4135320Z 
FV-4b required proofs	Prove owner non-empty invariant	2026-08-19T03:07:58.4135445Z Check 20: std::alloc::Layout::repeat.unreachable.1
FV-4b required proofs	Prove owner non-empty invariant	2026-08-19T03:07:58.4135952Z 	 - Status: SUCCESS
FV-4b required proofs	Prove owner non-empty invariant	2026-08-19T03:07:58.4136194Z 	 - Description: "unreachable code"
FV-4b required proofs	Prove owner non-empty invariant	2026-08-19T03:07:58.4136940Z 	 - Location: ../../../.rustup/toolchains/nightly-2025-11-21-x86_64-unknown-linux-gnu/lib/rustlib/src/rust/library/core/src/alloc/layout.rs:359:5 in function std::alloc::Layout::repeat
FV-4b required proofs	Prove owner non-empty invariant	2026-08-19T03:07:58.4137795Z 
FV-4b required proofs	Prove owner non-empty invariant	2026-08-19T03:07:58.4137971Z Check 21: std::panic::Location::<'_>::caller.unsupported_construct.1
FV-4b required proofs	Prove owner non-empty invariant	2026-08-19T03:07:58.4138313Z 	 - Status: SUCCESS
FV-4b required proofs	Prove owner non-empty invariant	2026-08-19T03:07:58.4138888Z 	 - Description: "caller_location is not currently supported by Kani. Please post your example at https://github.com/model-checking/kani/issues/374"
FV-4b required proofs	Prove owner non-empty invariant	2026-08-19T03:07:58.4140053Z 	 - Location: ../../../.rustup/toolchains/nightly-2025-11-21-x86_64-unknown-linux-gnu/lib/rustlib/src/rust/library/core/src/panic/location.rs:147:9 in function std::panic::Location::<'_>::caller
FV-4b required proofs	Prove owner non-empty invariant	2026-08-19T03:07:58.4140755Z 
FV-4b required proofs	Prove owner non-empty invariant	2026-08-19T03:07:58.4141075Z Check 22: <std::result::Result<std::ptr::NonNull<u8>, std::alloc::AllocError> as std::ops::Try>::branch.unreachable.1
FV-4b required proofs	Prove owner non-empty invariant	2026-08-19T03:07:58.4141555Z 	 - Status: SUCCESS
FV-4b required proofs	Prove owner non-empty invariant	2026-08-19T03:07:58.4141759Z 	 - Description: "unreachable code"
FV-4b required proofs	Prove owner non-empty invariant	2026-08-19T03:07:58.4142674Z 	 - Location: ../../../.rustup/toolchains/nightly-2025-11-21-x86_64-unknown-linux-gnu/lib/rustlib/src/rust/library/core/src/result.rs:2173:15 in function <std::result::Result<std::ptr::NonNull<u8>, std::alloc::AllocError> as std::ops::Try>::branch
FV-4b required proofs	Prove owner non-empty invariant	2026-08-19T03:07:58.4143524Z 
FV-4b required proofs	Prove owner non-empty invariant	2026-08-19T03:07:58.4143744Z Check 23: std::alloc::Layout::size_rounded_up_to_custom_align.arithmetic_overflow.1
FV-4b required proofs	Prove owner non-empty invariant	2026-08-19T03:07:58.4144129Z 	 - Status: SUCCESS
FV-4b required proofs	Prove owner non-empty invariant	2026-08-19T03:07:58.4144469Z 	 - Description: "attempt to compute `unchecked_sub` which would overflow"
FV-4b required proofs	Prove owner non-empty invariant	2026-08-19T03:07:58.4145406Z 	 - Location: ../../../.rustup/toolchains/nightly-2025-11-21-x86_64-unknown-linux-gnu/lib/rustlib/src/rust/library/core/src/alloc/layout.rs:304:28 in function std::alloc::Layout::size_rounded_up_to_custom_align
FV-4b required proofs	Prove owner non-empty invariant	2026-08-19T03:07:58.4146411Z 
FV-4b required proofs	Prove owner non-empty invariant	2026-08-19T03:07:58.4146630Z Check 24: std::alloc::Layout::size_rounded_up_to_custom_align.arithmetic_overflow.2
FV-4b required proofs	Prove owner non-empty invariant	2026-08-19T03:07:58.4147014Z 	 - Status: SUCCESS
FV-4b required proofs	Prove owner non-empty invariant	2026-08-19T03:07:58.4147311Z 	 - Description: "attempt to compute `unchecked_add` which would overflow"
FV-4b required proofs	Prove owner non-empty invariant	2026-08-19T03:07:58.4148243Z 	 - Location: ../../../.rustup/toolchains/nightly-2025-11-21-x86_64-unknown-linux-gnu/lib/rustlib/src/rust/library/core/src/alloc/layout.rs:305:13 in function std::alloc::Layout::size_rounded_up_to_custom_align
FV-4b required proofs	Prove owner non-empty invariant	2026-08-19T03:07:58.4148983Z 
FV-4b required proofs	Prove owner non-empty invariant	2026-08-19T03:07:58.4149134Z Check 25: std::ptr::copy_nonoverlapping::<u8>.safety_check.1
FV-4b required proofs	Prove owner non-empty invariant	2026-08-19T03:07:58.4149443Z 	 - Status: SUCCESS
FV-4b required proofs	Prove owner non-empty invariant	2026-08-19T03:07:58.4149671Z 	 - Description: "`src` must be properly aligned"
FV-4b required proofs	Prove owner non-empty invariant	2026-08-19T03:07:58.4150464Z 	 - Location: ../../../.rustup/toolchains/nightly-2025-11-21-x86_64-unknown-linux-gnu/lib/rustlib/src/rust/library/core/src/ptr/mod.rs:547:14 in function std::ptr::copy_nonoverlapping::<u8>
FV-4b required proofs	Prove owner non-empty invariant	2026-08-19T03:07:58.4151127Z 
FV-4b required proofs	Prove owner non-empty invariant	2026-08-19T03:07:58.4151275Z Check 26: std::ptr::copy_nonoverlapping::<u8>.safety_check.2
FV-4b required proofs	Prove owner non-empty invariant	2026-08-19T03:07:58.4151579Z 	 - Status: SUCCESS
FV-4b required proofs	Prove owner non-empty invariant	2026-08-19T03:07:58.4151801Z 	 - Description: "`dst` must be properly aligned"
FV-4b required proofs	Prove owner non-empty invariant	2026-08-19T03:07:58.4152577Z 	 - Location: ../../../.rustup/toolchains/nightly-2025-11-21-x86_64-unknown-linux-gnu/lib/rustlib/src/rust/library/core/src/ptr/mod.rs:547:14 in function std::ptr::copy_nonoverlapping::<u8>
FV-4b required proofs	Prove owner non-empty invariant	2026-08-19T03:07:58.4153245Z 
FV-4b required proofs	Prove owner non-empty invariant	2026-08-19T03:07:58.4153413Z Check 27: std::ptr::copy_nonoverlapping::<u8>.arithmetic_overflow.1
FV-4b required proofs	Prove owner non-empty invariant	2026-08-19T03:07:58.4153778Z 	 - Status: SUCCESS
FV-4b required proofs	Prove owner non-empty invariant	2026-08-19T03:07:58.4154156Z 	 - Description: "copy_nonoverlapping: attempt to compute number in bytes which would overflow"
FV-4b required proofs	Prove owner non-empty invariant	2026-08-19T03:07:58.4155275Z 	 - Location: ../../../.rustup/toolchains/nightly-2025-11-21-x86_64-unknown-linux-gnu/lib/rustlib/src/rust/library/core/src/ptr/mod.rs:547:14 in function std::ptr::copy_nonoverlapping::<u8>
FV-4b required proofs	Prove owner non-empty invariant	2026-08-19T03:07:58.4156340Z 
FV-4b required proofs	Prove owner non-empty invariant	2026-08-19T03:07:58.4156593Z Check 28: core::ub_checks::maybe_is_nonoverlapping::runtime.unreachable.1
FV-4b required proofs	Prove owner non-empty invariant	2026-08-19T03:07:58.4156957Z 	 - Status: SUCCESS
FV-4b required proofs	Prove owner non-empty invariant	2026-08-19T03:07:58.4157167Z 	 - Description: "unreachable code"
FV-4b required proofs	Prove owner non-empty invariant	2026-08-19T03:07:58.4157984Z 	 - Location: ../../../.rustup/toolchains/nightly-2025-11-21-x86_64-unknown-linux-gnu/lib/rustlib/src/rust/library/core/src/intrinsics/mod.rs:2437:9 in function core::ub_checks::maybe_is_nonoverlapping::runtime
FV-4b required proofs	Prove owner non-empty invariant	2026-08-19T03:07:58.4158924Z 
FV-4b required proofs	Prove owner non-empty invariant	2026-08-19T03:07:58.4159080Z Check 29: std::alloc::Layout::is_size_align_valid.unreachable.1
FV-4b required proofs	Prove owner non-empty invariant	2026-08-19T03:07:58.4159402Z 	 - Status: SUCCESS
FV-4b required proofs	Prove owner non-empty invariant	2026-08-19T03:07:58.4159608Z 	 - Description: "unreachable code"
FV-4b required proofs	Prove owner non-empty invariant	2026-08-19T03:07:58.4160375Z 	 - Location: ../../../.rustup/toolchains/nightly-2025-11-21-x86_64-unknown-linux-gnu/lib/rustlib/src/rust/library/core/src/alloc/layout.rs:68:5 in function std::alloc::Layout::is_size_align_valid
FV-4b required proofs	Prove owner non-empty invariant	2026-08-19T03:07:58.4161069Z 
FV-4b required proofs	Prove owner non-empty invariant	2026-08-19T03:07:58.4161198Z Check 30: core::num::<impl usize>::abs_diff.assertion.1
FV-4b required proofs	Prove owner non-empty invariant	2026-08-19T03:07:58.4161502Z 	 - Status: UNREACHABLE
FV-4b required proofs	Prove owner non-empty invariant	2026-08-19T03:07:58.4161757Z 	 - Description: "attempt to subtract with overflow"
FV-4b required proofs	Prove owner non-empty invariant	2026-08-19T03:07:58.4162565Z 	 - Location: ../../../.rustup/toolchains/nightly-2025-11-21-x86_64-unknown-linux-gnu/lib/rustlib/src/rust/library/core/src/num/uint_macros.rs:2852:21 in function core::num::<impl usize>::abs_diff
FV-4b required proofs	Prove owner non-empty invariant	2026-08-19T03:07:58.4163261Z 
FV-4b required proofs	Prove owner non-empty invariant	2026-08-19T03:07:58.4163386Z Check 31: core::num::<impl usize>::abs_diff.assertion.2
FV-4b required proofs	Prove owner non-empty invariant	2026-08-19T03:07:58.4163685Z 	 - Status: UNREACHABLE
FV-4b required proofs	Prove owner non-empty invariant	2026-08-19T03:07:58.4163934Z 	 - Description: "attempt to subtract with overflow"
FV-4b required proofs	Prove owner non-empty invariant	2026-08-19T03:07:58.4164736Z 	 - Location: ../../../.rustup/toolchains/nightly-2025-11-21-x86_64-unknown-linux-gnu/lib/rustlib/src/rust/library/core/src/num/uint_macros.rs:2854:21 in function core::num::<impl usize>::abs_diff
FV-4b required proofs	Prove owner non-empty invariant	2026-08-19T03:07:58.4165419Z 
FV-4b required proofs	Prove owner non-empty invariant	2026-08-19T03:07:58.4165595Z Check 32: core::num::<impl usize>::unchecked_mul.arithmetic_overflow.1
FV-4b required proofs	Prove owner non-empty invariant	2026-08-19T03:07:58.4166220Z 	 - Status: SUCCESS
FV-4b required proofs	Prove owner non-empty invariant	2026-08-19T03:07:58.4166526Z 	 - Description: "attempt to compute `unchecked_mul` which would overflow"
FV-4b required proofs	Prove owner non-empty invariant	2026-08-19T03:07:58.4167424Z 	 - Location: ../../../.rustup/toolchains/nightly-2025-11-21-x86_64-unknown-linux-gnu/lib/rustlib/src/rust/library/core/src/num/uint_macros.rs:1117:17 in function core::num::<impl usize>::unchecked_mul
FV-4b required proofs	Prove owner non-empty invariant	2026-08-19T03:07:58.4168124Z 
FV-4b required proofs	Prove owner non-empty invariant	2026-08-19T03:07:58.4168275Z Check 33: std::alloc::Layout::repeat_packed.unreachable.1
FV-4b required proofs	Prove owner non-empty invariant	2026-08-19T03:07:58.4168580Z 	 - Status: SUCCESS
FV-4b required proofs	Prove owner non-empty invariant	2026-08-19T03:07:58.4168784Z 	 - Description: "unreachable code"
FV-4b required proofs	Prove owner non-empty invariant	2026-08-19T03:07:58.4169533Z 	 - Location: ../../../.rustup/toolchains/nightly-2025-11-21-x86_64-unknown-linux-gnu/lib/rustlib/src/rust/library/core/src/alloc/layout.rs:447:5 in function std::alloc::Layout::repeat_packed
FV-4b required proofs	Prove owner non-empty invariant	2026-08-19T03:07:58.4170216Z 
FV-4b required proofs	Prove owner non-empty invariant	2026-08-19T03:07:58.4170314Z Check 34: std::vec::Vec::<u8>::len.assume.1
FV-4b required proofs	Prove owner non-empty invariant	2026-08-19T03:07:58.4170572Z 	 - Status: SUCCESS
FV-4b required proofs	Prove owner non-empty invariant	2026-08-19T03:07:58.4170799Z 	 - Description: "Rust intrinsic assumption failed"
FV-4b required proofs	Prove owner non-empty invariant	2026-08-19T03:07:58.4171563Z 	 - Location: ../../../.rustup/toolchains/nightly-2025-11-21-x86_64-unknown-linux-gnu/lib/rustlib/src/rust/library/alloc/src/vec/mod.rs:2859:18 in function std::vec::Vec::<u8>::len
FV-4b required proofs	Prove owner non-empty invariant	2026-08-19T03:07:58.4172203Z 
FV-4b required proofs	Prove owner non-empty invariant	2026-08-19T03:07:58.4172336Z Check 35: alloc::raw_vec::capacity_overflow.assertion.1
FV-4b required proofs	Prove owner non-empty invariant	2026-08-19T03:07:58.4172632Z 	 - Status: SUCCESS
FV-4b required proofs	Prove owner non-empty invariant	2026-08-19T03:07:58.4173015Z 	 - Description: "This is a placeholder message; Kani doesn't support message formatted at runtime"
FV-4b required proofs	Prove owner non-empty invariant	2026-08-19T03:07:58.4173962Z 	 - Location: ../../../.rustup/toolchains/nightly-2025-11-21-x86_64-unknown-linux-gnu/lib/rustlib/src/rust/library/alloc/src/raw_vec/mod.rs:28:5 in function alloc::raw_vec::capacity_overflow
FV-4b required proofs	Prove owner non-empty invariant	2026-08-19T03:07:58.4174633Z 
FV-4b required proofs	Prove owner non-empty invariant	2026-08-19T03:07:58.4174967Z Check 36: std::ptr::drop_in_place::<std::vec::Vec<u8>>.safety_check.1
FV-4b required proofs	Prove owner non-empty invariant	2026-08-19T03:07:58.4175300Z 	 - Status: SUCCESS
FV-4b required proofs	Prove owner non-empty invariant	2026-08-19T03:07:58.4175927Z 	 - Description: "misaligned pointer to reference cast: address must be a multiple of its type's alignment"
FV-4b required proofs	Prove owner non-empty invariant	2026-08-19T03:07:58.4177129Z 	 - Location: ../../../.rustup/toolchains/nightly-2025-11-21-x86_64-unknown-linux-gnu/lib/rustlib/src/rust/library/core/src/ptr/mod.rs:805:1 in function std::ptr::drop_in_place::<std::vec::Vec<u8>>
FV-4b required proofs	Prove owner non-empty invariant	2026-08-19T03:07:58.4177821Z 
FV-4b required proofs	Prove owner non-empty invariant	2026-08-19T03:07:58.4177992Z Check 37: std::ptr::drop_in_place::<std::vec::Vec<u8>>.safety_check.2
FV-4b required proofs	Prove owner non-empty invariant	2026-08-19T03:07:58.4178484Z 	 - Status: SUCCESS
FV-4b required proofs	Prove owner non-empty invariant	2026-08-19T03:07:58.4178733Z 	 - Description: "dereference failure: pointer invalid"
FV-4b required proofs	Prove owner non-empty invariant	2026-08-19T03:07:58.4179542Z 	 - Location: ../../../.rustup/toolchains/nightly-2025-11-21-x86_64-unknown-linux-gnu/lib/rustlib/src/rust/library/core/src/ptr/mod.rs:805:1 in function std::ptr::drop_in_place::<std::vec::Vec<u8>>
FV-4b required proofs	Prove owner non-empty invariant	2026-08-19T03:07:58.4180226Z 
FV-4b required proofs	Prove owner non-empty invariant	2026-08-19T03:07:58.4180408Z Check 38: std::ptr::const_ptr::<impl *const ()>::is_aligned_to.assertion.1
FV-4b required proofs	Prove owner non-empty invariant	2026-08-19T03:07:58.4180764Z 	 - Status: UNREACHABLE
FV-4b required proofs	Prove owner non-empty invariant	2026-08-19T03:07:58.4181015Z 	 - Description: "attempt to subtract with overflow"
FV-4b required proofs	Prove owner non-empty invariant	2026-08-19T03:07:58.4181872Z 	 - Location: ../../../.rustup/toolchains/nightly-2025-11-21-x86_64-unknown-linux-gnu/lib/rustlib/src/rust/library/core/src/ptr/const_ptr.rs:1377:23 in function std::ptr::const_ptr::<impl *const ()>::is_aligned_to
FV-4b required proofs	Prove owner non-empty invariant	2026-08-19T03:07:58.4182609Z 
FV-4b required proofs	Prove owner non-empty invariant	2026-08-19T03:07:58.4182780Z Check 39: std::ptr::const_ptr::<impl *const ()>::is_aligned_to.assertion.2
FV-4b required proofs	Prove owner non-empty invariant	2026-08-19T03:07:58.4183126Z 	 - Status: SUCCESS
FV-4b required proofs	Prove owner non-empty invariant	2026-08-19T03:07:58.4183507Z 	 - Description: "This is a placeholder message; Kani doesn't support message formatted at runtime"
FV-4b required proofs	Prove owner non-empty invariant	2026-08-19T03:07:58.4184521Z 	 - Location: ../../../.rustup/toolchains/nightly-2025-11-21-x86_64-unknown-linux-gnu/lib/rustlib/src/rust/library/core/src/ptr/const_ptr.rs:1374:13 in function std::ptr::const_ptr::<impl *const ()>::is_aligned_to
FV-4b required proofs	Prove owner non-empty invariant	2026-08-19T03:07:58.4185254Z 
FV-4b required proofs	Prove owner non-empty invariant	2026-08-19T03:07:58.4185432Z Check 40: alloc::raw_vec::RawVecInner::with_capacity_in.unreachable.1
FV-4b required proofs	Prove owner non-empty invariant	2026-08-19T03:07:58.4186065Z 	 - Status: SUCCESS
FV-4b required proofs	Prove owner non-empty invariant	2026-08-19T03:07:58.4186281Z 	 - Description: "unreachable code"
FV-4b required proofs	Prove owner non-empty invariant	2026-08-19T03:07:58.4187066Z 	 - Location: ../../../.rustup/toolchains/nightly-2025-11-21-x86_64-unknown-linux-gnu/lib/rustlib/src/rust/library/alloc/src/raw_vec/mod.rs:419:15 in function alloc::raw_vec::RawVecInner::with_capacity_in
FV-4b required proofs	Prove owner non-empty invariant	2026-08-19T03:07:58.4187775Z 
FV-4b required proofs	Prove owner non-empty invariant	2026-08-19T03:07:58.4187998Z Check 41: verification::kani_harnesses::kani_owner_nonempty_invariant.assertion.1
FV-4b required proofs	Prove owner non-empty invariant	2026-08-19T03:07:58.4188391Z 	 - Status: SUCCESS
FV-4b required proofs	Prove owner non-empty invariant	2026-08-19T03:07:58.4188688Z 	 - Description: "assertion failed: result == Err(EdisonError::NoOwner)"
FV-4b required proofs	Prove owner non-empty invariant	2026-08-19T03:07:58.4189276Z 	 - Location: src/verification.rs:239:13 in function verification::kani_harnesses::kani_owner_nonempty_invariant
FV-4b required proofs	Prove owner non-empty invariant	2026-08-19T03:07:58.4189690Z 
FV-4b required proofs	Prove owner non-empty invariant	2026-08-19T03:07:58.4189900Z Check 42: verification::kani_harnesses::kani_owner_nonempty_invariant.assertion.2
FV-4b required proofs	Prove owner non-empty invariant	2026-08-19T03:07:58.4190291Z 	 - Status: SUCCESS
FV-4b required proofs	Prove owner non-empty invariant	2026-08-19T03:07:58.4190543Z 	 - Description: "assertion failed: result.is_ok()"
FV-4b required proofs	Prove owner non-empty invariant	2026-08-19T03:07:58.4191059Z 	 - Location: src/verification.rs:241:13 in function verification::kani_harnesses::kani_owner_nonempty_invariant
FV-4b required proofs	Prove owner non-empty invariant	2026-08-19T03:07:58.4191474Z 
FV-4b required proofs	Prove owner non-empty invariant	2026-08-19T03:07:58.4191638Z Check 43: alloc::raw_vec::RawVecInner::try_allocate_in.unreachable.1
FV-4b required proofs	Prove owner non-empty invariant	2026-08-19T03:07:58.4191971Z 	 - Status: SUCCESS
FV-4b required proofs	Prove owner non-empty invariant	2026-08-19T03:07:58.4192174Z 	 - Description: "unreachable code"
FV-4b required proofs	Prove owner non-empty invariant	2026-08-19T03:07:58.4192545Z 	 - Location: src/lib.rs:0:0 in function alloc::raw_vec::RawVecInner::try_allocate_in
FV-4b required proofs	Prove owner non-empty invariant	2026-08-19T03:07:58.4192862Z 
FV-4b required proofs	Prove owner non-empty invariant	2026-08-19T03:07:58.4193048Z Check 44: std::ptr::drop_in_place::<alloc::raw_vec::RawVec<u8>>.safety_check.1
FV-4b required proofs	Prove owner non-empty invariant	2026-08-19T03:07:58.4193403Z 	 - Status: SUCCESS
FV-4b required proofs	Prove owner non-empty invariant	2026-08-19T03:07:58.4193818Z 	 - Description: "misaligned pointer to reference cast: address must be a multiple of its type's alignment"
FV-4b required proofs	Prove owner non-empty invariant	2026-08-19T03:07:58.4194847Z 	 - Location: ../../../.rustup/toolchains/nightly-2025-11-21-x86_64-unknown-linux-gnu/lib/rustlib/src/rust/library/core/src/ptr/mod.rs:805:1 in function std::ptr::drop_in_place::<alloc::raw_vec::RawVec<u8>>
FV-4b required proofs	Prove owner non-empty invariant	2026-08-19T03:07:58.4195705Z 
FV-4b required proofs	Prove owner non-empty invariant	2026-08-19T03:07:58.4196192Z Check 45: std::ptr::drop_in_place::<alloc::raw_vec::RawVec<u8>>.safety_check.2
FV-4b required proofs	Prove owner non-empty invariant	2026-08-19T03:07:58.4196566Z 	 - Status: SUCCESS
FV-4b required proofs	Prove owner non-empty invariant	2026-08-19T03:07:58.4196812Z 	 - Description: "dereference failure: pointer invalid"
FV-4b required proofs	Prove owner non-empty invariant	2026-08-19T03:07:58.4197658Z 	 - Location: ../../../.rustup/toolchains/nightly-2025-11-21-x86_64-unknown-linux-gnu/lib/rustlib/src/rust/library/core/src/ptr/mod.rs:805:1 in function std::ptr::drop_in_place::<alloc::raw_vec::RawVec<u8>>
FV-4b required proofs	Prove owner non-empty invariant	2026-08-19T03:07:58.4198514Z 
FV-4b required proofs	Prove owner non-empty invariant	2026-08-19T03:07:58.4198654Z Check 46: std::alloc::Global::alloc_impl.unreachable.1
FV-4b required proofs	Prove owner non-empty invariant	2026-08-19T03:07:58.4198944Z 	 - Status: SUCCESS
FV-4b required proofs	Prove owner non-empty invariant	2026-08-19T03:07:58.4199149Z 	 - Description: "unreachable code"
FV-4b required proofs	Prove owner non-empty invariant	2026-08-19T03:07:58.4199873Z 	 - Location: ../../../.rustup/toolchains/nightly-2025-11-21-x86_64-unknown-linux-gnu/lib/rustlib/src/rust/library/alloc/src/alloc.rs:191:27 in function std::alloc::Global::alloc_impl
FV-4b required proofs	Prove owner non-empty invariant	2026-08-19T03:07:58.4200535Z 
FV-4b required proofs	Prove owner non-empty invariant	2026-08-19T03:07:58.4200691Z Check 47: alloc::raw_vec::RawVecInner::deallocate.unreachable.1
FV-4b required proofs	Prove owner non-empty invariant	2026-08-19T03:07:58.4201016Z 	 - Status: SUCCESS
FV-4b required proofs	Prove owner non-empty invariant	2026-08-19T03:07:58.4201221Z 	 - Description: "unreachable code"
FV-4b required proofs	Prove owner non-empty invariant	2026-08-19T03:07:58.4201994Z 	 - Location: ../../../.rustup/toolchains/nightly-2025-11-21-x86_64-unknown-linux-gnu/lib/rustlib/src/rust/library/alloc/src/raw_vec/mod.rs:830:5 in function alloc::raw_vec::RawVecInner::deallocate
FV-4b required proofs	Prove owner non-empty invariant	2026-08-19T03:07:58.4202689Z 
FV-4b required proofs	Prove owner non-empty invariant	2026-08-19T03:07:58.4202805Z Check 48: std::hint::assert_unchecked.assume.1
FV-4b required proofs	Prove owner non-empty invariant	2026-08-19T03:07:58.4203084Z 	 - Status: SUCCESS
FV-4b required proofs	Prove owner non-empty invariant	2026-08-19T03:07:58.4203321Z 	 - Description: "Rust intrinsic assumption failed"
FV-4b required proofs	Prove owner non-empty invariant	2026-08-19T03:07:58.4204074Z 	 - Location: ../../../.rustup/toolchains/nightly-2025-11-21-x86_64-unknown-linux-gnu/lib/rustlib/src/rust/library/core/src/hint.rs:210:9 in function std::hint::assert_unchecked
FV-4b required proofs	Prove owner non-empty invariant	2026-08-19T03:07:58.4204713Z 
FV-4b required proofs	Prove owner non-empty invariant	2026-08-19T03:07:58.4204846Z Check 49: alloc::raw_vec::handle_error.unreachable.1
FV-4b required proofs	Prove owner non-empty invariant	2026-08-19T03:07:58.4205139Z 	 - Status: SUCCESS
FV-4b required proofs	Prove owner non-empty invariant	2026-08-19T03:07:58.4205343Z 	 - Description: "unreachable code"
FV-4b required proofs	Prove owner non-empty invariant	2026-08-19T03:07:58.4206376Z 	 - Location: ../../../.rustup/toolchains/nightly-2025-11-21-x86_64-unknown-linux-gnu/lib/rustlib/src/rust/library/alloc/src/raw_vec/mod.rs:845:11 in function alloc::raw_vec::handle_error
FV-4b required proofs	Prove owner non-empty invariant	2026-08-19T03:07:58.4207040Z 
FV-4b required proofs	Prove owner non-empty invariant	2026-08-19T03:07:58.4207545Z Check 50: std::result::Result::<(std::alloc::Layout, usize), std::alloc::LayoutError>::map::<std::alloc::Layout, {closure@alloc::raw_vec::layout_array::{closure#0}}>.unreachable.1
FV-4b required proofs	Prove owner non-empty invariant	2026-08-19T03:07:58.4208208Z 	 - Status: SUCCESS
FV-4b required proofs	Prove owner non-empty invariant	2026-08-19T03:07:58.4208417Z 	 - Description: "unreachable code"
FV-4b required proofs	Prove owner non-empty invariant	2026-08-19T03:07:58.4209513Z 	 - Location: ../../../.rustup/toolchains/nightly-2025-11-21-x86_64-unknown-linux-gnu/lib/rustlib/src/rust/library/core/src/result.rs:835:15 in function std::result::Result::<(std::alloc::Layout, usize), std::alloc::LayoutError>::map::<std::alloc::Layout, {closure@alloc::raw_vec::layout_array::{closure#0}}>
FV-4b required proofs	Prove owner non-empty invariant	2026-08-19T03:07:58.4210550Z 
FV-4b required proofs	Prove owner non-empty invariant	2026-08-19T03:07:58.4210648Z Check 51: calloc.pointer_dereference.1
FV-4b required proofs	Prove owner non-empty invariant	2026-08-19T03:07:58.4210901Z 	 - Status: SUCCESS
FV-4b required proofs	Prove owner non-empty invariant	2026-08-19T03:07:58.4211130Z 	 - Description: "dereference failure: dead object"
FV-4b required proofs	Prove owner non-empty invariant	2026-08-19T03:07:58.4211488Z 	 - Location: <builtin-library-calloc>:14 in function calloc
FV-4b required proofs	Prove owner non-empty invariant	2026-08-19T03:07:58.4211734Z 
FV-4b required proofs	Prove owner non-empty invariant	2026-08-19T03:07:58.4211912Z Check 52: std::alloc::Layout::from_size_alignment.pointer_dereference.1
FV-4b required proofs	Prove owner non-empty invariant	2026-08-19T03:07:58.4212260Z 	 - Status: SUCCESS
FV-4b required proofs	Prove owner non-empty invariant	2026-08-19T03:07:58.4212488Z 	 - Description: "dereference failure: dead object"
FV-4b required proofs	Prove owner non-empty invariant	2026-08-19T03:07:58.4213306Z 	 - Location: ../../../.rustup/toolchains/nightly-2025-11-21-x86_64-unknown-linux-gnu/lib/rustlib/src/rust/library/core/src/alloc/layout.rs:102:20 in function std::alloc::Layout::from_size_alignment
FV-4b required proofs	Prove owner non-empty invariant	2026-08-19T03:07:58.4214010Z 
FV-4b required proofs	Prove owner non-empty invariant	2026-08-19T03:07:58.4214171Z Check 53: std::alloc::Global::alloc_impl.pointer_dereference.1
FV-4b required proofs	Prove owner non-empty invariant	2026-08-19T03:07:58.4214676Z 	 - Status: SUCCESS
FV-4b required proofs	Prove owner non-empty invariant	2026-08-19T03:07:58.4214901Z 	 - Description: "dereference failure: dead object"
FV-4b required proofs	Prove owner non-empty invariant	2026-08-19T03:07:58.4215659Z 	 - Location: ../../../.rustup/toolchains/nightly-2025-11-21-x86_64-unknown-linux-gnu/lib/rustlib/src/rust/library/alloc/src/alloc.rs:191:27 in function std::alloc::Global::alloc_impl
FV-4b required proofs	Prove owner non-empty invariant	2026-08-19T03:07:58.4216573Z 
FV-4b required proofs	Prove owner non-empty invariant	2026-08-19T03:07:58.4216834Z Check 54: std::cmp::impls::<impl std::cmp::PartialEq for &EdisonError>::eq.pointer_dereference.1
FV-4b required proofs	Prove owner non-empty invariant	2026-08-19T03:07:58.4217254Z 	 - Status: SUCCESS
FV-4b required proofs	Prove owner non-empty invariant	2026-08-19T03:07:58.4217497Z 	 - Description: "dereference failure: pointer NULL"
FV-4b required proofs	Prove owner non-empty invariant	2026-08-19T03:07:58.4218505Z 	 - Location: ../../../.rustup/toolchains/nightly-2025-11-21-x86_64-unknown-linux-gnu/lib/rustlib/src/rust/library/core/src/cmp.rs:2090:27 in function std::cmp::impls::<impl std::cmp::PartialEq for &EdisonError>::eq
FV-4b required proofs	Prove owner non-empty invariant	2026-08-19T03:07:58.4219250Z 
FV-4b required proofs	Prove owner non-empty invariant	2026-08-19T03:07:58.4219485Z Check 55: std::cmp::impls::<impl std::cmp::PartialEq for &EdisonError>::eq.pointer_dereference.2
FV-4b required proofs	Prove owner non-empty invariant	2026-08-19T03:07:58.4219903Z 	 - Status: SUCCESS
FV-4b required proofs	Prove owner non-empty invariant	2026-08-19T03:07:58.4220145Z 	 - Description: "dereference failure: pointer invalid"
FV-4b required proofs	Prove owner non-empty invariant	2026-08-19T03:07:58.4221011Z 	 - Location: ../../../.rustup/toolchains/nightly-2025-11-21-x86_64-unknown-linux-gnu/lib/rustlib/src/rust/library/core/src/cmp.rs:2090:27 in function std::cmp::impls::<impl std::cmp::PartialEq for &EdisonError>::eq
FV-4b required proofs	Prove owner non-empty invariant	2026-08-19T03:07:58.4221757Z 
FV-4b required proofs	Prove owner non-empty invariant	2026-08-19T03:07:58.4221990Z Check 56: std::cmp::impls::<impl std::cmp::PartialEq for &EdisonError>::eq.pointer_dereference.3
FV-4b required proofs	Prove owner non-empty invariant	2026-08-19T03:07:58.4222406Z 	 - Status: SUCCESS
FV-4b required proofs	Prove owner non-empty invariant	2026-08-19T03:07:58.4222689Z 	 - Description: "dereference failure: deallocated dynamic object"
FV-4b required proofs	Prove owner non-empty invariant	2026-08-19T03:07:58.4223595Z 	 - Location: ../../../.rustup/toolchains/nightly-2025-11-21-x86_64-unknown-linux-gnu/lib/rustlib/src/rust/library/core/src/cmp.rs:2090:27 in function std::cmp::impls::<impl std::cmp::PartialEq for &EdisonError>::eq
FV-4b required proofs	Prove owner non-empty invariant	2026-08-19T03:07:58.4224331Z 
FV-4b required proofs	Prove owner non-empty invariant	2026-08-19T03:07:58.4224588Z Check 57: std::cmp::impls::<impl std::cmp::PartialEq for &EdisonError>::eq.pointer_dereference.4
FV-4b required proofs	Prove owner non-empty invariant	2026-08-19T03:07:58.4225006Z 	 - Status: SUCCESS
FV-4b required proofs	Prove owner non-empty invariant	2026-08-19T03:07:58.4225231Z 	 - Description: "dereference failure: dead object"
FV-4b required proofs	Prove owner non-empty invariant	2026-08-19T03:07:58.4226373Z 	 - Location: ../../../.rustup/toolchains/nightly-2025-11-21-x86_64-unknown-linux-gnu/lib/rustlib/src/rust/library/core/src/cmp.rs:2090:27 in function std::cmp::impls::<impl std::cmp::PartialEq for &EdisonError>::eq
FV-4b required proofs	Prove owner non-empty invariant	2026-08-19T03:07:58.4227132Z 
FV-4b required proofs	Prove owner non-empty invariant	2026-08-19T03:07:58.4227374Z Check 58: std::cmp::impls::<impl std::cmp::PartialEq for &EdisonError>::eq.pointer_dereference.5
FV-4b required proofs	Prove owner non-empty invariant	2026-08-19T03:07:58.4227792Z 	 - Status: SUCCESS
FV-4b required proofs	Prove owner non-empty invariant	2026-08-19T03:07:58.4228077Z 	 - Description: "dereference failure: pointer outside object bounds"
FV-4b required proofs	Prove owner non-empty invariant	2026-08-19T03:07:58.4228988Z 	 - Location: ../../../.rustup/toolchains/nightly-2025-11-21-x86_64-unknown-linux-gnu/lib/rustlib/src/rust/library/core/src/cmp.rs:2090:27 in function std::cmp::impls::<impl std::cmp::PartialEq for &EdisonError>::eq
FV-4b required proofs	Prove owner non-empty invariant	2026-08-19T03:07:58.4229733Z 
FV-4b required proofs	Prove owner non-empty invariant	2026-08-19T03:07:58.4229970Z Check 59: std::cmp::impls::<impl std::cmp::PartialEq for &EdisonError>::eq.pointer_dereference.6
FV-4b required proofs	Prove owner non-empty invariant	2026-08-19T03:07:58.4230396Z 	 - Status: SUCCESS
FV-4b required proofs	Prove owner non-empty invariant	2026-08-19T03:07:58.4230673Z 	 - Description: "dereference failure: invalid integer address"
FV-4b required proofs	Prove owner non-empty invariant	2026-08-19T03:07:58.4231576Z 	 - Location: ../../../.rustup/toolchains/nightly-2025-11-21-x86_64-unknown-linux-gnu/lib/rustlib/src/rust/library/core/src/cmp.rs:2090:27 in function std::cmp::impls::<impl std::cmp::PartialEq for &EdisonError>::eq
FV-4b required proofs	Prove owner non-empty invariant	2026-08-19T03:07:58.4232326Z 
FV-4b required proofs	Prove owner non-empty invariant	2026-08-19T03:07:58.4232568Z Check 60: std::cmp::impls::<impl std::cmp::PartialEq for &EdisonError>::eq.pointer_dereference.7
FV-4b required proofs	Prove owner non-empty invariant	2026-08-19T03:07:58.4232982Z 	 - Status: SUCCESS
FV-4b required proofs	Prove owner non-empty invariant	2026-08-19T03:07:58.4233221Z 	 - Description: "dereference failure: pointer NULL"
FV-4b required proofs	Prove owner non-empty invariant	2026-08-19T03:07:58.4234076Z 	 - Location: ../../../.rustup/toolchains/nightly-2025-11-21-x86_64-unknown-linux-gnu/lib/rustlib/src/rust/library/core/src/cmp.rs:2090:34 in function std::cmp::impls::<impl std::cmp::PartialEq for &EdisonError>::eq
FV-4b required proofs	Prove owner non-empty invariant	2026-08-19T03:07:58.4234967Z 
FV-4b required proofs	Prove owner non-empty invariant	2026-08-19T03:07:58.4235207Z Check 61: std::cmp::impls::<impl std::cmp::PartialEq for &EdisonError>::eq.pointer_dereference.8
FV-4b required proofs	Prove owner non-empty invariant	2026-08-19T03:07:58.4235616Z 	 - Status: SUCCESS
FV-4b required proofs	Prove owner non-empty invariant	2026-08-19T03:07:58.4236110Z 	 - Description: "dereference failure: pointer invalid"
FV-4b required proofs	Prove owner non-empty invariant	2026-08-19T03:07:58.4236973Z 	 - Location: ../../../.rustup/toolchains/nightly-2025-11-21-x86_64-unknown-linux-gnu/lib/rustlib/src/rust/library/core/src/cmp.rs:2090:34 in function std::cmp::impls::<impl std::cmp::PartialEq for &EdisonError>::eq
FV-4b required proofs	Prove owner non-empty invariant	2026-08-19T03:07:58.4237712Z 
FV-4b required proofs	Prove owner non-empty invariant	2026-08-19T03:07:58.4237943Z Check 62: std::cmp::impls::<impl std::cmp::PartialEq for &EdisonError>::eq.pointer_dereference.9
FV-4b required proofs	Prove owner non-empty invariant	2026-08-19T03:07:58.4238514Z 	 - Status: SUCCESS
FV-4b required proofs	Prove owner non-empty invariant	2026-08-19T03:07:58.4238793Z 	 - Description: "dereference failure: deallocated dynamic object"
FV-4b required proofs	Prove owner non-empty invariant	2026-08-19T03:07:58.4239716Z 	 - Location: ../../../.rustup/toolchains/nightly-2025-11-21-x86_64-unknown-linux-gnu/lib/rustlib/src/rust/library/core/src/cmp.rs:2090:34 in function std::cmp::impls::<impl std::cmp::PartialEq for &EdisonError>::eq
FV-4b required proofs	Prove owner non-empty invariant	2026-08-19T03:07:58.4240462Z 
FV-4b required proofs	Prove owner non-empty invariant	2026-08-19T03:07:58.4240701Z Check 63: std::cmp::impls::<impl std::cmp::PartialEq for &EdisonError>::eq.pointer_dereference.10
FV-4b required proofs	Prove owner non-empty invariant	2026-08-19T03:07:58.4241119Z 	 - Status: SUCCESS
FV-4b required proofs	Prove owner non-empty invariant	2026-08-19T03:07:58.4241350Z 	 - Description: "dereference failure: dead object"
FV-4b required proofs	Prove owner non-empty invariant	2026-08-19T03:07:58.4242205Z 	 - Location: ../../../.rustup/toolchains/nightly-2025-11-21-x86_64-unknown-linux-gnu/lib/rustlib/src/rust/library/core/src/cmp.rs:2090:34 in function std::cmp::impls::<impl std::cmp::PartialEq for &EdisonError>::eq
FV-4b required proofs	Prove owner non-empty invariant	2026-08-19T03:07:58.4242948Z 
FV-4b required proofs	Prove owner non-empty invariant	2026-08-19T03:07:58.4243192Z Check 64: std::cmp::impls::<impl std::cmp::PartialEq for &EdisonError>::eq.pointer_dereference.11
FV-4b required proofs	Prove owner non-empty invariant	2026-08-19T03:07:58.4243606Z 	 - Status: SUCCESS
FV-4b required proofs	Prove owner non-empty invariant	2026-08-19T03:07:58.4243889Z 	 - Description: "dereference failure: pointer outside object bounds"
FV-4b required proofs	Prove owner non-empty invariant	2026-08-19T03:07:58.4244840Z 	 - Location: ../../../.rustup/toolchains/nightly-2025-11-21-x86_64-unknown-linux-gnu/lib/rustlib/src/rust/library/core/src/cmp.rs:2090:34 in function std::cmp::impls::<impl std::cmp::PartialEq for &EdisonError>::eq
FV-4b required proofs	Prove owner non-empty invariant	2026-08-19T03:07:58.4245580Z 
FV-4b required proofs	Prove owner non-empty invariant	2026-08-19T03:07:58.4246075Z Check 65: std::cmp::impls::<impl std::cmp::PartialEq for &EdisonError>::eq.pointer_dereference.12
FV-4b required proofs	Prove owner non-empty invariant	2026-08-19T03:07:58.4246512Z 	 - Status: SUCCESS
FV-4b required proofs	Prove owner non-empty invariant	2026-08-19T03:07:58.4246783Z 	 - Description: "dereference failure: invalid integer address"
FV-4b required proofs	Prove owner non-empty invariant	2026-08-19T03:07:58.4247671Z 	 - Location: ../../../.rustup/toolchains/nightly-2025-11-21-x86_64-unknown-linux-gnu/lib/rustlib/src/rust/library/core/src/cmp.rs:2090:34 in function std::cmp::impls::<impl std::cmp::PartialEq for &EdisonError>::eq
FV-4b required proofs	Prove owner non-empty invariant	2026-08-19T03:07:58.4248417Z 
FV-4b required proofs	Prove owner non-empty invariant	2026-08-19T03:07:58.4248610Z Check 66: alloc::raw_vec::RawVecInner::try_allocate_in.pointer_dereference.1
FV-4b required proofs	Prove owner non-empty invariant	2026-08-19T03:07:58.4248976Z 	 - Status: SUCCESS
FV-4b required proofs	Prove owner non-empty invariant	2026-08-19T03:07:58.4249208Z 	 - Description: "dereference failure: dead object"
FV-4b required proofs	Prove owner non-empty invariant	2026-08-19T03:07:58.4250026Z 	 - Location: ../../../.rustup/toolchains/nightly-2025-11-21-x86_64-unknown-linux-gnu/lib/rustlib/src/rust/library/alloc/src/raw_vec/mod.rs:459:34 in function alloc::raw_vec::RawVecInner::try_allocate_in
FV-4b required proofs	Prove owner non-empty invariant	2026-08-19T03:07:58.4250735Z 
FV-4b required proofs	Prove owner non-empty invariant	2026-08-19T03:07:58.4250932Z Check 67: alloc::raw_vec::RawVecInner::try_allocate_in.pointer_dereference.2
FV-4b required proofs	Prove owner non-empty invariant	2026-08-19T03:07:58.4251294Z 	 - Status: SUCCESS
FV-4b required proofs	Prove owner non-empty invariant	2026-08-19T03:07:58.4251524Z 	 - Description: "dereference failure: dead object"
FV-4b required proofs	Prove owner non-empty invariant	2026-08-19T03:07:58.4252349Z 	 - Location: ../../../.rustup/toolchains/nightly-2025-11-21-x86_64-unknown-linux-gnu/lib/rustlib/src/rust/library/alloc/src/raw_vec/mod.rs:472:25 in function alloc::raw_vec::RawVecInner::try_allocate_in
FV-4b required proofs	Prove owner non-empty invariant	2026-08-19T03:07:58.4253054Z 
FV-4b required proofs	Prove owner non-empty invariant	2026-08-19T03:07:58.4253176Z Check 68: __rust_dealloc.precondition_instance.1
FV-4b required proofs	Prove owner non-empty invariant	2026-08-19T03:07:58.4253459Z 	 - Status: SUCCESS
FV-4b required proofs	Prove owner non-empty invariant	2026-08-19T03:07:58.4253724Z 	 - Description: "free argument must be NULL or valid pointer"
FV-4b required proofs	Prove owner non-empty invariant	2026-08-19T03:07:58.4254195Z 	 - Location: ../../../.kani/kani-0.67.0/library/kani/kani_lib.c:87 in function __rust_dealloc
FV-4b required proofs	Prove owner non-empty invariant	2026-08-19T03:07:58.4254684Z 
FV-4b required proofs	Prove owner non-empty invariant	2026-08-19T03:07:58.4254809Z Check 69: __rust_dealloc.precondition_instance.2
FV-4b required proofs	Prove owner non-empty invariant	2026-08-19T03:07:58.4255094Z 	 - Status: SUCCESS
FV-4b required proofs	Prove owner non-empty invariant	2026-08-19T03:07:58.4255329Z 	 - Description: "free argument must be dynamic object"
FV-4b required proofs	Prove owner non-empty invariant	2026-08-19T03:07:58.4255977Z 	 - Location: ../../../.kani/kani-0.67.0/library/kani/kani_lib.c:87 in function __rust_dealloc
FV-4b required proofs	Prove owner non-empty invariant	2026-08-19T03:07:58.4256337Z 
FV-4b required proofs	Prove owner non-empty invariant	2026-08-19T03:07:58.4256458Z Check 70: __rust_dealloc.precondition_instance.3
FV-4b required proofs	Prove owner non-empty invariant	2026-08-19T03:07:58.4256737Z 	 - Status: SUCCESS
FV-4b required proofs	Prove owner non-empty invariant	2026-08-19T03:07:58.4256958Z 	 - Description: "free argument has offset zero"
FV-4b required proofs	Prove owner non-empty invariant	2026-08-19T03:07:58.4257535Z 	 - Location: ../../../.kani/kani-0.67.0/library/kani/kani_lib.c:87 in function __rust_dealloc
FV-4b required proofs	Prove owner non-empty invariant	2026-08-19T03:07:58.4257862Z 
FV-4b required proofs	Prove owner non-empty invariant	2026-08-19T03:07:58.4257971Z Check 71: __rust_dealloc.precondition_instance.4
FV-4b required proofs	Prove owner non-empty invariant	2026-08-19T03:07:58.4258244Z 	 - Status: SUCCESS
FV-4b required proofs	Prove owner non-empty invariant	2026-08-19T03:07:58.4258446Z 	 - Description: "double free"
FV-4b required proofs	Prove owner non-empty invariant	2026-08-19T03:07:58.4258813Z 	 - Location: ../../../.kani/kani-0.67.0/library/kani/kani_lib.c:87 in function __rust_dealloc
FV-4b required proofs	Prove owner non-empty invariant	2026-08-19T03:07:58.4259145Z 
FV-4b required proofs	Prove owner non-empty invariant	2026-08-19T03:07:58.4259253Z Check 72: __rust_dealloc.precondition_instance.5
FV-4b required proofs	Prove owner non-empty invariant	2026-08-19T03:07:58.4259525Z 	 - Status: SUCCESS
FV-4b required proofs	Prove owner non-empty invariant	2026-08-19T03:07:58.4259743Z 	 - Description: "free called for new[] object"
FV-4b required proofs	Prove owner non-empty invariant	2026-08-19T03:07:58.4260155Z 	 - Location: ../../../.kani/kani-0.67.0/library/kani/kani_lib.c:87 in function __rust_dealloc
FV-4b required proofs	Prove owner non-empty invariant	2026-08-19T03:07:58.4260475Z 
FV-4b required proofs	Prove owner non-empty invariant	2026-08-19T03:07:58.4260584Z Check 73: __rust_dealloc.precondition_instance.6
FV-4b required proofs	Prove owner non-empty invariant	2026-08-19T03:07:58.4260857Z 	 - Status: SUCCESS
FV-4b required proofs	Prove owner non-empty invariant	2026-08-19T03:07:58.4261106Z 	 - Description: "free called for stack-allocated object"
FV-4b required proofs	Prove owner non-empty invariant	2026-08-19T03:07:58.4261552Z 	 - Location: ../../../.kani/kani-0.67.0/library/kani/kani_lib.c:87 in function __rust_dealloc
FV-4b required proofs	Prove owner non-empty invariant	2026-08-19T03:07:58.4261873Z 
FV-4b required proofs	Prove owner non-empty invariant	2026-08-19T03:07:58.4262010Z Check 74: std::vec::Vec::<u8>::len.pointer_dereference.1
FV-4b required proofs	Prove owner non-empty invariant	2026-08-19T03:07:58.4262308Z 	 - Status: SUCCESS
FV-4b required proofs	Prove owner non-empty invariant	2026-08-19T03:07:58.4262542Z 	 - Description: "dereference failure: pointer NULL"
FV-4b required proofs	Prove owner non-empty invariant	2026-08-19T03:07:58.4263315Z 	 - Location: ../../../.rustup/toolchains/nightly-2025-11-21-x86_64-unknown-linux-gnu/lib/rustlib/src/rust/library/alloc/src/vec/mod.rs:2854:19 in function std::vec::Vec::<u8>::len
FV-4b required proofs	Prove owner non-empty invariant	2026-08-19T03:07:58.4263962Z 
FV-4b required proofs	Prove owner non-empty invariant	2026-08-19T03:07:58.4264096Z Check 75: std::vec::Vec::<u8>::len.pointer_dereference.2
FV-4b required proofs	Prove owner non-empty invariant	2026-08-19T03:07:58.4264394Z 	 - Status: SUCCESS
FV-4b required proofs	Prove owner non-empty invariant	2026-08-19T03:07:58.4264637Z 	 - Description: "dereference failure: pointer invalid"
FV-4b required proofs	Prove owner non-empty invariant	2026-08-19T03:07:58.4265395Z 	 - Location: ../../../.rustup/toolchains/nightly-2025-11-21-x86_64-unknown-linux-gnu/lib/rustlib/src/rust/library/alloc/src/vec/mod.rs:2854:19 in function std::vec::Vec::<u8>::len
FV-4b required proofs	Prove owner non-empty invariant	2026-08-19T03:07:58.4266280Z 
FV-4b required proofs	Prove owner non-empty invariant	2026-08-19T03:07:58.4266421Z Check 76: std::vec::Vec::<u8>::len.pointer_dereference.3
FV-4b required proofs	Prove owner non-empty invariant	2026-08-19T03:07:58.4266713Z 	 - Status: SUCCESS
FV-4b required proofs	Prove owner non-empty invariant	2026-08-19T03:07:58.4266991Z 	 - Description: "dereference failure: deallocated dynamic object"
FV-4b required proofs	Prove owner non-empty invariant	2026-08-19T03:07:58.4267784Z 	 - Location: ../../../.rustup/toolchains/nightly-2025-11-21-x86_64-unknown-linux-gnu/lib/rustlib/src/rust/library/alloc/src/vec/mod.rs:2854:19 in function std::vec::Vec::<u8>::len
FV-4b required proofs	Prove owner non-empty invariant	2026-08-19T03:07:58.4268418Z 
FV-4b required proofs	Prove owner non-empty invariant	2026-08-19T03:07:58.4268549Z Check 77: std::vec::Vec::<u8>::len.pointer_dereference.4
FV-4b required proofs	Prove owner non-empty invariant	2026-08-19T03:07:58.4268834Z 	 - Status: SUCCESS
FV-4b required proofs	Prove owner non-empty invariant	2026-08-19T03:07:58.4269058Z 	 - Description: "dereference failure: dead object"
FV-4b required proofs	Prove owner non-empty invariant	2026-08-19T03:07:58.4269801Z 	 - Location: ../../../.rustup/toolchains/nightly-2025-11-21-x86_64-unknown-linux-gnu/lib/rustlib/src/rust/library/alloc/src/vec/mod.rs:2854:19 in function std::vec::Vec::<u8>::len
FV-4b required proofs	Prove owner non-empty invariant	2026-08-19T03:07:58.4270436Z 
FV-4b required proofs	Prove owner non-empty invariant	2026-08-19T03:07:58.4270562Z Check 78: std::vec::Vec::<u8>::len.pointer_dereference.5
FV-4b required proofs	Prove owner non-empty invariant	2026-08-19T03:07:58.4270859Z 	 - Status: SUCCESS
FV-4b required proofs	Prove owner non-empty invariant	2026-08-19T03:07:58.4271142Z 	 - Description: "dereference failure: pointer outside object bounds"
FV-4b required proofs	Prove owner non-empty invariant	2026-08-19T03:07:58.4271952Z 	 - Location: ../../../.rustup/toolchains/nightly-2025-11-21-x86_64-unknown-linux-gnu/lib/rustlib/src/rust/library/alloc/src/vec/mod.rs:2854:19 in function std::vec::Vec::<u8>::len
FV-4b required proofs	Prove owner non-empty invariant	2026-08-19T03:07:58.4272738Z 
FV-4b required proofs	Prove owner non-empty invariant	2026-08-19T03:07:58.4272866Z Check 79: std::vec::Vec::<u8>::len.pointer_dereference.6
FV-4b required proofs	Prove owner non-empty invariant	2026-08-19T03:07:58.4273159Z 	 - Status: SUCCESS
FV-4b required proofs	Prove owner non-empty invariant	2026-08-19T03:07:58.4273427Z 	 - Description: "dereference failure: invalid integer address"
FV-4b required proofs	Prove owner non-empty invariant	2026-08-19T03:07:58.4274226Z 	 - Location: ../../../.rustup/toolchains/nightly-2025-11-21-x86_64-unknown-linux-gnu/lib/rustlib/src/rust/library/alloc/src/vec/mod.rs:2854:19 in function std::vec::Vec::<u8>::len
FV-4b required proofs	Prove owner non-empty invariant	2026-08-19T03:07:58.4274855Z 
FV-4b required proofs	Prove owner non-empty invariant	2026-08-19T03:07:58.4275021Z Check 80: std::alloc::Layout::repeat_packed.pointer_dereference.1
FV-4b required proofs	Prove owner non-empty invariant	2026-08-19T03:07:58.4275487Z 	 - Status: SUCCESS
FV-4b required proofs	Prove owner non-empty invariant	2026-08-19T03:07:58.4275913Z 	 - Description: "dereference failure: pointer NULL"
FV-4b required proofs	Prove owner non-empty invariant	2026-08-19T03:07:58.4276744Z 	 - Location: ../../../.rustup/toolchains/nightly-2025-11-21-x86_64-unknown-linux-gnu/lib/rustlib/src/rust/library/core/src/alloc/layout.rs:448:29 in function std::alloc::Layout::repeat_packed
FV-4b required proofs	Prove owner non-empty invariant	2026-08-19T03:07:58.4277423Z 
FV-4b required proofs	Prove owner non-empty invariant	2026-08-19T03:07:58.4277593Z Check 81: std::alloc::Layout::repeat_packed.pointer_dereference.2
FV-4b required proofs	Prove owner non-empty invariant	2026-08-19T03:07:58.4277914Z 	 - Status: SUCCESS
FV-4b required proofs	Prove owner non-empty invariant	2026-08-19T03:07:58.4278163Z 	 - Description: "dereference failure: pointer invalid"
FV-4b required proofs	Prove owner non-empty invariant	2026-08-19T03:07:58.4278969Z 	 - Location: ../../../.rustup/toolchains/nightly-2025-11-21-x86_64-unknown-linux-gnu/lib/rustlib/src/rust/library/core/src/alloc/layout.rs:448:29 in function std::alloc::Layout::repeat_packed
FV-4b required proofs	Prove owner non-empty invariant	2026-08-19T03:07:58.4279644Z 
FV-4b required proofs	Prove owner non-empty invariant	2026-08-19T03:07:58.4279799Z Check 82: std::alloc::Layout::repeat_packed.pointer_dereference.3
FV-4b required proofs	Prove owner non-empty invariant	2026-08-19T03:07:58.4280116Z 	 - Status: SUCCESS
FV-4b required proofs	Prove owner non-empty invariant	2026-08-19T03:07:58.4280394Z 	 - Description: "dereference failure: deallocated dynamic object"
FV-4b required proofs	Prove owner non-empty invariant	2026-08-19T03:07:58.4281235Z 	 - Location: ../../../.rustup/toolchains/nightly-2025-11-21-x86_64-unknown-linux-gnu/lib/rustlib/src/rust/library/core/src/alloc/layout.rs:448:29 in function std::alloc::Layout::repeat_packed
FV-4b required proofs	Prove owner non-empty invariant	2026-08-19T03:07:58.4281909Z 
FV-4b required proofs	Prove owner non-empty invariant	2026-08-19T03:07:58.4282065Z Check 83: std::alloc::Layout::repeat_packed.pointer_dereference.4
FV-4b required proofs	Prove owner non-empty invariant	2026-08-19T03:07:58.4282387Z 	 - Status: SUCCESS
FV-4b required proofs	Prove owner non-empty invariant	2026-08-19T03:07:58.4282616Z 	 - Description: "dereference failure: dead object"
FV-4b required proofs	Prove owner non-empty invariant	2026-08-19T03:07:58.4283410Z 	 - Location: ../../../.rustup/toolchains/nightly-2025-11-21-x86_64-unknown-linux-gnu/lib/rustlib/src/rust/library/core/src/alloc/layout.rs:448:29 in function std::alloc::Layout::repeat_packed
FV-4b required proofs	Prove owner non-empty invariant	2026-08-19T03:07:58.4284083Z 
FV-4b required proofs	Prove owner non-empty invariant	2026-08-19T03:07:58.4284238Z Check 84: std::alloc::Layout::repeat_packed.pointer_dereference.5
FV-4b required proofs	Prove owner non-empty invariant	2026-08-19T03:07:58.4284558Z 	 - Status: SUCCESS
FV-4b required proofs	Prove owner non-empty invariant	2026-08-19T03:07:58.4284840Z 	 - Description: "dereference failure: pointer outside object bounds"
FV-4b required proofs	Prove owner non-empty invariant	2026-08-19T03:07:58.4285688Z 	 - Location: ../../../.rustup/toolchains/nightly-2025-11-21-x86_64-unknown-linux-gnu/lib/rustlib/src/rust/library/core/src/alloc/layout.rs:448:29 in function std::alloc::Layout::repeat_packed
FV-4b required proofs	Prove owner non-empty invariant	2026-08-19T03:07:58.4286669Z 
FV-4b required proofs	Prove owner non-empty invariant	2026-08-19T03:07:58.4286835Z Check 85: std::alloc::Layout::repeat_packed.pointer_dereference.6
FV-4b required proofs	Prove owner non-empty invariant	2026-08-19T03:07:58.4287156Z 	 - Status: SUCCESS
FV-4b required proofs	Prove owner non-empty invariant	2026-08-19T03:07:58.4287430Z 	 - Description: "dereference failure: invalid integer address"
FV-4b required proofs	Prove owner non-empty invariant	2026-08-19T03:07:58.4288255Z 	 - Location: ../../../.rustup/toolchains/nightly-2025-11-21-x86_64-unknown-linux-gnu/lib/rustlib/src/rust/library/core/src/alloc/layout.rs:448:29 in function std::alloc::Layout::repeat_packed
FV-4b required proofs	Prove owner non-empty invariant	2026-08-19T03:07:58.4288929Z 
FV-4b required proofs	Prove owner non-empty invariant	2026-08-19T03:07:58.4289080Z Check 86: std::alloc::Layout::repeat_packed.pointer_dereference.7
FV-4b required proofs	Prove owner non-empty invariant	2026-08-19T03:07:58.4289400Z 	 - Status: SUCCESS
FV-4b required proofs	Prove owner non-empty invariant	2026-08-19T03:07:58.4289624Z 	 - Description: "dereference failure: dead object"
FV-4b required proofs	Prove owner non-empty invariant	2026-08-19T03:07:58.4290411Z 	 - Location: ../../../.rustup/toolchains/nightly-2025-11-21-x86_64-unknown-linux-gnu/lib/rustlib/src/rust/library/core/src/alloc/layout.rs:452:13 in function std::alloc::Layout::repeat_packed
FV-4b required proofs	Prove owner non-empty invariant	2026-08-19T03:07:58.4291087Z 
FV-4b required proofs	Prove owner non-empty invariant	2026-08-19T03:07:58.4291237Z Check 87: std::alloc::Layout::repeat_packed.pointer_dereference.8
FV-4b required proofs	Prove owner non-empty invariant	2026-08-19T03:07:58.4291554Z 	 - Status: SUCCESS
FV-4b required proofs	Prove owner non-empty invariant	2026-08-19T03:07:58.4291788Z 	 - Description: "dereference failure: pointer NULL"
FV-4b required proofs	Prove owner non-empty invariant	2026-08-19T03:07:58.4292788Z 	 - Location: ../../../.rustup/toolchains/nightly-2025-11-21-x86_64-unknown-linux-gnu/lib/rustlib/src/rust/library/core/src/alloc/layout.rs:450:47 in function std::alloc::Layout::repeat_packed
FV-4b required proofs	Prove owner non-empty invariant	2026-08-19T03:07:58.4293465Z 
FV-4b required proofs	Prove owner non-empty invariant	2026-08-19T03:07:58.4293622Z Check 88: std::alloc::Layout::repeat_packed.pointer_dereference.9
FV-4b required proofs	Prove owner non-empty invariant	2026-08-19T03:07:58.4293941Z 	 - Status: SUCCESS
FV-4b required proofs	Prove owner non-empty invariant	2026-08-19T03:07:58.4294179Z 	 - Description: "dereference failure: pointer invalid"
FV-4b required proofs	Prove owner non-empty invariant	2026-08-19T03:07:58.4294979Z 	 - Location: ../../../.rustup/toolchains/nightly-2025-11-21-x86_64-unknown-linux-gnu/lib/rustlib/src/rust/library/core/src/alloc/layout.rs:450:47 in function std::alloc::Layout::repeat_packed
FV-4b required proofs	Prove owner non-empty invariant	2026-08-19T03:07:58.4296020Z 
FV-4b required proofs	Prove owner non-empty invariant	2026-08-19T03:07:58.4296207Z Check 89: std::alloc::Layout::repeat_packed.pointer_dereference.10
FV-4b required proofs	Prove owner non-empty invariant	2026-08-19T03:07:58.4296546Z 	 - Status: SUCCESS
FV-4b required proofs	Prove owner non-empty invariant	2026-08-19T03:07:58.4296826Z 	 - Description: "dereference failure: deallocated dynamic object"
FV-4b required proofs	Prove owner non-empty invariant	2026-08-19T03:07:58.4297671Z 	 - Location: ../../../.rustup/toolchains/nightly-2025-11-21-x86_64-unknown-linux-gnu/lib/rustlib/src/rust/library/core/src/alloc/layout.rs:450:47 in function std::alloc::Layout::repeat_packed
FV-4b required proofs	Prove owner non-empty invariant	2026-08-19T03:07:58.4298354Z 
FV-4b required proofs	Prove owner non-empty invariant	2026-08-19T03:07:58.4298510Z Check 90: std::alloc::Layout::repeat_packed.pointer_dereference.11
FV-4b required proofs	Prove owner non-empty invariant	2026-08-19T03:07:58.4298833Z 	 - Status: SUCCESS
FV-4b required proofs	Prove owner non-empty invariant	2026-08-19T03:07:58.4299067Z 	 - Description: "dereference failure: dead object"
FV-4b required proofs	Prove owner non-empty invariant	2026-08-19T03:07:58.4299864Z 	 - Location: ../../../.rustup/toolchains/nightly-2025-11-21-x86_64-unknown-linux-gnu/lib/rustlib/src/rust/library/core/src/alloc/layout.rs:450:47 in function std::alloc::Layout::repeat_packed
FV-4b required proofs	Prove owner non-empty invariant	2026-08-19T03:07:58.4300544Z 
FV-4b required proofs	Prove owner non-empty invariant	2026-08-19T03:07:58.4300698Z Check 91: std::alloc::Layout::repeat_packed.pointer_dereference.12
FV-4b required proofs	Prove owner non-empty invariant	2026-08-19T03:07:58.4301054Z 	 - Status: SUCCESS
FV-4b required proofs	Prove owner non-empty invariant	2026-08-19T03:07:58.4301343Z 	 - Description: "dereference failure: pointer outside object bounds"
FV-4b required proofs	Prove owner non-empty invariant	2026-08-19T03:07:58.4302189Z 	 - Location: ../../../.rustup/toolchains/nightly-2025-11-21-x86_64-unknown-linux-gnu/lib/rustlib/src/rust/library/core/src/alloc/layout.rs:450:47 in function std::alloc::Layout::repeat_packed
FV-4b required proofs	Prove owner non-empty invariant	2026-08-19T03:07:58.4302871Z 
FV-4b required proofs	Prove owner non-empty invariant	2026-08-19T03:07:58.4303043Z Check 92: std::alloc::Layout::repeat_packed.pointer_dereference.13
FV-4b required proofs	Prove owner non-empty invariant	2026-08-19T03:07:58.4303384Z 	 - Status: SUCCESS
FV-4b required proofs	Prove owner non-empty invariant	2026-08-19T03:07:58.4303663Z 	 - Description: "dereference failure: invalid integer address"
FV-4b required proofs	Prove owner non-empty invariant	2026-08-19T03:07:58.4304500Z 	 - Location: ../../../.rustup/toolchains/nightly-2025-11-21-x86_64-unknown-linux-gnu/lib/rustlib/src/rust/library/core/src/alloc/layout.rs:450:47 in function std::alloc::Layout::repeat_packed
FV-4b required proofs	Prove owner non-empty invariant	2026-08-19T03:07:58.4305180Z 
FV-4b required proofs	Prove owner non-empty invariant	2026-08-19T03:07:58.4305371Z Check 93: alloc::raw_vec::layout_array::{closure#1}.pointer_dereference.1
FV-4b required proofs	Prove owner non-empty invariant	2026-08-19T03:07:58.4305845Z 	 - Status: SUCCESS
FV-4b required proofs	Prove owner non-empty invariant	2026-08-19T03:07:58.4306084Z 	 - Description: "dereference failure: dead object"
FV-4b required proofs	Prove owner non-empty invariant	2026-08-19T03:07:58.4306900Z 	 - Location: ../../../.rustup/toolchains/nightly-2025-11-21-x86_64-unknown-linux-gnu/lib/rustlib/src/rust/library/alloc/src/raw_vec/mod.rs:853:70 in function alloc::raw_vec::layout_array::{closure#1}
FV-4b required proofs	Prove owner non-empty invariant	2026-08-19T03:07:58.4307600Z 
FV-4b required proofs	Prove owner non-empty invariant	2026-08-19T03:07:58.4307744Z Check 94: std::vec::Vec::<u8>::set_len.pointer_dereference.1
FV-4b required proofs	Prove owner non-empty invariant	2026-08-19T03:07:58.4308056Z 	 - Status: SUCCESS
FV-4b required proofs	Prove owner non-empty invariant	2026-08-19T03:07:58.4308295Z 	 - Description: "dereference failure: pointer NULL"
FV-4b required proofs	Prove owner non-empty invariant	2026-08-19T03:07:58.4309065Z 	 - Location: ../../../.rustup/toolchains/nightly-2025-11-21-x86_64-unknown-linux-gnu/lib/rustlib/src/rust/library/alloc/src/vec/mod.rs:1945:9 in function std::vec::Vec::<u8>::set_len
FV-4b required proofs	Prove owner non-empty invariant	2026-08-19T03:07:58.4309714Z 
FV-4b required proofs	Prove owner non-empty invariant	2026-08-19T03:07:58.4309858Z Check 95: std::vec::Vec::<u8>::set_len.pointer_dereference.2
FV-4b required proofs	Prove owner non-empty invariant	2026-08-19T03:07:58.4310161Z 	 - Status: SUCCESS
FV-4b required proofs	Prove owner non-empty invariant	2026-08-19T03:07:58.4310401Z 	 - Description: "dereference failure: pointer invalid"
FV-4b required proofs	Prove owner non-empty invariant	2026-08-19T03:07:58.4311169Z 	 - Location: ../../../.rustup/toolchains/nightly-2025-11-21-x86_64-unknown-linux-gnu/lib/rustlib/src/rust/library/alloc/src/vec/mod.rs:1945:9 in function std::vec::Vec::<u8>::set_len
FV-4b required proofs	Prove owner non-empty invariant	2026-08-19T03:07:58.4311971Z 
FV-4b required proofs	Prove owner non-empty invariant	2026-08-19T03:07:58.4312110Z Check 96: std::vec::Vec::<u8>::set_len.pointer_dereference.3
FV-4b required proofs	Prove owner non-empty invariant	2026-08-19T03:07:58.4312412Z 	 - Status: SUCCESS
FV-4b required proofs	Prove owner non-empty invariant	2026-08-19T03:07:58.4312687Z 	 - Description: "dereference failure: deallocated dynamic object"
FV-4b required proofs	Prove owner non-empty invariant	2026-08-19T03:07:58.4313495Z 	 - Location: ../../../.rustup/toolchains/nightly-2025-11-21-x86_64-unknown-linux-gnu/lib/rustlib/src/rust/library/alloc/src/vec/mod.rs:1945:9 in function std::vec::Vec::<u8>::set_len
FV-4b required proofs	Prove owner non-empty invariant	2026-08-19T03:07:58.4314133Z 
FV-4b required proofs	Prove owner non-empty invariant	2026-08-19T03:07:58.4314271Z Check 97: std::vec::Vec::<u8>::set_len.pointer_dereference.4
FV-4b required proofs	Prove owner non-empty invariant	2026-08-19T03:07:58.4314704Z 	 - Status: SUCCESS
FV-4b required proofs	Prove owner non-empty invariant	2026-08-19T03:07:58.4314929Z 	 - Description: "dereference failure: dead object"
FV-4b required proofs	Prove owner non-empty invariant	2026-08-19T03:07:58.4315681Z 	 - Location: ../../../.rustup/toolchains/nightly-2025-11-21-x86_64-unknown-linux-gnu/lib/rustlib/src/rust/library/alloc/src/vec/mod.rs:1945:9 in function std::vec::Vec::<u8>::set_len
FV-4b required proofs	Prove owner non-empty invariant	2026-08-19T03:07:58.4316442Z 
FV-4b required proofs	Prove owner non-empty invariant	2026-08-19T03:07:58.4316590Z Check 98: std::vec::Vec::<u8>::set_len.pointer_dereference.5
FV-4b required proofs	Prove owner non-empty invariant	2026-08-19T03:07:58.4316890Z 	 - Status: SUCCESS
FV-4b required proofs	Prove owner non-empty invariant	2026-08-19T03:07:58.4317176Z 	 - Description: "dereference failure: pointer outside object bounds"
FV-4b required proofs	Prove owner non-empty invariant	2026-08-19T03:07:58.4318002Z 	 - Location: ../../../.rustup/toolchains/nightly-2025-11-21-x86_64-unknown-linux-gnu/lib/rustlib/src/rust/library/alloc/src/vec/mod.rs:1945:9 in function std::vec::Vec::<u8>::set_len
FV-4b required proofs	Prove owner non-empty invariant	2026-08-19T03:07:58.4318643Z 
FV-4b required proofs	Prove owner non-empty invariant	2026-08-19T03:07:58.4318777Z Check 99: std::vec::Vec::<u8>::set_len.pointer_dereference.6
FV-4b required proofs	Prove owner non-empty invariant	2026-08-19T03:07:58.4319081Z 	 - Status: SUCCESS
FV-4b required proofs	Prove owner non-empty invariant	2026-08-19T03:07:58.4319350Z 	 - Description: "dereference failure: invalid integer address"
FV-4b required proofs	Prove owner non-empty invariant	2026-08-19T03:07:58.4320147Z 	 - Location: ../../../.rustup/toolchains/nightly-2025-11-21-x86_64-unknown-linux-gnu/lib/rustlib/src/rust/library/alloc/src/vec/mod.rs:1945:9 in function std::vec::Vec::<u8>::set_len
FV-4b required proofs	Prove owner non-empty invariant	2026-08-19T03:07:58.4320791Z 
FV-4b required proofs	Prove owner non-empty invariant	2026-08-19T03:07:58.4320982Z Check 100: alloc::raw_vec::RawVecInner::non_null::<u8>.pointer_dereference.1
FV-4b required proofs	Prove owner non-empty invariant	2026-08-19T03:07:58.4321354Z 	 - Status: SUCCESS
FV-4b required proofs	Prove owner non-empty invariant	2026-08-19T03:07:58.4321588Z 	 - Description: "dereference failure: pointer NULL"
FV-4b required proofs	Prove owner non-empty invariant	2026-08-19T03:07:58.4322407Z 	 - Location: ../../../.rustup/toolchains/nightly-2025-11-21-x86_64-unknown-linux-gnu/lib/rustlib/src/rust/library/alloc/src/raw_vec/mod.rs:504:9 in function alloc::raw_vec::RawVecInner::non_null::<u8>
FV-4b required proofs	Prove owner non-empty invariant	2026-08-19T03:07:58.4323108Z 
FV-4b required proofs	Prove owner non-empty invariant	2026-08-19T03:07:58.4323308Z Check 101: alloc::raw_vec::RawVecInner::non_null::<u8>.pointer_dereference.2
FV-4b required proofs	Prove owner non-empty invariant	2026-08-19T03:07:58.4323664Z 	 - Status: SUCCESS
FV-4b required proofs	Prove owner non-empty invariant	2026-08-19T03:07:58.4323900Z 	 - Description: "dereference failure: pointer invalid"
FV-4b required proofs	Prove owner non-empty invariant	2026-08-19T03:07:58.4324722Z 	 - Location: ../../../.rustup/toolchains/nightly-2025-11-21-x86_64-unknown-linux-gnu/lib/rustlib/src/rust/library/alloc/src/raw_vec/mod.rs:504:9 in function alloc::raw_vec::RawVecInner::non_null::<u8>
FV-4b required proofs	Prove owner non-empty invariant	2026-08-19T03:07:58.4325414Z 
FV-4b required proofs	Prove owner non-empty invariant	2026-08-19T03:07:58.4325603Z Check 102: alloc::raw_vec::RawVecInner::non_null::<u8>.pointer_dereference.3
FV-4b required proofs	Prove owner non-empty invariant	2026-08-19T03:07:58.4326099Z 	 - Status: SUCCESS
FV-4b required proofs	Prove owner non-empty invariant	2026-08-19T03:07:58.4326388Z 	 - Description: "dereference failure: deallocated dynamic object"
FV-4b required proofs	Prove owner non-empty invariant	2026-08-19T03:07:58.4327269Z 	 - Location: ../../../.rustup/toolchains/nightly-2025-11-21-x86_64-unknown-linux-gnu/lib/rustlib/src/rust/library/alloc/src/raw_vec/mod.rs:504:9 in function alloc::raw_vec::RawVecInner::non_null::<u8>
FV-4b required proofs	Prove owner non-empty invariant	2026-08-19T03:07:58.4327975Z 
FV-4b required proofs	Prove owner non-empty invariant	2026-08-19T03:07:58.4328160Z Check 103: alloc::raw_vec::RawVecInner::non_null::<u8>.pointer_dereference.4
FV-4b required proofs	Prove owner non-empty invariant	2026-08-19T03:07:58.4328514Z 	 - Status: SUCCESS
FV-4b required proofs	Prove owner non-empty invariant	2026-08-19T03:07:58.4328741Z 	 - Description: "dereference failure: dead object"
FV-4b required proofs	Prove owner non-empty invariant	2026-08-19T03:07:58.4329561Z 	 - Location: ../../../.rustup/toolchains/nightly-2025-11-21-x86_64-unknown-linux-gnu/lib/rustlib/src/rust/library/alloc/src/raw_vec/mod.rs:504:9 in function alloc::raw_vec::RawVecInner::non_null::<u8>
FV-4b required proofs	Prove owner non-empty invariant	2026-08-19T03:07:58.4330264Z 
FV-4b required proofs	Prove owner non-empty invariant	2026-08-19T03:07:58.4330450Z Check 104: alloc::raw_vec::RawVecInner::non_null::<u8>.pointer_dereference.5
FV-4b required proofs	Prove owner non-empty invariant	2026-08-19T03:07:58.4330944Z 	 - Status: SUCCESS
FV-4b required proofs	Prove owner non-empty invariant	2026-08-19T03:07:58.4331233Z 	 - Description: "dereference failure: pointer outside object bounds"
FV-4b required proofs	Prove owner non-empty invariant	2026-08-19T03:07:58.4332110Z 	 - Location: ../../../.rustup/toolchains/nightly-2025-11-21-x86_64-unknown-linux-gnu/lib/rustlib/src/rust/library/alloc/src/raw_vec/mod.rs:504:9 in function alloc::raw_vec::RawVecInner::non_null::<u8>
FV-4b required proofs	Prove owner non-empty invariant	2026-08-19T03:07:58.4332811Z 
FV-4b required proofs	Prove owner non-empty invariant	2026-08-19T03:07:58.4332999Z Check 105: alloc::raw_vec::RawVecInner::non_null::<u8>.pointer_dereference.6
FV-4b required proofs	Prove owner non-empty invariant	2026-08-19T03:07:58.4333361Z 	 - Status: SUCCESS
FV-4b required proofs	Prove owner non-empty invariant	2026-08-19T03:07:58.4333629Z 	 - Description: "dereference failure: invalid integer address"
FV-4b required proofs	Prove owner non-empty invariant	2026-08-19T03:07:58.4334611Z 	 - Location: ../../../.rustup/toolchains/nightly-2025-11-21-x86_64-unknown-linux-gnu/lib/rustlib/src/rust/library/alloc/src/raw_vec/mod.rs:504:9 in function alloc::raw_vec::RawVecInner::non_null::<u8>
FV-4b required proofs	Prove owner non-empty invariant	2026-08-19T03:07:58.4335305Z 
FV-4b required proofs	Prove owner non-empty invariant	2026-08-19T03:07:58.4335449Z Check 106: std::ptr::Alignment::new.pointer_dereference.1
FV-4b required proofs	Prove owner non-empty invariant	2026-08-19T03:07:58.4335877Z 	 - Status: SUCCESS
FV-4b required proofs	Prove owner non-empty invariant	2026-08-19T03:07:58.4336117Z 	 - Description: "dereference failure: dead object"
FV-4b required proofs	Prove owner non-empty invariant	2026-08-19T03:07:58.4336902Z 	 - Location: ../../../.rustup/toolchains/nightly-2025-11-21-x86_64-unknown-linux-gnu/lib/rustlib/src/rust/library/core/src/ptr/alignment.rs:64:13 in function std::ptr::Alignment::new
FV-4b required proofs	Prove owner non-empty invariant	2026-08-19T03:07:58.4337559Z 
FV-4b required proofs	Prove owner non-empty invariant	2026-08-19T03:07:58.4337713Z Check 107: std::alloc::Layout::alignment.pointer_dereference.1
FV-4b required proofs	Prove owner non-empty invariant	2026-08-19T03:07:58.4338035Z 	 - Status: SUCCESS
FV-4b required proofs	Prove owner non-empty invariant	2026-08-19T03:07:58.4338272Z 	 - Description: "dereference failure: pointer NULL"
FV-4b required proofs	Prove owner non-empty invariant	2026-08-19T03:07:58.4339063Z 	 - Location: ../../../.rustup/toolchains/nightly-2025-11-21-x86_64-unknown-linux-gnu/lib/rustlib/src/rust/library/core/src/alloc/layout.rs:515:9 in function std::alloc::Layout::alignment
FV-4b required proofs	Prove owner non-empty invariant	2026-08-19T03:07:58.4339741Z 
FV-4b required proofs	Prove owner non-empty invariant	2026-08-19T03:07:58.4339891Z Check 108: std::alloc::Layout::alignment.pointer_dereference.2
FV-4b required proofs	Prove owner non-empty invariant	2026-08-19T03:07:58.4340211Z 	 - Status: SUCCESS
FV-4b required proofs	Prove owner non-empty invariant	2026-08-19T03:07:58.4340452Z 	 - Description: "dereference failure: pointer invalid"
FV-4b required proofs	Prove owner non-empty invariant	2026-08-19T03:07:58.4341248Z 	 - Location: ../../../.rustup/toolchains/nightly-2025-11-21-x86_64-unknown-linux-gnu/lib/rustlib/src/rust/library/core/src/alloc/layout.rs:515:9 in function std::alloc::Layout::alignment
FV-4b required proofs	Prove owner non-empty invariant	2026-08-19T03:07:58.4341919Z 
FV-4b required proofs	Prove owner non-empty invariant	2026-08-19T03:07:58.4342075Z Check 109: std::alloc::Layout::alignment.pointer_dereference.3
FV-4b required proofs	Prove owner non-empty invariant	2026-08-19T03:07:58.4342389Z 	 - Status: SUCCESS
FV-4b required proofs	Prove owner non-empty invariant	2026-08-19T03:07:58.4342669Z 	 - Description: "dereference failure: deallocated dynamic object"
FV-4b required proofs	Prove owner non-empty invariant	2026-08-19T03:07:58.4343503Z 	 - Location: ../../../.rustup/toolchains/nightly-2025-11-21-x86_64-unknown-linux-gnu/lib/rustlib/src/rust/library/core/src/alloc/layout.rs:515:9 in function std::alloc::Layout::alignment
FV-4b required proofs	Prove owner non-empty invariant	2026-08-19T03:07:58.4344175Z 
FV-4b required proofs	Prove owner non-empty invariant	2026-08-19T03:07:58.4344366Z Check 110: std::alloc::Layout::alignment.pointer_dereference.4
FV-4b required proofs	Prove owner non-empty invariant	2026-08-19T03:07:58.4344682Z 	 - Status: SUCCESS
FV-4b required proofs	Prove owner non-empty invariant	2026-08-19T03:07:58.4344908Z 	 - Description: "dereference failure: dead object"
FV-4b required proofs	Prove owner non-empty invariant	2026-08-19T03:07:58.4345809Z 	 - Location: ../../../.rustup/toolchains/nightly-2025-11-21-x86_64-unknown-linux-gnu/lib/rustlib/src/rust/library/core/src/alloc/layout.rs:515:9 in function std::alloc::Layout::alignment
FV-4b required proofs	Prove owner non-empty invariant	2026-08-19T03:07:58.4346496Z 
FV-4b required proofs	Prove owner non-empty invariant	2026-08-19T03:07:58.4346649Z Check 111: std::alloc::Layout::alignment.pointer_dereference.5
FV-4b required proofs	Prove owner non-empty invariant	2026-08-19T03:07:58.4346969Z 	 - Status: SUCCESS
FV-4b required proofs	Prove owner non-empty invariant	2026-08-19T03:07:58.4347257Z 	 - Description: "dereference failure: pointer outside object bounds"
FV-4b required proofs	Prove owner non-empty invariant	2026-08-19T03:07:58.4348097Z 	 - Location: ../../../.rustup/toolchains/nightly-2025-11-21-x86_64-unknown-linux-gnu/lib/rustlib/src/rust/library/core/src/alloc/layout.rs:515:9 in function std::alloc::Layout::alignment
FV-4b required proofs	Prove owner non-empty invariant	2026-08-19T03:07:58.4348778Z 
FV-4b required proofs	Prove owner non-empty invariant	2026-08-19T03:07:58.4348925Z Check 112: std::alloc::Layout::alignment.pointer_dereference.6
FV-4b required proofs	Prove owner non-empty invariant	2026-08-19T03:07:58.4349241Z 	 - Status: SUCCESS
FV-4b required proofs	Prove owner non-empty invariant	2026-08-19T03:07:58.4349505Z 	 - Description: "dereference failure: invalid integer address"
FV-4b required proofs	Prove owner non-empty invariant	2026-08-19T03:07:58.4350320Z 	 - Location: ../../../.rustup/toolchains/nightly-2025-11-21-x86_64-unknown-linux-gnu/lib/rustlib/src/rust/library/core/src/alloc/layout.rs:515:9 in function std::alloc::Layout::alignment
FV-4b required proofs	Prove owner non-empty invariant	2026-08-19T03:07:58.4351133Z 
FV-4b required proofs	Prove owner non-empty invariant	2026-08-19T03:07:58.4351224Z Check 113: memcpy.pointer.1
FV-4b required proofs	Prove owner non-empty invariant	2026-08-19T03:07:58.4351443Z 	 - Status: SUCCESS
FV-4b required proofs	Prove owner non-empty invariant	2026-08-19T03:07:58.4351967Z 	 - Description: "same object violation in (const char *)(void *)src >= (const char *)(void *)dst + (signed long int)(count * sizeof(unsigned char) /*1*/ )"
FV-4b required proofs	Prove owner non-empty invariant	2026-08-19T03:07:58.4352635Z 	 - Location: <builtin-library-memcpy>:33 in function memcpy
FV-4b required proofs	Prove owner non-empty invariant	2026-08-19T03:07:58.4352875Z 
FV-4b required proofs	Prove owner non-empty invariant	2026-08-19T03:07:58.4352965Z Check 114: memcpy.pointer.2
FV-4b required proofs	Prove owner non-empty invariant	2026-08-19T03:07:58.4353177Z 	 - Status: SUCCESS
FV-4b required proofs	Prove owner non-empty invariant	2026-08-19T03:07:58.4353851Z 	 - Description: "same object violation in (const char *)(void *)dst >= (const char *)(void *)src + (signed long int)(count * sizeof(unsigned char) /*1*/ )"
FV-4b required proofs	Prove owner non-empty invariant	2026-08-19T03:07:58.4354500Z 	 - Location: <builtin-library-memcpy>:34 in function memcpy
FV-4b required proofs	Prove owner non-empty invariant	2026-08-19T03:07:58.4354734Z 
FV-4b required proofs	Prove owner non-empty invariant	2026-08-19T03:07:58.4354914Z Check 115: std::ptr::copy_nonoverlapping::<u8>.precondition_instance.1
FV-4b required proofs	Prove owner non-empty invariant	2026-08-19T03:07:58.4355414Z 	 - Status: SUCCESS
FV-4b required proofs	Prove owner non-empty invariant	2026-08-19T03:07:58.4355634Z 	 - Description: "memcpy src/dst overlap"
FV-4b required proofs	Prove owner non-empty invariant	2026-08-19T03:07:58.4356531Z 	 - Location: ../../../.rustup/toolchains/nightly-2025-11-21-x86_64-unknown-linux-gnu/lib/rustlib/src/rust/library/core/src/ptr/mod.rs:547:14 in function std::ptr::copy_nonoverlapping::<u8>
FV-4b required proofs	Prove owner non-empty invariant	2026-08-19T03:07:58.4357213Z 
FV-4b required proofs	Prove owner non-empty invariant	2026-08-19T03:07:58.4357385Z Check 116: std::ptr::copy_nonoverlapping::<u8>.precondition_instance.2
FV-4b required proofs	Prove owner non-empty invariant	2026-08-19T03:07:58.4357727Z 	 - Status: SUCCESS
FV-4b required proofs	Prove owner non-empty invariant	2026-08-19T03:07:58.4357957Z 	 - Description: "memcpy source region readable"
FV-4b required proofs	Prove owner non-empty invariant	2026-08-19T03:07:58.4358739Z 	 - Location: ../../../.rustup/toolchains/nightly-2025-11-21-x86_64-unknown-linux-gnu/lib/rustlib/src/rust/library/core/src/ptr/mod.rs:547:14 in function std::ptr::copy_nonoverlapping::<u8>
FV-4b required proofs	Prove owner non-empty invariant	2026-08-19T03:07:58.4359413Z 
FV-4b required proofs	Prove owner non-empty invariant	2026-08-19T03:07:58.4359581Z Check 117: std::ptr::copy_nonoverlapping::<u8>.precondition_instance.3
FV-4b required proofs	Prove owner non-empty invariant	2026-08-19T03:07:58.4359920Z 	 - Status: SUCCESS
FV-4b required proofs	Prove owner non-empty invariant	2026-08-19T03:07:58.4360166Z 	 - Description: "memcpy destination region writeable"
FV-4b required proofs	Prove owner non-empty invariant	2026-08-19T03:07:58.4360965Z 	 - Location: ../../../.rustup/toolchains/nightly-2025-11-21-x86_64-unknown-linux-gnu/lib/rustlib/src/rust/library/core/src/ptr/mod.rs:547:14 in function std::ptr::copy_nonoverlapping::<u8>
FV-4b required proofs	Prove owner non-empty invariant	2026-08-19T03:07:58.4361639Z 
FV-4b required proofs	Prove owner non-empty invariant	2026-08-19T03:07:58.4362165Z Check 118: std::result::Result::<(std::alloc::Layout, usize), std::alloc::LayoutError>::map::<std::alloc::Layout, {closure@alloc::raw_vec::layout_array::{closure#0}}>.pointer_dereference.1
FV-4b required proofs	Prove owner non-empty invariant	2026-08-19T03:07:58.4362860Z 	 - Status: SUCCESS
FV-4b required proofs	Prove owner non-empty invariant	2026-08-19T03:07:58.4363088Z 	 - Description: "dereference failure: dead object"
FV-4b required proofs	Prove owner non-empty invariant	2026-08-19T03:07:58.4364243Z 	 - Location: ../../../.rustup/toolchains/nightly-2025-11-21-x86_64-unknown-linux-gnu/lib/rustlib/src/rust/library/core/src/result.rs:835:15 in function std::result::Result::<(std::alloc::Layout, usize), std::alloc::LayoutError>::map::<std::alloc::Layout, {closure@alloc::raw_vec::layout_array::{closure#0}}>
FV-4b required proofs	Prove owner non-empty invariant	2026-08-19T03:07:58.4365283Z 
FV-4b required proofs	Prove owner non-empty invariant	2026-08-19T03:07:58.4365918Z Check 119: std::result::Result::<(std::alloc::Layout, usize), std::alloc::LayoutError>::map::<std::alloc::Layout, {closure@alloc::raw_vec::layout_array::{closure#0}}>.pointer_dereference.2
FV-4b required proofs	Prove owner non-empty invariant	2026-08-19T03:07:58.4366610Z 	 - Status: SUCCESS
FV-4b required proofs	Prove owner non-empty invariant	2026-08-19T03:07:58.4366837Z 	 - Description: "dereference failure: dead object"
FV-4b required proofs	Prove owner non-empty invariant	2026-08-19T03:07:58.4367980Z 	 - Location: ../../../.rustup/toolchains/nightly-2025-11-21-x86_64-unknown-linux-gnu/lib/rustlib/src/rust/library/core/src/result.rs:837:23 in function std::result::Result::<(std::alloc::Layout, usize), std::alloc::LayoutError>::map::<std::alloc::Layout, {closure@alloc::raw_vec::layout_array::{closure#0}}>
FV-4b required proofs	Prove owner non-empty invariant	2026-08-19T03:07:58.4369016Z 
FV-4b required proofs	Prove owner non-empty invariant	2026-08-19T03:07:58.4369168Z Check 120: std::alloc::Layout::dangling.pointer_dereference.1
FV-4b required proofs	Prove owner non-empty invariant	2026-08-19T03:07:58.4369487Z 	 - Status: SUCCESS
FV-4b required proofs	Prove owner non-empty invariant	2026-08-19T03:07:58.4369725Z 	 - Description: "dereference failure: pointer NULL"
FV-4b required proofs	Prove owner non-empty invariant	2026-08-19T03:07:58.4370513Z 	 - Location: ../../../.rustup/toolchains/nightly-2025-11-21-x86_64-unknown-linux-gnu/lib/rustlib/src/rust/library/core/src/alloc/layout.rs:223:37 in function std::alloc::Layout::dangling
FV-4b required proofs	Prove owner non-empty invariant	2026-08-19T03:07:58.4371331Z 
FV-4b required proofs	Prove owner non-empty invariant	2026-08-19T03:07:58.4371490Z Check 121: std::alloc::Layout::dangling.pointer_dereference.2
FV-4b required proofs	Prove owner non-empty invariant	2026-08-19T03:07:58.4371803Z 	 - Status: SUCCESS
FV-4b required proofs	Prove owner non-empty invariant	2026-08-19T03:07:58.4372051Z 	 - Description: "dereference failure: pointer invalid"
FV-4b required proofs	Prove owner non-empty invariant	2026-08-19T03:07:58.4372843Z 	 - Location: ../../../.rustup/toolchains/nightly-2025-11-21-x86_64-unknown-linux-gnu/lib/rustlib/src/rust/library/core/src/alloc/layout.rs:223:37 in function std::alloc::Layout::dangling
FV-4b required proofs	Prove owner non-empty invariant	2026-08-19T03:07:58.4373626Z 
FV-4b required proofs	Prove owner non-empty invariant	2026-08-19T03:07:58.4373780Z Check 122: std::alloc::Layout::dangling.pointer_dereference.3
FV-4b required proofs	Prove owner non-empty invariant	2026-08-19T03:07:58.4374092Z 	 - Status: SUCCESS
FV-4b required proofs	Prove owner non-empty invariant	2026-08-19T03:07:58.4374374Z 	 - Description: "dereference failure: deallocated dynamic object"
FV-4b required proofs	Prove owner non-empty invariant	2026-08-19T03:07:58.4375200Z 	 - Location: ../../../.rustup/toolchains/nightly-2025-11-21-x86_64-unknown-linux-gnu/lib/rustlib/src/rust/library/core/src/alloc/layout.rs:223:37 in function std::alloc::Layout::dangling
FV-4b required proofs	Prove owner non-empty invariant	2026-08-19T03:07:58.4376002Z 
FV-4b required proofs	Prove owner non-empty invariant	2026-08-19T03:07:58.4376151Z Check 123: std::alloc::Layout::dangling.pointer_dereference.4
FV-4b required proofs	Prove owner non-empty invariant	2026-08-19T03:07:58.4376461Z 	 - Status: SUCCESS
FV-4b required proofs	Prove owner non-empty invariant	2026-08-19T03:07:58.4376688Z 	 - Description: "dereference failure: dead object"
FV-4b required proofs	Prove owner non-empty invariant	2026-08-19T03:07:58.4377463Z 	 - Location: ../../../.rustup/toolchains/nightly-2025-11-21-x86_64-unknown-linux-gnu/lib/rustlib/src/rust/library/core/src/alloc/layout.rs:223:37 in function std::alloc::Layout::dangling
FV-4b required proofs	Prove owner non-empty invariant	2026-08-19T03:07:58.4378130Z 
FV-4b required proofs	Prove owner non-empty invariant	2026-08-19T03:07:58.4378274Z Check 124: std::alloc::Layout::dangling.pointer_dereference.5
FV-4b required proofs	Prove owner non-empty invariant	2026-08-19T03:07:58.4378589Z 	 - Status: SUCCESS
FV-4b required proofs	Prove owner non-empty invariant	2026-08-19T03:07:58.4378871Z 	 - Description: "dereference failure: pointer outside object bounds"
FV-4b required proofs	Prove owner non-empty invariant	2026-08-19T03:07:58.4379706Z 	 - Location: ../../../.rustup/toolchains/nightly-2025-11-21-x86_64-unknown-linux-gnu/lib/rustlib/src/rust/library/core/src/alloc/layout.rs:223:37 in function std::alloc::Layout::dangling
FV-4b required proofs	Prove owner non-empty invariant	2026-08-19T03:07:58.4380379Z 
FV-4b required proofs	Prove owner non-empty invariant	2026-08-19T03:07:58.4380525Z Check 125: std::alloc::Layout::dangling.pointer_dereference.6
FV-4b required proofs	Prove owner non-empty invariant	2026-08-19T03:07:58.4380842Z 	 - Status: SUCCESS
FV-4b required proofs	Prove owner non-empty invariant	2026-08-19T03:07:58.4381112Z 	 - Description: "dereference failure: invalid integer address"
FV-4b required proofs	Prove owner non-empty invariant	2026-08-19T03:07:58.4381924Z 	 - Location: ../../../.rustup/toolchains/nightly-2025-11-21-x86_64-unknown-linux-gnu/lib/rustlib/src/rust/library/core/src/alloc/layout.rs:223:37 in function std::alloc::Layout::dangling
FV-4b required proofs	Prove owner non-empty invariant	2026-08-19T03:07:58.4382591Z 
FV-4b required proofs	Prove owner non-empty invariant	2026-08-19T03:07:58.4382741Z Check 126: alloc::raw_vec::handle_error.pointer_dereference.1
FV-4b required proofs	Prove owner non-empty invariant	2026-08-19T03:07:58.4383053Z 	 - Status: SUCCESS
FV-4b required proofs	Prove owner non-empty invariant	2026-08-19T03:07:58.4383281Z 	 - Description: "dereference failure: dead object"
FV-4b required proofs	Prove owner non-empty invariant	2026-08-19T03:07:58.4384045Z 	 - Location: ../../../.rustup/toolchains/nightly-2025-11-21-x86_64-unknown-linux-gnu/lib/rustlib/src/rust/library/alloc/src/raw_vec/mod.rs:845:11 in function alloc::raw_vec::handle_error
FV-4b required proofs	Prove owner non-empty invariant	2026-08-19T03:07:58.4384716Z 
FV-4b required proofs	Prove owner non-empty invariant	2026-08-19T03:07:58.4384867Z Check 127: std::alloc::Layout::size.pointer_dereference.1
FV-4b required proofs	Prove owner non-empty invariant	2026-08-19T03:07:58.4385179Z 	 - Status: SUCCESS
FV-4b required proofs	Prove owner non-empty invariant	2026-08-19T03:07:58.4385427Z 	 - Description: "dereference failure: pointer NULL"
FV-4b required proofs	Prove owner non-empty invariant	2026-08-19T03:07:58.4386326Z 	 - Location: ../../../.rustup/toolchains/nightly-2025-11-21-x86_64-unknown-linux-gnu/lib/rustlib/src/rust/library/core/src/alloc/layout.rs:140:9 in function std::alloc::Layout::size
FV-4b required proofs	Prove owner non-empty invariant	2026-08-19T03:07:58.4386989Z 
FV-4b required proofs	Prove owner non-empty invariant	2026-08-19T03:07:58.4387128Z Check 128: std::alloc::Layout::size.pointer_dereference.2
FV-4b required proofs	Prove owner non-empty invariant	2026-08-19T03:07:58.4387431Z 	 - Status: SUCCESS
FV-4b required proofs	Prove owner non-empty invariant	2026-08-19T03:07:58.4387675Z 	 - Description: "dereference failure: pointer invalid"
FV-4b required proofs	Prove owner non-empty invariant	2026-08-19T03:07:58.4388457Z 	 - Location: ../../../.rustup/toolchains/nightly-2025-11-21-x86_64-unknown-linux-gnu/lib/rustlib/src/rust/library/core/src/alloc/layout.rs:140:9 in function std::alloc::Layout::size
FV-4b required proofs	Prove owner non-empty invariant	2026-08-19T03:07:58.4389114Z 
FV-4b required proofs	Prove owner non-empty invariant	2026-08-19T03:07:58.4389246Z Check 129: std::alloc::Layout::size.pointer_dereference.3
FV-4b required proofs	Prove owner non-empty invariant	2026-08-19T03:07:58.4389546Z 	 - Status: SUCCESS
FV-4b required proofs	Prove owner non-empty invariant	2026-08-19T03:07:58.4390016Z 	 - Description: "dereference failure: deallocated dynamic object"
FV-4b required proofs	Prove owner non-empty invariant	2026-08-19T03:07:58.4390835Z 	 - Location: ../../../.rustup/toolchains/nightly-2025-11-21-x86_64-unknown-linux-gnu/lib/rustlib/src/rust/library/core/src/alloc/layout.rs:140:9 in function std::alloc::Layout::size
FV-4b required proofs	Prove owner non-empty invariant	2026-08-19T03:07:58.4391489Z 
FV-4b required proofs	Prove owner non-empty invariant	2026-08-19T03:07:58.4391628Z Check 130: std::alloc::Layout::size.pointer_dereference.4
FV-4b required proofs	Prove owner non-empty invariant	2026-08-19T03:07:58.4391928Z 	 - Status: SUCCESS
FV-4b required proofs	Prove owner non-empty invariant	2026-08-19T03:07:58.4392158Z 	 - Description: "dereference failure: dead object"
FV-4b required proofs	Prove owner non-empty invariant	2026-08-19T03:07:58.4392920Z 	 - Location: ../../../.rustup/toolchains/nightly-2025-11-21-x86_64-unknown-linux-gnu/lib/rustlib/src/rust/library/core/src/alloc/layout.rs:140:9 in function std::alloc::Layout::size
FV-4b required proofs	Prove owner non-empty invariant	2026-08-19T03:07:58.4393708Z 
FV-4b required proofs	Prove owner non-empty invariant	2026-08-19T03:07:58.4393851Z Check 131: std::alloc::Layout::size.pointer_dereference.5
FV-4b required proofs	Prove owner non-empty invariant	2026-08-19T03:07:58.4394153Z 	 - Status: SUCCESS
FV-4b required proofs	Prove owner non-empty invariant	2026-08-19T03:07:58.4394440Z 	 - Description: "dereference failure: pointer outside object bounds"
FV-4b required proofs	Prove owner non-empty invariant	2026-08-19T03:07:58.4395276Z 	 - Location: ../../../.rustup/toolchains/nightly-2025-11-21-x86_64-unknown-linux-gnu/lib/rustlib/src/rust/library/core/src/alloc/layout.rs:140:9 in function std::alloc::Layout::size
FV-4b required proofs	Prove owner non-empty invariant	2026-08-19T03:07:58.4396064Z 
FV-4b required proofs	Prove owner non-empty invariant	2026-08-19T03:07:58.4396202Z Check 132: std::alloc::Layout::size.pointer_dereference.6
FV-4b required proofs	Prove owner non-empty invariant	2026-08-19T03:07:58.4396500Z 	 - Status: SUCCESS
FV-4b required proofs	Prove owner non-empty invariant	2026-08-19T03:07:58.4396768Z 	 - Description: "dereference failure: invalid integer address"
FV-4b required proofs	Prove owner non-empty invariant	2026-08-19T03:07:58.4397571Z 	 - Location: ../../../.rustup/toolchains/nightly-2025-11-21-x86_64-unknown-linux-gnu/lib/rustlib/src/rust/library/core/src/alloc/layout.rs:140:9 in function std::alloc::Layout::size
FV-4b required proofs	Prove owner non-empty invariant	2026-08-19T03:07:58.4398230Z 
FV-4b required proofs	Prove owner non-empty invariant	2026-08-19T03:07:58.4398411Z Check 133: alloc::raw_vec::RawVecInner::deallocate.pointer_dereference.1
FV-4b required proofs	Prove owner non-empty invariant	2026-08-19T03:07:58.4398764Z 	 - Status: SUCCESS
FV-4b required proofs	Prove owner non-empty invariant	2026-08-19T03:07:58.4398993Z 	 - Description: "dereference failure: dead object"
FV-4b required proofs	Prove owner non-empty invariant	2026-08-19T03:07:58.4399803Z 	 - Location: ../../../.rustup/toolchains/nightly-2025-11-21-x86_64-unknown-linux-gnu/lib/rustlib/src/rust/library/alloc/src/raw_vec/mod.rs:832:38 in function alloc::raw_vec::RawVecInner::deallocate
FV-4b required proofs	Prove owner non-empty invariant	2026-08-19T03:07:58.4400506Z 
FV-4b required proofs	Prove owner non-empty invariant	2026-08-19T03:07:58.4400673Z Check 134: std::alloc::Layout::pad_to_align.pointer_dereference.1
FV-4b required proofs	Prove owner non-empty invariant	2026-08-19T03:07:58.4401003Z 	 - Status: SUCCESS
FV-4b required proofs	Prove owner non-empty invariant	2026-08-19T03:07:58.4401244Z 	 - Description: "dereference failure: pointer NULL"
FV-4b required proofs	Prove owner non-empty invariant	2026-08-19T03:07:58.4402051Z 	 - Location: ../../../.rustup/toolchains/nightly-2025-11-21-x86_64-unknown-linux-gnu/lib/rustlib/src/rust/library/core/src/alloc/layout.rs:324:61 in function std::alloc::Layout::pad_to_align
FV-4b required proofs	Prove owner non-empty invariant	2026-08-19T03:07:58.4402737Z 
FV-4b required proofs	Prove owner non-empty invariant	2026-08-19T03:07:58.4402900Z Check 135: std::alloc::Layout::pad_to_align.pointer_dereference.2
FV-4b required proofs	Prove owner non-empty invariant	2026-08-19T03:07:58.4403226Z 	 - Status: SUCCESS
FV-4b required proofs	Prove owner non-empty invariant	2026-08-19T03:07:58.4403469Z 	 - Description: "dereference failure: pointer invalid"
FV-4b required proofs	Prove owner non-empty invariant	2026-08-19T03:07:58.4404273Z 	 - Location: ../../../.rustup/toolchains/nightly-2025-11-21-x86_64-unknown-linux-gnu/lib/rustlib/src/rust/library/core/src/alloc/layout.rs:324:61 in function std::alloc::Layout::pad_to_align
FV-4b required proofs	Prove owner non-empty invariant	2026-08-19T03:07:58.4404959Z 
FV-4b required proofs	Prove owner non-empty invariant	2026-08-19T03:07:58.4405113Z Check 136: std::alloc::Layout::pad_to_align.pointer_dereference.3
FV-4b required proofs	Prove owner non-empty invariant	2026-08-19T03:07:58.4405435Z 	 - Status: SUCCESS
FV-4b required proofs	Prove owner non-empty invariant	2026-08-19T03:07:58.4405818Z 	 - Description: "dereference failure: deallocated dynamic object"
FV-4b required proofs	Prove owner non-empty invariant	2026-08-19T03:07:58.4406663Z 	 - Location: ../../../.rustup/toolchains/nightly-2025-11-21-x86_64-unknown-linux-gnu/lib/rustlib/src/rust/library/core/src/alloc/layout.rs:324:61 in function std::alloc::Layout::pad_to_align
FV-4b required proofs	Prove owner non-empty invariant	2026-08-19T03:07:58.4407341Z 
FV-4b required proofs	Prove owner non-empty invariant	2026-08-19T03:07:58.4407495Z Check 137: std::alloc::Layout::pad_to_align.pointer_dereference.4
FV-4b required proofs	Prove owner non-empty invariant	2026-08-19T03:07:58.4407821Z 	 - Status: SUCCESS
FV-4b required proofs	Prove owner non-empty invariant	2026-08-19T03:07:58.4408050Z 	 - Description: "dereference failure: dead object"
FV-4b required proofs	Prove owner non-empty invariant	2026-08-19T03:07:58.4408842Z 	 - Location: ../../../.rustup/toolchains/nightly-2025-11-21-x86_64-unknown-linux-gnu/lib/rustlib/src/rust/library/core/src/alloc/layout.rs:324:61 in function std::alloc::Layout::pad_to_align
FV-4b required proofs	Prove owner non-empty invariant	2026-08-19T03:07:58.4409670Z 
FV-4b required proofs	Prove owner non-empty invariant	2026-08-19T03:07:58.4409826Z Check 138: std::alloc::Layout::pad_to_align.pointer_dereference.5
FV-4b required proofs	Prove owner non-empty invariant	2026-08-19T03:07:58.4410148Z 	 - Status: SUCCESS
FV-4b required proofs	Prove owner non-empty invariant	2026-08-19T03:07:58.4410434Z 	 - Description: "dereference failure: pointer outside object bounds"
FV-4b required proofs	Prove owner non-empty invariant	2026-08-19T03:07:58.4411289Z 	 - Location: ../../../.rustup/toolchains/nightly-2025-11-21-x86_64-unknown-linux-gnu/lib/rustlib/src/rust/library/core/src/alloc/layout.rs:324:61 in function std::alloc::Layout::pad_to_align
FV-4b required proofs	Prove owner non-empty invariant	2026-08-19T03:07:58.4411961Z 
FV-4b required proofs	Prove owner non-empty invariant	2026-08-19T03:07:58.4412122Z Check 139: std::alloc::Layout::pad_to_align.pointer_dereference.6
FV-4b required proofs	Prove owner non-empty invariant	2026-08-19T03:07:58.4412568Z 	 - Status: SUCCESS
FV-4b required proofs	Prove owner non-empty invariant	2026-08-19T03:07:58.4412833Z 	 - Description: "dereference failure: invalid integer address"
FV-4b required proofs	Prove owner non-empty invariant	2026-08-19T03:07:58.4413667Z 	 - Location: ../../../.rustup/toolchains/nightly-2025-11-21-x86_64-unknown-linux-gnu/lib/rustlib/src/rust/library/core/src/alloc/layout.rs:324:61 in function std::alloc::Layout::pad_to_align
FV-4b required proofs	Prove owner non-empty invariant	2026-08-19T03:07:58.4414350Z 
FV-4b required proofs	Prove owner non-empty invariant	2026-08-19T03:07:58.4414605Z Check 140: <std::result::Result<(), EdisonError> as std::cmp::PartialEq>::eq.pointer_dereference.1
FV-4b required proofs	Prove owner non-empty invariant	2026-08-19T03:07:58.4415051Z 	 - Status: SUCCESS
FV-4b required proofs	Prove owner non-empty invariant	2026-08-19T03:07:58.4415291Z 	 - Description: "dereference failure: pointer NULL"
FV-4b required proofs	Prove owner non-empty invariant	2026-08-19T03:07:58.4416295Z 	 - Location: ../../../.rustup/toolchains/nightly-2025-11-21-x86_64-unknown-linux-gnu/lib/rustlib/src/rust/library/core/src/result.rs:553:16 in function <std::result::Result<(), EdisonError> as std::cmp::PartialEq>::eq
FV-4b required proofs	Prove owner non-empty invariant	2026-08-19T03:07:58.4417058Z 
FV-4b required proofs	Prove owner non-empty invariant	2026-08-19T03:07:58.4417307Z Check 141: <std::result::Result<(), EdisonError> as std::cmp::PartialEq>::eq.pointer_dereference.2
FV-4b required proofs	Prove owner non-empty invariant	2026-08-19T03:07:58.4417738Z 	 - Status: SUCCESS
FV-4b required proofs	Prove owner non-empty invariant	2026-08-19T03:07:58.4417982Z 	 - Description: "dereference failure: pointer invalid"
FV-4b required proofs	Prove owner non-empty invariant	2026-08-19T03:07:58.4418863Z 	 - Location: ../../../.rustup/toolchains/nightly-2025-11-21-x86_64-unknown-linux-gnu/lib/rustlib/src/rust/library/core/src/result.rs:553:16 in function <std::result::Result<(), EdisonError> as std::cmp::PartialEq>::eq
FV-4b required proofs	Prove owner non-empty invariant	2026-08-19T03:07:58.4419806Z 
FV-4b required proofs	Prove owner non-empty invariant	2026-08-19T03:07:58.4420141Z Check 142: <std::result::Result<(), EdisonError> as std::cmp::PartialEq>::eq.pointer_dereference.3
FV-4b required proofs	Prove owner non-empty invariant	2026-08-19T03:07:58.4420856Z 	 - Status: SUCCESS
FV-4b required proofs	Prove owner non-empty invariant	2026-08-19T03:07:58.4421309Z 	 - Description: "dereference failure: deallocated dynamic object"
FV-4b required proofs	Prove owner non-empty invariant	2026-08-19T03:07:58.4432608Z 	 - Location: ../../../.rustup/toolchains/nightly-2025-11-21-x86_64-unknown-linux-gnu/lib/rustlib/src/rust/library/core/src/result.rs:553:16 in function <std::result::Result<(), EdisonError> as std::cmp::PartialEq>::eq
FV-4b required proofs	Prove owner non-empty invariant	2026-08-19T03:07:58.4433415Z 
FV-4b required proofs	Prove owner non-empty invariant	2026-08-19T03:07:58.4433717Z Check 143: <std::result::Result<(), EdisonError> as std::cmp::PartialEq>::eq.pointer_dereference.4
FV-4b required proofs	Prove owner non-empty invariant	2026-08-19T03:07:58.4434171Z 	 - Status: SUCCESS
FV-4b required proofs	Prove owner non-empty invariant	2026-08-19T03:07:58.4434418Z 	 - Description: "dereference failure: dead object"
FV-4b required proofs	Prove owner non-empty invariant	2026-08-19T03:07:58.4435316Z 	 - Location: ../../../.rustup/toolchains/nightly-2025-11-21-x86_64-unknown-linux-gnu/lib/rustlib/src/rust/library/core/src/result.rs:553:16 in function <std::result::Result<(), EdisonError> as std::cmp::PartialEq>::eq
FV-4b required proofs	Prove owner non-empty invariant	2026-08-19T03:07:58.4436269Z 
FV-4b required proofs	Prove owner non-empty invariant	2026-08-19T03:07:58.4436543Z Check 144: <std::result::Result<(), EdisonError> as std::cmp::PartialEq>::eq.pointer_dereference.5
FV-4b required proofs	Prove owner non-empty invariant	2026-08-19T03:07:58.4436984Z 	 - Status: SUCCESS
FV-4b required proofs	Prove owner non-empty invariant	2026-08-19T03:07:58.4437278Z 	 - Description: "dereference failure: pointer outside object bounds"
FV-4b required proofs	Prove owner non-empty invariant	2026-08-19T03:07:58.4438214Z 	 - Location: ../../../.rustup/toolchains/nightly-2025-11-21-x86_64-unknown-linux-gnu/lib/rustlib/src/rust/library/core/src/result.rs:553:16 in function <std::result::Result<(), EdisonError> as std::cmp::PartialEq>::eq
FV-4b required proofs	Prove owner non-empty invariant	2026-08-19T03:07:58.4438979Z 
FV-4b required proofs	Prove owner non-empty invariant	2026-08-19T03:07:58.4439230Z Check 145: <std::result::Result<(), EdisonError> as std::cmp::PartialEq>::eq.pointer_dereference.6
FV-4b required proofs	Prove owner non-empty invariant	2026-08-19T03:07:58.4439663Z 	 - Status: SUCCESS
FV-4b required proofs	Prove owner non-empty invariant	2026-08-19T03:07:58.4439941Z 	 - Description: "dereference failure: invalid integer address"
FV-4b required proofs	Prove owner non-empty invariant	2026-08-19T03:07:58.4440855Z 	 - Location: ../../../.rustup/toolchains/nightly-2025-11-21-x86_64-unknown-linux-gnu/lib/rustlib/src/rust/library/core/src/result.rs:553:16 in function <std::result::Result<(), EdisonError> as std::cmp::PartialEq>::eq
FV-4b required proofs	Prove owner non-empty invariant	2026-08-19T03:07:58.4441838Z 
FV-4b required proofs	Prove owner non-empty invariant	2026-08-19T03:07:58.4442092Z Check 146: <std::result::Result<(), EdisonError> as std::cmp::PartialEq>::eq.pointer_dereference.7
FV-4b required proofs	Prove owner non-empty invariant	2026-08-19T03:07:58.4442516Z 	 - Status: SUCCESS
FV-4b required proofs	Prove owner non-empty invariant	2026-08-19T03:07:58.4442756Z 	 - Description: "dereference failure: pointer NULL"
FV-4b required proofs	Prove owner non-empty invariant	2026-08-19T03:07:58.4443630Z 	 - Location: ../../../.rustup/toolchains/nightly-2025-11-21-x86_64-unknown-linux-gnu/lib/rustlib/src/rust/library/core/src/result.rs:553:16 in function <std::result::Result<(), EdisonError> as std::cmp::PartialEq>::eq
FV-4b required proofs	Prove owner non-empty invariant	2026-08-19T03:07:58.4444554Z 
FV-4b required proofs	Prove owner non-empty invariant	2026-08-19T03:07:58.4444807Z Check 147: <std::result::Result<(), EdisonError> as std::cmp::PartialEq>::eq.pointer_dereference.8
FV-4b required proofs	Prove owner non-empty invariant	2026-08-19T03:07:58.4445231Z 	 - Status: SUCCESS
FV-4b required proofs	Prove owner non-empty invariant	2026-08-19T03:07:58.4445472Z 	 - Description: "dereference failure: pointer invalid"
FV-4b required proofs	Prove owner non-empty invariant	2026-08-19T03:07:58.4446483Z 	 - Location: ../../../.rustup/toolchains/nightly-2025-11-21-x86_64-unknown-linux-gnu/lib/rustlib/src/rust/library/core/src/result.rs:553:16 in function <std::result::Result<(), EdisonError> as std::cmp::PartialEq>::eq
FV-4b required proofs	Prove owner non-empty invariant	2026-08-19T03:07:58.4447238Z 
FV-4b required proofs	Prove owner non-empty invariant	2026-08-19T03:07:58.4447491Z Check 148: <std::result::Result<(), EdisonError> as std::cmp::PartialEq>::eq.pointer_dereference.9
FV-4b required proofs	Prove owner non-empty invariant	2026-08-19T03:07:58.4447915Z 	 - Status: SUCCESS
FV-4b required proofs	Prove owner non-empty invariant	2026-08-19T03:07:58.4448197Z 	 - Description: "dereference failure: deallocated dynamic object"
FV-4b required proofs	Prove owner non-empty invariant	2026-08-19T03:07:58.4449104Z 	 - Location: ../../../.rustup/toolchains/nightly-2025-11-21-x86_64-unknown-linux-gnu/lib/rustlib/src/rust/library/core/src/result.rs:553:16 in function <std::result::Result<(), EdisonError> as std::cmp::PartialEq>::eq
FV-4b required proofs	Prove owner non-empty invariant	2026-08-19T03:07:58.4449863Z 
FV-4b required proofs	Prove owner non-empty invariant	2026-08-19T03:07:58.4450115Z Check 149: <std::result::Result<(), EdisonError> as std::cmp::PartialEq>::eq.pointer_dereference.10
FV-4b required proofs	Prove owner non-empty invariant	2026-08-19T03:07:58.4450544Z 	 - Status: SUCCESS
FV-4b required proofs	Prove owner non-empty invariant	2026-08-19T03:07:58.4450772Z 	 - Description: "dereference failure: dead object"
FV-4b required proofs	Prove owner non-empty invariant	2026-08-19T03:07:58.4451638Z 	 - Location: ../../../.rustup/toolchains/nightly-2025-11-21-x86_64-unknown-linux-gnu/lib/rustlib/src/rust/library/core/src/result.rs:553:16 in function <std::result::Result<(), EdisonError> as std::cmp::PartialEq>::eq
FV-4b required proofs	Prove owner non-empty invariant	2026-08-19T03:07:58.4452384Z 
FV-4b required proofs	Prove owner non-empty invariant	2026-08-19T03:07:58.4452638Z Check 150: <std::result::Result<(), EdisonError> as std::cmp::PartialEq>::eq.pointer_dereference.11
FV-4b required proofs	Prove owner non-empty invariant	2026-08-19T03:07:58.4453065Z 	 - Status: SUCCESS
FV-4b required proofs	Prove owner non-empty invariant	2026-08-19T03:07:58.4453354Z 	 - Description: "dereference failure: pointer outside object bounds"
FV-4b required proofs	Prove owner non-empty invariant	2026-08-19T03:07:58.4454285Z 	 - Location: ../../../.rustup/toolchains/nightly-2025-11-21-x86_64-unknown-linux-gnu/lib/rustlib/src/rust/library/core/src/result.rs:553:16 in function <std::result::Result<(), EdisonError> as std::cmp::PartialEq>::eq
FV-4b required proofs	Prove owner non-empty invariant	2026-08-19T03:07:58.4455037Z 
FV-4b required proofs	Prove owner non-empty invariant	2026-08-19T03:07:58.4455292Z Check 151: <std::result::Result<(), EdisonError> as std::cmp::PartialEq>::eq.pointer_dereference.12
FV-4b required proofs	Prove owner non-empty invariant	2026-08-19T03:07:58.4455833Z 	 - Status: SUCCESS
FV-4b required proofs	Prove owner non-empty invariant	2026-08-19T03:07:58.4456101Z 	 - Description: "dereference failure: invalid integer address"
FV-4b required proofs	Prove owner non-empty invariant	2026-08-19T03:07:58.4457000Z 	 - Location: ../../../.rustup/toolchains/nightly-2025-11-21-x86_64-unknown-linux-gnu/lib/rustlib/src/rust/library/core/src/result.rs:553:16 in function <std::result::Result<(), EdisonError> as std::cmp::PartialEq>::eq
FV-4b required proofs	Prove owner non-empty invariant	2026-08-19T03:07:58.4457749Z 
FV-4b required proofs	Prove owner non-empty invariant	2026-08-19T03:07:58.4457993Z Check 152: <std::result::Result<(), EdisonError> as std::cmp::PartialEq>::eq.pointer_dereference.13
FV-4b required proofs	Prove owner non-empty invariant	2026-08-19T03:07:58.4458418Z 	 - Status: SUCCESS
FV-4b required proofs	Prove owner non-empty invariant	2026-08-19T03:07:58.4458650Z 	 - Description: "dereference failure: pointer NULL"
FV-4b required proofs	Prove owner non-empty invariant	2026-08-19T03:07:58.4459522Z 	 - Location: ../../../.rustup/toolchains/nightly-2025-11-21-x86_64-unknown-linux-gnu/lib/rustlib/src/rust/library/core/src/result.rs:553:16 in function <std::result::Result<(), EdisonError> as std::cmp::PartialEq>::eq
FV-4b required proofs	Prove owner non-empty invariant	2026-08-19T03:07:58.4460266Z 
FV-4b required proofs	Prove owner non-empty invariant	2026-08-19T03:07:58.4460516Z Check 153: <std::result::Result<(), EdisonError> as std::cmp::PartialEq>::eq.pointer_dereference.14
FV-4b required proofs	Prove owner non-empty invariant	2026-08-19T03:07:58.4461080Z 	 - Status: SUCCESS
FV-4b required proofs	Prove owner non-empty invariant	2026-08-19T03:07:58.4461322Z 	 - Description: "dereference failure: pointer invalid"
FV-4b required proofs	Prove owner non-empty invariant	2026-08-19T03:07:58.4462192Z 	 - Location: ../../../.rustup/toolchains/nightly-2025-11-21-x86_64-unknown-linux-gnu/lib/rustlib/src/rust/library/core/src/result.rs:553:16 in function <std::result::Result<(), EdisonError> as std::cmp::PartialEq>::eq
FV-4b required proofs	Prove owner non-empty invariant	2026-08-19T03:07:58.4462936Z 
FV-4b required proofs	Prove owner non-empty invariant	2026-08-19T03:07:58.4463189Z Check 154: <std::result::Result<(), EdisonError> as std::cmp::PartialEq>::eq.pointer_dereference.15
FV-4b required proofs	Prove owner non-empty invariant	2026-08-19T03:07:58.4463611Z 	 - Status: SUCCESS
FV-4b required proofs	Prove owner non-empty invariant	2026-08-19T03:07:58.4464006Z 	 - Description: "dereference failure: deallocated dynamic object"
FV-4b required proofs	Prove owner non-empty invariant	2026-08-19T03:07:58.4464918Z 	 - Location: ../../../.rustup/toolchains/nightly-2025-11-21-x86_64-unknown-linux-gnu/lib/rustlib/src/rust/library/core/src/result.rs:553:16 in function <std::result::Result<(), EdisonError> as std::cmp::PartialEq>::eq
FV-4b required proofs	Prove owner non-empty invariant	2026-08-19T03:07:58.4465671Z 
FV-4b required proofs	Prove owner non-empty invariant	2026-08-19T03:07:58.4466083Z Check 155: <std::result::Result<(), EdisonError> as std::cmp::PartialEq>::eq.pointer_dereference.16
FV-4b required proofs	Prove owner non-empty invariant	2026-08-19T03:07:58.4466505Z 	 - Status: SUCCESS
FV-4b required proofs	Prove owner non-empty invariant	2026-08-19T03:07:58.4466730Z 	 - Description: "dereference failure: dead object"
FV-4b required proofs	Prove owner non-empty invariant	2026-08-19T03:07:58.4467590Z 	 - Location: ../../../.rustup/toolchains/nightly-2025-11-21-x86_64-unknown-linux-gnu/lib/rustlib/src/rust/library/core/src/result.rs:553:16 in function <std::result::Result<(), EdisonError> as std::cmp::PartialEq>::eq
FV-4b required proofs	Prove owner non-empty invariant	2026-08-19T03:07:58.4468337Z 
FV-4b required proofs	Prove owner non-empty invariant	2026-08-19T03:07:58.4468582Z Check 156: <std::result::Result<(), EdisonError> as std::cmp::PartialEq>::eq.pointer_dereference.17
FV-4b required proofs	Prove owner non-empty invariant	2026-08-19T03:07:58.4469008Z 	 - Status: SUCCESS
FV-4b required proofs	Prove owner non-empty invariant	2026-08-19T03:07:58.4469290Z 	 - Description: "dereference failure: pointer outside object bounds"
FV-4b required proofs	Prove owner non-empty invariant	2026-08-19T03:07:58.4470215Z 	 - Location: ../../../.rustup/toolchains/nightly-2025-11-21-x86_64-unknown-linux-gnu/lib/rustlib/src/rust/library/core/src/result.rs:553:16 in function <std::result::Result<(), EdisonError> as std::cmp::PartialEq>::eq
FV-4b required proofs	Prove owner non-empty invariant	2026-08-19T03:07:58.4470969Z 
FV-4b required proofs	Prove owner non-empty invariant	2026-08-19T03:07:58.4471218Z Check 157: <std::result::Result<(), EdisonError> as std::cmp::PartialEq>::eq.pointer_dereference.18
FV-4b required proofs	Prove owner non-empty invariant	2026-08-19T03:07:58.4471638Z 	 - Status: SUCCESS
FV-4b required proofs	Prove owner non-empty invariant	2026-08-19T03:07:58.4471907Z 	 - Description: "dereference failure: invalid integer address"
FV-4b required proofs	Prove owner non-empty invariant	2026-08-19T03:07:58.4472809Z 	 - Location: ../../../.rustup/toolchains/nightly-2025-11-21-x86_64-unknown-linux-gnu/lib/rustlib/src/rust/library/core/src/result.rs:553:16 in function <std::result::Result<(), EdisonError> as std::cmp::PartialEq>::eq
FV-4b required proofs	Prove owner non-empty invariant	2026-08-19T03:07:58.4473558Z 
FV-4b required proofs	Prove owner non-empty invariant	2026-08-19T03:07:58.4473806Z Check 158: <std::result::Result<(), EdisonError> as std::cmp::PartialEq>::eq.pointer_dereference.19
FV-4b required proofs	Prove owner non-empty invariant	2026-08-19T03:07:58.4474231Z 	 - Status: SUCCESS
FV-4b required proofs	Prove owner non-empty invariant	2026-08-19T03:07:58.4474463Z 	 - Description: "dereference failure: pointer NULL"
FV-4b required proofs	Prove owner non-empty invariant	2026-08-19T03:07:58.4475331Z 	 - Location: ../../../.rustup/toolchains/nightly-2025-11-21-x86_64-unknown-linux-gnu/lib/rustlib/src/rust/library/core/src/result.rs:553:16 in function <std::result::Result<(), EdisonError> as std::cmp::PartialEq>::eq
FV-4b required proofs	Prove owner non-empty invariant	2026-08-19T03:07:58.4476261Z 
FV-4b required proofs	Prove owner non-empty invariant	2026-08-19T03:07:58.4476512Z Check 159: <std::result::Result<(), EdisonError> as std::cmp::PartialEq>::eq.pointer_dereference.20
FV-4b required proofs	Prove owner non-empty invariant	2026-08-19T03:07:58.4476933Z 	 - Status: SUCCESS
FV-4b required proofs	Prove owner non-empty invariant	2026-08-19T03:07:58.4477170Z 	 - Description: "dereference failure: pointer invalid"
FV-4b required proofs	Prove owner non-empty invariant	2026-08-19T03:07:58.4478039Z 	 - Location: ../../../.rustup/toolchains/nightly-2025-11-21-x86_64-unknown-linux-gnu/lib/rustlib/src/rust/library/core/src/result.rs:553:16 in function <std::result::Result<(), EdisonError> as std::cmp::PartialEq>::eq
FV-4b required proofs	Prove owner non-empty invariant	2026-08-19T03:07:58.4478792Z 
FV-4b required proofs	Prove owner non-empty invariant	2026-08-19T03:07:58.4479042Z Check 160: <std::result::Result<(), EdisonError> as std::cmp::PartialEq>::eq.pointer_dereference.21
FV-4b required proofs	Prove owner non-empty invariant	2026-08-19T03:07:58.4479460Z 	 - Status: SUCCESS
FV-4b required proofs	Prove owner non-empty invariant	2026-08-19T03:07:58.4479734Z 	 - Description: "dereference failure: deallocated dynamic object"
FV-4b required proofs	Prove owner non-empty invariant	2026-08-19T03:07:58.4480639Z 	 - Location: ../../../.rustup/toolchains/nightly-2025-11-21-x86_64-unknown-linux-gnu/lib/rustlib/src/rust/library/core/src/result.rs:553:16 in function <std::result::Result<(), EdisonError> as std::cmp::PartialEq>::eq
FV-4b required proofs	Prove owner non-empty invariant	2026-08-19T03:07:58.4481552Z 
FV-4b required proofs	Prove owner non-empty invariant	2026-08-19T03:07:58.4481808Z Check 161: <std::result::Result<(), EdisonError> as std::cmp::PartialEq>::eq.pointer_dereference.22
FV-4b required proofs	Prove owner non-empty invariant	2026-08-19T03:07:58.4482228Z 	 - Status: SUCCESS
FV-4b required proofs	Prove owner non-empty invariant	2026-08-19T03:07:58.4482453Z 	 - Description: "dereference failure: dead object"
FV-4b required proofs	Prove owner non-empty invariant	2026-08-19T03:07:58.4483311Z 	 - Location: ../../../.rustup/toolchains/nightly-2025-11-21-x86_64-unknown-linux-gnu/lib/rustlib/src/rust/library/core/src/result.rs:553:16 in function <std::result::Result<(), EdisonError> as std::cmp::PartialEq>::eq
FV-4b required proofs	Prove owner non-empty invariant	2026-08-19T03:07:58.4484183Z 
FV-4b required proofs	Prove owner non-empty invariant	2026-08-19T03:07:58.4484428Z Check 162: <std::result::Result<(), EdisonError> as std::cmp::PartialEq>::eq.pointer_dereference.23
FV-4b required proofs	Prove owner non-empty invariant	2026-08-19T03:07:58.4484850Z 	 - Status: SUCCESS
FV-4b required proofs	Prove owner non-empty invariant	2026-08-19T03:07:58.4485130Z 	 - Description: "dereference failure: pointer outside object bounds"
FV-4b required proofs	Prove owner non-empty invariant	2026-08-19T03:07:58.4486182Z 	 - Location: ../../../.rustup/toolchains/nightly-2025-11-21-x86_64-unknown-linux-gnu/lib/rustlib/src/rust/library/core/src/result.rs:553:16 in function <std::result::Result<(), EdisonError> as std::cmp::PartialEq>::eq
FV-4b required proofs	Prove owner non-empty invariant	2026-08-19T03:07:58.4486934Z 
FV-4b required proofs	Prove owner non-empty invariant	2026-08-19T03:07:58.4487179Z Check 163: <std::result::Result<(), EdisonError> as std::cmp::PartialEq>::eq.pointer_dereference.24
FV-4b required proofs	Prove owner non-empty invariant	2026-08-19T03:07:58.4487609Z 	 - Status: SUCCESS
FV-4b required proofs	Prove owner non-empty invariant	2026-08-19T03:07:58.4487875Z 	 - Description: "dereference failure: invalid integer address"
FV-4b required proofs	Prove owner non-empty invariant	2026-08-19T03:07:58.4488784Z 	 - Location: ../../../.rustup/toolchains/nightly-2025-11-21-x86_64-unknown-linux-gnu/lib/rustlib/src/rust/library/core/src/result.rs:553:16 in function <std::result::Result<(), EdisonError> as std::cmp::PartialEq>::eq
FV-4b required proofs	Prove owner non-empty invariant	2026-08-19T03:07:58.4489534Z 
FV-4b required proofs	Prove owner non-empty invariant	2026-08-19T03:07:58.4489791Z Check 164: <std::result::Result<(), EdisonError> as std::cmp::PartialEq>::eq.pointer_dereference.25
FV-4b required proofs	Prove owner non-empty invariant	2026-08-19T03:07:58.4490222Z 	 - Status: SUCCESS
FV-4b required proofs	Prove owner non-empty invariant	2026-08-19T03:07:58.4490460Z 	 - Description: "dereference failure: pointer NULL"
FV-4b required proofs	Prove owner non-empty invariant	2026-08-19T03:07:58.4491332Z 	 - Location: ../../../.rustup/toolchains/nightly-2025-11-21-x86_64-unknown-linux-gnu/lib/rustlib/src/rust/library/core/src/result.rs:553:16 in function <std::result::Result<(), EdisonError> as std::cmp::PartialEq>::eq
FV-4b required proofs	Prove owner non-empty invariant	2026-08-19T03:07:58.4492081Z 
FV-4b required proofs	Prove owner non-empty invariant	2026-08-19T03:07:58.4492329Z Check 165: <std::result::Result<(), EdisonError> as std::cmp::PartialEq>::eq.pointer_dereference.26
FV-4b required proofs	Prove owner non-empty invariant	2026-08-19T03:07:58.4492755Z 	 - Status: SUCCESS
FV-4b required proofs	Prove owner non-empty invariant	2026-08-19T03:07:58.4492996Z 	 - Description: "dereference failure: pointer invalid"
FV-4b required proofs	Prove owner non-empty invariant	2026-08-19T03:07:58.4493868Z 	 - Location: ../../../.rustup/toolchains/nightly-2025-11-21-x86_64-unknown-linux-gnu/lib/rustlib/src/rust/library/core/src/result.rs:553:16 in function <std::result::Result<(), EdisonError> as std::cmp::PartialEq>::eq
FV-4b required proofs	Prove owner non-empty invariant	2026-08-19T03:07:58.4494624Z 
FV-4b required proofs	Prove owner non-empty invariant	2026-08-19T03:07:58.4494872Z Check 166: <std::result::Result<(), EdisonError> as std::cmp::PartialEq>::eq.pointer_dereference.27
FV-4b required proofs	Prove owner non-empty invariant	2026-08-19T03:07:58.4495297Z 	 - Status: SUCCESS
FV-4b required proofs	Prove owner non-empty invariant	2026-08-19T03:07:58.4495583Z 	 - Description: "dereference failure: deallocated dynamic object"
FV-4b required proofs	Prove owner non-empty invariant	2026-08-19T03:07:58.4496611Z 	 - Location: ../../../.rustup/toolchains/nightly-2025-11-21-x86_64-unknown-linux-gnu/lib/rustlib/src/rust/library/core/src/result.rs:553:16 in function <std::result::Result<(), EdisonError> as std::cmp::PartialEq>::eq
FV-4b required proofs	Prove owner non-empty invariant	2026-08-19T03:07:58.4497364Z 
FV-4b required proofs	Prove owner non-empty invariant	2026-08-19T03:07:58.4497616Z Check 167: <std::result::Result<(), EdisonError> as std::cmp::PartialEq>::eq.pointer_dereference.28
FV-4b required proofs	Prove owner non-empty invariant	2026-08-19T03:07:58.4498036Z 	 - Status: SUCCESS
FV-4b required proofs	Prove owner non-empty invariant	2026-08-19T03:07:58.4498261Z 	 - Description: "dereference failure: dead object"
FV-4b required proofs	Prove owner non-empty invariant	2026-08-19T03:07:58.4499130Z 	 - Location: ../../../.rustup/toolchains/nightly-2025-11-21-x86_64-unknown-linux-gnu/lib/rustlib/src/rust/library/core/src/result.rs:553:16 in function <std::result::Result<(), EdisonError> as std::cmp::PartialEq>::eq
FV-4b required proofs	Prove owner non-empty invariant	2026-08-19T03:07:58.4499875Z 
FV-4b required proofs	Prove owner non-empty invariant	2026-08-19T03:07:58.4500128Z Check 168: <std::result::Result<(), EdisonError> as std::cmp::PartialEq>::eq.pointer_dereference.29
FV-4b required proofs	Prove owner non-empty invariant	2026-08-19T03:07:58.4500737Z 	 - Status: SUCCESS
FV-4b required proofs	Prove owner non-empty invariant	2026-08-19T03:07:58.4501022Z 	 - Description: "dereference failure: pointer outside object bounds"
FV-4b required proofs	Prove owner non-empty invariant	2026-08-19T03:07:58.4501949Z 	 - Location: ../../../.rustup/toolchains/nightly-2025-11-21-x86_64-unknown-linux-gnu/lib/rustlib/src/rust/library/core/src/result.rs:553:16 in function <std::result::Result<(), EdisonError> as std::cmp::PartialEq>::eq
FV-4b required proofs	Prove owner non-empty invariant	2026-08-19T03:07:58.4502698Z 
FV-4b required proofs	Prove owner non-empty invariant	2026-08-19T03:07:58.4502944Z Check 169: <std::result::Result<(), EdisonError> as std::cmp::PartialEq>::eq.pointer_dereference.30
FV-4b required proofs	Prove owner non-empty invariant	2026-08-19T03:07:58.4503369Z 	 - Status: SUCCESS
FV-4b required proofs	Prove owner non-empty invariant	2026-08-19T03:07:58.4503771Z 	 - Description: "dereference failure: invalid integer address"
FV-4b required proofs	Prove owner non-empty invariant	2026-08-19T03:07:58.4504681Z 	 - Location: ../../../.rustup/toolchains/nightly-2025-11-21-x86_64-unknown-linux-gnu/lib/rustlib/src/rust/library/core/src/result.rs:553:16 in function <std::result::Result<(), EdisonError> as std::cmp::PartialEq>::eq
FV-4b required proofs	Prove owner non-empty invariant	2026-08-19T03:07:58.4505435Z 
FV-4b required proofs	Prove owner non-empty invariant	2026-08-19T03:07:58.4505623Z Check 170: <std::vec::Vec<u8> as std::ops::Drop>::drop.pointer_dereference.1
FV-4b required proofs	Prove owner non-empty invariant	2026-08-19T03:07:58.4506115Z 	 - Status: SUCCESS
FV-4b required proofs	Prove owner non-empty invariant	2026-08-19T03:07:58.4506357Z 	 - Description: "dereference failure: pointer NULL"
FV-4b required proofs	Prove owner non-empty invariant	2026-08-19T03:07:58.4507193Z 	 - Location: ../../../.rustup/toolchains/nightly-2025-11-21-x86_64-unknown-linux-gnu/lib/rustlib/src/rust/library/alloc/src/vec/mod.rs:4076:81 in function <std::vec::Vec<u8> as std::ops::Drop>::drop
FV-4b required proofs	Prove owner non-empty invariant	2026-08-19T03:07:58.4507887Z 
FV-4b required proofs	Prove owner non-empty invariant	2026-08-19T03:07:58.4508075Z Check 171: <std::vec::Vec<u8> as std::ops::Drop>::drop.pointer_dereference.2
FV-4b required proofs	Prove owner non-empty invariant	2026-08-19T03:07:58.4508427Z 	 - Status: SUCCESS
FV-4b required proofs	Prove owner non-empty invariant	2026-08-19T03:07:58.4508677Z 	 - Description: "dereference failure: pointer invalid"
FV-4b required proofs	Prove owner non-empty invariant	2026-08-19T03:07:58.4509497Z 	 - Location: ../../../.rustup/toolchains/nightly-2025-11-21-x86_64-unknown-linux-gnu/lib/rustlib/src/rust/library/alloc/src/vec/mod.rs:4076:81 in function <std::vec::Vec<u8> as std::ops::Drop>::drop
FV-4b required proofs	Prove owner non-empty invariant	2026-08-19T03:07:58.4510185Z 
FV-4b required proofs	Prove owner non-empty invariant	2026-08-19T03:07:58.4510365Z Check 172: <std::vec::Vec<u8> as std::ops::Drop>::drop.pointer_dereference.3
FV-4b required proofs	Prove owner non-empty invariant	2026-08-19T03:07:58.4510719Z 	 - Status: SUCCESS
FV-4b required proofs	Prove owner non-empty invariant	2026-08-19T03:07:58.4510999Z 	 - Description: "dereference failure: deallocated dynamic object"
FV-4b required proofs	Prove owner non-empty invariant	2026-08-19T03:07:58.4511853Z 	 - Location: ../../../.rustup/toolchains/nightly-2025-11-21-x86_64-unknown-linux-gnu/lib/rustlib/src/rust/library/alloc/src/vec/mod.rs:4076:81 in function <std::vec::Vec<u8> as std::ops::Drop>::drop
FV-4b required proofs	Prove owner non-empty invariant	2026-08-19T03:07:58.4512545Z 
FV-4b required proofs	Prove owner non-empty invariant	2026-08-19T03:07:58.4512719Z Check 173: <std::vec::Vec<u8> as std::ops::Drop>::drop.pointer_dereference.4
FV-4b required proofs	Prove owner non-empty invariant	2026-08-19T03:07:58.4513067Z 	 - Status: SUCCESS
FV-4b required proofs	Prove owner non-empty invariant	2026-08-19T03:07:58.4513297Z 	 - Description: "dereference failure: dead object"
FV-4b required proofs	Prove owner non-empty invariant	2026-08-19T03:07:58.4514104Z 	 - Location: ../../../.rustup/toolchains/nightly-2025-11-21-x86_64-unknown-linux-gnu/lib/rustlib/src/rust/library/alloc/src/vec/mod.rs:4076:81 in function <std::vec::Vec<u8> as std::ops::Drop>::drop
FV-4b required proofs	Prove owner non-empty invariant	2026-08-19T03:07:58.4514799Z 
FV-4b required proofs	Prove owner non-empty invariant	2026-08-19T03:07:58.4514971Z Check 174: <std::vec::Vec<u8> as std::ops::Drop>::drop.pointer_dereference.5
FV-4b required proofs	Prove owner non-empty invariant	2026-08-19T03:07:58.4515316Z 	 - Status: SUCCESS
FV-4b required proofs	Prove owner non-empty invariant	2026-08-19T03:07:58.4515599Z 	 - Description: "dereference failure: pointer outside object bounds"
FV-4b required proofs	Prove owner non-empty invariant	2026-08-19T03:07:58.4516581Z 	 - Location: ../../../.rustup/toolchains/nightly-2025-11-21-x86_64-unknown-linux-gnu/lib/rustlib/src/rust/library/alloc/src/vec/mod.rs:4076:81 in function <std::vec::Vec<u8> as std::ops::Drop>::drop
FV-4b required proofs	Prove owner non-empty invariant	2026-08-19T03:07:58.4517268Z 
FV-4b required proofs	Prove owner non-empty invariant	2026-08-19T03:07:58.4517443Z Check 175: <std::vec::Vec<u8> as std::ops::Drop>::drop.pointer_dereference.6
FV-4b required proofs	Prove owner non-empty invariant	2026-08-19T03:07:58.4517791Z 	 - Status: SUCCESS
FV-4b required proofs	Prove owner non-empty invariant	2026-08-19T03:07:58.4518055Z 	 - Description: "dereference failure: invalid integer address"
FV-4b required proofs	Prove owner non-empty invariant	2026-08-19T03:07:58.4518901Z 	 - Location: ../../../.rustup/toolchains/nightly-2025-11-21-x86_64-unknown-linux-gnu/lib/rustlib/src/rust/library/alloc/src/vec/mod.rs:4076:81 in function <std::vec::Vec<u8> as std::ops::Drop>::drop
FV-4b required proofs	Prove owner non-empty invariant	2026-08-19T03:07:58.4519584Z 
FV-4b required proofs	Prove owner non-empty invariant	2026-08-19T03:07:58.4519780Z Check 176: std::result::Result::<(), EdisonError>::is_ok.pointer_dereference.1
FV-4b required proofs	Prove owner non-empty invariant	2026-08-19T03:07:58.4520283Z 	 - Status: SUCCESS
FV-4b required proofs	Prove owner non-empty invariant	2026-08-19T03:07:58.4520519Z 	 - Description: "dereference failure: pointer NULL"
FV-4b required proofs	Prove owner non-empty invariant	2026-08-19T03:07:58.4521324Z 	 - Location: ../../../.rustup/toolchains/nightly-2025-11-21-x86_64-unknown-linux-gnu/lib/rustlib/src/rust/library/core/src/result.rs:594:18 in function std::result::Result::<(), EdisonError>::is_ok
FV-4b required proofs	Prove owner non-empty invariant	2026-08-19T03:07:58.4522014Z 
FV-4b required proofs	Prove owner non-empty invariant	2026-08-19T03:07:58.4522202Z Check 177: std::result::Result::<(), EdisonError>::is_ok.pointer_dereference.2
FV-4b required proofs	Prove owner non-empty invariant	2026-08-19T03:07:58.4522565Z 	 - Status: SUCCESS
FV-4b required proofs	Prove owner non-empty invariant	2026-08-19T03:07:58.4522811Z 	 - Description: "dereference failure: pointer invalid"
FV-4b required proofs	Prove owner non-empty invariant	2026-08-19T03:07:58.4523755Z 	 - Location: ../../../.rustup/toolchains/nightly-2025-11-21-x86_64-unknown-linux-gnu/lib/rustlib/src/rust/library/core/src/result.rs:594:18 in function std::result::Result::<(), EdisonError>::is_ok
FV-4b required proofs	Prove owner non-empty invariant	2026-08-19T03:07:58.4524445Z 
FV-4b required proofs	Prove owner non-empty invariant	2026-08-19T03:07:58.4524637Z Check 178: std::result::Result::<(), EdisonError>::is_ok.pointer_dereference.3
FV-4b required proofs	Prove owner non-empty invariant	2026-08-19T03:07:58.4525021Z 	 - Status: SUCCESS
FV-4b required proofs	Prove owner non-empty invariant	2026-08-19T03:07:58.4525313Z 	 - Description: "dereference failure: deallocated dynamic object"
FV-4b required proofs	Prove owner non-empty invariant	2026-08-19T03:07:58.4526299Z 	 - Location: ../../../.rustup/toolchains/nightly-2025-11-21-x86_64-unknown-linux-gnu/lib/rustlib/src/rust/library/core/src/result.rs:594:18 in function std::result::Result::<(), EdisonError>::is_ok
FV-4b required proofs	Prove owner non-empty invariant	2026-08-19T03:07:58.4527000Z 
FV-4b required proofs	Prove owner non-empty invariant	2026-08-19T03:07:58.4527203Z Check 179: std::result::Result::<(), EdisonError>::is_ok.pointer_dereference.4
FV-4b required proofs	Prove owner non-empty invariant	2026-08-19T03:07:58.4527571Z 	 - Status: SUCCESS
FV-4b required proofs	Prove owner non-empty invariant	2026-08-19T03:07:58.4527805Z 	 - Description: "dereference failure: dead object"
FV-4b required proofs	Prove owner non-empty invariant	2026-08-19T03:07:58.4528621Z 	 - Location: ../../../.rustup/toolchains/nightly-2025-11-21-x86_64-unknown-linux-gnu/lib/rustlib/src/rust/library/core/src/result.rs:594:18 in function std::result::Result::<(), EdisonError>::is_ok
FV-4b required proofs	Prove owner non-empty invariant	2026-08-19T03:07:58.4529307Z 
FV-4b required proofs	Prove owner non-empty invariant	2026-08-19T03:07:58.4529502Z Check 180: std::result::Result::<(), EdisonError>::is_ok.pointer_dereference.5
FV-4b required proofs	Prove owner non-empty invariant	2026-08-19T03:07:58.4529874Z 	 - Status: SUCCESS
FV-4b required proofs	Prove owner non-empty invariant	2026-08-19T03:07:58.4530167Z 	 - Description: "dereference failure: pointer outside object bounds"
FV-4b required proofs	Prove owner non-empty invariant	2026-08-19T03:07:58.4531028Z 	 - Location: ../../../.rustup/toolchains/nightly-2025-11-21-x86_64-unknown-linux-gnu/lib/rustlib/src/rust/library/core/src/result.rs:594:18 in function std::result::Result::<(), EdisonError>::is_ok
FV-4b required proofs	Prove owner non-empty invariant	2026-08-19T03:07:58.4531716Z 
FV-4b required proofs	Prove owner non-empty invariant	2026-08-19T03:07:58.4531901Z Check 181: std::result::Result::<(), EdisonError>::is_ok.pointer_dereference.6
FV-4b required proofs	Prove owner non-empty invariant	2026-08-19T03:07:58.4532265Z 	 - Status: SUCCESS
FV-4b required proofs	Prove owner non-empty invariant	2026-08-19T03:07:58.4532533Z 	 - Description: "dereference failure: invalid integer address"
FV-4b required proofs	Prove owner non-empty invariant	2026-08-19T03:07:58.4533372Z 	 - Location: ../../../.rustup/toolchains/nightly-2025-11-21-x86_64-unknown-linux-gnu/lib/rustlib/src/rust/library/core/src/result.rs:594:18 in function std::result::Result::<(), EdisonError>::is_ok
FV-4b required proofs	Prove owner non-empty invariant	2026-08-19T03:07:58.4534055Z 
FV-4b required proofs	Prove owner non-empty invariant	2026-08-19T03:07:58.4534395Z Check 182: <std::result::Result<std::ptr::NonNull<u8>, std::alloc::AllocError> as std::ops::Try>::branch.pointer_dereference.1
FV-4b required proofs	Prove owner non-empty invariant	2026-08-19T03:07:58.4534910Z 	 - Status: SUCCESS
FV-4b required proofs	Prove owner non-empty invariant	2026-08-19T03:07:58.4535132Z 	 - Description: "dereference failure: dead object"
FV-4b required proofs	Prove owner non-empty invariant	2026-08-19T03:07:58.4536215Z 	 - Location: ../../../.rustup/toolchains/nightly-2025-11-21-x86_64-unknown-linux-gnu/lib/rustlib/src/rust/library/core/src/result.rs:2173:15 in function <std::result::Result<std::ptr::NonNull<u8>, std::alloc::AllocError> as std::ops::Try>::branch
FV-4b required proofs	Prove owner non-empty invariant	2026-08-19T03:07:58.4537084Z 
FV-4b required proofs	Prove owner non-empty invariant	2026-08-19T03:07:58.4537428Z Check 183: <std::result::Result<std::ptr::NonNull<u8>, std::alloc::AllocError> as std::ops::Try>::branch.pointer_dereference.2
FV-4b required proofs	Prove owner non-empty invariant	2026-08-19T03:07:58.4537941Z 	 - Status: SUCCESS
FV-4b required proofs	Prove owner non-empty invariant	2026-08-19T03:07:58.4538172Z 	 - Description: "dereference failure: dead object"
FV-4b required proofs	Prove owner non-empty invariant	2026-08-19T03:07:58.4539120Z 	 - Location: ../../../.rustup/toolchains/nightly-2025-11-21-x86_64-unknown-linux-gnu/lib/rustlib/src/rust/library/core/src/result.rs:2175:23 in function <std::result::Result<std::ptr::NonNull<u8>, std::alloc::AllocError> as std::ops::Try>::branch
FV-4b required proofs	Prove owner non-empty invariant	2026-08-19T03:07:58.4540096Z 
FV-4b required proofs	Prove owner non-empty invariant	2026-08-19T03:07:58.4540279Z Check 184: std::alloc::Layout::is_size_align_valid.pointer_dereference.1
FV-4b required proofs	Prove owner non-empty invariant	2026-08-19T03:07:58.4540629Z 	 - Status: SUCCESS
FV-4b required proofs	Prove owner non-empty invariant	2026-08-19T03:07:58.4540856Z 	 - Description: "dereference failure: dead object"
FV-4b required proofs	Prove owner non-empty invariant	2026-08-19T03:07:58.4541664Z 	 - Location: ../../../.rustup/toolchains/nightly-2025-11-21-x86_64-unknown-linux-gnu/lib/rustlib/src/rust/library/core/src/alloc/layout.rs:69:27 in function std::alloc::Layout::is_size_align_valid
FV-4b required proofs	Prove owner non-empty invariant	2026-08-19T03:07:58.4542362Z 
FV-4b required proofs	Prove owner non-empty invariant	2026-08-19T03:07:58.4542640Z Check 185: <std::collections::TryReserveErrorKind as std::clone::Clone>::clone.pointer_dereference.1
FV-4b required proofs	Prove owner non-empty invariant	2026-08-19T03:07:58.4543220Z 	 - Status: SUCCESS
FV-4b required proofs	Prove owner non-empty invariant	2026-08-19T03:07:58.4543454Z 	 - Description: "dereference failure: pointer NULL"
FV-4b required proofs	Prove owner non-empty invariant	2026-08-19T03:07:58.4544415Z 	 - Location: ../../../.rustup/toolchains/nightly-2025-11-21-x86_64-unknown-linux-gnu/lib/rustlib/src/rust/library/alloc/src/collections/mod.rs:93:10 in function <std::collections::TryReserveErrorKind as std::clone::Clone>::clone
FV-4b required proofs	Prove owner non-empty invariant	2026-08-19T03:07:58.4545225Z 
FV-4b required proofs	Prove owner non-empty invariant	2026-08-19T03:07:58.4545504Z Check 186: <std::collections::TryReserveErrorKind as std::clone::Clone>::clone.pointer_dereference.2
FV-4b required proofs	Prove owner non-empty invariant	2026-08-19T03:07:58.4546077Z 	 - Status: SUCCESS
FV-4b required proofs	Prove owner non-empty invariant	2026-08-19T03:07:58.4546321Z 	 - Description: "dereference failure: pointer invalid"
FV-4b required proofs	Prove owner non-empty invariant	2026-08-19T03:07:58.4547248Z 	 - Location: ../../../.rustup/toolchains/nightly-2025-11-21-x86_64-unknown-linux-gnu/lib/rustlib/src/rust/library/alloc/src/collections/mod.rs:93:10 in function <std::collections::TryReserveErrorKind as std::clone::Clone>::clone
FV-4b required proofs	Prove owner non-empty invariant	2026-08-19T03:07:58.4548048Z 
FV-4b required proofs	Prove owner non-empty invariant	2026-08-19T03:07:58.4548329Z Check 187: <std::collections::TryReserveErrorKind as std::clone::Clone>::clone.pointer_dereference.3
FV-4b required proofs	Prove owner non-empty invariant	2026-08-19T03:07:58.4548773Z 	 - Status: SUCCESS
FV-4b required proofs	Prove owner non-empty invariant	2026-08-19T03:07:58.4549052Z 	 - Description: "dereference failure: deallocated dynamic object"
FV-4b required proofs	Prove owner non-empty invariant	2026-08-19T03:07:58.4550017Z 	 - Location: ../../../.rustup/toolchains/nightly-2025-11-21-x86_64-unknown-linux-gnu/lib/rustlib/src/rust/library/alloc/src/collections/mod.rs:93:10 in function <std::collections::TryReserveErrorKind as std::clone::Clone>::clone
FV-4b required proofs	Prove owner non-empty invariant	2026-08-19T03:07:58.4550826Z 
FV-4b required proofs	Prove owner non-empty invariant	2026-08-19T03:07:58.4551094Z Check 188: <std::collections::TryReserveErrorKind as std::clone::Clone>::clone.pointer_dereference.4
FV-4b required proofs	Prove owner non-empty invariant	2026-08-19T03:07:58.4551540Z 	 - Status: SUCCESS
FV-4b required proofs	Prove owner non-empty invariant	2026-08-19T03:07:58.4551770Z 	 - Description: "dereference failure: dead object"
FV-4b required proofs	Prove owner non-empty invariant	2026-08-19T03:07:58.4552675Z 	 - Location: ../../../.rustup/toolchains/nightly-2025-11-21-x86_64-unknown-linux-gnu/lib/rustlib/src/rust/library/alloc/src/collections/mod.rs:93:10 in function <std::collections::TryReserveErrorKind as std::clone::Clone>::clone
FV-4b required proofs	Prove owner non-empty invariant	2026-08-19T03:07:58.4553485Z 
FV-4b required proofs	Prove owner non-empty invariant	2026-08-19T03:07:58.4553756Z Check 189: <std::collections::TryReserveErrorKind as std::clone::Clone>::clone.pointer_dereference.5
FV-4b required proofs	Prove owner non-empty invariant	2026-08-19T03:07:58.4554206Z 	 - Status: SUCCESS
FV-4b required proofs	Prove owner non-empty invariant	2026-08-19T03:07:58.4554494Z 	 - Description: "dereference failure: pointer outside object bounds"
FV-4b required proofs	Prove owner non-empty invariant	2026-08-19T03:07:58.4555469Z 	 - Location: ../../../.rustup/toolchains/nightly-2025-11-21-x86_64-unknown-linux-gnu/lib/rustlib/src/rust/library/alloc/src/collections/mod.rs:93:10 in function <std::collections::TryReserveErrorKind as std::clone::Clone>::clone
FV-4b required proofs	Prove owner non-empty invariant	2026-08-19T03:07:58.4556414Z 
FV-4b required proofs	Prove owner non-empty invariant	2026-08-19T03:07:58.4556692Z Check 190: <std::collections::TryReserveErrorKind as std::clone::Clone>::clone.pointer_dereference.6
FV-4b required proofs	Prove owner non-empty invariant	2026-08-19T03:07:58.4557137Z 	 - Status: SUCCESS
FV-4b required proofs	Prove owner non-empty invariant	2026-08-19T03:07:58.4557404Z 	 - Description: "dereference failure: invalid integer address"
FV-4b required proofs	Prove owner non-empty invariant	2026-08-19T03:07:58.4558359Z 	 - Location: ../../../.rustup/toolchains/nightly-2025-11-21-x86_64-unknown-linux-gnu/lib/rustlib/src/rust/library/alloc/src/collections/mod.rs:93:10 in function <std::collections::TryReserveErrorKind as std::clone::Clone>::clone
FV-4b required proofs	Prove owner non-empty invariant	2026-08-19T03:07:58.4559169Z 
FV-4b required proofs	Prove owner non-empty invariant	2026-08-19T03:07:58.4559440Z Check 191: <std::collections::TryReserveErrorKind as std::clone::Clone>::clone.pointer_dereference.7
FV-4b required proofs	Prove owner non-empty invariant	2026-08-19T03:07:58.4559884Z 	 - Status: SUCCESS
FV-4b required proofs	Prove owner non-empty invariant	2026-08-19T03:07:58.4560106Z 	 - Description: "dereference failure: dead object"
FV-4b required proofs	Prove owner non-empty invariant	2026-08-19T03:07:58.4561167Z 	 - Location: ../../../.rustup/toolchains/nightly-2025-11-21-x86_64-unknown-linux-gnu/lib/rustlib/src/rust/library/alloc/src/collections/mod.rs:93:10 in function <std::collections::TryReserveErrorKind as std::clone::Clone>::clone
FV-4b required proofs	Prove owner non-empty invariant	2026-08-19T03:07:58.4561969Z 
FV-4b required proofs	Prove owner non-empty invariant	2026-08-19T03:07:58.4562161Z Check 192: alloc::raw_vec::RawVecInner::current_memory.pointer_dereference.1
FV-4b required proofs	Prove owner non-empty invariant	2026-08-19T03:07:58.4562525Z 	 - Status: SUCCESS
FV-4b required proofs	Prove owner non-empty invariant	2026-08-19T03:07:58.4562758Z 	 - Description: "dereference failure: pointer NULL"
FV-4b required proofs	Prove owner non-empty invariant	2026-08-19T03:07:58.4563588Z 	 - Location: ../../../.rustup/toolchains/nightly-2025-11-21-x86_64-unknown-linux-gnu/lib/rustlib/src/rust/library/alloc/src/raw_vec/mod.rs:523:39 in function alloc::raw_vec::RawVecInner::current_memory
FV-4b required proofs	Prove owner non-empty invariant	2026-08-19T03:07:58.4564422Z 
FV-4b required proofs	Prove owner non-empty invariant	2026-08-19T03:07:58.4564617Z Check 193: alloc::raw_vec::RawVecInner::current_memory.pointer_dereference.2
FV-4b required proofs	Prove owner non-empty invariant	2026-08-19T03:07:58.4564978Z 	 - Status: SUCCESS
FV-4b required proofs	Prove owner non-empty invariant	2026-08-19T03:07:58.4565216Z 	 - Description: "dereference failure: pointer invalid"
FV-4b required proofs	Prove owner non-empty invariant	2026-08-19T03:07:58.4566183Z 	 - Location: ../../../.rustup/toolchains/nightly-2025-11-21-x86_64-unknown-linux-gnu/lib/rustlib/src/rust/library/alloc/src/raw_vec/mod.rs:523:39 in function alloc::raw_vec::RawVecInner::current_memory
FV-4b required proofs	Prove owner non-empty invariant	2026-08-19T03:07:58.4566906Z 
FV-4b required proofs	Prove owner non-empty invariant	2026-08-19T03:07:58.4567110Z Check 194: alloc::raw_vec::RawVecInner::current_memory.pointer_dereference.3
FV-4b required proofs	Prove owner non-empty invariant	2026-08-19T03:07:58.4567482Z 	 - Status: SUCCESS
FV-4b required proofs	Prove owner non-empty invariant	2026-08-19T03:07:58.4567768Z 	 - Description: "dereference failure: deallocated dynamic object"
FV-4b required proofs	Prove owner non-empty invariant	2026-08-19T03:07:58.4568641Z 	 - Location: ../../../.rustup/toolchains/nightly-2025-11-21-x86_64-unknown-linux-gnu/lib/rustlib/src/rust/library/alloc/src/raw_vec/mod.rs:523:39 in function alloc::raw_vec::RawVecInner::current_memory
FV-4b required proofs	Prove owner non-empty invariant	2026-08-19T03:07:58.4569354Z 
FV-4b required proofs	Prove owner non-empty invariant	2026-08-19T03:07:58.4569545Z Check 195: alloc::raw_vec::RawVecInner::current_memory.pointer_dereference.4
FV-4b required proofs	Prove owner non-empty invariant	2026-08-19T03:07:58.4569907Z 	 - Status: SUCCESS
FV-4b required proofs	Prove owner non-empty invariant	2026-08-19T03:07:58.4570134Z 	 - Description: "dereference failure: dead object"
FV-4b required proofs	Prove owner non-empty invariant	2026-08-19T03:07:58.4570957Z 	 - Location: ../../../.rustup/toolchains/nightly-2025-11-21-x86_64-unknown-linux-gnu/lib/rustlib/src/rust/library/alloc/src/raw_vec/mod.rs:523:39 in function alloc::raw_vec::RawVecInner::current_memory
FV-4b required proofs	Prove owner non-empty invariant	2026-08-19T03:07:58.4571664Z 
FV-4b required proofs	Prove owner non-empty invariant	2026-08-19T03:07:58.4571850Z Check 196: alloc::raw_vec::RawVecInner::current_memory.pointer_dereference.5
FV-4b required proofs	Prove owner non-empty invariant	2026-08-19T03:07:58.4572209Z 	 - Status: SUCCESS
FV-4b required proofs	Prove owner non-empty invariant	2026-08-19T03:07:58.4572498Z 	 - Description: "dereference failure: pointer outside object bounds"
FV-4b required proofs	Prove owner non-empty invariant	2026-08-19T03:07:58.4573382Z 	 - Location: ../../../.rustup/toolchains/nightly-2025-11-21-x86_64-unknown-linux-gnu/lib/rustlib/src/rust/library/alloc/src/raw_vec/mod.rs:523:39 in function alloc::raw_vec::RawVecInner::current_memory
FV-4b required proofs	Prove owner non-empty invariant	2026-08-19T03:07:58.4574079Z 
FV-4b required proofs	Prove owner non-empty invariant	2026-08-19T03:07:58.4574271Z Check 197: alloc::raw_vec::RawVecInner::current_memory.pointer_dereference.6
FV-4b required proofs	Prove owner non-empty invariant	2026-08-19T03:07:58.4574631Z 	 - Status: SUCCESS
FV-4b required proofs	Prove owner non-empty invariant	2026-08-19T03:07:58.4574898Z 	 - Description: "dereference failure: invalid integer address"
FV-4b required proofs	Prove owner non-empty invariant	2026-08-19T03:07:58.4575870Z 	 - Location: ../../../.rustup/toolchains/nightly-2025-11-21-x86_64-unknown-linux-gnu/lib/rustlib/src/rust/library/alloc/src/raw_vec/mod.rs:523:39 in function alloc::raw_vec::RawVecInner::current_memory
FV-4b required proofs	Prove owner non-empty invariant	2026-08-19T03:07:58.4576568Z 
FV-4b required proofs	Prove owner non-empty invariant	2026-08-19T03:07:58.4576764Z Check 198: alloc::raw_vec::RawVecInner::current_memory.pointer_dereference.7
FV-4b required proofs	Prove owner non-empty invariant	2026-08-19T03:07:58.4577127Z 	 - Status: SUCCESS
FV-4b required proofs	Prove owner non-empty invariant	2026-08-19T03:07:58.4577363Z 	 - Description: "dereference failure: pointer NULL"
FV-4b required proofs	Prove owner non-empty invariant	2026-08-19T03:07:58.4578184Z 	 - Location: ../../../.rustup/toolchains/nightly-2025-11-21-x86_64-unknown-linux-gnu/lib/rustlib/src/rust/library/alloc/src/raw_vec/mod.rs:531:67 in function alloc::raw_vec::RawVecInner::current_memory
FV-4b required proofs	Prove owner non-empty invariant	2026-08-19T03:07:58.4578891Z 
FV-4b required proofs	Prove owner non-empty invariant	2026-08-19T03:07:58.4579077Z Check 199: alloc::raw_vec::RawVecInner::current_memory.pointer_dereference.8
FV-4b required proofs	Prove owner non-empty invariant	2026-08-19T03:07:58.4579437Z 	 - Status: SUCCESS
FV-4b required proofs	Prove owner non-empty invariant	2026-08-19T03:07:58.4579678Z 	 - Description: "dereference failure: pointer invalid"
FV-4b required proofs	Prove owner non-empty invariant	2026-08-19T03:07:58.4580664Z 	 - Location: ../../../.rustup/toolchains/nightly-2025-11-21-x86_64-unknown-linux-gnu/lib/rustlib/src/rust/library/alloc/src/raw_vec/mod.rs:531:67 in function alloc::raw_vec::RawVecInner::current_memory
FV-4b required proofs	Prove owner non-empty invariant	2026-08-19T03:07:58.4581370Z 
FV-4b required proofs	Prove owner non-empty invariant	2026-08-19T03:07:58.4581558Z Check 200: alloc::raw_vec::RawVecInner::current_memory.pointer_dereference.9
FV-4b required proofs	Prove owner non-empty invariant	2026-08-19T03:07:58.4581924Z 	 - Status: SUCCESS
FV-4b required proofs	Prove owner non-empty invariant	2026-08-19T03:07:58.4582195Z 	 - Description: "dereference failure: deallocated dynamic object"
FV-4b required proofs	Prove owner non-empty invariant	2026-08-19T03:07:58.4583066Z 	 - Location: ../../../.rustup/toolchains/nightly-2025-11-21-x86_64-unknown-linux-gnu/lib/rustlib/src/rust/library/alloc/src/raw_vec/mod.rs:531:67 in function alloc::raw_vec::RawVecInner::current_memory
FV-4b required proofs	Prove owner non-empty invariant	2026-08-19T03:07:58.4583907Z 
FV-4b required proofs	Prove owner non-empty invariant	2026-08-19T03:07:58.4584110Z Check 201: alloc::raw_vec::RawVecInner::current_memory.pointer_dereference.10
FV-4b required proofs	Prove owner non-empty invariant	2026-08-19T03:07:58.4584481Z 	 - Status: SUCCESS
FV-4b required proofs	Prove owner non-empty invariant	2026-08-19T03:07:58.4584707Z 	 - Description: "dereference failure: dead object"
FV-4b required proofs	Prove owner non-empty invariant	2026-08-19T03:07:58.4585538Z 	 - Location: ../../../.rustup/toolchains/nightly-2025-11-21-x86_64-unknown-linux-gnu/lib/rustlib/src/rust/library/alloc/src/raw_vec/mod.rs:531:67 in function alloc::raw_vec::RawVecInner::current_memory
FV-4b required proofs	Prove owner non-empty invariant	2026-08-19T03:07:58.4586380Z 
FV-4b required proofs	Prove owner non-empty invariant	2026-08-19T03:07:58.4586589Z Check 202: alloc::raw_vec::RawVecInner::current_memory.pointer_dereference.11
FV-4b required proofs	Prove owner non-empty invariant	2026-08-19T03:07:58.4586959Z 	 - Status: SUCCESS
FV-4b required proofs	Prove owner non-empty invariant	2026-08-19T03:07:58.4587246Z 	 - Description: "dereference failure: pointer outside object bounds"
FV-4b required proofs	Prove owner non-empty invariant	2026-08-19T03:07:58.4588120Z 	 - Location: ../../../.rustup/toolchains/nightly-2025-11-21-x86_64-unknown-linux-gnu/lib/rustlib/src/rust/library/alloc/src/raw_vec/mod.rs:531:67 in function alloc::raw_vec::RawVecInner::current_memory
FV-4b required proofs	Prove owner non-empty invariant	2026-08-19T03:07:58.4588829Z 
FV-4b required proofs	Prove owner non-empty invariant	2026-08-19T03:07:58.4589021Z Check 203: alloc::raw_vec::RawVecInner::current_memory.pointer_dereference.12
FV-4b required proofs	Prove owner non-empty invariant	2026-08-19T03:07:58.4589385Z 	 - Status: SUCCESS
FV-4b required proofs	Prove owner non-empty invariant	2026-08-19T03:07:58.4589656Z 	 - Description: "dereference failure: invalid integer address"
FV-4b required proofs	Prove owner non-empty invariant	2026-08-19T03:07:58.4590514Z 	 - Location: ../../../.rustup/toolchains/nightly-2025-11-21-x86_64-unknown-linux-gnu/lib/rustlib/src/rust/library/alloc/src/raw_vec/mod.rs:531:67 in function alloc::raw_vec::RawVecInner::current_memory
FV-4b required proofs	Prove owner non-empty invariant	2026-08-19T03:07:58.4591223Z 
FV-4b required proofs	Prove owner non-empty invariant	2026-08-19T03:07:58.4591423Z Check 204: alloc::raw_vec::RawVecInner::current_memory.pointer_dereference.13
FV-4b required proofs	Prove owner non-empty invariant	2026-08-19T03:07:58.4591788Z 	 - Status: SUCCESS
FV-4b required proofs	Prove owner non-empty invariant	2026-08-19T03:07:58.4592024Z 	 - Description: "dereference failure: pointer NULL"
FV-4b required proofs	Prove owner non-empty invariant	2026-08-19T03:07:58.4592844Z 	 - Location: ../../../.rustup/toolchains/nightly-2025-11-21-x86_64-unknown-linux-gnu/lib/rustlib/src/rust/library/alloc/src/raw_vec/mod.rs:533:23 in function alloc::raw_vec::RawVecInner::current_memory
FV-4b required proofs	Prove owner non-empty invariant	2026-08-19T03:07:58.4593545Z 
FV-4b required proofs	Prove owner non-empty invariant	2026-08-19T03:07:58.4593740Z Check 205: alloc::raw_vec::RawVecInner::current_memory.pointer_dereference.14
FV-4b required proofs	Prove owner non-empty invariant	2026-08-19T03:07:58.4594108Z 	 - Status: SUCCESS
FV-4b required proofs	Prove owner non-empty invariant	2026-08-19T03:07:58.4594347Z 	 - Description: "dereference failure: pointer invalid"
FV-4b required proofs	Prove owner non-empty invariant	2026-08-19T03:07:58.4595177Z 	 - Location: ../../../.rustup/toolchains/nightly-2025-11-21-x86_64-unknown-linux-gnu/lib/rustlib/src/rust/library/alloc/src/raw_vec/mod.rs:533:23 in function alloc::raw_vec::RawVecInner::current_memory
FV-4b required proofs	Prove owner non-empty invariant	2026-08-19T03:07:58.4595989Z 
FV-4b required proofs	Prove owner non-empty invariant	2026-08-19T03:07:58.4596183Z Check 206: alloc::raw_vec::RawVecInner::current_memory.pointer_dereference.15
FV-4b required proofs	Prove owner non-empty invariant	2026-08-19T03:07:58.4596544Z 	 - Status: SUCCESS
FV-4b required proofs	Prove owner non-empty invariant	2026-08-19T03:07:58.4596822Z 	 - Description: "dereference failure: deallocated dynamic object"
FV-4b required proofs	Prove owner non-empty invariant	2026-08-19T03:07:58.4597682Z 	 - Location: ../../../.rustup/toolchains/nightly-2025-11-21-x86_64-unknown-linux-gnu/lib/rustlib/src/rust/library/alloc/src/raw_vec/mod.rs:533:23 in function alloc::raw_vec::RawVecInner::current_memory
FV-4b required proofs	Prove owner non-empty invariant	2026-08-19T03:07:58.4598394Z 
FV-4b required proofs	Prove owner non-empty invariant	2026-08-19T03:07:58.4598581Z Check 207: alloc::raw_vec::RawVecInner::current_memory.pointer_dereference.16
FV-4b required proofs	Prove owner non-empty invariant	2026-08-19T03:07:58.4598945Z 	 - Status: SUCCESS
FV-4b required proofs	Prove owner non-empty invariant	2026-08-19T03:07:58.4599175Z 	 - Description: "dereference failure: dead object"
FV-4b required proofs	Prove owner non-empty invariant	2026-08-19T03:07:58.4600207Z 	 - Location: ../../../.rustup/toolchains/nightly-2025-11-21-x86_64-unknown-linux-gnu/lib/rustlib/src/rust/library/alloc/src/raw_vec/mod.rs:533:23 in function alloc::raw_vec::RawVecInner::current_memory
FV-4b required proofs	Prove owner non-empty invariant	2026-08-19T03:07:58.4600910Z 
FV-4b required proofs	Prove owner non-empty invariant	2026-08-19T03:07:58.4601105Z Check 208: alloc::raw_vec::RawVecInner::current_memory.pointer_dereference.17
FV-4b required proofs	Prove owner non-empty invariant	2026-08-19T03:07:58.4601466Z 	 - Status: SUCCESS
FV-4b required proofs	Prove owner non-empty invariant	2026-08-19T03:07:58.4601749Z 	 - Description: "dereference failure: pointer outside object bounds"
FV-4b required proofs	Prove owner non-empty invariant	2026-08-19T03:07:58.4602623Z 	 - Location: ../../../.rustup/toolchains/nightly-2025-11-21-x86_64-unknown-linux-gnu/lib/rustlib/src/rust/library/alloc/src/raw_vec/mod.rs:533:23 in function alloc::raw_vec::RawVecInner::current_memory
FV-4b required proofs	Prove owner non-empty invariant	2026-08-19T03:07:58.4603447Z 
FV-4b required proofs	Prove owner non-empty invariant	2026-08-19T03:07:58.4603646Z Check 209: alloc::raw_vec::RawVecInner::current_memory.pointer_dereference.18
FV-4b required proofs	Prove owner non-empty invariant	2026-08-19T03:07:58.4604006Z 	 - Status: SUCCESS
FV-4b required proofs	Prove owner non-empty invariant	2026-08-19T03:07:58.4604274Z 	 - Description: "dereference failure: invalid integer address"
FV-4b required proofs	Prove owner non-empty invariant	2026-08-19T03:07:58.4605140Z 	 - Location: ../../../.rustup/toolchains/nightly-2025-11-21-x86_64-unknown-linux-gnu/lib/rustlib/src/rust/library/alloc/src/raw_vec/mod.rs:533:23 in function alloc::raw_vec::RawVecInner::current_memory
FV-4b required proofs	Prove owner non-empty invariant	2026-08-19T03:07:58.4605969Z 
FV-4b required proofs	Prove owner non-empty invariant	2026-08-19T03:07:58.4606164Z Check 210: alloc::raw_vec::RawVecInner::current_memory.pointer_dereference.19
FV-4b required proofs	Prove owner non-empty invariant	2026-08-19T03:07:58.4606525Z 	 - Status: SUCCESS
FV-4b required proofs	Prove owner non-empty invariant	2026-08-19T03:07:58.4606752Z 	 - Description: "dereference failure: dead object"
FV-4b required proofs	Prove owner non-empty invariant	2026-08-19T03:07:58.4607569Z 	 - Location: ../../../.rustup/toolchains/nightly-2025-11-21-x86_64-unknown-linux-gnu/lib/rustlib/src/rust/library/alloc/src/raw_vec/mod.rs:524:13 in function alloc::raw_vec::RawVecInner::current_memory
FV-4b required proofs	Prove owner non-empty invariant	2026-08-19T03:07:58.4608278Z 
FV-4b required proofs	Prove owner non-empty invariant	2026-08-19T03:07:58.4608495Z Check 211: std::alloc::Layout::size_rounded_up_to_custom_align.pointer_dereference.1
FV-4b required proofs	Prove owner non-empty invariant	2026-08-19T03:07:58.4608890Z 	 - Status: SUCCESS
FV-4b required proofs	Prove owner non-empty invariant	2026-08-19T03:07:58.4609128Z 	 - Description: "dereference failure: pointer NULL"
FV-4b required proofs	Prove owner non-empty invariant	2026-08-19T03:07:58.4609982Z 	 - Location: ../../../.rustup/toolchains/nightly-2025-11-21-x86_64-unknown-linux-gnu/lib/rustlib/src/rust/library/core/src/alloc/layout.rs:305:27 in function std::alloc::Layout::size_rounded_up_to_custom_align
FV-4b required proofs	Prove owner non-empty invariant	2026-08-19T03:07:58.4610728Z 
FV-4b required proofs	Prove owner non-empty invariant	2026-08-19T03:07:58.4610939Z Check 212: std::alloc::Layout::size_rounded_up_to_custom_align.pointer_dereference.2
FV-4b required proofs	Prove owner non-empty invariant	2026-08-19T03:07:58.4611324Z 	 - Status: SUCCESS
FV-4b required proofs	Prove owner non-empty invariant	2026-08-19T03:07:58.4611567Z 	 - Description: "dereference failure: pointer invalid"
FV-4b required proofs	Prove owner non-empty invariant	2026-08-19T03:07:58.4612424Z 	 - Location: ../../../.rustup/toolchains/nightly-2025-11-21-x86_64-unknown-linux-gnu/lib/rustlib/src/rust/library/core/src/alloc/layout.rs:305:27 in function std::alloc::Layout::size_rounded_up_to_custom_align
FV-4b required proofs	Prove owner non-empty invariant	2026-08-19T03:07:58.4613156Z 
FV-4b required proofs	Prove owner non-empty invariant	2026-08-19T03:07:58.4613366Z Check 213: std::alloc::Layout::size_rounded_up_to_custom_align.pointer_dereference.3
FV-4b required proofs	Prove owner non-empty invariant	2026-08-19T03:07:58.4613753Z 	 - Status: SUCCESS
FV-4b required proofs	Prove owner non-empty invariant	2026-08-19T03:07:58.4614031Z 	 - Description: "dereference failure: deallocated dynamic object"
FV-4b required proofs	Prove owner non-empty invariant	2026-08-19T03:07:58.4614931Z 	 - Location: ../../../.rustup/toolchains/nightly-2025-11-21-x86_64-unknown-linux-gnu/lib/rustlib/src/rust/library/core/src/alloc/layout.rs:305:27 in function std::alloc::Layout::size_rounded_up_to_custom_align
FV-4b required proofs	Prove owner non-empty invariant	2026-08-19T03:07:58.4615662Z 
FV-4b required proofs	Prove owner non-empty invariant	2026-08-19T03:07:58.4616205Z Check 214: std::alloc::Layout::size_rounded_up_to_custom_align.pointer_dereference.4
FV-4b required proofs	Prove owner non-empty invariant	2026-08-19T03:07:58.4616602Z 	 - Status: SUCCESS
FV-4b required proofs	Prove owner non-empty invariant	2026-08-19T03:07:58.4616829Z 	 - Description: "dereference failure: dead object"
FV-4b required proofs	Prove owner non-empty invariant	2026-08-19T03:07:58.4617674Z 	 - Location: ../../../.rustup/toolchains/nightly-2025-11-21-x86_64-unknown-linux-gnu/lib/rustlib/src/rust/library/core/src/alloc/layout.rs:305:27 in function std::alloc::Layout::size_rounded_up_to_custom_align
FV-4b required proofs	Prove owner non-empty invariant	2026-08-19T03:07:58.4618415Z 
FV-4b required proofs	Prove owner non-empty invariant	2026-08-19T03:07:58.4618624Z Check 215: std::alloc::Layout::size_rounded_up_to_custom_align.pointer_dereference.5
FV-4b required proofs	Prove owner non-empty invariant	2026-08-19T03:07:58.4619005Z 	 - Status: SUCCESS
FV-4b required proofs	Prove owner non-empty invariant	2026-08-19T03:07:58.4619288Z 	 - Description: "dereference failure: pointer outside object bounds"
FV-4b required proofs	Prove owner non-empty invariant	2026-08-19T03:07:58.4620354Z 	 - Location: ../../../.rustup/toolchains/nightly-2025-11-21-x86_64-unknown-linux-gnu/lib/rustlib/src/rust/library/core/src/alloc/layout.rs:305:27 in function std::alloc::Layout::size_rounded_up_to_custom_align
FV-4b required proofs	Prove owner non-empty invariant	2026-08-19T03:07:58.4621085Z 
FV-4b required proofs	Prove owner non-empty invariant	2026-08-19T03:07:58.4621298Z Check 216: std::alloc::Layout::size_rounded_up_to_custom_align.pointer_dereference.6
FV-4b required proofs	Prove owner non-empty invariant	2026-08-19T03:07:58.4621682Z 	 - Status: SUCCESS
FV-4b required proofs	Prove owner non-empty invariant	2026-08-19T03:07:58.4621947Z 	 - Description: "dereference failure: invalid integer address"
FV-4b required proofs	Prove owner non-empty invariant	2026-08-19T03:07:58.4622836Z 	 - Location: ../../../.rustup/toolchains/nightly-2025-11-21-x86_64-unknown-linux-gnu/lib/rustlib/src/rust/library/core/src/alloc/layout.rs:305:27 in function std::alloc::Layout::size_rounded_up_to_custom_align
FV-4b required proofs	Prove owner non-empty invariant	2026-08-19T03:07:58.4623687Z 
FV-4b required proofs	Prove owner non-empty invariant	2026-08-19T03:07:58.4623874Z Check 217: alloc::raw_vec::RawVecInner::capacity.pointer_dereference.1
FV-4b required proofs	Prove owner non-empty invariant	2026-08-19T03:07:58.4624217Z 	 - Status: SUCCESS
FV-4b required proofs	Prove owner non-empty invariant	2026-08-19T03:07:58.4624455Z 	 - Description: "dereference failure: pointer NULL"
FV-4b required proofs	Prove owner non-empty invariant	2026-08-19T03:07:58.4625266Z 	 - Location: ../../../.rustup/toolchains/nightly-2025-11-21-x86_64-unknown-linux-gnu/lib/rustlib/src/rust/library/alloc/src/raw_vec/mod.rs:509:49 in function alloc::raw_vec::RawVecInner::capacity
FV-4b required proofs	Prove owner non-empty invariant	2026-08-19T03:07:58.4626112Z 
FV-4b required proofs	Prove owner non-empty invariant	2026-08-19T03:07:58.4626290Z Check 218: alloc::raw_vec::RawVecInner::capacity.pointer_dereference.2
FV-4b required proofs	Prove owner non-empty invariant	2026-08-19T03:07:58.4626636Z 	 - Status: SUCCESS
FV-4b required proofs	Prove owner non-empty invariant	2026-08-19T03:07:58.4626877Z 	 - Description: "dereference failure: pointer invalid"
FV-4b required proofs	Prove owner non-empty invariant	2026-08-19T03:07:58.4627690Z 	 - Location: ../../../.rustup/toolchains/nightly-2025-11-21-x86_64-unknown-linux-gnu/lib/rustlib/src/rust/library/alloc/src/raw_vec/mod.rs:509:49 in function alloc::raw_vec::RawVecInner::capacity
FV-4b required proofs	Prove owner non-empty invariant	2026-08-19T03:07:58.4628382Z 
FV-4b required proofs	Prove owner non-empty invariant	2026-08-19T03:07:58.4628551Z Check 219: alloc::raw_vec::RawVecInner::capacity.pointer_dereference.3
FV-4b required proofs	Prove owner non-empty invariant	2026-08-19T03:07:58.4628956Z 	 - Status: SUCCESS
FV-4b required proofs	Prove owner non-empty invariant	2026-08-19T03:07:58.4629233Z 	 - Description: "dereference failure: deallocated dynamic object"
FV-4b required proofs	Prove owner non-empty invariant	2026-08-19T03:07:58.4630094Z 	 - Location: ../../../.rustup/toolchains/nightly-2025-11-21-x86_64-unknown-linux-gnu/lib/rustlib/src/rust/library/alloc/src/raw_vec/mod.rs:509:49 in function alloc::raw_vec::RawVecInner::capacity
FV-4b required proofs	Prove owner non-empty invariant	2026-08-19T03:07:58.4630776Z 
FV-4b required proofs	Prove owner non-empty invariant	2026-08-19T03:07:58.4630951Z Check 220: alloc::raw_vec::RawVecInner::capacity.pointer_dereference.4
FV-4b required proofs	Prove owner non-empty invariant	2026-08-19T03:07:58.4631300Z 	 - Status: SUCCESS
FV-4b required proofs	Prove owner non-empty invariant	2026-08-19T03:07:58.4631530Z 	 - Description: "dereference failure: dead object"
FV-4b required proofs	Prove owner non-empty invariant	2026-08-19T03:07:58.4632332Z 	 - Location: ../../../.rustup/toolchains/nightly-2025-11-21-x86_64-unknown-linux-gnu/lib/rustlib/src/rust/library/alloc/src/raw_vec/mod.rs:509:49 in function alloc::raw_vec::RawVecInner::capacity
FV-4b required proofs	Prove owner non-empty invariant	2026-08-19T03:07:58.4633017Z 
FV-4b required proofs	Prove owner non-empty invariant	2026-08-19T03:07:58.4633193Z Check 221: alloc::raw_vec::RawVecInner::capacity.pointer_dereference.5
FV-4b required proofs	Prove owner non-empty invariant	2026-08-19T03:07:58.4633531Z 	 - Status: SUCCESS
FV-4b required proofs	Prove owner non-empty invariant	2026-08-19T03:07:58.4633812Z 	 - Description: "dereference failure: pointer outside object bounds"
FV-4b required proofs	Prove owner non-empty invariant	2026-08-19T03:07:58.4634665Z 	 - Location: ../../../.rustup/toolchains/nightly-2025-11-21-x86_64-unknown-linux-gnu/lib/rustlib/src/rust/library/alloc/src/raw_vec/mod.rs:509:49 in function alloc::raw_vec::RawVecInner::capacity
FV-4b required proofs	Prove owner non-empty invariant	2026-08-19T03:07:58.4635357Z 
FV-4b required proofs	Prove owner non-empty invariant	2026-08-19T03:07:58.4635523Z Check 222: alloc::raw_vec::RawVecInner::capacity.pointer_dereference.6
FV-4b required proofs	Prove owner non-empty invariant	2026-08-19T03:07:58.4635984Z 	 - Status: SUCCESS
FV-4b required proofs	Prove owner non-empty invariant	2026-08-19T03:07:58.4636254Z 	 - Description: "dereference failure: invalid integer address"
FV-4b required proofs	Prove owner non-empty invariant	2026-08-19T03:07:58.4637094Z 	 - Location: ../../../.rustup/toolchains/nightly-2025-11-21-x86_64-unknown-linux-gnu/lib/rustlib/src/rust/library/alloc/src/raw_vec/mod.rs:509:49 in function alloc::raw_vec::RawVecInner::capacity
FV-4b required proofs	Prove owner non-empty invariant	2026-08-19T03:07:58.4637788Z 
FV-4b required proofs	Prove owner non-empty invariant	2026-08-19T03:07:58.4637930Z Check 223: std::alloc::Layout::align.pointer_dereference.1
FV-4b required proofs	Prove owner non-empty invariant	2026-08-19T03:07:58.4638240Z 	 - Status: SUCCESS
FV-4b required proofs	Prove owner non-empty invariant	2026-08-19T03:07:58.4638474Z 	 - Description: "dereference failure: pointer NULL"
FV-4b required proofs	Prove owner non-empty invariant	2026-08-19T03:07:58.4639258Z 	 - Location: ../../../.rustup/toolchains/nightly-2025-11-21-x86_64-unknown-linux-gnu/lib/rustlib/src/rust/library/core/src/alloc/layout.rs:152:9 in function std::alloc::Layout::align
FV-4b required proofs	Prove owner non-empty invariant	2026-08-19T03:07:58.4640056Z 
FV-4b required proofs	Prove owner non-empty invariant	2026-08-19T03:07:58.4640203Z Check 224: std::alloc::Layout::align.pointer_dereference.2
FV-4b required proofs	Prove owner non-empty invariant	2026-08-19T03:07:58.4640508Z 	 - Status: SUCCESS
FV-4b required proofs	Prove owner non-empty invariant	2026-08-19T03:07:58.4640743Z 	 - Description: "dereference failure: pointer invalid"
FV-4b required proofs	Prove owner non-empty invariant	2026-08-19T03:07:58.4641517Z 	 - Location: ../../../.rustup/toolchains/nightly-2025-11-21-x86_64-unknown-linux-gnu/lib/rustlib/src/rust/library/core/src/alloc/layout.rs:152:9 in function std::alloc::Layout::align
FV-4b required proofs	Prove owner non-empty invariant	2026-08-19T03:07:58.4642169Z 
FV-4b required proofs	Prove owner non-empty invariant	2026-08-19T03:07:58.4642314Z Check 225: std::alloc::Layout::align.pointer_dereference.3
FV-4b required proofs	Prove owner non-empty invariant	2026-08-19T03:07:58.4642781Z 	 - Status: SUCCESS
FV-4b required proofs	Prove owner non-empty invariant	2026-08-19T03:07:58.4643059Z 	 - Description: "dereference failure: deallocated dynamic object"
FV-4b required proofs	Prove owner non-empty invariant	2026-08-19T03:07:58.4643873Z 	 - Location: ../../../.rustup/toolchains/nightly-2025-11-21-x86_64-unknown-linux-gnu/lib/rustlib/src/rust/library/core/src/alloc/layout.rs:152:9 in function std::alloc::Layout::align
FV-4b required proofs	Prove owner non-empty invariant	2026-08-19T03:07:58.4644571Z 
FV-4b required proofs	Prove owner non-empty invariant	2026-08-19T03:07:58.4644707Z Check 226: std::alloc::Layout::align.pointer_dereference.4
FV-4b required proofs	Prove owner non-empty invariant	2026-08-19T03:07:58.4645009Z 	 - Status: SUCCESS
FV-4b required proofs	Prove owner non-empty invariant	2026-08-19T03:07:58.4645235Z 	 - Description: "dereference failure: dead object"
FV-4b required proofs	Prove owner non-empty invariant	2026-08-19T03:07:58.4646123Z 	 - Location: ../../../.rustup/toolchains/nightly-2025-11-21-x86_64-unknown-linux-gnu/lib/rustlib/src/rust/library/core/src/alloc/layout.rs:152:9 in function std::alloc::Layout::align
FV-4b required proofs	Prove owner non-empty invariant	2026-08-19T03:07:58.4646780Z 
FV-4b required proofs	Prove owner non-empty invariant	2026-08-19T03:07:58.4646918Z Check 227: std::alloc::Layout::align.pointer_dereference.5
FV-4b required proofs	Prove owner non-empty invariant	2026-08-19T03:07:58.4647222Z 	 - Status: SUCCESS
FV-4b required proofs	Prove owner non-empty invariant	2026-08-19T03:07:58.4647509Z 	 - Description: "dereference failure: pointer outside object bounds"
FV-4b required proofs	Prove owner non-empty invariant	2026-08-19T03:07:58.4648337Z 	 - Location: ../../../.rustup/toolchains/nightly-2025-11-21-x86_64-unknown-linux-gnu/lib/rustlib/src/rust/library/core/src/alloc/layout.rs:152:9 in function std::alloc::Layout::align
FV-4b required proofs	Prove owner non-empty invariant	2026-08-19T03:07:58.4648992Z 
FV-4b required proofs	Prove owner non-empty invariant	2026-08-19T03:07:58.4649133Z Check 228: std::alloc::Layout::align.pointer_dereference.6
FV-4b required proofs	Prove owner non-empty invariant	2026-08-19T03:07:58.4649440Z 	 - Status: SUCCESS
FV-4b required proofs	Prove owner non-empty invariant	2026-08-19T03:07:58.4649704Z 	 - Description: "dereference failure: invalid integer address"
FV-4b required proofs	Prove owner non-empty invariant	2026-08-19T03:07:58.4650513Z 	 - Location: ../../../.rustup/toolchains/nightly-2025-11-21-x86_64-unknown-linux-gnu/lib/rustlib/src/rust/library/core/src/alloc/layout.rs:152:9 in function std::alloc::Layout::align
FV-4b required proofs	Prove owner non-empty invariant	2026-08-19T03:07:58.4651158Z 
FV-4b required proofs	Prove owner non-empty invariant	2026-08-19T03:07:58.4651368Z Check 229: <std::alloc::Layout as std::clone::Clone>::clone.pointer_dereference.1
FV-4b required proofs	Prove owner non-empty invariant	2026-08-19T03:07:58.4651747Z 	 - Status: SUCCESS
FV-4b required proofs	Prove owner non-empty invariant	2026-08-19T03:07:58.4651983Z 	 - Description: "dereference failure: pointer NULL"
FV-4b required proofs	Prove owner non-empty invariant	2026-08-19T03:07:58.4652831Z 	 - Location: ../../../.rustup/toolchains/nightly-2025-11-21-x86_64-unknown-linux-gnu/lib/rustlib/src/rust/library/core/src/alloc/layout.rs:28:16 in function <std::alloc::Layout as std::clone::Clone>::clone
FV-4b required proofs	Prove owner non-empty invariant	2026-08-19T03:07:58.4653557Z 
FV-4b required proofs	Prove owner non-empty invariant	2026-08-19T03:07:58.4653754Z Check 230: <std::alloc::Layout as std::clone::Clone>::clone.pointer_dereference.2
FV-4b required proofs	Prove owner non-empty invariant	2026-08-19T03:07:58.4654131Z 	 - Status: SUCCESS
FV-4b required proofs	Prove owner non-empty invariant	2026-08-19T03:07:58.4654374Z 	 - Description: "dereference failure: pointer invalid"
FV-4b required proofs	Prove owner non-empty invariant	2026-08-19T03:07:58.4655224Z 	 - Location: ../../../.rustup/toolchains/nightly-2025-11-21-x86_64-unknown-linux-gnu/lib/rustlib/src/rust/library/core/src/alloc/layout.rs:28:16 in function <std::alloc::Layout as std::clone::Clone>::clone
FV-4b required proofs	Prove owner non-empty invariant	2026-08-19T03:07:58.4656063Z 
FV-4b required proofs	Prove owner non-empty invariant	2026-08-19T03:07:58.4656261Z Check 231: <std::alloc::Layout as std::clone::Clone>::clone.pointer_dereference.3
FV-4b required proofs	Prove owner non-empty invariant	2026-08-19T03:07:58.4656640Z 	 - Status: SUCCESS
FV-4b required proofs	Prove owner non-empty invariant	2026-08-19T03:07:58.4656923Z 	 - Description: "dereference failure: deallocated dynamic object"
FV-4b required proofs	Prove owner non-empty invariant	2026-08-19T03:07:58.4657812Z 	 - Location: ../../../.rustup/toolchains/nightly-2025-11-21-x86_64-unknown-linux-gnu/lib/rustlib/src/rust/library/core/src/alloc/layout.rs:28:16 in function <std::alloc::Layout as std::clone::Clone>::clone
FV-4b required proofs	Prove owner non-empty invariant	2026-08-19T03:07:58.4658531Z 
FV-4b required proofs	Prove owner non-empty invariant	2026-08-19T03:07:58.4658730Z Check 232: <std::alloc::Layout as std::clone::Clone>::clone.pointer_dereference.4
FV-4b required proofs	Prove owner non-empty invariant	2026-08-19T03:07:58.4659247Z 	 - Status: SUCCESS
FV-4b required proofs	Prove owner non-empty invariant	2026-08-19T03:07:58.4659478Z 	 - Description: "dereference failure: dead object"
FV-4b required proofs	Prove owner non-empty invariant	2026-08-19T03:07:58.4660313Z 	 - Location: ../../../.rustup/toolchains/nightly-2025-11-21-x86_64-unknown-linux-gnu/lib/rustlib/src/rust/library/core/src/alloc/layout.rs:28:16 in function <std::alloc::Layout as std::clone::Clone>::clone
FV-4b required proofs	Prove owner non-empty invariant	2026-08-19T03:07:58.4661025Z 
FV-4b required proofs	Prove owner non-empty invariant	2026-08-19T03:07:58.4661227Z Check 233: <std::alloc::Layout as std::clone::Clone>::clone.pointer_dereference.5
FV-4b required proofs	Prove owner non-empty invariant	2026-08-19T03:07:58.4661596Z 	 - Status: SUCCESS
FV-4b required proofs	Prove owner non-empty invariant	2026-08-19T03:07:58.4661878Z 	 - Description: "dereference failure: pointer outside object bounds"
FV-4b required proofs	Prove owner non-empty invariant	2026-08-19T03:07:58.4662898Z 	 - Location: ../../../.rustup/toolchains/nightly-2025-11-21-x86_64-unknown-linux-gnu/lib/rustlib/src/rust/library/core/src/alloc/layout.rs:28:16 in function <std::alloc::Layout as std::clone::Clone>::clone
FV-4b required proofs	Prove owner non-empty invariant	2026-08-19T03:07:58.4663612Z 
FV-4b required proofs	Prove owner non-empty invariant	2026-08-19T03:07:58.4663803Z Check 234: <std::alloc::Layout as std::clone::Clone>::clone.pointer_dereference.6
FV-4b required proofs	Prove owner non-empty invariant	2026-08-19T03:07:58.4664176Z 	 - Status: SUCCESS
FV-4b required proofs	Prove owner non-empty invariant	2026-08-19T03:07:58.4664440Z 	 - Description: "dereference failure: invalid integer address"
FV-4b required proofs	Prove owner non-empty invariant	2026-08-19T03:07:58.4665304Z 	 - Location: ../../../.rustup/toolchains/nightly-2025-11-21-x86_64-unknown-linux-gnu/lib/rustlib/src/rust/library/core/src/alloc/layout.rs:28:16 in function <std::alloc::Layout as std::clone::Clone>::clone
FV-4b required proofs	Prove owner non-empty invariant	2026-08-19T03:07:58.4666149Z 
FV-4b required proofs	Prove owner non-empty invariant	2026-08-19T03:07:58.4666340Z Check 235: <EdisonError as std::cmp::PartialEq>::eq.pointer_dereference.1
FV-4b required proofs	Prove owner non-empty invariant	2026-08-19T03:07:58.4666699Z 	 - Status: SUCCESS
FV-4b required proofs	Prove owner non-empty invariant	2026-08-19T03:07:58.4666940Z 	 - Description: "dereference failure: pointer NULL"
FV-4b required proofs	Prove owner non-empty invariant	2026-08-19T03:07:58.4667356Z 	 - Location: src/lib.rs:90:17 in function <EdisonError as std::cmp::PartialEq>::eq
FV-4b required proofs	Prove owner non-empty invariant	2026-08-19T03:07:58.4667668Z 
FV-4b required proofs	Prove owner non-empty invariant	2026-08-19T03:07:58.4667859Z Check 236: <EdisonError as std::cmp::PartialEq>::eq.pointer_dereference.2
FV-4b required proofs	Prove owner non-empty invariant	2026-08-19T03:07:58.4668214Z 	 - Status: SUCCESS
FV-4b required proofs	Prove owner non-empty invariant	2026-08-19T03:07:58.4668453Z 	 - Description: "dereference failure: pointer invalid"
FV-4b required proofs	Prove owner non-empty invariant	2026-08-19T03:07:58.4668874Z 	 - Location: src/lib.rs:90:17 in function <EdisonError as std::cmp::PartialEq>::eq
FV-4b required proofs	Prove owner non-empty invariant	2026-08-19T03:07:58.4669171Z 
FV-4b required proofs	Prove owner non-empty invariant	2026-08-19T03:07:58.4669357Z Check 237: <EdisonError as std::cmp::PartialEq>::eq.pointer_dereference.3
FV-4b required proofs	Prove owner non-empty invariant	2026-08-19T03:07:58.4669707Z 	 - Status: SUCCESS
FV-4b required proofs	Prove owner non-empty invariant	2026-08-19T03:07:58.4669984Z 	 - Description: "dereference failure: deallocated dynamic object"
FV-4b required proofs	Prove owner non-empty invariant	2026-08-19T03:07:58.4670435Z 	 - Location: src/lib.rs:90:17 in function <EdisonError as std::cmp::PartialEq>::eq
FV-4b required proofs	Prove owner non-empty invariant	2026-08-19T03:07:58.4670731Z 
FV-4b required proofs	Prove owner non-empty invariant	2026-08-19T03:07:58.4670919Z Check 238: <EdisonError as std::cmp::PartialEq>::eq.pointer_dereference.4
FV-4b required proofs	Prove owner non-empty invariant	2026-08-19T03:07:58.4671273Z 	 - Status: SUCCESS
FV-4b required proofs	Prove owner non-empty invariant	2026-08-19T03:07:58.4671502Z 	 - Description: "dereference failure: dead object"
FV-4b required proofs	Prove owner non-empty invariant	2026-08-19T03:07:58.4671900Z 	 - Location: src/lib.rs:90:17 in function <EdisonError as std::cmp::PartialEq>::eq
FV-4b required proofs	Prove owner non-empty invariant	2026-08-19T03:07:58.4672192Z 
FV-4b required proofs	Prove owner non-empty invariant	2026-08-19T03:07:58.4672379Z Check 239: <EdisonError as std::cmp::PartialEq>::eq.pointer_dereference.5
FV-4b required proofs	Prove owner non-empty invariant	2026-08-19T03:07:58.4672731Z 	 - Status: SUCCESS
FV-4b required proofs	Prove owner non-empty invariant	2026-08-19T03:07:58.4673016Z 	 - Description: "dereference failure: pointer outside object bounds"
FV-4b required proofs	Prove owner non-empty invariant	2026-08-19T03:07:58.4673474Z 	 - Location: src/lib.rs:90:17 in function <EdisonError as std::cmp::PartialEq>::eq
FV-4b required proofs	Prove owner non-empty invariant	2026-08-19T03:07:58.4673774Z 
FV-4b required proofs	Prove owner non-empty invariant	2026-08-19T03:07:58.4673953Z Check 240: <EdisonError as std::cmp::PartialEq>::eq.pointer_dereference.6
FV-4b required proofs	Prove owner non-empty invariant	2026-08-19T03:07:58.4674302Z 	 - Status: SUCCESS
FV-4b required proofs	Prove owner non-empty invariant	2026-08-19T03:07:58.4674568Z 	 - Description: "dereference failure: invalid integer address"
FV-4b required proofs	Prove owner non-empty invariant	2026-08-19T03:07:58.4675006Z 	 - Location: src/lib.rs:90:17 in function <EdisonError as std::cmp::PartialEq>::eq
FV-4b required proofs	Prove owner non-empty invariant	2026-08-19T03:07:58.4675311Z 
FV-4b required proofs	Prove owner non-empty invariant	2026-08-19T03:07:58.4675488Z Check 241: <EdisonError as std::cmp::PartialEq>::eq.pointer_dereference.7
FV-4b required proofs	Prove owner non-empty invariant	2026-08-19T03:07:58.4675956Z 	 - Status: SUCCESS
FV-4b required proofs	Prove owner non-empty invariant	2026-08-19T03:07:58.4676192Z 	 - Description: "dereference failure: pointer NULL"
FV-4b required proofs	Prove owner non-empty invariant	2026-08-19T03:07:58.4676601Z 	 - Location: src/lib.rs:90:17 in function <EdisonError as std::cmp::PartialEq>::eq
FV-4b required proofs	Prove owner non-empty invariant	2026-08-19T03:07:58.4677043Z 
FV-4b required proofs	Prove owner non-empty invariant	2026-08-19T03:07:58.4677226Z Check 242: <EdisonError as std::cmp::PartialEq>::eq.pointer_dereference.8
FV-4b required proofs	Prove owner non-empty invariant	2026-08-19T03:07:58.4677581Z 	 - Status: SUCCESS
FV-4b required proofs	Prove owner non-empty invariant	2026-08-19T03:07:58.4677822Z 	 - Description: "dereference failure: pointer invalid"
FV-4b required proofs	Prove owner non-empty invariant	2026-08-19T03:07:58.4678235Z 	 - Location: src/lib.rs:90:17 in function <EdisonError as std::cmp::PartialEq>::eq
FV-4b required proofs	Prove owner non-empty invariant	2026-08-19T03:07:58.4678536Z 
FV-4b required proofs	Prove owner non-empty invariant	2026-08-19T03:07:58.4678717Z Check 243: <EdisonError as std::cmp::PartialEq>::eq.pointer_dereference.9
FV-4b required proofs	Prove owner non-empty invariant	2026-08-19T03:07:58.4679076Z 	 - Status: SUCCESS
FV-4b required proofs	Prove owner non-empty invariant	2026-08-19T03:07:58.4679348Z 	 - Description: "dereference failure: deallocated dynamic object"
FV-4b required proofs	Prove owner non-empty invariant	2026-08-19T03:07:58.4679927Z 	 - Location: src/lib.rs:90:17 in function <EdisonError as std::cmp::PartialEq>::eq
FV-4b required proofs	Prove owner non-empty invariant	2026-08-19T03:07:58.4680220Z 
FV-4b required proofs	Prove owner non-empty invariant	2026-08-19T03:07:58.4680414Z Check 244: <EdisonError as std::cmp::PartialEq>::eq.pointer_dereference.10
FV-4b required proofs	Prove owner non-empty invariant	2026-08-19T03:07:58.4680770Z 	 - Status: SUCCESS
FV-4b required proofs	Prove owner non-empty invariant	2026-08-19T03:07:58.4680999Z 	 - Description: "dereference failure: dead object"
FV-4b required proofs	Prove owner non-empty invariant	2026-08-19T03:07:58.4681393Z 	 - Location: src/lib.rs:90:17 in function <EdisonError as std::cmp::PartialEq>::eq
FV-4b required proofs	Prove owner non-empty invariant	2026-08-19T03:07:58.4681683Z 
FV-4b required proofs	Prove owner non-empty invariant	2026-08-19T03:07:58.4681874Z Check 245: <EdisonError as std::cmp::PartialEq>::eq.pointer_dereference.11
FV-4b required proofs	Prove owner non-empty invariant	2026-08-19T03:07:58.4682227Z 	 - Status: SUCCESS
FV-4b required proofs	Prove owner non-empty invariant	2026-08-19T03:07:58.4682507Z 	 - Description: "dereference failure: pointer outside object bounds"
FV-4b required proofs	Prove owner non-empty invariant	2026-08-19T03:07:58.4682965Z 	 - Location: src/lib.rs:90:17 in function <EdisonError as std::cmp::PartialEq>::eq
FV-4b required proofs	Prove owner non-empty invariant	2026-08-19T03:07:58.4683259Z 
FV-4b required proofs	Prove owner non-empty invariant	2026-08-19T03:07:58.4683449Z Check 246: <EdisonError as std::cmp::PartialEq>::eq.pointer_dereference.12
FV-4b required proofs	Prove owner non-empty invariant	2026-08-19T03:07:58.4683804Z 	 - Status: SUCCESS
FV-4b required proofs	Prove owner non-empty invariant	2026-08-19T03:07:58.4684069Z 	 - Description: "dereference failure: invalid integer address"
FV-4b required proofs	Prove owner non-empty invariant	2026-08-19T03:07:58.4684509Z 	 - Location: src/lib.rs:90:17 in function <EdisonError as std::cmp::PartialEq>::eq
FV-4b required proofs	Prove owner non-empty invariant	2026-08-19T03:07:58.4684807Z 
FV-4b required proofs	Prove owner non-empty invariant	2026-08-19T03:07:58.4685024Z Check 247: std::cmp::impls::<impl std::cmp::PartialEq for &()>::eq.pointer_dereference.1
FV-4b required proofs	Prove owner non-empty invariant	2026-08-19T03:07:58.4685417Z 	 - Status: SUCCESS
FV-4b required proofs	Prove owner non-empty invariant	2026-08-19T03:07:58.4685651Z 	 - Description: "dereference failure: pointer NULL"
FV-4b required proofs	Prove owner non-empty invariant	2026-08-19T03:07:58.4686624Z 	 - Location: ../../../.rustup/toolchains/nightly-2025-11-21-x86_64-unknown-linux-gnu/lib/rustlib/src/rust/library/core/src/cmp.rs:2090:27 in function std::cmp::impls::<impl std::cmp::PartialEq for &()>::eq
FV-4b required proofs	Prove owner non-empty invariant	2026-08-19T03:07:58.4687346Z 
FV-4b required proofs	Prove owner non-empty invariant	2026-08-19T03:07:58.4687556Z Check 248: std::cmp::impls::<impl std::cmp::PartialEq for &()>::eq.pointer_dereference.2
FV-4b required proofs	Prove owner non-empty invariant	2026-08-19T03:07:58.4687944Z 	 - Status: SUCCESS
FV-4b required proofs	Prove owner non-empty invariant	2026-08-19T03:07:58.4688190Z 	 - Description: "dereference failure: pointer invalid"
FV-4b required proofs	Prove owner non-empty invariant	2026-08-19T03:07:58.4689029Z 	 - Location: ../../../.rustup/toolchains/nightly-2025-11-21-x86_64-unknown-linux-gnu/lib/rustlib/src/rust/library/core/src/cmp.rs:2090:27 in function std::cmp::impls::<impl std::cmp::PartialEq for &()>::eq
FV-4b required proofs	Prove owner non-empty invariant	2026-08-19T03:07:58.4689749Z 
FV-4b required proofs	Prove owner non-empty invariant	2026-08-19T03:07:58.4689967Z Check 249: std::cmp::impls::<impl std::cmp::PartialEq for &()>::eq.pointer_dereference.3
FV-4b required proofs	Prove owner non-empty invariant	2026-08-19T03:07:58.4690355Z 	 - Status: SUCCESS
FV-4b required proofs	Prove owner non-empty invariant	2026-08-19T03:07:58.4690631Z 	 - Description: "dereference failure: deallocated dynamic object"
FV-4b required proofs	Prove owner non-empty invariant	2026-08-19T03:07:58.4691505Z 	 - Location: ../../../.rustup/toolchains/nightly-2025-11-21-x86_64-unknown-linux-gnu/lib/rustlib/src/rust/library/core/src/cmp.rs:2090:27 in function std::cmp::impls::<impl std::cmp::PartialEq for &()>::eq
FV-4b required proofs	Prove owner non-empty invariant	2026-08-19T03:07:58.4692218Z 
FV-4b required proofs	Prove owner non-empty invariant	2026-08-19T03:07:58.4692433Z Check 250: std::cmp::impls::<impl std::cmp::PartialEq for &()>::eq.pointer_dereference.4
FV-4b required proofs	Prove owner non-empty invariant	2026-08-19T03:07:58.4692823Z 	 - Status: SUCCESS
FV-4b required proofs	Prove owner non-empty invariant	2026-08-19T03:07:58.4693055Z 	 - Description: "dereference failure: dead object"
FV-4b required proofs	Prove owner non-empty invariant	2026-08-19T03:07:58.4693875Z 	 - Location: ../../../.rustup/toolchains/nightly-2025-11-21-x86_64-unknown-linux-gnu/lib/rustlib/src/rust/library/core/src/cmp.rs:2090:27 in function std::cmp::impls::<impl std::cmp::PartialEq for &()>::eq
FV-4b required proofs	Prove owner non-empty invariant	2026-08-19T03:07:58.4694592Z 
FV-4b required proofs	Prove owner non-empty invariant	2026-08-19T03:07:58.4694937Z Check 251: std::cmp::impls::<impl std::cmp::PartialEq for &()>::eq.pointer_dereference.5
FV-4b required proofs	Prove owner non-empty invariant	2026-08-19T03:07:58.4695018Z 	 - Status: SUCCESS
FV-4b required proofs	Prove owner non-empty invariant	2026-08-19T03:07:58.4695188Z 	 - Description: "dereference failure: pointer outside object bounds"
FV-4b required proofs	Prove owner non-empty invariant	2026-08-19T03:07:58.4695968Z 	 - Location: ../../../.rustup/toolchains/nightly-2025-11-21-x86_64-unknown-linux-gnu/lib/rustlib/src/rust/library/core/src/cmp.rs:2090:27 in function std::cmp::impls::<impl std::cmp::PartialEq for &()>::eq
FV-4b required proofs	Prove owner non-empty invariant	2026-08-19T03:07:58.4695974Z 
FV-4b required proofs	Prove owner non-empty invariant	2026-08-19T03:07:58.4696188Z Check 252: std::cmp::impls::<impl std::cmp::PartialEq for &()>::eq.pointer_dereference.6
FV-4b required proofs	Prove owner non-empty invariant	2026-08-19T03:07:58.4696418Z 	 - Status: SUCCESS
FV-4b required proofs	Prove owner non-empty invariant	2026-08-19T03:07:58.4696575Z 	 - Description: "dereference failure: invalid integer address"
FV-4b required proofs	Prove owner non-empty invariant	2026-08-19T03:07:58.4697198Z 	 - Location: ../../../.rustup/toolchains/nightly-2025-11-21-x86_64-unknown-linux-gnu/lib/rustlib/src/rust/library/core/src/cmp.rs:2090:27 in function std::cmp::impls::<impl std::cmp::PartialEq for &()>::eq
FV-4b required proofs	Prove owner non-empty invariant	2026-08-19T03:07:58.4697208Z 
FV-4b required proofs	Prove owner non-empty invariant	2026-08-19T03:07:58.4697426Z Check 253: std::cmp::impls::<impl std::cmp::PartialEq for &()>::eq.pointer_dereference.7
FV-4b required proofs	Prove owner non-empty invariant	2026-08-19T03:07:58.4697502Z 	 - Status: SUCCESS
FV-4b required proofs	Prove owner non-empty invariant	2026-08-19T03:07:58.4697632Z 	 - Description: "dereference failure: pointer NULL"
FV-4b required proofs	Prove owner non-empty invariant	2026-08-19T03:07:58.4698250Z 	 - Location: ../../../.rustup/toolchains/nightly-2025-11-21-x86_64-unknown-linux-gnu/lib/rustlib/src/rust/library/core/src/cmp.rs:2090:34 in function std::cmp::impls::<impl std::cmp::PartialEq for &()>::eq
FV-4b required proofs	Prove owner non-empty invariant	2026-08-19T03:07:58.4698255Z 
FV-4b required proofs	Prove owner non-empty invariant	2026-08-19T03:07:58.4698470Z Check 254: std::cmp::impls::<impl std::cmp::PartialEq for &()>::eq.pointer_dereference.8
FV-4b required proofs	Prove owner non-empty invariant	2026-08-19T03:07:58.4698550Z 	 - Status: SUCCESS
FV-4b required proofs	Prove owner non-empty invariant	2026-08-19T03:07:58.4698687Z 	 - Description: "dereference failure: pointer invalid"
FV-4b required proofs	Prove owner non-empty invariant	2026-08-19T03:07:58.4699308Z 	 - Location: ../../../.rustup/toolchains/nightly-2025-11-21-x86_64-unknown-linux-gnu/lib/rustlib/src/rust/library/core/src/cmp.rs:2090:34 in function std::cmp::impls::<impl std::cmp::PartialEq for &()>::eq
FV-4b required proofs	Prove owner non-empty invariant	2026-08-19T03:07:58.4699316Z 
FV-4b required proofs	Prove owner non-empty invariant	2026-08-19T03:07:58.4699522Z Check 255: std::cmp::impls::<impl std::cmp::PartialEq for &()>::eq.pointer_dereference.9
FV-4b required proofs	Prove owner non-empty invariant	2026-08-19T03:07:58.4699601Z 	 - Status: SUCCESS
FV-4b required proofs	Prove owner non-empty invariant	2026-08-19T03:07:58.4699766Z 	 - Description: "dereference failure: deallocated dynamic object"
FV-4b required proofs	Prove owner non-empty invariant	2026-08-19T03:07:58.4700388Z 	 - Location: ../../../.rustup/toolchains/nightly-2025-11-21-x86_64-unknown-linux-gnu/lib/rustlib/src/rust/library/core/src/cmp.rs:2090:34 in function std::cmp::impls::<impl std::cmp::PartialEq for &()>::eq
FV-4b required proofs	Prove owner non-empty invariant	2026-08-19T03:07:58.4700393Z 
FV-4b required proofs	Prove owner non-empty invariant	2026-08-19T03:07:58.4700603Z Check 256: std::cmp::impls::<impl std::cmp::PartialEq for &()>::eq.pointer_dereference.10
FV-4b required proofs	Prove owner non-empty invariant	2026-08-19T03:07:58.4700687Z 	 - Status: SUCCESS
FV-4b required proofs	Prove owner non-empty invariant	2026-08-19T03:07:58.4700804Z 	 - Description: "dereference failure: dead object"
FV-4b required proofs	Prove owner non-empty invariant	2026-08-19T03:07:58.4701420Z 	 - Location: ../../../.rustup/toolchains/nightly-2025-11-21-x86_64-unknown-linux-gnu/lib/rustlib/src/rust/library/core/src/cmp.rs:2090:34 in function std::cmp::impls::<impl std::cmp::PartialEq for &()>::eq
FV-4b required proofs	Prove owner non-empty invariant	2026-08-19T03:07:58.4701428Z 
FV-4b required proofs	Prove owner non-empty invariant	2026-08-19T03:07:58.4701649Z Check 257: std::cmp::impls::<impl std::cmp::PartialEq for &()>::eq.pointer_dereference.11
FV-4b required proofs	Prove owner non-empty invariant	2026-08-19T03:07:58.4701723Z 	 - Status: SUCCESS
FV-4b required proofs	Prove owner non-empty invariant	2026-08-19T03:07:58.4701898Z 	 - Description: "dereference failure: pointer outside object bounds"
FV-4b required proofs	Prove owner non-empty invariant	2026-08-19T03:07:58.4702508Z 	 - Location: ../../../.rustup/toolchains/nightly-2025-11-21-x86_64-unknown-linux-gnu/lib/rustlib/src/rust/library/core/src/cmp.rs:2090:34 in function std::cmp::impls::<impl std::cmp::PartialEq for &()>::eq
FV-4b required proofs	Prove owner non-empty invariant	2026-08-19T03:07:58.4702513Z 
FV-4b required proofs	Prove owner non-empty invariant	2026-08-19T03:07:58.4702727Z Check 258: std::cmp::impls::<impl std::cmp::PartialEq for &()>::eq.pointer_dereference.12
FV-4b required proofs	Prove owner non-empty invariant	2026-08-19T03:07:58.4702809Z 	 - Status: SUCCESS
FV-4b required proofs	Prove owner non-empty invariant	2026-08-19T03:07:58.4702960Z 	 - Description: "dereference failure: invalid integer address"
FV-4b required proofs	Prove owner non-empty invariant	2026-08-19T03:07:58.4703578Z 	 - Location: ../../../.rustup/toolchains/nightly-2025-11-21-x86_64-unknown-linux-gnu/lib/rustlib/src/rust/library/core/src/cmp.rs:2090:34 in function std::cmp::impls::<impl std::cmp::PartialEq for &()>::eq
FV-4b required proofs	Prove owner non-empty invariant	2026-08-19T03:07:58.4703712Z 
FV-4b required proofs	Prove owner non-empty invariant	2026-08-19T03:07:58.4703999Z Check 259: std::option::Option::<std::ptr::NonNull<u8>>::ok_or::<std::alloc::AllocError>.pointer_dereference.1
FV-4b required proofs	Prove owner non-empty invariant	2026-08-19T03:07:58.4704087Z 	 - Status: SUCCESS
FV-4b required proofs	Prove owner non-empty invariant	2026-08-19T03:07:58.4704204Z 	 - Description: "dereference failure: dead object"
FV-4b required proofs	Prove owner non-empty invariant	2026-08-19T03:07:58.4704914Z 	 - Location: ../../../.rustup/toolchains/nightly-2025-11-21-x86_64-unknown-linux-gnu/lib/rustlib/src/rust/library/core/src/option.rs:1338:15 in function std::option::Option::<std::ptr::NonNull<u8>>::ok_or::<std::alloc::AllocError>
FV-4b required proofs	Prove owner non-empty invariant	2026-08-19T03:07:58.4705053Z 
FV-4b required proofs	Prove owner non-empty invariant	2026-08-19T03:07:58.4705337Z Check 260: std::option::Option::<std::ptr::NonNull<u8>>::ok_or::<std::alloc::AllocError>.pointer_dereference.2
FV-4b required proofs	Prove owner non-empty invariant	2026-08-19T03:07:58.4705412Z 	 - Status: SUCCESS
FV-4b required proofs	Prove owner non-empty invariant	2026-08-19T03:07:58.4705532Z 	 - Description: "dereference failure: dead object"
FV-4b required proofs	Prove owner non-empty invariant	2026-08-19T03:07:58.4706379Z 	 - Location: ../../../.rustup/toolchains/nightly-2025-11-21-x86_64-unknown-linux-gnu/lib/rustlib/src/rust/library/core/src/option.rs:1340:21 in function std::option::Option::<std::ptr::NonNull<u8>>::ok_or::<std::alloc::AllocError>
FV-4b required proofs	Prove owner non-empty invariant	2026-08-19T03:07:58.4706391Z 
FV-4b required proofs	Prove owner non-empty invariant	2026-08-19T03:07:58.4706985Z Check 261: std::result::Result::<std::alloc::Layout, std::alloc::LayoutError>::map_err::<std::collections::TryReserveError, {closure@alloc::raw_vec::layout_array::{closure#1}}>.pointer_dereference.1
FV-4b required proofs	Prove owner non-empty invariant	2026-08-19T03:07:58.4707060Z 	 - Status: SUCCESS
FV-4b required proofs	Prove owner non-empty invariant	2026-08-19T03:07:58.4707182Z 	 - Description: "dereference failure: dead object"
FV-4b required proofs	Prove owner non-empty invariant	2026-08-19T03:07:58.4708182Z 	 - Location: ../../../.rustup/toolchains/nightly-2025-11-21-x86_64-unknown-linux-gnu/lib/rustlib/src/rust/library/core/src/result.rs:966:15 in function std::result::Result::<std::alloc::Layout, std::alloc::LayoutError>::map_err::<std::collections::TryReserveError, {closure@alloc::raw_vec::layout_array::{closure#1}}>
FV-4b required proofs	Prove owner non-empty invariant	2026-08-19T03:07:58.4708192Z 
FV-4b required proofs	Prove owner non-empty invariant	2026-08-19T03:07:58.4708803Z Check 262: <std::result::Result<std::ptr::NonNull<[u8]>, std::alloc::AllocError> as std::ops::FromResidual<std::result::Result<std::convert::Infallible, std::alloc::AllocError>>>::from_residual.pointer_dereference.1
FV-4b required proofs	Prove owner non-empty invariant	2026-08-19T03:07:58.4708887Z 	 - Status: SUCCESS
FV-4b required proofs	Prove owner non-empty invariant	2026-08-19T03:07:58.4709000Z 	 - Description: "dereference failure: dead object"
FV-4b required proofs	Prove owner non-empty invariant	2026-08-19T03:07:58.4710033Z 	 - Location: ../../../.rustup/toolchains/nightly-2025-11-21-x86_64-unknown-linux-gnu/lib/rustlib/src/rust/library/core/src/result.rs:2189:23 in function <std::result::Result<std::ptr::NonNull<[u8]>, std::alloc::AllocError> as std::ops::FromResidual<std::result::Result<std::convert::Infallible, std::alloc::AllocError>>>::from_residual
FV-4b required proofs	Prove owner non-empty invariant	2026-08-19T03:07:58.4710042Z 
FV-4b required proofs	Prove owner non-empty invariant	2026-08-19T03:07:58.4710193Z Check 263: std::alloc::Layout::repeat.pointer_dereference.1
FV-4b required proofs	Prove owner non-empty invariant	2026-08-19T03:07:58.4710267Z 	 - Status: SUCCESS
FV-4b required proofs	Prove owner non-empty invariant	2026-08-19T03:07:58.4710387Z 	 - Description: "dereference failure: dead object"
FV-4b required proofs	Prove owner non-empty invariant	2026-08-19T03:07:58.4710961Z 	 - Location: ../../../.rustup/toolchains/nightly-2025-11-21-x86_64-unknown-linux-gnu/lib/rustlib/src/rust/library/core/src/alloc/layout.rs:361:31 in function std::alloc::Layout::repeat
FV-4b required proofs	Prove owner non-empty invariant	2026-08-19T03:07:58.4710970Z 
FV-4b required proofs	Prove owner non-empty invariant	2026-08-19T03:07:58.4711120Z Check 264: std::alloc::Layout::repeat.pointer_dereference.2
FV-4b required proofs	Prove owner non-empty invariant	2026-08-19T03:07:58.4711194Z 	 - Status: SUCCESS
FV-4b required proofs	Prove owner non-empty invariant	2026-08-19T03:07:58.4711313Z 	 - Description: "dereference failure: dead object"
FV-4b required proofs	Prove owner non-empty invariant	2026-08-19T03:07:58.4711885Z 	 - Location: ../../../.rustup/toolchains/nightly-2025-11-21-x86_64-unknown-linux-gnu/lib/rustlib/src/rust/library/core/src/alloc/layout.rs:364:13 in function std::alloc::Layout::repeat
FV-4b required proofs	Prove owner non-empty invariant	2026-08-19T03:07:58.4711891Z 
FV-4b required proofs	Prove owner non-empty invariant	2026-08-19T03:07:58.4712036Z Check 265: std::ptr::NonNull::<u8>::new.pointer_dereference.1
FV-4b required proofs	Prove owner non-empty invariant	2026-08-19T03:07:58.4712119Z 	 - Status: SUCCESS
FV-4b required proofs	Prove owner non-empty invariant	2026-08-19T03:07:58.4712230Z 	 - Description: "dereference failure: dead object"
FV-4b required proofs	Prove owner non-empty invariant	2026-08-19T03:07:58.4712808Z 	 - Location: ../../../.rustup/toolchains/nightly-2025-11-21-x86_64-unknown-linux-gnu/lib/rustlib/src/rust/library/core/src/ptr/non_null.rs:275:13 in function std::ptr::NonNull::<u8>::new
FV-4b required proofs	Prove owner non-empty invariant	2026-08-19T03:07:58.4712945Z 
FV-4b required proofs	Prove owner non-empty invariant	2026-08-19T03:07:58.4713068Z Check 266: Record::validate.pointer_dereference.1
FV-4b required proofs	Prove owner non-empty invariant	2026-08-19T03:07:58.4713148Z 	 - Status: SUCCESS
FV-4b required proofs	Prove owner non-empty invariant	2026-08-19T03:07:58.4713261Z 	 - Description: "dereference failure: dead object"
FV-4b required proofs	Prove owner non-empty invariant	2026-08-19T03:07:58.4713402Z 	 - Location: src/lib.rs:78:9 in function Record::validate
FV-4b required proofs	Prove owner non-empty invariant	2026-08-19T03:07:58.4713407Z 
FV-4b required proofs	Prove owner non-empty invariant	2026-08-19T03:07:58.4713410Z 
FV-4b required proofs	Prove owner non-empty invariant	2026-08-19T03:07:58.4713485Z SUMMARY:
FV-4b required proofs	Prove owner non-empty invariant	2026-08-19T03:07:58.4713575Z  ** 0 of 266 failed (4 unreachable)
FV-4b required proofs	Prove owner non-empty invariant	2026-08-19T03:07:58.4713580Z 
FV-4b required proofs	Prove owner non-empty invariant	2026-08-19T03:07:58.4713670Z VERIFICATION:- SUCCESSFUL
FV-4b required proofs	Prove owner non-empty invariant	2026-08-19T03:07:58.4713760Z Verification Time: 0.5228787s
FV-4b required proofs	Prove owner non-empty invariant	2026-08-19T03:07:58.4713881Z 
FV-4b required proofs	Prove owner non-empty invariant	2026-08-19T03:07:58.4713970Z Manual Harness Summary:
FV-4b required proofs	Prove owner non-empty invariant	2026-08-19T03:07:58.4714150Z Complete - 1 successfully verified harnesses, 0 failures, 1 total.
FV-4b required proofs	Prove Critical policy ceiling	﻿2026-08-19T03:07:58.4743816Z ##[group]Run set -euo pipefail
FV-4b required proofs	Prove Critical policy ceiling	2026-08-19T03:07:58.4743976Z [36;1mset -euo pipefail[0m
FV-4b required proofs	Prove Critical policy ceiling	2026-08-19T03:07:58.4744058Z [36;1mcargo kani \[0m
FV-4b required proofs	Prove Critical policy ceiling	2026-08-19T03:07:58.4744181Z [36;1m  --harness kani_policy_tier_ceiling \[0m
FV-4b required proofs	Prove Critical policy ceiling	2026-08-19T03:07:58.4744256Z [36;1m  2>&1 \[0m
FV-4b required proofs	Prove Critical policy ceiling	2026-08-19T03:07:58.4744461Z [36;1m  | tee kani-artifacts/policy-tier-ceiling.log[0m
FV-4b required proofs	Prove Critical policy ceiling	2026-08-19T03:07:58.4814118Z shell: /usr/bin/bash --noprofile --norc -e -o pipefail {0}
FV-4b required proofs	Prove Critical policy ceiling	2026-08-19T03:07:58.4814211Z ##[endgroup]
FV-4b required proofs	Prove Critical policy ceiling	2026-08-19T03:07:58.5306871Z Kani Rust Verifier 0.67.0 (cargo plugin)
FV-4b required proofs	Prove Critical policy ceiling	2026-08-19T03:07:58.9194738Z    Compiling edisondb v0.6.0-p3m9 (/home/runner/work/edisondb-fv/edisondb-fv)
FV-4b required proofs	Prove Critical policy ceiling	2026-08-19T03:08:00.5117264Z     Finished `dev` profile [unoptimized + debuginfo] target(s) in 1.78s
FV-4b required proofs	Prove Critical policy ceiling	2026-08-19T03:08:00.7368986Z    Compiling edisondb v0.6.0-p3m9 (/home/runner/work/edisondb-fv/edisondb-fv)
FV-4b required proofs	Prove Critical policy ceiling	2026-08-19T03:08:02.5350523Z     Finished `dev` profile [unoptimized + debuginfo] target(s) in 1.99s
FV-4b required proofs	Prove Critical policy ceiling	2026-08-19T03:08:02.7552755Z    Compiling edisondb v0.6.0-p3m9 (/home/runner/work/edisondb-fv/edisondb-fv)
FV-4b required proofs	Prove Critical policy ceiling	2026-08-19T03:08:03.4893857Z     Finished `dev` profile [unoptimized + debuginfo] target(s) in 0.92s
FV-4b required proofs	Prove Critical policy ceiling	2026-08-19T03:08:03.6448133Z Checking harness verification::kani_harnesses::kani_policy_tier_ceiling...
FV-4b required proofs	Prove Critical policy ceiling	2026-08-19T03:08:03.6610346Z CBMC 6.8.0 (cbmc-6.8.0)
FV-4b required proofs	Prove Critical policy ceiling	2026-08-19T03:08:03.6631958Z CBMC version 6.8.0 (cbmc-6.8.0) 64-bit x86_64 linux
FV-4b required proofs	Prove Critical policy ceiling	2026-08-19T03:08:03.6637126Z Reading GOTO program from file /home/runner/work/edisondb-fv/edisondb-fv/target/kani/x86_64-unknown-linux-gnu/debug/deps/edisondb__RNvNtNtCsh53XPqpdbtl_8edisondb12verification14kani_harnesses24kani_policy_tier_ceiling.out
FV-4b required proofs	Prove Critical policy ceiling	2026-08-19T03:08:03.6647307Z Generating GOTO Program
FV-4b required proofs	Prove Critical policy ceiling	2026-08-19T03:08:03.6647730Z Adding CPROVER library (x86_64)
FV-4b required proofs	Prove Critical policy ceiling	2026-08-19T03:08:03.6655235Z Removal of function pointers and virtual functions
FV-4b required proofs	Prove Critical policy ceiling	2026-08-19T03:08:03.6656115Z Generic Property Instrumentation
FV-4b required proofs	Prove Critical policy ceiling	2026-08-19T03:08:03.6757984Z Running with 16 object bits, 48 offset bits (user-specified)
FV-4b required proofs	Prove Critical policy ceiling	2026-08-19T03:08:03.6804486Z Starting Bounded Model Checking
FV-4b required proofs	Prove Critical policy ceiling	2026-08-19T03:08:03.6805618Z aborting path on assume(false) at file src/verification.rs line 295 column 15 function verification::kani_harnesses::kani_policy_tier_ceiling thread 0
FV-4b required proofs	Prove Critical policy ceiling	2026-08-19T03:08:03.6807012Z Runtime Symex: 0.0145581s
FV-4b required proofs	Prove Critical policy ceiling	2026-08-19T03:08:03.6807436Z size of program expression: 844 steps
FV-4b required proofs	Prove Critical policy ceiling	2026-08-19T03:08:03.6807886Z slicing removed 430 assignments
FV-4b required proofs	Prove Critical policy ceiling	2026-08-19T03:08:03.6808385Z Generated 63 VCC(s), 9 remaining after simplification
FV-4b required proofs	Prove Critical policy ceiling	2026-08-19T03:08:03.6808951Z Runtime Postprocess Equation: 0.000225633s
FV-4b required proofs	Prove Critical policy ceiling	2026-08-19T03:08:03.6821897Z Passing problem to propositional reduction
FV-4b required proofs	Prove Critical policy ceiling	2026-08-19T03:08:03.6822646Z converting SSA
FV-4b required proofs	Prove Critical policy ceiling	2026-08-19T03:08:03.6823089Z Runtime Convert SSA: 0.00144832s
FV-4b required proofs	Prove Critical policy ceiling	2026-08-19T03:08:03.6823639Z Running propositional reduction
FV-4b required proofs	Prove Critical policy ceiling	2026-08-19T03:08:03.6824143Z Post-processing
FV-4b required proofs	Prove Critical policy ceiling	2026-08-19T03:08:03.6824484Z Runtime Post-process: 6.773e-06s
FV-4b required proofs	Prove Critical policy ceiling	2026-08-19T03:08:03.6826713Z Solving with CaDiCaL 2.0.0
FV-4b required proofs	Prove Critical policy ceiling	2026-08-19T03:08:03.6827206Z 788 variables, 1006 clauses
FV-4b required proofs	Prove Critical policy ceiling	2026-08-19T03:08:03.6827719Z SAT checker: instance is SATISFIABLE
FV-4b required proofs	Prove Critical policy ceiling	2026-08-19T03:08:03.6828143Z Runtime Solver: 0.000175459s
FV-4b required proofs	Prove Critical policy ceiling	2026-08-19T03:08:03.6831296Z Runtime decision procedure: 0.00174108s
FV-4b required proofs	Prove Critical policy ceiling	2026-08-19T03:08:03.6831774Z Running propositional reduction
FV-4b required proofs	Prove Critical policy ceiling	2026-08-19T03:08:03.6832200Z Solving with CaDiCaL 2.0.0
FV-4b required proofs	Prove Critical policy ceiling	2026-08-19T03:08:03.6832508Z 789 variables, 1007 clauses
FV-4b required proofs	Prove Critical policy ceiling	2026-08-19T03:08:03.6832857Z SAT checker: instance is SATISFIABLE
FV-4b required proofs	Prove Critical policy ceiling	2026-08-19T03:08:03.6833137Z Runtime Solver: 5.2639e-05s
FV-4b required proofs	Prove Critical policy ceiling	2026-08-19T03:08:03.6839626Z Runtime decision procedure: 9.2673e-05s
FV-4b required proofs	Prove Critical policy ceiling	2026-08-19T03:08:03.6840151Z Running propositional reduction
FV-4b required proofs	Prove Critical policy ceiling	2026-08-19T03:08:03.6840587Z Solving with CaDiCaL 2.0.0
FV-4b required proofs	Prove Critical policy ceiling	2026-08-19T03:08:03.6840974Z 790 variables, 1008 clauses
FV-4b required proofs	Prove Critical policy ceiling	2026-08-19T03:08:03.6841227Z SAT checker: instance is SATISFIABLE
FV-4b required proofs	Prove Critical policy ceiling	2026-08-19T03:08:03.6841504Z Runtime Solver: 5.5965e-05s
FV-4b required proofs	Prove Critical policy ceiling	2026-08-19T03:08:03.6846213Z Runtime decision procedure: 9.2384e-05s
FV-4b required proofs	Prove Critical policy ceiling	2026-08-19T03:08:03.6846653Z Running propositional reduction
FV-4b required proofs	Prove Critical policy ceiling	2026-08-19T03:08:03.6847860Z Solving with CaDiCaL 2.0.0
FV-4b required proofs	Prove Critical policy ceiling	2026-08-19T03:08:03.6848433Z 791 variables, 1009 clauses
FV-4b required proofs	Prove Critical policy ceiling	2026-08-19T03:08:03.6848682Z SAT checker: instance is SATISFIABLE
FV-4b required proofs	Prove Critical policy ceiling	2026-08-19T03:08:03.6848949Z Runtime Solver: 0.000172263s
FV-4b required proofs	Prove Critical policy ceiling	2026-08-19T03:08:03.6854924Z Runtime decision procedure: 0.000211517s
FV-4b required proofs	Prove Critical policy ceiling	2026-08-19T03:08:03.6855456Z Running propositional reduction
FV-4b required proofs	Prove Critical policy ceiling	2026-08-19T03:08:03.6856117Z Solving with CaDiCaL 2.0.0
FV-4b required proofs	Prove Critical policy ceiling	2026-08-19T03:08:03.6856522Z 792 variables, 1010 clauses
FV-4b required proofs	Prove Critical policy ceiling	2026-08-19T03:08:03.6859510Z SAT checker: instance is UNSATISFIABLE
FV-4b required proofs	Prove Critical policy ceiling	2026-08-19T03:08:03.6860744Z Runtime Solver: 2.638e-05s
FV-4b required proofs	Prove Critical policy ceiling	2026-08-19T03:08:03.6861180Z Runtime decision procedure: 5.9251e-05s
FV-4b required proofs	Prove Critical policy ceiling	2026-08-19T03:08:03.7001312Z 
FV-4b required proofs	Prove Critical policy ceiling	2026-08-19T03:08:03.7001624Z RESULTS:
FV-4b required proofs	Prove Critical policy ceiling	2026-08-19T03:08:03.7002200Z Check 1: verification::kani_harnesses::kani_policy_tier_ceiling.unreachable.1
FV-4b required proofs	Prove Critical policy ceiling	2026-08-19T03:08:03.7002862Z 	 - Status: SUCCESS
FV-4b required proofs	Prove Critical policy ceiling	2026-08-19T03:08:03.7003228Z 	 - Description: "unreachable code"
FV-4b required proofs	Prove Critical policy ceiling	2026-08-19T03:08:03.7003996Z 	 - Location: src/verification.rs:295:15 in function verification::kani_harnesses::kani_policy_tier_ceiling
FV-4b required proofs	Prove Critical policy ceiling	2026-08-19T03:08:03.7004677Z 
FV-4b required proofs	Prove Critical policy ceiling	2026-08-19T03:08:03.7005002Z Check 2: verification::kani_harnesses::kani_policy_tier_ceiling.assertion.1
FV-4b required proofs	Prove Critical policy ceiling	2026-08-19T03:08:03.7005596Z 	 - Status: SUCCESS
FV-4b required proofs	Prove Critical policy ceiling	2026-08-19T03:08:03.7006367Z 	 - Description: "assertion failed: decision == PolicyPrecheck::PermitOwner"
FV-4b required proofs	Prove Critical policy ceiling	2026-08-19T03:08:03.7007312Z 	 - Location: src/verification.rs:305:21 in function verification::kani_harnesses::kani_policy_tier_ceiling
FV-4b required proofs	Prove Critical policy ceiling	2026-08-19T03:08:03.7007946Z 
FV-4b required proofs	Prove Critical policy ceiling	2026-08-19T03:08:03.7008279Z Check 3: verification::kani_harnesses::kani_policy_tier_ceiling.assertion.2
FV-4b required proofs	Prove Critical policy ceiling	2026-08-19T03:08:03.7009070Z 	 - Status: SUCCESS
FV-4b required proofs	Prove Critical policy ceiling	2026-08-19T03:08:03.7009881Z 	 - Description: "assertion failed: decision == PolicyPrecheck::Continue"
FV-4b required proofs	Prove Critical policy ceiling	2026-08-19T03:08:03.7011040Z 	 - Location: src/verification.rs:307:21 in function verification::kani_harnesses::kani_policy_tier_ceiling
FV-4b required proofs	Prove Critical policy ceiling	2026-08-19T03:08:03.7011748Z 
FV-4b required proofs	Prove Critical policy ceiling	2026-08-19T03:08:03.7012171Z Check 4: verification::kani_harnesses::kani_policy_tier_ceiling.assertion.3
FV-4b required proofs	Prove Critical policy ceiling	2026-08-19T03:08:03.7013047Z 	 - Status: SUCCESS
FV-4b required proofs	Prove Critical policy ceiling	2026-08-19T03:08:03.7013750Z 	 - Description: "assertion failed: decision == PolicyPrecheck::PermitOwner"
FV-4b required proofs	Prove Critical policy ceiling	2026-08-19T03:08:03.7014973Z 	 - Location: src/verification.rs:298:21 in function verification::kani_harnesses::kani_policy_tier_ceiling
FV-4b required proofs	Prove Critical policy ceiling	2026-08-19T03:08:03.7016027Z 
FV-4b required proofs	Prove Critical policy ceiling	2026-08-19T03:08:03.7016431Z Check 5: verification::kani_harnesses::kani_policy_tier_ceiling.assertion.4
FV-4b required proofs	Prove Critical policy ceiling	2026-08-19T03:08:03.7017169Z 	 - Status: SUCCESS
FV-4b required proofs	Prove Critical policy ceiling	2026-08-19T03:08:03.7017907Z 	 - Description: "assertion failed: decision == PolicyPrecheck::DenyCritical"
FV-4b required proofs	Prove Critical policy ceiling	2026-08-19T03:08:03.7019013Z 	 - Location: src/verification.rs:300:21 in function verification::kani_harnesses::kani_policy_tier_ceiling
FV-4b required proofs	Prove Critical policy ceiling	2026-08-19T03:08:03.7019754Z 
FV-4b required proofs	Prove Critical policy ceiling	2026-08-19T03:08:03.7019998Z Check 6: policy::policy_precheck.pointer_dereference.1
FV-4b required proofs	Prove Critical policy ceiling	2026-08-19T03:08:03.7032148Z 	 - Status: SUCCESS
FV-4b required proofs	Prove Critical policy ceiling	2026-08-19T03:08:03.7032612Z 	 - Description: "dereference failure: pointer NULL"
FV-4b required proofs	Prove Critical policy ceiling	2026-08-19T03:08:03.7033313Z 	 - Location: src/policy.rs:239:24 in function policy::policy_precheck
FV-4b required proofs	Prove Critical policy ceiling	2026-08-19T03:08:03.7033789Z 
FV-4b required proofs	Prove Critical policy ceiling	2026-08-19T03:08:03.7034040Z Check 7: policy::policy_precheck.pointer_dereference.2
FV-4b required proofs	Prove Critical policy ceiling	2026-08-19T03:08:03.7034574Z 	 - Status: SUCCESS
FV-4b required proofs	Prove Critical policy ceiling	2026-08-19T03:08:03.7035042Z 	 - Description: "dereference failure: pointer invalid"
FV-4b required proofs	Prove Critical policy ceiling	2026-08-19T03:08:03.7035955Z 	 - Location: src/policy.rs:239:24 in function policy::policy_precheck
FV-4b required proofs	Prove Critical policy ceiling	2026-08-19T03:08:03.7036438Z 
FV-4b required proofs	Prove Critical policy ceiling	2026-08-19T03:08:03.7036698Z Check 8: policy::policy_precheck.pointer_dereference.3
FV-4b required proofs	Prove Critical policy ceiling	2026-08-19T03:08:03.7037195Z 	 - Status: SUCCESS
FV-4b required proofs	Prove Critical policy ceiling	2026-08-19T03:08:03.7037699Z 	 - Description: "dereference failure: deallocated dynamic object"
FV-4b required proofs	Prove Critical policy ceiling	2026-08-19T03:08:03.7038366Z 	 - Location: src/policy.rs:239:24 in function policy::policy_precheck
FV-4b required proofs	Prove Critical policy ceiling	2026-08-19T03:08:03.7038666Z 
FV-4b required proofs	Prove Critical policy ceiling	2026-08-19T03:08:03.7038819Z Check 9: policy::policy_precheck.pointer_dereference.4
FV-4b required proofs	Prove Critical policy ceiling	2026-08-19T03:08:03.7039400Z 	 - Status: SUCCESS
FV-4b required proofs	Prove Critical policy ceiling	2026-08-19T03:08:03.7039657Z 	 - Description: "dereference failure: dead object"
FV-4b required proofs	Prove Critical policy ceiling	2026-08-19T03:08:03.7040109Z 	 - Location: src/policy.rs:239:24 in function policy::policy_precheck
FV-4b required proofs	Prove Critical policy ceiling	2026-08-19T03:08:03.7040550Z 
FV-4b required proofs	Prove Critical policy ceiling	2026-08-19T03:08:03.7040698Z Check 10: policy::policy_precheck.pointer_dereference.5
FV-4b required proofs	Prove Critical policy ceiling	2026-08-19T03:08:03.7041008Z 	 - Status: SUCCESS
FV-4b required proofs	Prove Critical policy ceiling	2026-08-19T03:08:03.7041305Z 	 - Description: "dereference failure: pointer outside object bounds"
FV-4b required proofs	Prove Critical policy ceiling	2026-08-19T03:08:03.7041771Z 	 - Location: src/policy.rs:239:24 in function policy::policy_precheck
FV-4b required proofs	Prove Critical policy ceiling	2026-08-19T03:08:03.7042047Z 
FV-4b required proofs	Prove Critical policy ceiling	2026-08-19T03:08:03.7042187Z Check 11: policy::policy_precheck.pointer_dereference.6
FV-4b required proofs	Prove Critical policy ceiling	2026-08-19T03:08:03.7042493Z 	 - Status: SUCCESS
FV-4b required proofs	Prove Critical policy ceiling	2026-08-19T03:08:03.7042771Z 	 - Description: "dereference failure: invalid integer address"
FV-4b required proofs	Prove Critical policy ceiling	2026-08-19T03:08:03.7043200Z 	 - Location: src/policy.rs:239:24 in function policy::policy_precheck
FV-4b required proofs	Prove Critical policy ceiling	2026-08-19T03:08:03.7043468Z 
FV-4b required proofs	Prove Critical policy ceiling	2026-08-19T03:08:03.7043687Z Check 12: <policy::PolicyPrecheck as std::cmp::PartialEq>::eq.pointer_dereference.1
FV-4b required proofs	Prove Critical policy ceiling	2026-08-19T03:08:03.7044099Z 	 - Status: SUCCESS
FV-4b required proofs	Prove Critical policy ceiling	2026-08-19T03:08:03.7044346Z 	 - Description: "dereference failure: pointer NULL"
FV-4b required proofs	Prove Critical policy ceiling	2026-08-19T03:08:03.7044933Z 	 - Location: src/policy.rs:229:30 in function <policy::PolicyPrecheck as std::cmp::PartialEq>::eq
FV-4b required proofs	Prove Critical policy ceiling	2026-08-19T03:08:03.7045292Z 
FV-4b required proofs	Prove Critical policy ceiling	2026-08-19T03:08:03.7045514Z Check 13: <policy::PolicyPrecheck as std::cmp::PartialEq>::eq.pointer_dereference.2
FV-4b required proofs	Prove Critical policy ceiling	2026-08-19T03:08:03.7046256Z 	 - Status: SUCCESS
FV-4b required proofs	Prove Critical policy ceiling	2026-08-19T03:08:03.7046509Z 	 - Description: "dereference failure: pointer invalid"
FV-4b required proofs	Prove Critical policy ceiling	2026-08-19T03:08:03.7046993Z 	 - Location: src/policy.rs:229:30 in function <policy::PolicyPrecheck as std::cmp::PartialEq>::eq
FV-4b required proofs	Prove Critical policy ceiling	2026-08-19T03:08:03.7047349Z 
FV-4b required proofs	Prove Critical policy ceiling	2026-08-19T03:08:03.7047575Z Check 14: <policy::PolicyPrecheck as std::cmp::PartialEq>::eq.pointer_dereference.3
FV-4b required proofs	Prove Critical policy ceiling	2026-08-19T03:08:03.7047988Z 	 - Status: SUCCESS
FV-4b required proofs	Prove Critical policy ceiling	2026-08-19T03:08:03.7048283Z 	 - Description: "dereference failure: deallocated dynamic object"
FV-4b required proofs	Prove Critical policy ceiling	2026-08-19T03:08:03.7048811Z 	 - Location: src/policy.rs:229:30 in function <policy::PolicyPrecheck as std::cmp::PartialEq>::eq
FV-4b required proofs	Prove Critical policy ceiling	2026-08-19T03:08:03.7049166Z 
FV-4b required proofs	Prove Critical policy ceiling	2026-08-19T03:08:03.7049403Z Check 15: <policy::PolicyPrecheck as std::cmp::PartialEq>::eq.pointer_dereference.4
FV-4b required proofs	Prove Critical policy ceiling	2026-08-19T03:08:03.7049803Z 	 - Status: SUCCESS
FV-4b required proofs	Prove Critical policy ceiling	2026-08-19T03:08:03.7050041Z 	 - Description: "dereference failure: dead object"
FV-4b required proofs	Prove Critical policy ceiling	2026-08-19T03:08:03.7050505Z 	 - Location: src/policy.rs:229:30 in function <policy::PolicyPrecheck as std::cmp::PartialEq>::eq
FV-4b required proofs	Prove Critical policy ceiling	2026-08-19T03:08:03.7050863Z 
FV-4b required proofs	Prove Critical policy ceiling	2026-08-19T03:08:03.7051072Z Check 16: <policy::PolicyPrecheck as std::cmp::PartialEq>::eq.pointer_dereference.5
FV-4b required proofs	Prove Critical policy ceiling	2026-08-19T03:08:03.7051462Z 	 - Status: SUCCESS
FV-4b required proofs	Prove Critical policy ceiling	2026-08-19T03:08:03.7051757Z 	 - Description: "dereference failure: pointer outside object bounds"
FV-4b required proofs	Prove Critical policy ceiling	2026-08-19T03:08:03.7052283Z 	 - Location: src/policy.rs:229:30 in function <policy::PolicyPrecheck as std::cmp::PartialEq>::eq
FV-4b required proofs	Prove Critical policy ceiling	2026-08-19T03:08:03.7052638Z 
FV-4b required proofs	Prove Critical policy ceiling	2026-08-19T03:08:03.7052850Z Check 17: <policy::PolicyPrecheck as std::cmp::PartialEq>::eq.pointer_dereference.6
FV-4b required proofs	Prove Critical policy ceiling	2026-08-19T03:08:03.7053246Z 	 - Status: SUCCESS
FV-4b required proofs	Prove Critical policy ceiling	2026-08-19T03:08:03.7053516Z 	 - Description: "dereference failure: invalid integer address"
FV-4b required proofs	Prove Critical policy ceiling	2026-08-19T03:08:03.7054024Z 	 - Location: src/policy.rs:229:30 in function <policy::PolicyPrecheck as std::cmp::PartialEq>::eq
FV-4b required proofs	Prove Critical policy ceiling	2026-08-19T03:08:03.7054376Z 
FV-4b required proofs	Prove Critical policy ceiling	2026-08-19T03:08:03.7054598Z Check 18: <policy::PolicyPrecheck as std::cmp::PartialEq>::eq.pointer_dereference.7
FV-4b required proofs	Prove Critical policy ceiling	2026-08-19T03:08:03.7054982Z 	 - Status: SUCCESS
FV-4b required proofs	Prove Critical policy ceiling	2026-08-19T03:08:03.7055219Z 	 - Description: "dereference failure: pointer NULL"
FV-4b required proofs	Prove Critical policy ceiling	2026-08-19T03:08:03.7055679Z 	 - Location: src/policy.rs:229:30 in function <policy::PolicyPrecheck as std::cmp::PartialEq>::eq
FV-4b required proofs	Prove Critical policy ceiling	2026-08-19T03:08:03.7056278Z 
FV-4b required proofs	Prove Critical policy ceiling	2026-08-19T03:08:03.7056502Z Check 19: <policy::PolicyPrecheck as std::cmp::PartialEq>::eq.pointer_dereference.8
FV-4b required proofs	Prove Critical policy ceiling	2026-08-19T03:08:03.7056892Z 	 - Status: SUCCESS
FV-4b required proofs	Prove Critical policy ceiling	2026-08-19T03:08:03.7057137Z 	 - Description: "dereference failure: pointer invalid"
FV-4b required proofs	Prove Critical policy ceiling	2026-08-19T03:08:03.7057795Z 	 - Location: src/policy.rs:229:30 in function <policy::PolicyPrecheck as std::cmp::PartialEq>::eq
FV-4b required proofs	Prove Critical policy ceiling	2026-08-19T03:08:03.7058148Z 
FV-4b required proofs	Prove Critical policy ceiling	2026-08-19T03:08:03.7058378Z Check 20: <policy::PolicyPrecheck as std::cmp::PartialEq>::eq.pointer_dereference.9
FV-4b required proofs	Prove Critical policy ceiling	2026-08-19T03:08:03.7058950Z 	 - Status: SUCCESS
FV-4b required proofs	Prove Critical policy ceiling	2026-08-19T03:08:03.7059244Z 	 - Description: "dereference failure: deallocated dynamic object"
FV-4b required proofs	Prove Critical policy ceiling	2026-08-19T03:08:03.7059762Z 	 - Location: src/policy.rs:229:30 in function <policy::PolicyPrecheck as std::cmp::PartialEq>::eq
FV-4b required proofs	Prove Critical policy ceiling	2026-08-19T03:08:03.7060123Z 
FV-4b required proofs	Prove Critical policy ceiling	2026-08-19T03:08:03.7060345Z Check 21: <policy::PolicyPrecheck as std::cmp::PartialEq>::eq.pointer_dereference.10
FV-4b required proofs	Prove Critical policy ceiling	2026-08-19T03:08:03.7060749Z 	 - Status: SUCCESS
FV-4b required proofs	Prove Critical policy ceiling	2026-08-19T03:08:03.7060986Z 	 - Description: "dereference failure: dead object"
FV-4b required proofs	Prove Critical policy ceiling	2026-08-19T03:08:03.7061450Z 	 - Location: src/policy.rs:229:30 in function <policy::PolicyPrecheck as std::cmp::PartialEq>::eq
FV-4b required proofs	Prove Critical policy ceiling	2026-08-19T03:08:03.7061806Z 
FV-4b required proofs	Prove Critical policy ceiling	2026-08-19T03:08:03.7062021Z Check 22: <policy::PolicyPrecheck as std::cmp::PartialEq>::eq.pointer_dereference.11
FV-4b required proofs	Prove Critical policy ceiling	2026-08-19T03:08:03.7062421Z 	 - Status: SUCCESS
FV-4b required proofs	Prove Critical policy ceiling	2026-08-19T03:08:03.7062714Z 	 - Description: "dereference failure: pointer outside object bounds"
FV-4b required proofs	Prove Critical policy ceiling	2026-08-19T03:08:03.7063241Z 	 - Location: src/policy.rs:229:30 in function <policy::PolicyPrecheck as std::cmp::PartialEq>::eq
FV-4b required proofs	Prove Critical policy ceiling	2026-08-19T03:08:03.7063597Z 
FV-4b required proofs	Prove Critical policy ceiling	2026-08-19T03:08:03.7063817Z Check 23: <policy::PolicyPrecheck as std::cmp::PartialEq>::eq.pointer_dereference.12
FV-4b required proofs	Prove Critical policy ceiling	2026-08-19T03:08:03.7064210Z 	 - Status: SUCCESS
FV-4b required proofs	Prove Critical policy ceiling	2026-08-19T03:08:03.7064486Z 	 - Description: "dereference failure: invalid integer address"
FV-4b required proofs	Prove Critical policy ceiling	2026-08-19T03:08:03.7064984Z 	 - Location: src/policy.rs:229:30 in function <policy::PolicyPrecheck as std::cmp::PartialEq>::eq
FV-4b required proofs	Prove Critical policy ceiling	2026-08-19T03:08:03.7065334Z 
FV-4b required proofs	Prove Critical policy ceiling	2026-08-19T03:08:03.7065338Z 
FV-4b required proofs	Prove Critical policy ceiling	2026-08-19T03:08:03.7065420Z SUMMARY:
FV-4b required proofs	Prove Critical policy ceiling	2026-08-19T03:08:03.7065597Z  ** 0 of 23 failed
FV-4b required proofs	Prove Critical policy ceiling	2026-08-19T03:08:03.7065921Z 
FV-4b required proofs	Prove Critical policy ceiling	2026-08-19T03:08:03.7066030Z VERIFICATION:- SUCCESSFUL
FV-4b required proofs	Prove Critical policy ceiling	2026-08-19T03:08:03.7066270Z Verification Time: 0.054924343s
FV-4b required proofs	Prove Critical policy ceiling	2026-08-19T03:08:03.7066434Z 
FV-4b required proofs	Prove Critical policy ceiling	2026-08-19T03:08:03.7066525Z Manual Harness Summary:
FV-4b required proofs	Prove Critical policy ceiling	2026-08-19T03:08:03.7066836Z Complete - 1 successfully verified harnesses, 0 failures, 1 total.
FV-4b required proofs	Prove record identity validation	﻿2026-08-19T03:08:03.7097069Z ##[group]Run set -euo pipefail
FV-4b required proofs	Prove record identity validation	2026-08-19T03:08:03.7097408Z [36;1mset -euo pipefail[0m
FV-4b required proofs	Prove record identity validation	2026-08-19T03:08:03.7097647Z [36;1mcargo kani \[0m
FV-4b required proofs	Prove record identity validation	2026-08-19T03:08:03.7097914Z [36;1m  --harness kani_record_identity_validation \[0m
FV-4b required proofs	Prove record identity validation	2026-08-19T03:08:03.7098218Z [36;1m  2>&1 \[0m
FV-4b required proofs	Prove record identity validation	2026-08-19T03:08:03.7098458Z [36;1m  | tee kani-artifacts/record-identity.log[0m
FV-4b required proofs	Prove record identity validation	2026-08-19T03:08:03.7169491Z shell: /usr/bin/bash --noprofile --norc -e -o pipefail {0}
FV-4b required proofs	Prove record identity validation	2026-08-19T03:08:03.7169842Z ##[endgroup]
FV-4b required proofs	Prove record identity validation	2026-08-19T03:08:03.7668314Z Kani Rust Verifier 0.67.0 (cargo plugin)
FV-4b required proofs	Prove record identity validation	2026-08-19T03:08:04.1591299Z    Compiling edisondb v0.6.0-p3m9 (/home/runner/work/edisondb-fv/edisondb-fv)
FV-4b required proofs	Prove record identity validation	2026-08-19T03:08:05.7090613Z warning: Found the following unsupported constructs:
FV-4b required proofs	Prove record identity validation	2026-08-19T03:08:05.7091266Z              - caller_location (1)
FV-4b required proofs	Prove record identity validation	2026-08-19T03:08:05.7091715Z              - foreign function (2)
FV-4b required proofs	Prove record identity validation	2026-08-19T03:08:05.7092097Z          
FV-4b required proofs	Prove record identity validation	2026-08-19T03:08:05.7092593Z          Verification will fail if one or more of these constructs is reachable.
FV-4b required proofs	Prove record identity validation	2026-08-19T03:08:05.7093587Z          See https://model-checking.github.io/kani/rust-feature-support.html for more details.
FV-4b required proofs	Prove record identity validation	2026-08-19T03:08:05.7094190Z 
FV-4b required proofs	Prove record identity validation	2026-08-19T03:08:05.8049826Z     Finished `dev` profile [unoptimized + debuginfo] target(s) in 1.83s
FV-4b required proofs	Prove record identity validation	2026-08-19T03:08:06.0222705Z    Compiling edisondb v0.6.0-p3m9 (/home/runner/work/edisondb-fv/edisondb-fv)
FV-4b required proofs	Prove record identity validation	2026-08-19T03:08:07.7355887Z     Finished `dev` profile [unoptimized + debuginfo] target(s) in 1.90s
FV-4b required proofs	Prove record identity validation	2026-08-19T03:08:07.9527759Z    Compiling edisondb v0.6.0-p3m9 (/home/runner/work/edisondb-fv/edisondb-fv)
FV-4b required proofs	Prove record identity validation	2026-08-19T03:08:08.6923510Z     Finished `dev` profile [unoptimized + debuginfo] target(s) in 0.92s
FV-4b required proofs	Prove record identity validation	2026-08-19T03:08:09.1374315Z Checking harness verification::kani_harnesses::kani_record_identity_validation...
FV-4b required proofs	Prove record identity validation	2026-08-19T03:08:09.1538261Z CBMC 6.8.0 (cbmc-6.8.0)
FV-4b required proofs	Prove record identity validation	2026-08-19T03:08:09.1677237Z CBMC version 6.8.0 (cbmc-6.8.0) 64-bit x86_64 linux
FV-4b required proofs	Prove record identity validation	2026-08-19T03:08:09.1700559Z Reading GOTO program from file /home/runner/work/edisondb-fv/edisondb-fv/target/kani/x86_64-unknown-linux-gnu/debug/deps/edisondb__RNvNtNtCsh53XPqpdbtl_8edisondb12verification14kani_harnesses31kani_record_identity_validation.out
FV-4b required proofs	Prove record identity validation	2026-08-19T03:08:09.1704612Z Generating GOTO Program
FV-4b required proofs	Prove record identity validation	2026-08-19T03:08:09.1733184Z Adding CPROVER library (x86_64)
FV-4b required proofs	Prove record identity validation	2026-08-19T03:08:09.1872912Z Removal of function pointers and virtual functions
FV-4b required proofs	Prove record identity validation	2026-08-19T03:08:09.1874439Z Generic Property Instrumentation
FV-4b required proofs	Prove record identity validation	2026-08-19T03:08:09.2138120Z Running with 16 object bits, 48 offset bits (user-specified)
FV-4b required proofs	Prove record identity validation	2026-08-19T03:08:09.2177518Z Starting Bounded Model Checking
FV-4b required proofs	Prove record identity validation	2026-08-19T03:08:09.2217311Z aborting path on assume(false) at file /home/runner/.rustup/toolchains/nightly-2025-11-21-x86_64-unknown-linux-gnu/lib/rustlib/src/rust/library/core/src/alloc/layout.rs line 359 column 5 function std::alloc::Layout::repeat thread 0
FV-4b required proofs	Prove record identity validation	2026-08-19T03:08:09.2612396Z aborting path on assume(false) at file /home/runner/.rustup/toolchains/nightly-2025-11-21-x86_64-unknown-linux-gnu/lib/rustlib/src/rust/library/core/src/result.rs line 835 column 15 function std::result::Result::<(std::alloc::Layout, usize), std::alloc::LayoutError>::map::<std::alloc::Layout, {closure@alloc::raw_vec::layout_array::{closure#0}}> thread 0
FV-4b required proofs	Prove record identity validation	2026-08-19T03:08:09.2937863Z aborting path on assume(false) at file /home/runner/.rustup/toolchains/nightly-2025-11-21-x86_64-unknown-linux-gnu/lib/rustlib/src/rust/library/core/src/result.rs line 966 column 15 function std::result::Result::<std::alloc::Layout, std::alloc::LayoutError>::map_err::<std::collections::TryReserveError, {closure@alloc::raw_vec::layout_array::{closure#1}}> thread 0
FV-4b required proofs	Prove record identity validation	2026-08-19T03:08:09.2952917Z aborting path on assume(false) at file src/lib.rs line 0 column 0 function alloc::raw_vec::RawVecInner::try_allocate_in thread 0
FV-4b required proofs	Prove record identity validation	2026-08-19T03:08:09.2987532Z aborting path on assume(false) at file /home/runner/.rustup/toolchains/nightly-2025-11-21-x86_64-unknown-linux-gnu/lib/rustlib/src/rust/library/alloc/src/raw_vec/mod.rs line 419 column 15 function alloc::raw_vec::RawVecInner::with_capacity_in thread 0
FV-4b required proofs	Prove record identity validation	2026-08-19T03:08:09.3009175Z aborting path on assume(false) at file /home/runner/.rustup/toolchains/nightly-2025-11-21-x86_64-unknown-linux-gnu/lib/rustlib/src/rust/library/alloc/src/collections/mod.rs line 93 column 10 function <std::collections::TryReserveErrorKind as std::clone::Clone>::clone thread 0
FV-4b required proofs	Prove record identity validation	2026-08-19T03:08:09.3011360Z aborting path on assume(false) at file /home/runner/.rustup/toolchains/nightly-2025-11-21-x86_64-unknown-linux-gnu/lib/rustlib/src/rust/library/alloc/src/raw_vec/mod.rs line 845 column 11 function alloc::raw_vec::handle_error thread 0
FV-4b required proofs	Prove record identity validation	2026-08-19T03:08:09.3013418Z aborting path on assume(false) at file /home/runner/.rustup/toolchains/nightly-2025-11-21-x86_64-unknown-linux-gnu/lib/rustlib/src/rust/library/alloc/src/alloc.rs line 366 column 5 function std::alloc::handle_alloc_error::rt_error thread 0
FV-4b required proofs	Prove record identity validation	2026-08-19T03:08:09.3015449Z aborting path on assume(false) at file /home/runner/.rustup/toolchains/nightly-2025-11-21-x86_64-unknown-linux-gnu/lib/rustlib/src/rust/library/alloc/src/alloc.rs line 407 column 13 function std::alloc::handle_alloc_error::rt_error thread 0
FV-4b required proofs	Prove record identity validation	2026-08-19T03:08:09.3032111Z aborting path on assume(false) at file /home/runner/.rustup/toolchains/nightly-2025-11-21-x86_64-unknown-linux-gnu/lib/rustlib/src/rust/library/alloc/src/alloc.rs line 413 column 9 function std::alloc::handle_alloc_error thread 0
FV-4b required proofs	Prove record identity validation	2026-08-19T03:08:09.3034074Z aborting path on assume(false) at file /home/runner/.rustup/toolchains/nightly-2025-11-21-x86_64-unknown-linux-gnu/lib/rustlib/src/rust/library/alloc/src/raw_vec/mod.rs line 847 column 38 function alloc::raw_vec::handle_error thread 0
FV-4b required proofs	Prove record identity validation	2026-08-19T03:08:09.3036112Z aborting path on assume(false) at file /home/runner/.rustup/toolchains/nightly-2025-11-21-x86_64-unknown-linux-gnu/lib/rustlib/src/rust/library/alloc/src/raw_vec/mod.rs line 28 column 5 function alloc::raw_vec::capacity_overflow thread 0
FV-4b required proofs	Prove record identity validation	2026-08-19T03:08:09.3362898Z aborting path on assume(false) at file /home/runner/.rustup/toolchains/nightly-2025-11-21-x86_64-unknown-linux-gnu/lib/rustlib/src/rust/library/alloc/src/raw_vec/mod.rs line 846 column 29 function alloc::raw_vec::handle_error thread 0
FV-4b required proofs	Prove record identity validation	2026-08-19T03:08:09.3418167Z aborting path on assume(false) at file /home/runner/.rustup/toolchains/nightly-2025-11-21-x86_64-unknown-linux-gnu/lib/rustlib/src/rust/library/alloc/src/raw_vec/mod.rs line 427 column 25 function alloc::raw_vec::RawVecInner::with_capacity_in thread 0
FV-4b required proofs	Prove record identity validation	2026-08-19T03:08:09.3457621Z aborting path on assume(false) at file /home/runner/.rustup/toolchains/nightly-2025-11-21-x86_64-unknown-linux-gnu/lib/rustlib/src/rust/library/core/src/alloc/layout.rs line 359 column 5 function std::alloc::Layout::repeat thread 0
FV-4b required proofs	Prove record identity validation	2026-08-19T03:08:09.3863741Z aborting path on assume(false) at file /home/runner/.rustup/toolchains/nightly-2025-11-21-x86_64-unknown-linux-gnu/lib/rustlib/src/rust/library/core/src/result.rs line 835 column 15 function std::result::Result::<(std::alloc::Layout, usize), std::alloc::LayoutError>::map::<std::alloc::Layout, {closure@alloc::raw_vec::layout_array::{closure#0}}> thread 0
FV-4b required proofs	Prove record identity validation	2026-08-19T03:08:09.4215199Z aborting path on assume(false) at file /home/runner/.rustup/toolchains/nightly-2025-11-21-x86_64-unknown-linux-gnu/lib/rustlib/src/rust/library/core/src/result.rs line 966 column 15 function std::result::Result::<std::alloc::Layout, std::alloc::LayoutError>::map_err::<std::collections::TryReserveError, {closure@alloc::raw_vec::layout_array::{closure#1}}> thread 0
FV-4b required proofs	Prove record identity validation	2026-08-19T03:08:09.4231518Z aborting path on assume(false) at file src/lib.rs line 0 column 0 function alloc::raw_vec::RawVecInner::try_allocate_in thread 0
FV-4b required proofs	Prove record identity validation	2026-08-19T03:08:09.4267033Z aborting path on assume(false) at file /home/runner/.rustup/toolchains/nightly-2025-11-21-x86_64-unknown-linux-gnu/lib/rustlib/src/rust/library/alloc/src/raw_vec/mod.rs line 419 column 15 function alloc::raw_vec::RawVecInner::with_capacity_in thread 0
FV-4b required proofs	Prove record identity validation	2026-08-19T03:08:09.4290678Z aborting path on assume(false) at file /home/runner/.rustup/toolchains/nightly-2025-11-21-x86_64-unknown-linux-gnu/lib/rustlib/src/rust/library/alloc/src/collections/mod.rs line 93 column 10 function <std::collections::TryReserveErrorKind as std::clone::Clone>::clone thread 0
FV-4b required proofs	Prove record identity validation	2026-08-19T03:08:09.4293283Z aborting path on assume(false) at file /home/runner/.rustup/toolchains/nightly-2025-11-21-x86_64-unknown-linux-gnu/lib/rustlib/src/rust/library/alloc/src/raw_vec/mod.rs line 845 column 11 function alloc::raw_vec::handle_error thread 0
FV-4b required proofs	Prove record identity validation	2026-08-19T03:08:09.4295287Z aborting path on assume(false) at file /home/runner/.rustup/toolchains/nightly-2025-11-21-x86_64-unknown-linux-gnu/lib/rustlib/src/rust/library/alloc/src/alloc.rs line 366 column 5 function std::alloc::handle_alloc_error::rt_error thread 0
FV-4b required proofs	Prove record identity validation	2026-08-19T03:08:09.4297719Z aborting path on assume(false) at file /home/runner/.rustup/toolchains/nightly-2025-11-21-x86_64-unknown-linux-gnu/lib/rustlib/src/rust/library/alloc/src/alloc.rs line 407 column 13 function std::alloc::handle_alloc_error::rt_error thread 0
FV-4b required proofs	Prove record identity validation	2026-08-19T03:08:09.4315380Z aborting path on assume(false) at file /home/runner/.rustup/toolchains/nightly-2025-11-21-x86_64-unknown-linux-gnu/lib/rustlib/src/rust/library/alloc/src/alloc.rs line 413 column 9 function std::alloc::handle_alloc_error thread 0
FV-4b required proofs	Prove record identity validation	2026-08-19T03:08:09.4318395Z aborting path on assume(false) at file /home/runner/.rustup/toolchains/nightly-2025-11-21-x86_64-unknown-linux-gnu/lib/rustlib/src/rust/library/alloc/src/raw_vec/mod.rs line 847 column 38 function alloc::raw_vec::handle_error thread 0
FV-4b required proofs	Prove record identity validation	2026-08-19T03:08:09.4328849Z aborting path on assume(false) at file /home/runner/.rustup/toolchains/nightly-2025-11-21-x86_64-unknown-linux-gnu/lib/rustlib/src/rust/library/alloc/src/raw_vec/mod.rs line 28 column 5 function alloc::raw_vec::capacity_overflow thread 0
FV-4b required proofs	Prove record identity validation	2026-08-19T03:08:09.4875346Z aborting path on assume(false) at file /home/runner/.rustup/toolchains/nightly-2025-11-21-x86_64-unknown-linux-gnu/lib/rustlib/src/rust/library/alloc/src/raw_vec/mod.rs line 846 column 29 function alloc::raw_vec::handle_error thread 0
FV-4b required proofs	Prove record identity validation	2026-08-19T03:08:09.5124562Z aborting path on assume(false) at file /home/runner/.rustup/toolchains/nightly-2025-11-21-x86_64-unknown-linux-gnu/lib/rustlib/src/rust/library/alloc/src/raw_vec/mod.rs line 427 column 25 function alloc::raw_vec::RawVecInner::with_capacity_in thread 0
FV-4b required proofs	Prove record identity validation	2026-08-19T03:08:09.5350854Z aborting path on assume(false) at file /home/runner/.rustup/toolchains/nightly-2025-11-21-x86_64-unknown-linux-gnu/lib/rustlib/src/rust/library/alloc/src/raw_vec/mod.rs line 830 column 5 function alloc::raw_vec::RawVecInner::deallocate thread 0
FV-4b required proofs	Prove record identity validation	2026-08-19T03:08:09.5358705Z aborting path on assume(false) at file /home/runner/.rustup/toolchains/nightly-2025-11-21-x86_64-unknown-linux-gnu/lib/rustlib/src/rust/library/alloc/src/raw_vec/mod.rs line 830 column 5 function alloc::raw_vec::RawVecInner::deallocate thread 0
FV-4b required proofs	Prove record identity validation	2026-08-19T03:08:09.5399272Z Runtime Symex: 0.346597s
FV-4b required proofs	Prove record identity validation	2026-08-19T03:08:09.5399749Z size of program expression: 9414 steps
FV-4b required proofs	Prove record identity validation	2026-08-19T03:08:09.5400112Z slicing removed 5973 assignments
FV-4b required proofs	Prove record identity validation	2026-08-19T03:08:09.5443476Z Generated 587 VCC(s), 116 remaining after simplification
FV-4b required proofs	Prove record identity validation	2026-08-19T03:08:09.5443992Z Runtime Postprocess Equation: 0.00499422s
FV-4b required proofs	Prove record identity validation	2026-08-19T03:08:09.5907430Z Passing problem to propositional reduction
FV-4b required proofs	Prove record identity validation	2026-08-19T03:08:09.5909810Z converting SSA
FV-4b required proofs	Prove record identity validation	2026-08-19T03:08:09.5910224Z Runtime Convert SSA: 0.046172s
FV-4b required proofs	Prove record identity validation	2026-08-19T03:08:09.6029658Z Running propositional reduction
FV-4b required proofs	Prove record identity validation	2026-08-19T03:08:09.6030091Z Post-processing
FV-4b required proofs	Prove record identity validation	2026-08-19T03:08:09.6030389Z Runtime Post-process: 0.0118645s
FV-4b required proofs	Prove record identity validation	2026-08-19T03:08:09.6061328Z Solving with CaDiCaL 2.0.0
FV-4b required proofs	Prove record identity validation	2026-08-19T03:08:09.6061713Z 47749 variables, 82931 clauses
FV-4b required proofs	Prove record identity validation	2026-08-19T03:08:09.6068739Z SAT checker: instance is SATISFIABLE
FV-4b required proofs	Prove record identity validation	2026-08-19T03:08:09.6069154Z Runtime Solver: 0.0150832s
FV-4b required proofs	Prove record identity validation	2026-08-19T03:08:09.6294335Z Runtime decision procedure: 0.0625641s
FV-4b required proofs	Prove record identity validation	2026-08-19T03:08:09.6295358Z Running propositional reduction
FV-4b required proofs	Prove record identity validation	2026-08-19T03:08:09.6339997Z Solving with CaDiCaL 2.0.0
FV-4b required proofs	Prove record identity validation	2026-08-19T03:08:09.6340479Z 47750 variables, 82932 clauses
FV-4b required proofs	Prove record identity validation	2026-08-19T03:08:09.6340839Z SAT checker: instance is UNSATISFIABLE
FV-4b required proofs	Prove record identity validation	2026-08-19T03:08:09.6346436Z Runtime Solver: 0.00443812s
FV-4b required proofs	Prove record identity validation	2026-08-19T03:08:09.6347389Z Runtime decision procedure: 0.0047293s
FV-4b required proofs	Prove record identity validation	2026-08-19T03:08:09.7321521Z 
FV-4b required proofs	Prove record identity validation	2026-08-19T03:08:09.7322058Z RESULTS:
FV-4b required proofs	Prove record identity validation	2026-08-19T03:08:09.7322502Z Check 1: __rust_alloc.assertion.1
FV-4b required proofs	Prove record identity validation	2026-08-19T03:08:09.7323071Z 	 - Status: SUCCESS
FV-4b required proofs	Prove record identity validation	2026-08-19T03:08:09.7323595Z 	 - Description: "__rust_alloc must be called with a size greater than 0"
FV-4b required proofs	Prove record identity validation	2026-08-19T03:08:09.7324434Z 	 - Location: ../../../.kani/kani-0.67.0/library/kani/kani_lib.c:43 in function __rust_alloc
FV-4b required proofs	Prove record identity validation	2026-08-19T03:08:09.7324969Z 
FV-4b required proofs	Prove record identity validation	2026-08-19T03:08:09.7325120Z Check 2: __rust_alloc.assertion.2
FV-4b required proofs	Prove record identity validation	2026-08-19T03:08:09.7325494Z 	 - Status: SUCCESS
FV-4b required proofs	Prove record identity validation	2026-08-19T03:08:09.7326175Z 	 - Description: "Alignment is power of two"
FV-4b required proofs	Prove record identity validation	2026-08-19T03:08:09.7326828Z 	 - Location: ../../../.kani/kani-0.67.0/library/kani/kani_lib.c:46 in function __rust_alloc
FV-4b required proofs	Prove record identity validation	2026-08-19T03:08:09.7327440Z 
FV-4b required proofs	Prove record identity validation	2026-08-19T03:08:09.7327983Z Check 3: core::ub_checks::maybe_is_nonoverlapping::runtime.unreachable.1
FV-4b required proofs	Prove record identity validation	2026-08-19T03:08:09.7328616Z 	 - Status: SUCCESS
FV-4b required proofs	Prove record identity validation	2026-08-19T03:08:09.7329006Z 	 - Description: "unreachable code"
FV-4b required proofs	Prove record identity validation	2026-08-19T03:08:09.7330479Z 	 - Location: ../../../.rustup/toolchains/nightly-2025-11-21-x86_64-unknown-linux-gnu/lib/rustlib/src/rust/library/core/src/intrinsics/mod.rs:2437:9 in function core::ub_checks::maybe_is_nonoverlapping::runtime
FV-4b required proofs	Prove record identity validation	2026-08-19T03:08:09.7331521Z 
FV-4b required proofs	Prove record identity validation	2026-08-19T03:08:09.7331750Z Check 4: core::panicking::panic_nounwind_fmt::runtime.unsupported_construct.1
FV-4b required proofs	Prove record identity validation	2026-08-19T03:08:09.7332139Z 	 - Status: SUCCESS
FV-4b required proofs	Prove record identity validation	2026-08-19T03:08:09.7332966Z 	 - Description: "call to foreign "Rust" function `_RNvCs1hStedNDpZ2_7___rustc17rust_begin_unwind` is not currently supported by Kani. Please post your example at https://github.com/model-checking/kani/issues/new/choose"
FV-4b required proofs	Prove record identity validation	2026-08-19T03:08:09.7334375Z 	 - Location: ../../../.rustup/toolchains/nightly-2025-11-21-x86_64-unknown-linux-gnu/lib/rustlib/src/rust/library/core/src/panicking.rs:110:17 in function core::panicking::panic_nounwind_fmt::runtime
FV-4b required proofs	Prove record identity validation	2026-08-19T03:08:09.7335385Z 
FV-4b required proofs	Prove record identity validation	2026-08-19T03:08:09.7335492Z Check 5: __rust_alloc_zeroed.assertion.1
FV-4b required proofs	Prove record identity validation	2026-08-19T03:08:09.7336034Z 	 - Status: SUCCESS
FV-4b required proofs	Prove record identity validation	2026-08-19T03:08:09.7336535Z 	 - Description: "__rust_alloc_zeroed must be called with a size greater than 0"
FV-4b required proofs	Prove record identity validation	2026-08-19T03:08:09.7337090Z 	 - Location: ../../../.kani/kani-0.67.0/library/kani/kani_lib.c:62 in function __rust_alloc_zeroed
FV-4b required proofs	Prove record identity validation	2026-08-19T03:08:09.7337444Z 
FV-4b required proofs	Prove record identity validation	2026-08-19T03:08:09.7337542Z Check 6: __rust_alloc_zeroed.assertion.2
FV-4b required proofs	Prove record identity validation	2026-08-19T03:08:09.7337796Z 	 - Status: SUCCESS
FV-4b required proofs	Prove record identity validation	2026-08-19T03:08:09.7338028Z 	 - Description: "Alignment is power of two"
FV-4b required proofs	Prove record identity validation	2026-08-19T03:08:09.7338468Z 	 - Location: ../../../.kani/kani-0.67.0/library/kani/kani_lib.c:65 in function __rust_alloc_zeroed
FV-4b required proofs	Prove record identity validation	2026-08-19T03:08:09.7338818Z 
FV-4b required proofs	Prove record identity validation	2026-08-19T03:08:09.7338912Z Check 7: __rust_dealloc.assertion.1
FV-4b required proofs	Prove record identity validation	2026-08-19T03:08:09.7339159Z 	 - Status: SUCCESS
FV-4b required proofs	Prove record identity validation	2026-08-19T03:08:09.7339388Z 	 - Description: "Alignment is power of two"
FV-4b required proofs	Prove record identity validation	2026-08-19T03:08:09.7339801Z 	 - Location: ../../../.kani/kani-0.67.0/library/kani/kani_lib.c:83 in function __rust_dealloc
FV-4b required proofs	Prove record identity validation	2026-08-19T03:08:09.7340139Z 
FV-4b required proofs	Prove record identity validation	2026-08-19T03:08:09.7340229Z Check 8: __rust_dealloc.assertion.2
FV-4b required proofs	Prove record identity validation	2026-08-19T03:08:09.7340480Z 	 - Status: SUCCESS
FV-4b required proofs	Prove record identity validation	2026-08-19T03:08:09.7340862Z 	 - Description: "rust_dealloc must be called on an object whose allocated size matches its layout"
FV-4b required proofs	Prove record identity validation	2026-08-19T03:08:09.7341453Z 	 - Location: ../../../.kani/kani-0.67.0/library/kani/kani_lib.c:85 in function __rust_dealloc
FV-4b required proofs	Prove record identity validation	2026-08-19T03:08:09.7341788Z 
FV-4b required proofs	Prove record identity validation	2026-08-19T03:08:09.7341876Z Check 9: malloc.assertion.1
FV-4b required proofs	Prove record identity validation	2026-08-19T03:08:09.7342102Z 	 - Status: SUCCESS
FV-4b required proofs	Prove record identity validation	2026-08-19T03:08:09.7342422Z 	 - Description: "max allocation size exceeded"
FV-4b required proofs	Prove record identity validation	2026-08-19T03:08:09.7343022Z 	 - Location: <builtin-library-malloc>:31 in function malloc
FV-4b required proofs	Prove record identity validation	2026-08-19T03:08:09.7343426Z 
FV-4b required proofs	Prove record identity validation	2026-08-19T03:08:09.7343576Z Check 10: malloc.assertion.2
FV-4b required proofs	Prove record identity validation	2026-08-19T03:08:09.7343967Z 	 - Status: SUCCESS
FV-4b required proofs	Prove record identity validation	2026-08-19T03:08:09.7344325Z 	 - Description: "max allocation may fail"
FV-4b required proofs	Prove record identity validation	2026-08-19T03:08:09.7344899Z 	 - Location: <builtin-library-malloc>:36 in function malloc
FV-4b required proofs	Prove record identity validation	2026-08-19T03:08:09.7345191Z 
FV-4b required proofs	Prove record identity validation	2026-08-19T03:08:09.7345601Z Check 11: core::num::<impl usize>::unchecked_mul.arithmetic_overflow.1
FV-4b required proofs	Prove record identity validation	2026-08-19T03:08:09.7346217Z 	 - Status: SUCCESS
FV-4b required proofs	Prove record identity validation	2026-08-19T03:08:09.7346535Z 	 - Description: "attempt to compute `unchecked_mul` which would overflow"
FV-4b required proofs	Prove record identity validation	2026-08-19T03:08:09.7347464Z 	 - Location: ../../../.rustup/toolchains/nightly-2025-11-21-x86_64-unknown-linux-gnu/lib/rustlib/src/rust/library/core/src/num/uint_macros.rs:1117:17 in function core::num::<impl usize>::unchecked_mul
FV-4b required proofs	Prove record identity validation	2026-08-19T03:08:09.7348180Z 
FV-4b required proofs	Prove record identity validation	2026-08-19T03:08:09.7348412Z Check 12: verification::kani_harnesses::kani_record_identity_validation.assertion.1
FV-4b required proofs	Prove record identity validation	2026-08-19T03:08:09.7348812Z 	 - Status: SUCCESS
FV-4b required proofs	Prove record identity validation	2026-08-19T03:08:09.7349321Z 	 - Description: "assertion failed: record.validate().is_ok() == !id_empty && !owner_empty"
FV-4b required proofs	Prove record identity validation	2026-08-19T03:08:09.7350486Z 	 - Location: src/verification.rs:327:9 in function verification::kani_harnesses::kani_record_identity_validation
FV-4b required proofs	Prove record identity validation	2026-08-19T03:08:09.7351218Z 
FV-4b required proofs	Prove record identity validation	2026-08-19T03:08:09.7351522Z Check 13: alloc::raw_vec::RawVecInner::with_capacity_in.unreachable.1
FV-4b required proofs	Prove record identity validation	2026-08-19T03:08:09.7351983Z 	 - Status: SUCCESS
FV-4b required proofs	Prove record identity validation	2026-08-19T03:08:09.7352201Z 	 - Description: "unreachable code"
FV-4b required proofs	Prove record identity validation	2026-08-19T03:08:09.7352999Z 	 - Location: ../../../.rustup/toolchains/nightly-2025-11-21-x86_64-unknown-linux-gnu/lib/rustlib/src/rust/library/alloc/src/raw_vec/mod.rs:419:15 in function alloc::raw_vec::RawVecInner::with_capacity_in
FV-4b required proofs	Prove record identity validation	2026-08-19T03:08:09.7353720Z 
FV-4b required proofs	Prove record identity validation	2026-08-19T03:08:09.7353808Z Check 14: calloc.assertion.1
FV-4b required proofs	Prove record identity validation	2026-08-19T03:08:09.7354037Z 	 - Status: SUCCESS
FV-4b required proofs	Prove record identity validation	2026-08-19T03:08:09.7354261Z 	 - Description: "max allocation size exceeded"
FV-4b required proofs	Prove record identity validation	2026-08-19T03:08:09.7354614Z 	 - Location: <builtin-library-calloc>:31 in function calloc
FV-4b required proofs	Prove record identity validation	2026-08-19T03:08:09.7354875Z 
FV-4b required proofs	Prove record identity validation	2026-08-19T03:08:09.7354965Z Check 15: calloc.assertion.2
FV-4b required proofs	Prove record identity validation	2026-08-19T03:08:09.7355370Z 	 - Status: SUCCESS
FV-4b required proofs	Prove record identity validation	2026-08-19T03:08:09.7355589Z 	 - Description: "max allocation may fail"
FV-4b required proofs	Prove record identity validation	2026-08-19T03:08:09.7356300Z 	 - Location: <builtin-library-calloc>:36 in function calloc
FV-4b required proofs	Prove record identity validation	2026-08-19T03:08:09.7356557Z 
FV-4b required proofs	Prove record identity validation	2026-08-19T03:08:09.7357115Z Check 16: std::result::Result::<std::alloc::Layout, std::alloc::LayoutError>::map_err::<std::collections::TryReserveError, {closure@alloc::raw_vec::layout_array::{closure#1}}>.unreachable.1
FV-4b required proofs	Prove record identity validation	2026-08-19T03:08:09.7357824Z 	 - Status: SUCCESS
FV-4b required proofs	Prove record identity validation	2026-08-19T03:08:09.7358031Z 	 - Description: "unreachable code"
FV-4b required proofs	Prove record identity validation	2026-08-19T03:08:09.7359182Z 	 - Location: ../../../.rustup/toolchains/nightly-2025-11-21-x86_64-unknown-linux-gnu/lib/rustlib/src/rust/library/core/src/result.rs:966:15 in function std::result::Result::<std::alloc::Layout, std::alloc::LayoutError>::map_err::<std::collections::TryReserveError, {closure@alloc::raw_vec::layout_array::{closure#1}}>
FV-4b required proofs	Prove record identity validation	2026-08-19T03:08:09.7360365Z 
FV-4b required proofs	Prove record identity validation	2026-08-19T03:08:09.7360506Z Check 17: alloc::raw_vec::capacity_overflow.assertion.1
FV-4b required proofs	Prove record identity validation	2026-08-19T03:08:09.7360812Z 	 - Status: SUCCESS
FV-4b required proofs	Prove record identity validation	2026-08-19T03:08:09.7361191Z 	 - Description: "This is a placeholder message; Kani doesn't support message formatted at runtime"
FV-4b required proofs	Prove record identity validation	2026-08-19T03:08:09.7362135Z 	 - Location: ../../../.rustup/toolchains/nightly-2025-11-21-x86_64-unknown-linux-gnu/lib/rustlib/src/rust/library/alloc/src/raw_vec/mod.rs:28:5 in function alloc::raw_vec::capacity_overflow
FV-4b required proofs	Prove record identity validation	2026-08-19T03:08:09.7362804Z 
FV-4b required proofs	Prove record identity validation	2026-08-19T03:08:09.7362937Z Check 18: alloc::raw_vec::handle_error.unreachable.1
FV-4b required proofs	Prove record identity validation	2026-08-19T03:08:09.7363224Z 	 - Status: SUCCESS
FV-4b required proofs	Prove record identity validation	2026-08-19T03:08:09.7363430Z 	 - Description: "unreachable code"
FV-4b required proofs	Prove record identity validation	2026-08-19T03:08:09.7364162Z 	 - Location: ../../../.rustup/toolchains/nightly-2025-11-21-x86_64-unknown-linux-gnu/lib/rustlib/src/rust/library/alloc/src/raw_vec/mod.rs:845:11 in function alloc::raw_vec::handle_error
FV-4b required proofs	Prove record identity validation	2026-08-19T03:08:09.7364822Z 
FV-4b required proofs	Prove record identity validation	2026-08-19T03:08:09.7364951Z Check 19: core::num::<impl usize>::abs_diff.assertion.1
FV-4b required proofs	Prove record identity validation	2026-08-19T03:08:09.7365251Z 	 - Status: UNREACHABLE
FV-4b required proofs	Prove record identity validation	2026-08-19T03:08:09.7365504Z 	 - Description: "attempt to subtract with overflow"
FV-4b required proofs	Prove record identity validation	2026-08-19T03:08:09.7366705Z 	 - Location: ../../../.rustup/toolchains/nightly-2025-11-21-x86_64-unknown-linux-gnu/lib/rustlib/src/rust/library/core/src/num/uint_macros.rs:2852:21 in function core::num::<impl usize>::abs_diff
FV-4b required proofs	Prove record identity validation	2026-08-19T03:08:09.7367598Z 
FV-4b required proofs	Prove record identity validation	2026-08-19T03:08:09.7367731Z Check 20: core::num::<impl usize>::abs_diff.assertion.2
FV-4b required proofs	Prove record identity validation	2026-08-19T03:08:09.7368028Z 	 - Status: UNREACHABLE
FV-4b required proofs	Prove record identity validation	2026-08-19T03:08:09.7368281Z 	 - Description: "attempt to subtract with overflow"
FV-4b required proofs	Prove record identity validation	2026-08-19T03:08:09.7369086Z 	 - Location: ../../../.rustup/toolchains/nightly-2025-11-21-x86_64-unknown-linux-gnu/lib/rustlib/src/rust/library/core/src/num/uint_macros.rs:2854:21 in function core::num::<impl usize>::abs_diff
FV-4b required proofs	Prove record identity validation	2026-08-19T03:08:09.7369775Z 
FV-4b required proofs	Prove record identity validation	2026-08-19T03:08:09.7370038Z Check 21: std::option::Option::<std::ptr::NonNull<u8>>::ok_or::<std::alloc::AllocError>.unreachable.1
FV-4b required proofs	Prove record identity validation	2026-08-19T03:08:09.7370471Z 	 - Status: SUCCESS
FV-4b required proofs	Prove record identity validation	2026-08-19T03:08:09.7370682Z 	 - Description: "unreachable code"
FV-4b required proofs	Prove record identity validation	2026-08-19T03:08:09.7371554Z 	 - Location: ../../../.rustup/toolchains/nightly-2025-11-21-x86_64-unknown-linux-gnu/lib/rustlib/src/rust/library/core/src/option.rs:1338:15 in function std::option::Option::<std::ptr::NonNull<u8>>::ok_or::<std::alloc::AllocError>
FV-4b required proofs	Prove record identity validation	2026-08-19T03:08:09.7372354Z 
FV-4b required proofs	Prove record identity validation	2026-08-19T03:08:09.7372521Z Check 22: std::ptr::drop_in_place::<std::vec::Vec<u8>>.safety_check.1
FV-4b required proofs	Prove record identity validation	2026-08-19T03:08:09.7372854Z 	 - Status: SUCCESS
FV-4b required proofs	Prove record identity validation	2026-08-19T03:08:09.7373274Z 	 - Description: "misaligned pointer to reference cast: address must be a multiple of its type's alignment"
FV-4b required proofs	Prove record identity validation	2026-08-19T03:08:09.7374267Z 	 - Location: ../../../.rustup/toolchains/nightly-2025-11-21-x86_64-unknown-linux-gnu/lib/rustlib/src/rust/library/core/src/ptr/mod.rs:805:1 in function std::ptr::drop_in_place::<std::vec::Vec<u8>>
FV-4b required proofs	Prove record identity validation	2026-08-19T03:08:09.7374957Z 
FV-4b required proofs	Prove record identity validation	2026-08-19T03:08:09.7375111Z Check 23: std::ptr::drop_in_place::<std::vec::Vec<u8>>.safety_check.2
FV-4b required proofs	Prove record identity validation	2026-08-19T03:08:09.7375441Z 	 - Status: SUCCESS
FV-4b required proofs	Prove record identity validation	2026-08-19T03:08:09.7375684Z 	 - Description: "dereference failure: pointer invalid"
FV-4b required proofs	Prove record identity validation	2026-08-19T03:08:09.7376887Z 	 - Location: ../../../.rustup/toolchains/nightly-2025-11-21-x86_64-unknown-linux-gnu/lib/rustlib/src/rust/library/core/src/ptr/mod.rs:805:1 in function std::ptr::drop_in_place::<std::vec::Vec<u8>>
FV-4b required proofs	Prove record identity validation	2026-08-19T03:08:09.7377590Z 
FV-4b required proofs	Prove record identity validation	2026-08-19T03:08:09.7377750Z Check 24: alloc::raw_vec::RawVecInner::deallocate.unreachable.1
FV-4b required proofs	Prove record identity validation	2026-08-19T03:08:09.7378081Z 	 - Status: SUCCESS
FV-4b required proofs	Prove record identity validation	2026-08-19T03:08:09.7378318Z 	 - Description: "unreachable code"
FV-4b required proofs	Prove record identity validation	2026-08-19T03:08:09.7379084Z 	 - Location: ../../../.rustup/toolchains/nightly-2025-11-21-x86_64-unknown-linux-gnu/lib/rustlib/src/rust/library/alloc/src/raw_vec/mod.rs:830:5 in function alloc::raw_vec::RawVecInner::deallocate
FV-4b required proofs	Prove record identity validation	2026-08-19T03:08:09.7379775Z 
FV-4b required proofs	Prove record identity validation	2026-08-19T03:08:09.7379927Z Check 25: std::alloc::Layout::is_size_align_valid.unreachable.1
FV-4b required proofs	Prove record identity validation	2026-08-19T03:08:09.7380247Z 	 - Status: SUCCESS
FV-4b required proofs	Prove record identity validation	2026-08-19T03:08:09.7380454Z 	 - Description: "unreachable code"
FV-4b required proofs	Prove record identity validation	2026-08-19T03:08:09.7381215Z 	 - Location: ../../../.rustup/toolchains/nightly-2025-11-21-x86_64-unknown-linux-gnu/lib/rustlib/src/rust/library/core/src/alloc/layout.rs:68:5 in function std::alloc::Layout::is_size_align_valid
FV-4b required proofs	Prove record identity validation	2026-08-19T03:08:09.7381915Z 
FV-4b required proofs	Prove record identity validation	2026-08-19T03:08:09.7382061Z Check 26: std::fmt::Arguments::<'_>::from_str.assertion.1
FV-4b required proofs	Prove record identity validation	2026-08-19T03:08:09.7382373Z 	 - Status: UNREACHABLE
FV-4b required proofs	Prove record identity validation	2026-08-19T03:08:09.7382638Z 	 - Description: "attempt to shift left with overflow"
FV-4b required proofs	Prove record identity validation	2026-08-19T03:08:09.7383428Z 	 - Location: ../../../.rustup/toolchains/nightly-2025-11-21-x86_64-unknown-linux-gnu/lib/rustlib/src/rust/library/core/src/fmt/mod.rs:820:38 in function std::fmt::Arguments::<'_>::from_str
FV-4b required proofs	Prove record identity validation	2026-08-19T03:08:09.7384091Z 
FV-4b required proofs	Prove record identity validation	2026-08-19T03:08:09.7384402Z Check 27: <std::result::Result<std::ptr::NonNull<u8>, std::alloc::AllocError> as std::ops::Try>::branch.unreachable.1
FV-4b required proofs	Prove record identity validation	2026-08-19T03:08:09.7384880Z 	 - Status: SUCCESS
FV-4b required proofs	Prove record identity validation	2026-08-19T03:08:09.7385084Z 	 - Description: "unreachable code"
FV-4b required proofs	Prove record identity validation	2026-08-19T03:08:09.7386290Z 	 - Location: ../../../.rustup/toolchains/nightly-2025-11-21-x86_64-unknown-linux-gnu/lib/rustlib/src/rust/library/core/src/result.rs:2173:15 in function <std::result::Result<std::ptr::NonNull<u8>, std::alloc::AllocError> as std::ops::Try>::branch
FV-4b required proofs	Prove record identity validation	2026-08-19T03:08:09.7387152Z 
FV-4b required proofs	Prove record identity validation	2026-08-19T03:08:09.7387527Z Check 28: std::alloc::handle_alloc_error::rt_error.unsupported_construct.1
FV-4b required proofs	Prove record identity validation	2026-08-19T03:08:09.7387886Z 	 - Status: SUCCESS
FV-4b required proofs	Prove record identity validation	2026-08-19T03:08:09.7388715Z 	 - Description: "call to foreign "Rust" function `_RNvCs1hStedNDpZ2_7___rustc26___rust_alloc_error_handler` is not currently supported by Kani. Please post your example at https://github.com/model-checking/kani/issues/new/choose"
FV-4b required proofs	Prove record identity validation	2026-08-19T03:08:09.7390127Z 	 - Location: ../../../.rustup/toolchains/nightly-2025-11-21-x86_64-unknown-linux-gnu/lib/rustlib/src/rust/library/alloc/src/alloc.rs:366:5 in function std::alloc::handle_alloc_error::rt_error
FV-4b required proofs	Prove record identity validation	2026-08-19T03:08:09.7390803Z 
FV-4b required proofs	Prove record identity validation	2026-08-19T03:08:09.7390989Z Check 29: std::ptr::const_ptr::<impl *const ()>::is_aligned_to.assertion.1
FV-4b required proofs	Prove record identity validation	2026-08-19T03:08:09.7391355Z 	 - Status: UNREACHABLE
FV-4b required proofs	Prove record identity validation	2026-08-19T03:08:09.7391612Z 	 - Description: "attempt to subtract with overflow"
FV-4b required proofs	Prove record identity validation	2026-08-19T03:08:09.7392485Z 	 - Location: ../../../.rustup/toolchains/nightly-2025-11-21-x86_64-unknown-linux-gnu/lib/rustlib/src/rust/library/core/src/ptr/const_ptr.rs:1377:23 in function std::ptr::const_ptr::<impl *const ()>::is_aligned_to
FV-4b required proofs	Prove record identity validation	2026-08-19T03:08:09.7393234Z 
FV-4b required proofs	Prove record identity validation	2026-08-19T03:08:09.7393405Z Check 30: std::ptr::const_ptr::<impl *const ()>::is_aligned_to.assertion.2
FV-4b required proofs	Prove record identity validation	2026-08-19T03:08:09.7393745Z 	 - Status: SUCCESS
FV-4b required proofs	Prove record identity validation	2026-08-19T03:08:09.7394129Z 	 - Description: "This is a placeholder message; Kani doesn't support message formatted at runtime"
FV-4b required proofs	Prove record identity validation	2026-08-19T03:08:09.7395134Z 	 - Location: ../../../.rustup/toolchains/nightly-2025-11-21-x86_64-unknown-linux-gnu/lib/rustlib/src/rust/library/core/src/ptr/const_ptr.rs:1374:13 in function std::ptr::const_ptr::<impl *const ()>::is_aligned_to
FV-4b required proofs	Prove record identity validation	2026-08-19T03:08:09.7396186Z 
FV-4b required proofs	Prove record identity validation	2026-08-19T03:08:09.7396416Z Check 31: alloc::raw_vec::RawVecInner::try_allocate_in.unreachable.1
FV-4b required proofs	Prove record identity validation	2026-08-19T03:08:09.7396922Z 	 - Status: SUCCESS
FV-4b required proofs	Prove record identity validation	2026-08-19T03:08:09.7397134Z 	 - Description: "unreachable code"
FV-4b required proofs	Prove record identity validation	2026-08-19T03:08:09.7397511Z 	 - Location: src/lib.rs:0:0 in function alloc::raw_vec::RawVecInner::try_allocate_in
FV-4b required proofs	Prove record identity validation	2026-08-19T03:08:09.7397829Z 
FV-4b required proofs	Prove record identity validation	2026-08-19T03:08:09.7397948Z Check 32: std::alloc::Layout::repeat.unreachable.1
FV-4b required proofs	Prove record identity validation	2026-08-19T03:08:09.7398236Z 	 - Status: SUCCESS
FV-4b required proofs	Prove record identity validation	2026-08-19T03:08:09.7398442Z 	 - Description: "unreachable code"
FV-4b required proofs	Prove record identity validation	2026-08-19T03:08:09.7399181Z 	 - Location: ../../../.rustup/toolchains/nightly-2025-11-21-x86_64-unknown-linux-gnu/lib/rustlib/src/rust/library/core/src/alloc/layout.rs:359:5 in function std::alloc::Layout::repeat
FV-4b required proofs	Prove record identity validation	2026-08-19T03:08:09.7399845Z 
FV-4b required proofs	Prove record identity validation	2026-08-19T03:08:09.7400061Z Check 33: std::alloc::Layout::size_rounded_up_to_custom_align.arithmetic_overflow.1
FV-4b required proofs	Prove record identity validation	2026-08-19T03:08:09.7400451Z 	 - Status: SUCCESS
FV-4b required proofs	Prove record identity validation	2026-08-19T03:08:09.7400752Z 	 - Description: "attempt to compute `unchecked_sub` which would overflow"
FV-4b required proofs	Prove record identity validation	2026-08-19T03:08:09.7401679Z 	 - Location: ../../../.rustup/toolchains/nightly-2025-11-21-x86_64-unknown-linux-gnu/lib/rustlib/src/rust/library/core/src/alloc/layout.rs:304:28 in function std::alloc::Layout::size_rounded_up_to_custom_align
FV-4b required proofs	Prove record identity validation	2026-08-19T03:08:09.7402410Z 
FV-4b required proofs	Prove record identity validation	2026-08-19T03:08:09.7402630Z Check 34: std::alloc::Layout::size_rounded_up_to_custom_align.arithmetic_overflow.2
FV-4b required proofs	Prove record identity validation	2026-08-19T03:08:09.7403013Z 	 - Status: SUCCESS
FV-4b required proofs	Prove record identity validation	2026-08-19T03:08:09.7403311Z 	 - Description: "attempt to compute `unchecked_add` which would overflow"
FV-4b required proofs	Prove record identity validation	2026-08-19T03:08:09.7404226Z 	 - Location: ../../../.rustup/toolchains/nightly-2025-11-21-x86_64-unknown-linux-gnu/lib/rustlib/src/rust/library/core/src/alloc/layout.rs:305:13 in function std::alloc::Layout::size_rounded_up_to_custom_align
FV-4b required proofs	Prove record identity validation	2026-08-19T03:08:09.7404948Z 
FV-4b required proofs	Prove record identity validation	2026-08-19T03:08:09.7405192Z Check 35: <std::collections::TryReserveErrorKind as std::clone::Clone>::clone.unreachable.1
FV-4b required proofs	Prove record identity validation	2026-08-19T03:08:09.7405607Z 	 - Status: SUCCESS
FV-4b required proofs	Prove record identity validation	2026-08-19T03:08:09.7406106Z 	 - Description: "unreachable code"
FV-4b required proofs	Prove record identity validation	2026-08-19T03:08:09.7406987Z 	 - Location: ../../../.rustup/toolchains/nightly-2025-11-21-x86_64-unknown-linux-gnu/lib/rustlib/src/rust/library/alloc/src/collections/mod.rs:93:10 in function <std::collections::TryReserveErrorKind as std::clone::Clone>::clone
FV-4b required proofs	Prove record identity validation	2026-08-19T03:08:09.7407978Z 
FV-4b required proofs	Prove record identity validation	2026-08-19T03:08:09.7408126Z Check 36: std::alloc::Layout::max_size_for_align.assertion.1
FV-4b required proofs	Prove record identity validation	2026-08-19T03:08:09.7408441Z 	 - Status: SUCCESS
FV-4b required proofs	Prove record identity validation	2026-08-19T03:08:09.7408668Z 	 - Description: "attempt to add with overflow"
FV-4b required proofs	Prove record identity validation	2026-08-19T03:08:09.7409472Z 	 - Location: ../../../.rustup/toolchains/nightly-2025-11-21-x86_64-unknown-linux-gnu/lib/rustlib/src/rust/library/core/src/alloc/layout.rs:95:32 in function std::alloc::Layout::max_size_for_align
FV-4b required proofs	Prove record identity validation	2026-08-19T03:08:09.7410155Z 
FV-4b required proofs	Prove record identity validation	2026-08-19T03:08:09.7410335Z Check 37: std::alloc::Layout::max_size_for_align.arithmetic_overflow.1
FV-4b required proofs	Prove record identity validation	2026-08-19T03:08:09.7410677Z 	 - Status: SUCCESS
FV-4b required proofs	Prove record identity validation	2026-08-19T03:08:09.7410979Z 	 - Description: "attempt to compute `unchecked_sub` which would overflow"
FV-4b required proofs	Prove record identity validation	2026-08-19T03:08:09.7411856Z 	 - Location: ../../../.rustup/toolchains/nightly-2025-11-21-x86_64-unknown-linux-gnu/lib/rustlib/src/rust/library/core/src/alloc/layout.rs:95:18 in function std::alloc::Layout::max_size_for_align
FV-4b required proofs	Prove record identity validation	2026-08-19T03:08:09.7412540Z 
FV-4b required proofs	Prove record identity validation	2026-08-19T03:08:09.7412664Z Check 38: std::hint::assert_unchecked.assume.1
FV-4b required proofs	Prove record identity validation	2026-08-19T03:08:09.7412942Z 	 - Status: SUCCESS
FV-4b required proofs	Prove record identity validation	2026-08-19T03:08:09.7413170Z 	 - Description: "Rust intrinsic assumption failed"
FV-4b required proofs	Prove record identity validation	2026-08-19T03:08:09.7413916Z 	 - Location: ../../../.rustup/toolchains/nightly-2025-11-21-x86_64-unknown-linux-gnu/lib/rustlib/src/rust/library/core/src/hint.rs:210:9 in function std::hint::assert_unchecked
FV-4b required proofs	Prove record identity validation	2026-08-19T03:08:09.7414548Z 
FV-4b required proofs	Prove record identity validation	2026-08-19T03:08:09.7414643Z Check 39: std::vec::Vec::<u8>::len.assume.1
FV-4b required proofs	Prove record identity validation	2026-08-19T03:08:09.7414902Z 	 - Status: SUCCESS
FV-4b required proofs	Prove record identity validation	2026-08-19T03:08:09.7415127Z 	 - Description: "Rust intrinsic assumption failed"
FV-4b required proofs	Prove record identity validation	2026-08-19T03:08:09.7416142Z 	 - Location: ../../../.rustup/toolchains/nightly-2025-11-21-x86_64-unknown-linux-gnu/lib/rustlib/src/rust/library/alloc/src/vec/mod.rs:2859:18 in function std::vec::Vec::<u8>::len
FV-4b required proofs	Prove record identity validation	2026-08-19T03:08:09.7416959Z 
FV-4b required proofs	Prove record identity validation	2026-08-19T03:08:09.7417154Z Check 40: std::ptr::drop_in_place::<alloc::raw_vec::RawVec<u8>>.safety_check.1
FV-4b required proofs	Prove record identity validation	2026-08-19T03:08:09.7417522Z 	 - Status: SUCCESS
FV-4b required proofs	Prove record identity validation	2026-08-19T03:08:09.7417946Z 	 - Description: "misaligned pointer to reference cast: address must be a multiple of its type's alignment"
FV-4b required proofs	Prove record identity validation	2026-08-19T03:08:09.7418967Z 	 - Location: ../../../.rustup/toolchains/nightly-2025-11-21-x86_64-unknown-linux-gnu/lib/rustlib/src/rust/library/core/src/ptr/mod.rs:805:1 in function std::ptr::drop_in_place::<alloc::raw_vec::RawVec<u8>>
FV-4b required proofs	Prove record identity validation	2026-08-19T03:08:09.7419687Z 
FV-4b required proofs	Prove record identity validation	2026-08-19T03:08:09.7419876Z Check 41: std::ptr::drop_in_place::<alloc::raw_vec::RawVec<u8>>.safety_check.2
FV-4b required proofs	Prove record identity validation	2026-08-19T03:08:09.7420245Z 	 - Status: SUCCESS
FV-4b required proofs	Prove record identity validation	2026-08-19T03:08:09.7420506Z 	 - Description: "dereference failure: pointer invalid"
FV-4b required proofs	Prove record identity validation	2026-08-19T03:08:09.7421376Z 	 - Location: ../../../.rustup/toolchains/nightly-2025-11-21-x86_64-unknown-linux-gnu/lib/rustlib/src/rust/library/core/src/ptr/mod.rs:805:1 in function std::ptr::drop_in_place::<alloc::raw_vec::RawVec<u8>>
FV-4b required proofs	Prove record identity validation	2026-08-19T03:08:09.7422104Z 
FV-4b required proofs	Prove record identity validation	2026-08-19T03:08:09.7422240Z Check 42: std::alloc::Global::alloc_impl.unreachable.1
FV-4b required proofs	Prove record identity validation	2026-08-19T03:08:09.7422543Z 	 - Status: SUCCESS
FV-4b required proofs	Prove record identity validation	2026-08-19T03:08:09.7422753Z 	 - Description: "unreachable code"
FV-4b required proofs	Prove record identity validation	2026-08-19T03:08:09.7423483Z 	 - Location: ../../../.rustup/toolchains/nightly-2025-11-21-x86_64-unknown-linux-gnu/lib/rustlib/src/rust/library/alloc/src/alloc.rs:191:27 in function std::alloc::Global::alloc_impl
FV-4b required proofs	Prove record identity validation	2026-08-19T03:08:09.7424139Z 
FV-4b required proofs	Prove record identity validation	2026-08-19T03:08:09.7424636Z Check 43: std::result::Result::<(std::alloc::Layout, usize), std::alloc::LayoutError>::map::<std::alloc::Layout, {closure@alloc::raw_vec::layout_array::{closure#0}}>.unreachable.1
FV-4b required proofs	Prove record identity validation	2026-08-19T03:08:09.7425298Z 	 - Status: SUCCESS
FV-4b required proofs	Prove record identity validation	2026-08-19T03:08:09.7425506Z 	 - Description: "unreachable code"
FV-4b required proofs	Prove record identity validation	2026-08-19T03:08:09.7426861Z 	 - Location: ../../../.rustup/toolchains/nightly-2025-11-21-x86_64-unknown-linux-gnu/lib/rustlib/src/rust/library/core/src/result.rs:835:15 in function std::result::Result::<(std::alloc::Layout, usize), std::alloc::LayoutError>::map::<std::alloc::Layout, {closure@alloc::raw_vec::layout_array::{closure#0}}>
FV-4b required proofs	Prove record identity validation	2026-08-19T03:08:09.7427896Z 
FV-4b required proofs	Prove record identity validation	2026-08-19T03:08:09.7428198Z Check 44: std::alloc::Layout::repeat_packed.unreachable.1
FV-4b required proofs	Prove record identity validation	2026-08-19T03:08:09.7428505Z 	 - Status: SUCCESS
FV-4b required proofs	Prove record identity validation	2026-08-19T03:08:09.7428711Z 	 - Description: "unreachable code"
FV-4b required proofs	Prove record identity validation	2026-08-19T03:08:09.7429465Z 	 - Location: ../../../.rustup/toolchains/nightly-2025-11-21-x86_64-unknown-linux-gnu/lib/rustlib/src/rust/library/core/src/alloc/layout.rs:447:5 in function std::alloc::Layout::repeat_packed
FV-4b required proofs	Prove record identity validation	2026-08-19T03:08:09.7430140Z 
FV-4b required proofs	Prove record identity validation	2026-08-19T03:08:09.7430289Z Check 45: std::ptr::copy_nonoverlapping::<u8>.safety_check.1
FV-4b required proofs	Prove record identity validation	2026-08-19T03:08:09.7430601Z 	 - Status: SUCCESS
FV-4b required proofs	Prove record identity validation	2026-08-19T03:08:09.7430833Z 	 - Description: "`src` must be properly aligned"
FV-4b required proofs	Prove record identity validation	2026-08-19T03:08:09.7431619Z 	 - Location: ../../../.rustup/toolchains/nightly-2025-11-21-x86_64-unknown-linux-gnu/lib/rustlib/src/rust/library/core/src/ptr/mod.rs:547:14 in function std::ptr::copy_nonoverlapping::<u8>
FV-4b required proofs	Prove record identity validation	2026-08-19T03:08:09.7432288Z 
FV-4b required proofs	Prove record identity validation	2026-08-19T03:08:09.7432438Z Check 46: std::ptr::copy_nonoverlapping::<u8>.safety_check.2
FV-4b required proofs	Prove record identity validation	2026-08-19T03:08:09.7432753Z 	 - Status: SUCCESS
FV-4b required proofs	Prove record identity validation	2026-08-19T03:08:09.7432980Z 	 - Description: "`dst` must be properly aligned"
FV-4b required proofs	Prove record identity validation	2026-08-19T03:08:09.7433755Z 	 - Location: ../../../.rustup/toolchains/nightly-2025-11-21-x86_64-unknown-linux-gnu/lib/rustlib/src/rust/library/core/src/ptr/mod.rs:547:14 in function std::ptr::copy_nonoverlapping::<u8>
FV-4b required proofs	Prove record identity validation	2026-08-19T03:08:09.7434428Z 
FV-4b required proofs	Prove record identity validation	2026-08-19T03:08:09.7434589Z Check 47: std::ptr::copy_nonoverlapping::<u8>.arithmetic_overflow.1
FV-4b required proofs	Prove record identity validation	2026-08-19T03:08:09.7434920Z 	 - Status: SUCCESS
FV-4b required proofs	Prove record identity validation	2026-08-19T03:08:09.7435294Z 	 - Description: "copy_nonoverlapping: attempt to compute number in bytes which would overflow"
FV-4b required proofs	Prove record identity validation	2026-08-19T03:08:09.7436521Z 	 - Location: ../../../.rustup/toolchains/nightly-2025-11-21-x86_64-unknown-linux-gnu/lib/rustlib/src/rust/library/core/src/ptr/mod.rs:547:14 in function std::ptr::copy_nonoverlapping::<u8>
FV-4b required proofs	Prove record identity validation	2026-08-19T03:08:09.7437366Z 
FV-4b required proofs	Prove record identity validation	2026-08-19T03:08:09.7437541Z Check 48: std::panic::Location::<'_>::caller.unsupported_construct.1
FV-4b required proofs	Prove record identity validation	2026-08-19T03:08:09.7437881Z 	 - Status: SUCCESS
FV-4b required proofs	Prove record identity validation	2026-08-19T03:08:09.7438447Z 	 - Description: "caller_location is not currently supported by Kani. Please post your example at https://github.com/model-checking/kani/issues/374"
FV-4b required proofs	Prove record identity validation	2026-08-19T03:08:09.7439579Z 	 - Location: ../../../.rustup/toolchains/nightly-2025-11-21-x86_64-unknown-linux-gnu/lib/rustlib/src/rust/library/core/src/panic/location.rs:147:9 in function std::panic::Location::<'_>::caller
FV-4b required proofs	Prove record identity validation	2026-08-19T03:08:09.7440265Z 
FV-4b required proofs	Prove record identity validation	2026-08-19T03:08:09.7440385Z Check 49: Record::validate.pointer_dereference.1
FV-4b required proofs	Prove record identity validation	2026-08-19T03:08:09.7440666Z 	 - Status: SUCCESS
FV-4b required proofs	Prove record identity validation	2026-08-19T03:08:09.7440895Z 	 - Description: "dereference failure: dead object"
FV-4b required proofs	Prove record identity validation	2026-08-19T03:08:09.7441239Z 	 - Location: src/lib.rs:78:9 in function Record::validate
FV-4b required proofs	Prove record identity validation	2026-08-19T03:08:09.7441465Z 
FV-4b required proofs	Prove record identity validation	2026-08-19T03:08:09.7441567Z Check 50: calloc.pointer_dereference.1
FV-4b required proofs	Prove record identity validation	2026-08-19T03:08:09.7441823Z 	 - Status: SUCCESS
FV-4b required proofs	Prove record identity validation	2026-08-19T03:08:09.7442048Z 	 - Description: "dereference failure: dead object"
FV-4b required proofs	Prove record identity validation	2026-08-19T03:08:09.7442404Z 	 - Location: <builtin-library-calloc>:14 in function calloc
FV-4b required proofs	Prove record identity validation	2026-08-19T03:08:09.7442647Z 
FV-4b required proofs	Prove record identity validation	2026-08-19T03:08:09.7442786Z Check 51: std::alloc::Layout::size.pointer_dereference.1
FV-4b required proofs	Prove record identity validation	2026-08-19T03:08:09.7443086Z 	 - Status: SUCCESS
FV-4b required proofs	Prove record identity validation	2026-08-19T03:08:09.7443319Z 	 - Description: "dereference failure: pointer NULL"
FV-4b required proofs	Prove record identity validation	2026-08-19T03:08:09.7444088Z 	 - Location: ../../../.rustup/toolchains/nightly-2025-11-21-x86_64-unknown-linux-gnu/lib/rustlib/src/rust/library/core/src/alloc/layout.rs:140:9 in function std::alloc::Layout::size
FV-4b required proofs	Prove record identity validation	2026-08-19T03:08:09.7444742Z 
FV-4b required proofs	Prove record identity validation	2026-08-19T03:08:09.7444874Z Check 52: std::alloc::Layout::size.pointer_dereference.2
FV-4b required proofs	Prove record identity validation	2026-08-19T03:08:09.7445170Z 	 - Status: SUCCESS
FV-4b required proofs	Prove record identity validation	2026-08-19T03:08:09.7445408Z 	 - Description: "dereference failure: pointer invalid"
FV-4b required proofs	Prove record identity validation	2026-08-19T03:08:09.7446428Z 	 - Location: ../../../.rustup/toolchains/nightly-2025-11-21-x86_64-unknown-linux-gnu/lib/rustlib/src/rust/library/core/src/alloc/layout.rs:140:9 in function std::alloc::Layout::size
FV-4b required proofs	Prove record identity validation	2026-08-19T03:08:09.7447089Z 
FV-4b required proofs	Prove record identity validation	2026-08-19T03:08:09.7447219Z Check 53: std::alloc::Layout::size.pointer_dereference.3
FV-4b required proofs	Prove record identity validation	2026-08-19T03:08:09.7447661Z 	 - Status: SUCCESS
FV-4b required proofs	Prove record identity validation	2026-08-19T03:08:09.7447939Z 	 - Description: "dereference failure: deallocated dynamic object"
FV-4b required proofs	Prove record identity validation	2026-08-19T03:08:09.7448750Z 	 - Location: ../../../.rustup/toolchains/nightly-2025-11-21-x86_64-unknown-linux-gnu/lib/rustlib/src/rust/library/core/src/alloc/layout.rs:140:9 in function std::alloc::Layout::size
FV-4b required proofs	Prove record identity validation	2026-08-19T03:08:09.7449399Z 
FV-4b required proofs	Prove record identity validation	2026-08-19T03:08:09.7449531Z Check 54: std::alloc::Layout::size.pointer_dereference.4
FV-4b required proofs	Prove record identity validation	2026-08-19T03:08:09.7449823Z 	 - Status: SUCCESS
FV-4b required proofs	Prove record identity validation	2026-08-19T03:08:09.7450047Z 	 - Description: "dereference failure: dead object"
FV-4b required proofs	Prove record identity validation	2026-08-19T03:08:09.7450801Z 	 - Location: ../../../.rustup/toolchains/nightly-2025-11-21-x86_64-unknown-linux-gnu/lib/rustlib/src/rust/library/core/src/alloc/layout.rs:140:9 in function std::alloc::Layout::size
FV-4b required proofs	Prove record identity validation	2026-08-19T03:08:09.7451448Z 
FV-4b required proofs	Prove record identity validation	2026-08-19T03:08:09.7451585Z Check 55: std::alloc::Layout::size.pointer_dereference.5
FV-4b required proofs	Prove record identity validation	2026-08-19T03:08:09.7451880Z 	 - Status: SUCCESS
FV-4b required proofs	Prove record identity validation	2026-08-19T03:08:09.7452170Z 	 - Description: "dereference failure: pointer outside object bounds"
FV-4b required proofs	Prove record identity validation	2026-08-19T03:08:09.7452991Z 	 - Location: ../../../.rustup/toolchains/nightly-2025-11-21-x86_64-unknown-linux-gnu/lib/rustlib/src/rust/library/core/src/alloc/layout.rs:140:9 in function std::alloc::Layout::size
FV-4b required proofs	Prove record identity validation	2026-08-19T03:08:09.7453642Z 
FV-4b required proofs	Prove record identity validation	2026-08-19T03:08:09.7453771Z Check 56: std::alloc::Layout::size.pointer_dereference.6
FV-4b required proofs	Prove record identity validation	2026-08-19T03:08:09.7454061Z 	 - Status: SUCCESS
FV-4b required proofs	Prove record identity validation	2026-08-19T03:08:09.7454337Z 	 - Description: "dereference failure: invalid integer address"
FV-4b required proofs	Prove record identity validation	2026-08-19T03:08:09.7455136Z 	 - Location: ../../../.rustup/toolchains/nightly-2025-11-21-x86_64-unknown-linux-gnu/lib/rustlib/src/rust/library/core/src/alloc/layout.rs:140:9 in function std::alloc::Layout::size
FV-4b required proofs	Prove record identity validation	2026-08-19T03:08:09.7456234Z 
FV-4b required proofs	Prove record identity validation	2026-08-19T03:08:09.7456383Z Check 57: std::ptr::Alignment::new.pointer_dereference.1
FV-4b required proofs	Prove record identity validation	2026-08-19T03:08:09.7456687Z 	 - Status: SUCCESS
FV-4b required proofs	Prove record identity validation	2026-08-19T03:08:09.7456922Z 	 - Description: "dereference failure: dead object"
FV-4b required proofs	Prove record identity validation	2026-08-19T03:08:09.7457699Z 	 - Location: ../../../.rustup/toolchains/nightly-2025-11-21-x86_64-unknown-linux-gnu/lib/rustlib/src/rust/library/core/src/ptr/alignment.rs:64:13 in function std::ptr::Alignment::new
FV-4b required proofs	Prove record identity validation	2026-08-19T03:08:09.7458358Z 
FV-4b required proofs	Prove record identity validation	2026-08-19T03:08:09.7458548Z Check 58: alloc::raw_vec::RawVecInner::non_null::<u8>.pointer_dereference.1
FV-4b required proofs	Prove record identity validation	2026-08-19T03:08:09.7458913Z 	 - Status: SUCCESS
FV-4b required proofs	Prove record identity validation	2026-08-19T03:08:09.7459149Z 	 - Description: "dereference failure: pointer NULL"
FV-4b required proofs	Prove record identity validation	2026-08-19T03:08:09.7459969Z 	 - Location: ../../../.rustup/toolchains/nightly-2025-11-21-x86_64-unknown-linux-gnu/lib/rustlib/src/rust/library/alloc/src/raw_vec/mod.rs:504:9 in function alloc::raw_vec::RawVecInner::non_null::<u8>
FV-4b required proofs	Prove record identity validation	2026-08-19T03:08:09.7460667Z 
FV-4b required proofs	Prove record identity validation	2026-08-19T03:08:09.7460855Z Check 59: alloc::raw_vec::RawVecInner::non_null::<u8>.pointer_dereference.2
FV-4b required proofs	Prove record identity validation	2026-08-19T03:08:09.7461217Z 	 - Status: SUCCESS
FV-4b required proofs	Prove record identity validation	2026-08-19T03:08:09.7461462Z 	 - Description: "dereference failure: pointer invalid"
FV-4b required proofs	Prove record identity validation	2026-08-19T03:08:09.7462284Z 	 - Location: ../../../.rustup/toolchains/nightly-2025-11-21-x86_64-unknown-linux-gnu/lib/rustlib/src/rust/library/alloc/src/raw_vec/mod.rs:504:9 in function alloc::raw_vec::RawVecInner::non_null::<u8>
FV-4b required proofs	Prove record identity validation	2026-08-19T03:08:09.7462982Z 
FV-4b required proofs	Prove record identity validation	2026-08-19T03:08:09.7463167Z Check 60: alloc::raw_vec::RawVecInner::non_null::<u8>.pointer_dereference.3
FV-4b required proofs	Prove record identity validation	2026-08-19T03:08:09.7463520Z 	 - Status: SUCCESS
FV-4b required proofs	Prove record identity validation	2026-08-19T03:08:09.7463794Z 	 - Description: "dereference failure: deallocated dynamic object"
FV-4b required proofs	Prove record identity validation	2026-08-19T03:08:09.7464658Z 	 - Location: ../../../.rustup/toolchains/nightly-2025-11-21-x86_64-unknown-linux-gnu/lib/rustlib/src/rust/library/alloc/src/raw_vec/mod.rs:504:9 in function alloc::raw_vec::RawVecInner::non_null::<u8>
FV-4b required proofs	Prove record identity validation	2026-08-19T03:08:09.7465357Z 
FV-4b required proofs	Prove record identity validation	2026-08-19T03:08:09.7465533Z Check 61: alloc::raw_vec::RawVecInner::non_null::<u8>.pointer_dereference.4
FV-4b required proofs	Prove record identity validation	2026-08-19T03:08:09.7466140Z 	 - Status: SUCCESS
FV-4b required proofs	Prove record identity validation	2026-08-19T03:08:09.7466375Z 	 - Description: "dereference failure: dead object"
FV-4b required proofs	Prove record identity validation	2026-08-19T03:08:09.7467184Z 	 - Location: ../../../.rustup/toolchains/nightly-2025-11-21-x86_64-unknown-linux-gnu/lib/rustlib/src/rust/library/alloc/src/raw_vec/mod.rs:504:9 in function alloc::raw_vec::RawVecInner::non_null::<u8>
FV-4b required proofs	Prove record identity validation	2026-08-19T03:08:09.7468058Z 
FV-4b required proofs	Prove record identity validation	2026-08-19T03:08:09.7468237Z Check 62: alloc::raw_vec::RawVecInner::non_null::<u8>.pointer_dereference.5
FV-4b required proofs	Prove record identity validation	2026-08-19T03:08:09.7468591Z 	 - Status: SUCCESS
FV-4b required proofs	Prove record identity validation	2026-08-19T03:08:09.7468875Z 	 - Description: "dereference failure: pointer outside object bounds"
FV-4b required proofs	Prove record identity validation	2026-08-19T03:08:09.7469741Z 	 - Location: ../../../.rustup/toolchains/nightly-2025-11-21-x86_64-unknown-linux-gnu/lib/rustlib/src/rust/library/alloc/src/raw_vec/mod.rs:504:9 in function alloc::raw_vec::RawVecInner::non_null::<u8>
FV-4b required proofs	Prove record identity validation	2026-08-19T03:08:09.7470430Z 
FV-4b required proofs	Prove record identity validation	2026-08-19T03:08:09.7470614Z Check 63: alloc::raw_vec::RawVecInner::non_null::<u8>.pointer_dereference.6
FV-4b required proofs	Prove record identity validation	2026-08-19T03:08:09.7470965Z 	 - Status: SUCCESS
FV-4b required proofs	Prove record identity validation	2026-08-19T03:08:09.7471233Z 	 - Description: "dereference failure: invalid integer address"
FV-4b required proofs	Prove record identity validation	2026-08-19T03:08:09.7472085Z 	 - Location: ../../../.rustup/toolchains/nightly-2025-11-21-x86_64-unknown-linux-gnu/lib/rustlib/src/rust/library/alloc/src/raw_vec/mod.rs:504:9 in function alloc::raw_vec::RawVecInner::non_null::<u8>
FV-4b required proofs	Prove record identity validation	2026-08-19T03:08:09.7472789Z 
FV-4b required proofs	Prove record identity validation	2026-08-19T03:08:09.7472942Z Check 64: std::alloc::Global::alloc_impl.pointer_dereference.1
FV-4b required proofs	Prove record identity validation	2026-08-19T03:08:09.7473262Z 	 - Status: SUCCESS
FV-4b required proofs	Prove record identity validation	2026-08-19T03:08:09.7473491Z 	 - Description: "dereference failure: dead object"
FV-4b required proofs	Prove record identity validation	2026-08-19T03:08:09.7474256Z 	 - Location: ../../../.rustup/toolchains/nightly-2025-11-21-x86_64-unknown-linux-gnu/lib/rustlib/src/rust/library/alloc/src/alloc.rs:191:27 in function std::alloc::Global::alloc_impl
FV-4b required proofs	Prove record identity validation	2026-08-19T03:08:09.7474907Z 
FV-4b required proofs	Prove record identity validation	2026-08-19T03:08:09.7475078Z Check 65: <std::vec::Vec<u8> as std::ops::Drop>::drop.pointer_dereference.1
FV-4b required proofs	Prove record identity validation	2026-08-19T03:08:09.7475424Z 	 - Status: SUCCESS
FV-4b required proofs	Prove record identity validation	2026-08-19T03:08:09.7476109Z 	 - Description: "dereference failure: pointer NULL"
FV-4b required proofs	Prove record identity validation	2026-08-19T03:08:09.7476942Z 	 - Location: ../../../.rustup/toolchains/nightly-2025-11-21-x86_64-unknown-linux-gnu/lib/rustlib/src/rust/library/alloc/src/vec/mod.rs:4076:81 in function <std::vec::Vec<u8> as std::ops::Drop>::drop
FV-4b required proofs	Prove record identity validation	2026-08-19T03:08:09.7477651Z 
FV-4b required proofs	Prove record identity validation	2026-08-19T03:08:09.7477821Z Check 66: <std::vec::Vec<u8> as std::ops::Drop>::drop.pointer_dereference.2
FV-4b required proofs	Prove record identity validation	2026-08-19T03:08:09.7478174Z 	 - Status: SUCCESS
FV-4b required proofs	Prove record identity validation	2026-08-19T03:08:09.7478412Z 	 - Description: "dereference failure: pointer invalid"
FV-4b required proofs	Prove record identity validation	2026-08-19T03:08:09.7479230Z 	 - Location: ../../../.rustup/toolchains/nightly-2025-11-21-x86_64-unknown-linux-gnu/lib/rustlib/src/rust/library/alloc/src/vec/mod.rs:4076:81 in function <std::vec::Vec<u8> as std::ops::Drop>::drop
FV-4b required proofs	Prove record identity validation	2026-08-19T03:08:09.7479919Z 
FV-4b required proofs	Prove record identity validation	2026-08-19T03:08:09.7480092Z Check 67: <std::vec::Vec<u8> as std::ops::Drop>::drop.pointer_dereference.3
FV-4b required proofs	Prove record identity validation	2026-08-19T03:08:09.7480435Z 	 - Status: SUCCESS
FV-4b required proofs	Prove record identity validation	2026-08-19T03:08:09.7480720Z 	 - Description: "dereference failure: deallocated dynamic object"
FV-4b required proofs	Prove record identity validation	2026-08-19T03:08:09.7481570Z 	 - Location: ../../../.rustup/toolchains/nightly-2025-11-21-x86_64-unknown-linux-gnu/lib/rustlib/src/rust/library/alloc/src/vec/mod.rs:4076:81 in function <std::vec::Vec<u8> as std::ops::Drop>::drop
FV-4b required proofs	Prove record identity validation	2026-08-19T03:08:09.7482255Z 
FV-4b required proofs	Prove record identity validation	2026-08-19T03:08:09.7482427Z Check 68: <std::vec::Vec<u8> as std::ops::Drop>::drop.pointer_dereference.4
FV-4b required proofs	Prove record identity validation	2026-08-19T03:08:09.7482769Z 	 - Status: SUCCESS
FV-4b required proofs	Prove record identity validation	2026-08-19T03:08:09.7483001Z 	 - Description: "dereference failure: dead object"
FV-4b required proofs	Prove record identity validation	2026-08-19T03:08:09.7483797Z 	 - Location: ../../../.rustup/toolchains/nightly-2025-11-21-x86_64-unknown-linux-gnu/lib/rustlib/src/rust/library/alloc/src/vec/mod.rs:4076:81 in function <std::vec::Vec<u8> as std::ops::Drop>::drop
FV-4b required proofs	Prove record identity validation	2026-08-19T03:08:09.7484482Z 
FV-4b required proofs	Prove record identity validation	2026-08-19T03:08:09.7484647Z Check 69: <std::vec::Vec<u8> as std::ops::Drop>::drop.pointer_dereference.5
FV-4b required proofs	Prove record identity validation	2026-08-19T03:08:09.7484988Z 	 - Status: SUCCESS
FV-4b required proofs	Prove record identity validation	2026-08-19T03:08:09.7485274Z 	 - Description: "dereference failure: pointer outside object bounds"
FV-4b required proofs	Prove record identity validation	2026-08-19T03:08:09.7486277Z 	 - Location: ../../../.rustup/toolchains/nightly-2025-11-21-x86_64-unknown-linux-gnu/lib/rustlib/src/rust/library/alloc/src/vec/mod.rs:4076:81 in function <std::vec::Vec<u8> as std::ops::Drop>::drop
FV-4b required proofs	Prove record identity validation	2026-08-19T03:08:09.7487125Z 
FV-4b required proofs	Prove record identity validation	2026-08-19T03:08:09.7487294Z Check 70: <std::vec::Vec<u8> as std::ops::Drop>::drop.pointer_dereference.6
FV-4b required proofs	Prove record identity validation	2026-08-19T03:08:09.7487637Z 	 - Status: SUCCESS
FV-4b required proofs	Prove record identity validation	2026-08-19T03:08:09.7487903Z 	 - Description: "dereference failure: invalid integer address"
FV-4b required proofs	Prove record identity validation	2026-08-19T03:08:09.7488735Z 	 - Location: ../../../.rustup/toolchains/nightly-2025-11-21-x86_64-unknown-linux-gnu/lib/rustlib/src/rust/library/alloc/src/vec/mod.rs:4076:81 in function <std::vec::Vec<u8> as std::ops::Drop>::drop
FV-4b required proofs	Prove record identity validation	2026-08-19T03:08:09.7489418Z 
FV-4b required proofs	Prove record identity validation	2026-08-19T03:08:09.7489536Z Check 71: __rust_dealloc.precondition_instance.1
FV-4b required proofs	Prove record identity validation	2026-08-19T03:08:09.7489815Z 	 - Status: SUCCESS
FV-4b required proofs	Prove record identity validation	2026-08-19T03:08:09.7490077Z 	 - Description: "free argument must be NULL or valid pointer"
FV-4b required proofs	Prove record identity validation	2026-08-19T03:08:09.7490552Z 	 - Location: ../../../.kani/kani-0.67.0/library/kani/kani_lib.c:87 in function __rust_dealloc
FV-4b required proofs	Prove record identity validation	2026-08-19T03:08:09.7490881Z 
FV-4b required proofs	Prove record identity validation	2026-08-19T03:08:09.7490999Z Check 72: __rust_dealloc.precondition_instance.2
FV-4b required proofs	Prove record identity validation	2026-08-19T03:08:09.7491287Z 	 - Status: SUCCESS
FV-4b required proofs	Prove record identity validation	2026-08-19T03:08:09.7491526Z 	 - Description: "free argument must be dynamic object"
FV-4b required proofs	Prove record identity validation	2026-08-19T03:08:09.7491959Z 	 - Location: ../../../.kani/kani-0.67.0/library/kani/kani_lib.c:87 in function __rust_dealloc
FV-4b required proofs	Prove record identity validation	2026-08-19T03:08:09.7492279Z 
FV-4b required proofs	Prove record identity validation	2026-08-19T03:08:09.7492397Z Check 73: __rust_dealloc.precondition_instance.3
FV-4b required proofs	Prove record identity validation	2026-08-19T03:08:09.7492669Z 	 - Status: SUCCESS
FV-4b required proofs	Prove record identity validation	2026-08-19T03:08:09.7492890Z 	 - Description: "free argument has offset zero"
FV-4b required proofs	Prove record identity validation	2026-08-19T03:08:09.7493307Z 	 - Location: ../../../.kani/kani-0.67.0/library/kani/kani_lib.c:87 in function __rust_dealloc
FV-4b required proofs	Prove record identity validation	2026-08-19T03:08:09.7493632Z 
FV-4b required proofs	Prove record identity validation	2026-08-19T03:08:09.7493741Z Check 74: __rust_dealloc.precondition_instance.4
FV-4b required proofs	Prove record identity validation	2026-08-19T03:08:09.7494013Z 	 - Status: SUCCESS
FV-4b required proofs	Prove record identity validation	2026-08-19T03:08:09.7494395Z 	 - Description: "double free"
FV-4b required proofs	Prove record identity validation	2026-08-19T03:08:09.7494764Z 	 - Location: ../../../.kani/kani-0.67.0/library/kani/kani_lib.c:87 in function __rust_dealloc
FV-4b required proofs	Prove record identity validation	2026-08-19T03:08:09.7495085Z 
FV-4b required proofs	Prove record identity validation	2026-08-19T03:08:09.7495198Z Check 75: __rust_dealloc.precondition_instance.5
FV-4b required proofs	Prove record identity validation	2026-08-19T03:08:09.7495469Z 	 - Status: SUCCESS
FV-4b required proofs	Prove record identity validation	2026-08-19T03:08:09.7495861Z 	 - Description: "free called for new[] object"
FV-4b required proofs	Prove record identity validation	2026-08-19T03:08:09.7496383Z 	 - Location: ../../../.kani/kani-0.67.0/library/kani/kani_lib.c:87 in function __rust_dealloc
FV-4b required proofs	Prove record identity validation	2026-08-19T03:08:09.7496710Z 
FV-4b required proofs	Prove record identity validation	2026-08-19T03:08:09.7496820Z Check 76: __rust_dealloc.precondition_instance.6
FV-4b required proofs	Prove record identity validation	2026-08-19T03:08:09.7497095Z 	 - Status: SUCCESS
FV-4b required proofs	Prove record identity validation	2026-08-19T03:08:09.7497345Z 	 - Description: "free called for stack-allocated object"
FV-4b required proofs	Prove record identity validation	2026-08-19T03:08:09.7497793Z 	 - Location: ../../../.kani/kani-0.67.0/library/kani/kani_lib.c:87 in function __rust_dealloc
FV-4b required proofs	Prove record identity validation	2026-08-19T03:08:09.7498114Z 
FV-4b required proofs	Prove record identity validation	2026-08-19T03:08:09.7498390Z Check 77: <std::collections::TryReserveErrorKind as std::clone::Clone>::clone.pointer_dereference.1
FV-4b required proofs	Prove record identity validation	2026-08-19T03:08:09.7498853Z 	 - Status: SUCCESS
FV-4b required proofs	Prove record identity validation	2026-08-19T03:08:09.7499090Z 	 - Description: "dereference failure: pointer NULL"
FV-4b required proofs	Prove record identity validation	2026-08-19T03:08:09.7500019Z 	 - Location: ../../../.rustup/toolchains/nightly-2025-11-21-x86_64-unknown-linux-gnu/lib/rustlib/src/rust/library/alloc/src/collections/mod.rs:93:10 in function <std::collections::TryReserveErrorKind as std::clone::Clone>::clone
FV-4b required proofs	Prove record identity validation	2026-08-19T03:08:09.7500846Z 
FV-4b required proofs	Prove record identity validation	2026-08-19T03:08:09.7501119Z Check 78: <std::collections::TryReserveErrorKind as std::clone::Clone>::clone.pointer_dereference.2
FV-4b required proofs	Prove record identity validation	2026-08-19T03:08:09.7501565Z 	 - Status: SUCCESS
FV-4b required proofs	Prove record identity validation	2026-08-19T03:08:09.7501812Z 	 - Description: "dereference failure: pointer invalid"
FV-4b required proofs	Prove record identity validation	2026-08-19T03:08:09.7502738Z 	 - Location: ../../../.rustup/toolchains/nightly-2025-11-21-x86_64-unknown-linux-gnu/lib/rustlib/src/rust/library/alloc/src/collections/mod.rs:93:10 in function <std::collections::TryReserveErrorKind as std::clone::Clone>::clone
FV-4b required proofs	Prove record identity validation	2026-08-19T03:08:09.7503535Z 
FV-4b required proofs	Prove record identity validation	2026-08-19T03:08:09.7503809Z Check 79: <std::collections::TryReserveErrorKind as std::clone::Clone>::clone.pointer_dereference.3
FV-4b required proofs	Prove record identity validation	2026-08-19T03:08:09.7504247Z 	 - Status: SUCCESS
FV-4b required proofs	Prove record identity validation	2026-08-19T03:08:09.7504526Z 	 - Description: "dereference failure: deallocated dynamic object"
FV-4b required proofs	Prove record identity validation	2026-08-19T03:08:09.7505647Z 	 - Location: ../../../.rustup/toolchains/nightly-2025-11-21-x86_64-unknown-linux-gnu/lib/rustlib/src/rust/library/alloc/src/collections/mod.rs:93:10 in function <std::collections::TryReserveErrorKind as std::clone::Clone>::clone
FV-4b required proofs	Prove record identity validation	2026-08-19T03:08:09.7506694Z 
FV-4b required proofs	Prove record identity validation	2026-08-19T03:08:09.7506961Z Check 80: <std::collections::TryReserveErrorKind as std::clone::Clone>::clone.pointer_dereference.4
FV-4b required proofs	Prove record identity validation	2026-08-19T03:08:09.7507401Z 	 - Status: SUCCESS
FV-4b required proofs	Prove record identity validation	2026-08-19T03:08:09.7507626Z 	 - Description: "dereference failure: dead object"
FV-4b required proofs	Prove record identity validation	2026-08-19T03:08:09.7508537Z 	 - Location: ../../../.rustup/toolchains/nightly-2025-11-21-x86_64-unknown-linux-gnu/lib/rustlib/src/rust/library/alloc/src/collections/mod.rs:93:10 in function <std::collections::TryReserveErrorKind as std::clone::Clone>::clone
FV-4b required proofs	Prove record identity validation	2026-08-19T03:08:09.7509343Z 
FV-4b required proofs	Prove record identity validation	2026-08-19T03:08:09.7509614Z Check 81: <std::collections::TryReserveErrorKind as std::clone::Clone>::clone.pointer_dereference.5
FV-4b required proofs	Prove record identity validation	2026-08-19T03:08:09.7510056Z 	 - Status: SUCCESS
FV-4b required proofs	Prove record identity validation	2026-08-19T03:08:09.7510339Z 	 - Description: "dereference failure: pointer outside object bounds"
FV-4b required proofs	Prove record identity validation	2026-08-19T03:08:09.7511299Z 	 - Location: ../../../.rustup/toolchains/nightly-2025-11-21-x86_64-unknown-linux-gnu/lib/rustlib/src/rust/library/alloc/src/collections/mod.rs:93:10 in function <std::collections::TryReserveErrorKind as std::clone::Clone>::clone
FV-4b required proofs	Prove record identity validation	2026-08-19T03:08:09.7512094Z 
FV-4b required proofs	Prove record identity validation	2026-08-19T03:08:09.7512360Z Check 82: <std::collections::TryReserveErrorKind as std::clone::Clone>::clone.pointer_dereference.6
FV-4b required proofs	Prove record identity validation	2026-08-19T03:08:09.7512797Z 	 - Status: SUCCESS
FV-4b required proofs	Prove record identity validation	2026-08-19T03:08:09.7513061Z 	 - Description: "dereference failure: invalid integer address"
FV-4b required proofs	Prove record identity validation	2026-08-19T03:08:09.7514006Z 	 - Location: ../../../.rustup/toolchains/nightly-2025-11-21-x86_64-unknown-linux-gnu/lib/rustlib/src/rust/library/alloc/src/collections/mod.rs:93:10 in function <std::collections::TryReserveErrorKind as std::clone::Clone>::clone
FV-4b required proofs	Prove record identity validation	2026-08-19T03:08:09.7514953Z 
FV-4b required proofs	Prove record identity validation	2026-08-19T03:08:09.7515217Z Check 83: <std::collections::TryReserveErrorKind as std::clone::Clone>::clone.pointer_dereference.7
FV-4b required proofs	Prove record identity validation	2026-08-19T03:08:09.7515800Z 	 - Status: SUCCESS
FV-4b required proofs	Prove record identity validation	2026-08-19T03:08:09.7516029Z 	 - Description: "dereference failure: dead object"
FV-4b required proofs	Prove record identity validation	2026-08-19T03:08:09.7517074Z 	 - Location: ../../../.rustup/toolchains/nightly-2025-11-21-x86_64-unknown-linux-gnu/lib/rustlib/src/rust/library/alloc/src/collections/mod.rs:93:10 in function <std::collections::TryReserveErrorKind as std::clone::Clone>::clone
FV-4b required proofs	Prove record identity validation	2026-08-19T03:08:09.7517875Z 
FV-4b required proofs	Prove record identity validation	2026-08-19T03:08:09.7518084Z Check 84: std::alloc::Layout::size_rounded_up_to_custom_align.pointer_dereference.1
FV-4b required proofs	Prove record identity validation	2026-08-19T03:08:09.7518477Z 	 - Status: SUCCESS
FV-4b required proofs	Prove record identity validation	2026-08-19T03:08:09.7518714Z 	 - Description: "dereference failure: pointer NULL"
FV-4b required proofs	Prove record identity validation	2026-08-19T03:08:09.7519578Z 	 - Location: ../../../.rustup/toolchains/nightly-2025-11-21-x86_64-unknown-linux-gnu/lib/rustlib/src/rust/library/core/src/alloc/layout.rs:305:27 in function std::alloc::Layout::size_rounded_up_to_custom_align
FV-4b required proofs	Prove record identity validation	2026-08-19T03:08:09.7520316Z 
FV-4b required proofs	Prove record identity validation	2026-08-19T03:08:09.7520531Z Check 85: std::alloc::Layout::size_rounded_up_to_custom_align.pointer_dereference.2
FV-4b required proofs	Prove record identity validation	2026-08-19T03:08:09.7520912Z 	 - Status: SUCCESS
FV-4b required proofs	Prove record identity validation	2026-08-19T03:08:09.7521153Z 	 - Description: "dereference failure: pointer invalid"
FV-4b required proofs	Prove record identity validation	2026-08-19T03:08:09.7522005Z 	 - Location: ../../../.rustup/toolchains/nightly-2025-11-21-x86_64-unknown-linux-gnu/lib/rustlib/src/rust/library/core/src/alloc/layout.rs:305:27 in function std::alloc::Layout::size_rounded_up_to_custom_align
FV-4b required proofs	Prove record identity validation	2026-08-19T03:08:09.7522733Z 
FV-4b required proofs	Prove record identity validation	2026-08-19T03:08:09.7522942Z Check 86: std::alloc::Layout::size_rounded_up_to_custom_align.pointer_dereference.3
FV-4b required proofs	Prove record identity validation	2026-08-19T03:08:09.7523321Z 	 - Status: SUCCESS
FV-4b required proofs	Prove record identity validation	2026-08-19T03:08:09.7523601Z 	 - Description: "dereference failure: deallocated dynamic object"
FV-4b required proofs	Prove record identity validation	2026-08-19T03:08:09.7524502Z 	 - Location: ../../../.rustup/toolchains/nightly-2025-11-21-x86_64-unknown-linux-gnu/lib/rustlib/src/rust/library/core/src/alloc/layout.rs:305:27 in function std::alloc::Layout::size_rounded_up_to_custom_align
FV-4b required proofs	Prove record identity validation	2026-08-19T03:08:09.7525371Z 
FV-4b required proofs	Prove record identity validation	2026-08-19T03:08:09.7525575Z Check 87: std::alloc::Layout::size_rounded_up_to_custom_align.pointer_dereference.4
FV-4b required proofs	Prove record identity validation	2026-08-19T03:08:09.7526082Z 	 - Status: SUCCESS
FV-4b required proofs	Prove record identity validation	2026-08-19T03:08:09.7526321Z 	 - Description: "dereference failure: dead object"
FV-4b required proofs	Prove record identity validation	2026-08-19T03:08:09.7527166Z 	 - Location: ../../../.rustup/toolchains/nightly-2025-11-21-x86_64-unknown-linux-gnu/lib/rustlib/src/rust/library/core/src/alloc/layout.rs:305:27 in function std::alloc::Layout::size_rounded_up_to_custom_align
FV-4b required proofs	Prove record identity validation	2026-08-19T03:08:09.7527903Z 
FV-4b required proofs	Prove record identity validation	2026-08-19T03:08:09.7528103Z Check 88: std::alloc::Layout::size_rounded_up_to_custom_align.pointer_dereference.5
FV-4b required proofs	Prove record identity validation	2026-08-19T03:08:09.7528488Z 	 - Status: SUCCESS
FV-4b required proofs	Prove record identity validation	2026-08-19T03:08:09.7528776Z 	 - Description: "dereference failure: pointer outside object bounds"
FV-4b required proofs	Prove record identity validation	2026-08-19T03:08:09.7529688Z 	 - Location: ../../../.rustup/toolchains/nightly-2025-11-21-x86_64-unknown-linux-gnu/lib/rustlib/src/rust/library/core/src/alloc/layout.rs:305:27 in function std::alloc::Layout::size_rounded_up_to_custom_align
FV-4b required proofs	Prove record identity validation	2026-08-19T03:08:09.7530415Z 
FV-4b required proofs	Prove record identity validation	2026-08-19T03:08:09.7530625Z Check 89: std::alloc::Layout::size_rounded_up_to_custom_align.pointer_dereference.6
FV-4b required proofs	Prove record identity validation	2026-08-19T03:08:09.7531002Z 	 - Status: SUCCESS
FV-4b required proofs	Prove record identity validation	2026-08-19T03:08:09.7531271Z 	 - Description: "dereference failure: invalid integer address"
FV-4b required proofs	Prove record identity validation	2026-08-19T03:08:09.7532152Z 	 - Location: ../../../.rustup/toolchains/nightly-2025-11-21-x86_64-unknown-linux-gnu/lib/rustlib/src/rust/library/core/src/alloc/layout.rs:305:27 in function std::alloc::Layout::size_rounded_up_to_custom_align
FV-4b required proofs	Prove record identity validation	2026-08-19T03:08:09.7532879Z 
FV-4b required proofs	Prove record identity validation	2026-08-19T03:08:09.7533024Z Check 90: std::alloc::Layout::repeat.pointer_dereference.1
FV-4b required proofs	Prove record identity validation	2026-08-19T03:08:09.7533334Z 	 - Status: SUCCESS
FV-4b required proofs	Prove record identity validation	2026-08-19T03:08:09.7533561Z 	 - Description: "dereference failure: dead object"
FV-4b required proofs	Prove record identity validation	2026-08-19T03:08:09.7534558Z 	 - Location: ../../../.rustup/toolchains/nightly-2025-11-21-x86_64-unknown-linux-gnu/lib/rustlib/src/rust/library/core/src/alloc/layout.rs:361:31 in function std::alloc::Layout::repeat
FV-4b required proofs	Prove record identity validation	2026-08-19T03:08:09.7535230Z 
FV-4b required proofs	Prove record identity validation	2026-08-19T03:08:09.7535367Z Check 91: std::alloc::Layout::repeat.pointer_dereference.2
FV-4b required proofs	Prove record identity validation	2026-08-19T03:08:09.7535674Z 	 - Status: SUCCESS
FV-4b required proofs	Prove record identity validation	2026-08-19T03:08:09.7536200Z 	 - Description: "dereference failure: dead object"
FV-4b required proofs	Prove record identity validation	2026-08-19T03:08:09.7536994Z 	 - Location: ../../../.rustup/toolchains/nightly-2025-11-21-x86_64-unknown-linux-gnu/lib/rustlib/src/rust/library/core/src/alloc/layout.rs:364:13 in function std::alloc::Layout::repeat
FV-4b required proofs	Prove record identity validation	2026-08-19T03:08:09.7537672Z 
FV-4b required proofs	Prove record identity validation	2026-08-19T03:08:09.7537854Z Check 92: alloc::raw_vec::layout_array::{closure#1}.pointer_dereference.1
FV-4b required proofs	Prove record identity validation	2026-08-19T03:08:09.7538212Z 	 - Status: SUCCESS
FV-4b required proofs	Prove record identity validation	2026-08-19T03:08:09.7538443Z 	 - Description: "dereference failure: dead object"
FV-4b required proofs	Prove record identity validation	2026-08-19T03:08:09.7539261Z 	 - Location: ../../../.rustup/toolchains/nightly-2025-11-21-x86_64-unknown-linux-gnu/lib/rustlib/src/rust/library/alloc/src/raw_vec/mod.rs:853:70 in function alloc::raw_vec::layout_array::{closure#1}
FV-4b required proofs	Prove record identity validation	2026-08-19T03:08:09.7539961Z 
FV-4b required proofs	Prove record identity validation	2026-08-19T03:08:09.7540155Z Check 93: alloc::raw_vec::RawVecInner::try_allocate_in.pointer_dereference.1
FV-4b required proofs	Prove record identity validation	2026-08-19T03:08:09.7540524Z 	 - Status: SUCCESS
FV-4b required proofs	Prove record identity validation	2026-08-19T03:08:09.7540752Z 	 - Description: "dereference failure: dead object"
FV-4b required proofs	Prove record identity validation	2026-08-19T03:08:09.7541566Z 	 - Location: ../../../.rustup/toolchains/nightly-2025-11-21-x86_64-unknown-linux-gnu/lib/rustlib/src/rust/library/alloc/src/raw_vec/mod.rs:459:34 in function alloc::raw_vec::RawVecInner::try_allocate_in
FV-4b required proofs	Prove record identity validation	2026-08-19T03:08:09.7542266Z 
FV-4b required proofs	Prove record identity validation	2026-08-19T03:08:09.7542458Z Check 94: alloc::raw_vec::RawVecInner::try_allocate_in.pointer_dereference.2
FV-4b required proofs	Prove record identity validation	2026-08-19T03:08:09.7542816Z 	 - Status: SUCCESS
FV-4b required proofs	Prove record identity validation	2026-08-19T03:08:09.7543043Z 	 - Description: "dereference failure: dead object"
FV-4b required proofs	Prove record identity validation	2026-08-19T03:08:09.7543856Z 	 - Location: ../../../.rustup/toolchains/nightly-2025-11-21-x86_64-unknown-linux-gnu/lib/rustlib/src/rust/library/alloc/src/raw_vec/mod.rs:472:25 in function alloc::raw_vec::RawVecInner::try_allocate_in
FV-4b required proofs	Prove record identity validation	2026-08-19T03:08:09.7544566Z 
FV-4b required proofs	Prove record identity validation	2026-08-19T03:08:09.7544709Z Check 95: std::vec::Vec::<u8>::set_len.pointer_dereference.1
FV-4b required proofs	Prove record identity validation	2026-08-19T03:08:09.7545172Z 	 - Status: SUCCESS
FV-4b required proofs	Prove record identity validation	2026-08-19T03:08:09.7545409Z 	 - Description: "dereference failure: pointer NULL"
FV-4b required proofs	Prove record identity validation	2026-08-19T03:08:09.7546418Z 	 - Location: ../../../.rustup/toolchains/nightly-2025-11-21-x86_64-unknown-linux-gnu/lib/rustlib/src/rust/library/alloc/src/vec/mod.rs:1945:9 in function std::vec::Vec::<u8>::set_len
FV-4b required proofs	Prove record identity validation	2026-08-19T03:08:09.7547076Z 
FV-4b required proofs	Prove record identity validation	2026-08-19T03:08:09.7547217Z Check 96: std::vec::Vec::<u8>::set_len.pointer_dereference.2
FV-4b required proofs	Prove record identity validation	2026-08-19T03:08:09.7547522Z 	 - Status: SUCCESS
FV-4b required proofs	Prove record identity validation	2026-08-19T03:08:09.7547766Z 	 - Description: "dereference failure: pointer invalid"
FV-4b required proofs	Prove record identity validation	2026-08-19T03:08:09.7548543Z 	 - Location: ../../../.rustup/toolchains/nightly-2025-11-21-x86_64-unknown-linux-gnu/lib/rustlib/src/rust/library/alloc/src/vec/mod.rs:1945:9 in function std::vec::Vec::<u8>::set_len
FV-4b required proofs	Prove record identity validation	2026-08-19T03:08:09.7549192Z 
FV-4b required proofs	Prove record identity validation	2026-08-19T03:08:09.7549336Z Check 97: std::vec::Vec::<u8>::set_len.pointer_dereference.3
FV-4b required proofs	Prove record identity validation	2026-08-19T03:08:09.7549637Z 	 - Status: SUCCESS
FV-4b required proofs	Prove record identity validation	2026-08-19T03:08:09.7549914Z 	 - Description: "dereference failure: deallocated dynamic object"
FV-4b required proofs	Prove record identity validation	2026-08-19T03:08:09.7550722Z 	 - Location: ../../../.rustup/toolchains/nightly-2025-11-21-x86_64-unknown-linux-gnu/lib/rustlib/src/rust/library/alloc/src/vec/mod.rs:1945:9 in function std::vec::Vec::<u8>::set_len
FV-4b required proofs	Prove record identity validation	2026-08-19T03:08:09.7551363Z 
FV-4b required proofs	Prove record identity validation	2026-08-19T03:08:09.7551504Z Check 98: std::vec::Vec::<u8>::set_len.pointer_dereference.4
FV-4b required proofs	Prove record identity validation	2026-08-19T03:08:09.7551821Z 	 - Status: SUCCESS
FV-4b required proofs	Prove record identity validation	2026-08-19T03:08:09.7552050Z 	 - Description: "dereference failure: dead object"
FV-4b required proofs	Prove record identity validation	2026-08-19T03:08:09.7552820Z 	 - Location: ../../../.rustup/toolchains/nightly-2025-11-21-x86_64-unknown-linux-gnu/lib/rustlib/src/rust/library/alloc/src/vec/mod.rs:1945:9 in function std::vec::Vec::<u8>::set_len
FV-4b required proofs	Prove record identity validation	2026-08-19T03:08:09.7553474Z 
FV-4b required proofs	Prove record identity validation	2026-08-19T03:08:09.7553615Z Check 99: std::vec::Vec::<u8>::set_len.pointer_dereference.5
FV-4b required proofs	Prove record identity validation	2026-08-19T03:08:09.7554074Z 	 - Status: SUCCESS
FV-4b required proofs	Prove record identity validation	2026-08-19T03:08:09.7554373Z 	 - Description: "dereference failure: pointer outside object bounds"
FV-4b required proofs	Prove record identity validation	2026-08-19T03:08:09.7555195Z 	 - Location: ../../../.rustup/toolchains/nightly-2025-11-21-x86_64-unknown-linux-gnu/lib/rustlib/src/rust/library/alloc/src/vec/mod.rs:1945:9 in function std::vec::Vec::<u8>::set_len
FV-4b required proofs	Prove record identity validation	2026-08-19T03:08:09.7556014Z 
FV-4b required proofs	Prove record identity validation	2026-08-19T03:08:09.7556162Z Check 100: std::vec::Vec::<u8>::set_len.pointer_dereference.6
FV-4b required proofs	Prove record identity validation	2026-08-19T03:08:09.7556485Z 	 - Status: SUCCESS
FV-4b required proofs	Prove record identity validation	2026-08-19T03:08:09.7556765Z 	 - Description: "dereference failure: invalid integer address"
FV-4b required proofs	Prove record identity validation	2026-08-19T03:08:09.7557574Z 	 - Location: ../../../.rustup/toolchains/nightly-2025-11-21-x86_64-unknown-linux-gnu/lib/rustlib/src/rust/library/alloc/src/vec/mod.rs:1945:9 in function std::vec::Vec::<u8>::set_len
FV-4b required proofs	Prove record identity validation	2026-08-19T03:08:09.7558227Z 
FV-4b required proofs	Prove record identity validation	2026-08-19T03:08:09.7558323Z Check 101: memcpy.pointer.1
FV-4b required proofs	Prove record identity validation	2026-08-19T03:08:09.7558546Z 	 - Status: SUCCESS
FV-4b required proofs	Prove record identity validation	2026-08-19T03:08:09.7559091Z 	 - Description: "same object violation in (const char *)(void *)src >= (const char *)(void *)dst + (signed long int)(count * sizeof(unsigned char) /*1*/ )"
FV-4b required proofs	Prove record identity validation	2026-08-19T03:08:09.7559754Z 	 - Location: <builtin-library-memcpy>:33 in function memcpy
FV-4b required proofs	Prove record identity validation	2026-08-19T03:08:09.7560001Z 
FV-4b required proofs	Prove record identity validation	2026-08-19T03:08:09.7560092Z Check 102: memcpy.pointer.2
FV-4b required proofs	Prove record identity validation	2026-08-19T03:08:09.7572081Z 	 - Status: SUCCESS
FV-4b required proofs	Prove record identity validation	2026-08-19T03:08:09.7573013Z 	 - Description: "same object violation in (const char *)(void *)dst >= (const char *)(void *)src + (signed long int)(count * sizeof(unsigned char) /*1*/ )"
FV-4b required proofs	Prove record identity validation	2026-08-19T03:08:09.7573743Z 	 - Location: <builtin-library-memcpy>:34 in function memcpy
FV-4b required proofs	Prove record identity validation	2026-08-19T03:08:09.7574002Z 
FV-4b required proofs	Prove record identity validation	2026-08-19T03:08:09.7574195Z Check 103: std::ptr::copy_nonoverlapping::<u8>.precondition_instance.1
FV-4b required proofs	Prove record identity validation	2026-08-19T03:08:09.7574550Z 	 - Status: SUCCESS
FV-4b required proofs	Prove record identity validation	2026-08-19T03:08:09.7574781Z 	 - Description: "memcpy src/dst overlap"
FV-4b required proofs	Prove record identity validation	2026-08-19T03:08:09.7575581Z 	 - Location: ../../../.rustup/toolchains/nightly-2025-11-21-x86_64-unknown-linux-gnu/lib/rustlib/src/rust/library/core/src/ptr/mod.rs:547:14 in function std::ptr::copy_nonoverlapping::<u8>
FV-4b required proofs	Prove record identity validation	2026-08-19T03:08:09.7576562Z 
FV-4b required proofs	Prove record identity validation	2026-08-19T03:08:09.7576750Z Check 104: std::ptr::copy_nonoverlapping::<u8>.precondition_instance.2
FV-4b required proofs	Prove record identity validation	2026-08-19T03:08:09.7577302Z 	 - Status: SUCCESS
FV-4b required proofs	Prove record identity validation	2026-08-19T03:08:09.7577535Z 	 - Description: "memcpy source region readable"
FV-4b required proofs	Prove record identity validation	2026-08-19T03:08:09.7578330Z 	 - Location: ../../../.rustup/toolchains/nightly-2025-11-21-x86_64-unknown-linux-gnu/lib/rustlib/src/rust/library/core/src/ptr/mod.rs:547:14 in function std::ptr::copy_nonoverlapping::<u8>
FV-4b required proofs	Prove record identity validation	2026-08-19T03:08:09.7579007Z 
FV-4b required proofs	Prove record identity validation	2026-08-19T03:08:09.7579192Z Check 105: std::ptr::copy_nonoverlapping::<u8>.precondition_instance.3
FV-4b required proofs	Prove record identity validation	2026-08-19T03:08:09.7579548Z 	 - Status: SUCCESS
FV-4b required proofs	Prove record identity validation	2026-08-19T03:08:09.7579800Z 	 - Description: "memcpy destination region writeable"
FV-4b required proofs	Prove record identity validation	2026-08-19T03:08:09.7580611Z 	 - Location: ../../../.rustup/toolchains/nightly-2025-11-21-x86_64-unknown-linux-gnu/lib/rustlib/src/rust/library/core/src/ptr/mod.rs:547:14 in function std::ptr::copy_nonoverlapping::<u8>
FV-4b required proofs	Prove record identity validation	2026-08-19T03:08:09.7581295Z 
FV-4b required proofs	Prove record identity validation	2026-08-19T03:08:09.7581460Z Check 106: std::alloc::Layout::repeat_packed.pointer_dereference.1
FV-4b required proofs	Prove record identity validation	2026-08-19T03:08:09.7581793Z 	 - Status: SUCCESS
FV-4b required proofs	Prove record identity validation	2026-08-19T03:08:09.7582042Z 	 - Description: "dereference failure: pointer NULL"
FV-4b required proofs	Prove record identity validation	2026-08-19T03:08:09.7582847Z 	 - Location: ../../../.rustup/toolchains/nightly-2025-11-21-x86_64-unknown-linux-gnu/lib/rustlib/src/rust/library/core/src/alloc/layout.rs:448:29 in function std::alloc::Layout::repeat_packed
FV-4b required proofs	Prove record identity validation	2026-08-19T03:08:09.7583535Z 
FV-4b required proofs	Prove record identity validation	2026-08-19T03:08:09.7583695Z Check 107: std::alloc::Layout::repeat_packed.pointer_dereference.2
FV-4b required proofs	Prove record identity validation	2026-08-19T03:08:09.7584024Z 	 - Status: SUCCESS
FV-4b required proofs	Prove record identity validation	2026-08-19T03:08:09.7584270Z 	 - Description: "dereference failure: pointer invalid"
FV-4b required proofs	Prove record identity validation	2026-08-19T03:08:09.7585078Z 	 - Location: ../../../.rustup/toolchains/nightly-2025-11-21-x86_64-unknown-linux-gnu/lib/rustlib/src/rust/library/core/src/alloc/layout.rs:448:29 in function std::alloc::Layout::repeat_packed
FV-4b required proofs	Prove record identity validation	2026-08-19T03:08:09.7586138Z 
FV-4b required proofs	Prove record identity validation	2026-08-19T03:08:09.7586311Z Check 108: std::alloc::Layout::repeat_packed.pointer_dereference.3
FV-4b required proofs	Prove record identity validation	2026-08-19T03:08:09.7586632Z 	 - Status: SUCCESS
FV-4b required proofs	Prove record identity validation	2026-08-19T03:08:09.7586907Z 	 - Description: "dereference failure: deallocated dynamic object"
FV-4b required proofs	Prove record identity validation	2026-08-19T03:08:09.7587749Z 	 - Location: ../../../.rustup/toolchains/nightly-2025-11-21-x86_64-unknown-linux-gnu/lib/rustlib/src/rust/library/core/src/alloc/layout.rs:448:29 in function std::alloc::Layout::repeat_packed
FV-4b required proofs	Prove record identity validation	2026-08-19T03:08:09.7588423Z 
FV-4b required proofs	Prove record identity validation	2026-08-19T03:08:09.7588582Z Check 109: std::alloc::Layout::repeat_packed.pointer_dereference.4
FV-4b required proofs	Prove record identity validation	2026-08-19T03:08:09.7588900Z 	 - Status: SUCCESS
FV-4b required proofs	Prove record identity validation	2026-08-19T03:08:09.7589125Z 	 - Description: "dereference failure: dead object"
FV-4b required proofs	Prove record identity validation	2026-08-19T03:08:09.7589916Z 	 - Location: ../../../.rustup/toolchains/nightly-2025-11-21-x86_64-unknown-linux-gnu/lib/rustlib/src/rust/library/core/src/alloc/layout.rs:448:29 in function std::alloc::Layout::repeat_packed
FV-4b required proofs	Prove record identity validation	2026-08-19T03:08:09.7590600Z 
FV-4b required proofs	Prove record identity validation	2026-08-19T03:08:09.7590785Z Check 110: std::alloc::Layout::repeat_packed.pointer_dereference.5
FV-4b required proofs	Prove record identity validation	2026-08-19T03:08:09.7591103Z 	 - Status: SUCCESS
FV-4b required proofs	Prove record identity validation	2026-08-19T03:08:09.7591389Z 	 - Description: "dereference failure: pointer outside object bounds"
FV-4b required proofs	Prove record identity validation	2026-08-19T03:08:09.7592239Z 	 - Location: ../../../.rustup/toolchains/nightly-2025-11-21-x86_64-unknown-linux-gnu/lib/rustlib/src/rust/library/core/src/alloc/layout.rs:448:29 in function std::alloc::Layout::repeat_packed
FV-4b required proofs	Prove record identity validation	2026-08-19T03:08:09.7592916Z 
FV-4b required proofs	Prove record identity validation	2026-08-19T03:08:09.7593071Z Check 111: std::alloc::Layout::repeat_packed.pointer_dereference.6
FV-4b required proofs	Prove record identity validation	2026-08-19T03:08:09.7593394Z 	 - Status: SUCCESS
FV-4b required proofs	Prove record identity validation	2026-08-19T03:08:09.7593660Z 	 - Description: "dereference failure: invalid integer address"
FV-4b required proofs	Prove record identity validation	2026-08-19T03:08:09.7594482Z 	 - Location: ../../../.rustup/toolchains/nightly-2025-11-21-x86_64-unknown-linux-gnu/lib/rustlib/src/rust/library/core/src/alloc/layout.rs:448:29 in function std::alloc::Layout::repeat_packed
FV-4b required proofs	Prove record identity validation	2026-08-19T03:08:09.7595157Z 
FV-4b required proofs	Prove record identity validation	2026-08-19T03:08:09.7595311Z Check 112: std::alloc::Layout::repeat_packed.pointer_dereference.7
FV-4b required proofs	Prove record identity validation	2026-08-19T03:08:09.7595643Z 	 - Status: SUCCESS
FV-4b required proofs	Prove record identity validation	2026-08-19T03:08:09.7596103Z 	 - Description: "dereference failure: dead object"
FV-4b required proofs	Prove record identity validation	2026-08-19T03:08:09.7596911Z 	 - Location: ../../../.rustup/toolchains/nightly-2025-11-21-x86_64-unknown-linux-gnu/lib/rustlib/src/rust/library/core/src/alloc/layout.rs:452:13 in function std::alloc::Layout::repeat_packed
FV-4b required proofs	Prove record identity validation	2026-08-19T03:08:09.7597771Z 
FV-4b required proofs	Prove record identity validation	2026-08-19T03:08:09.7597932Z Check 113: std::alloc::Layout::repeat_packed.pointer_dereference.8
FV-4b required proofs	Prove record identity validation	2026-08-19T03:08:09.7598250Z 	 - Status: SUCCESS
FV-4b required proofs	Prove record identity validation	2026-08-19T03:08:09.7598482Z 	 - Description: "dereference failure: pointer NULL"
FV-4b required proofs	Prove record identity validation	2026-08-19T03:08:09.7599271Z 	 - Location: ../../../.rustup/toolchains/nightly-2025-11-21-x86_64-unknown-linux-gnu/lib/rustlib/src/rust/library/core/src/alloc/layout.rs:450:47 in function std::alloc::Layout::repeat_packed
FV-4b required proofs	Prove record identity validation	2026-08-19T03:08:09.7599937Z 
FV-4b required proofs	Prove record identity validation	2026-08-19T03:08:09.7600093Z Check 114: std::alloc::Layout::repeat_packed.pointer_dereference.9
FV-4b required proofs	Prove record identity validation	2026-08-19T03:08:09.7600419Z 	 - Status: SUCCESS
FV-4b required proofs	Prove record identity validation	2026-08-19T03:08:09.7600657Z 	 - Description: "dereference failure: pointer invalid"
FV-4b required proofs	Prove record identity validation	2026-08-19T03:08:09.7601455Z 	 - Location: ../../../.rustup/toolchains/nightly-2025-11-21-x86_64-unknown-linux-gnu/lib/rustlib/src/rust/library/core/src/alloc/layout.rs:450:47 in function std::alloc::Layout::repeat_packed
FV-4b required proofs	Prove record identity validation	2026-08-19T03:08:09.7602140Z 
FV-4b required proofs	Prove record identity validation	2026-08-19T03:08:09.7602304Z Check 115: std::alloc::Layout::repeat_packed.pointer_dereference.10
FV-4b required proofs	Prove record identity validation	2026-08-19T03:08:09.7602637Z 	 - Status: SUCCESS
FV-4b required proofs	Prove record identity validation	2026-08-19T03:08:09.7602912Z 	 - Description: "dereference failure: deallocated dynamic object"
FV-4b required proofs	Prove record identity validation	2026-08-19T03:08:09.7603742Z 	 - Location: ../../../.rustup/toolchains/nightly-2025-11-21-x86_64-unknown-linux-gnu/lib/rustlib/src/rust/library/core/src/alloc/layout.rs:450:47 in function std::alloc::Layout::repeat_packed
FV-4b required proofs	Prove record identity validation	2026-08-19T03:08:09.7604417Z 
FV-4b required proofs	Prove record identity validation	2026-08-19T03:08:09.7604577Z Check 116: std::alloc::Layout::repeat_packed.pointer_dereference.11
FV-4b required proofs	Prove record identity validation	2026-08-19T03:08:09.7604903Z 	 - Status: SUCCESS
FV-4b required proofs	Prove record identity validation	2026-08-19T03:08:09.7605266Z 	 - Description: "dereference failure: dead object"
FV-4b required proofs	Prove record identity validation	2026-08-19T03:08:09.7606291Z 	 - Location: ../../../.rustup/toolchains/nightly-2025-11-21-x86_64-unknown-linux-gnu/lib/rustlib/src/rust/library/core/src/alloc/layout.rs:450:47 in function std::alloc::Layout::repeat_packed
FV-4b required proofs	Prove record identity validation	2026-08-19T03:08:09.7606980Z 
FV-4b required proofs	Prove record identity validation	2026-08-19T03:08:09.7607145Z Check 117: std::alloc::Layout::repeat_packed.pointer_dereference.12
FV-4b required proofs	Prove record identity validation	2026-08-19T03:08:09.7607470Z 	 - Status: SUCCESS
FV-4b required proofs	Prove record identity validation	2026-08-19T03:08:09.7607755Z 	 - Description: "dereference failure: pointer outside object bounds"
FV-4b required proofs	Prove record identity validation	2026-08-19T03:08:09.7608602Z 	 - Location: ../../../.rustup/toolchains/nightly-2025-11-21-x86_64-unknown-linux-gnu/lib/rustlib/src/rust/library/core/src/alloc/layout.rs:450:47 in function std::alloc::Layout::repeat_packed
FV-4b required proofs	Prove record identity validation	2026-08-19T03:08:09.7609270Z 
FV-4b required proofs	Prove record identity validation	2026-08-19T03:08:09.7609437Z Check 118: std::alloc::Layout::repeat_packed.pointer_dereference.13
FV-4b required proofs	Prove record identity validation	2026-08-19T03:08:09.7609757Z 	 - Status: SUCCESS
FV-4b required proofs	Prove record identity validation	2026-08-19T03:08:09.7610022Z 	 - Description: "dereference failure: invalid integer address"
FV-4b required proofs	Prove record identity validation	2026-08-19T03:08:09.7610851Z 	 - Location: ../../../.rustup/toolchains/nightly-2025-11-21-x86_64-unknown-linux-gnu/lib/rustlib/src/rust/library/core/src/alloc/layout.rs:450:47 in function std::alloc::Layout::repeat_packed
FV-4b required proofs	Prove record identity validation	2026-08-19T03:08:09.7611534Z 
FV-4b required proofs	Prove record identity validation	2026-08-19T03:08:09.7611683Z Check 119: std::alloc::Layout::dangling.pointer_dereference.1
FV-4b required proofs	Prove record identity validation	2026-08-19T03:08:09.7611997Z 	 - Status: SUCCESS
FV-4b required proofs	Prove record identity validation	2026-08-19T03:08:09.7612227Z 	 - Description: "dereference failure: pointer NULL"
FV-4b required proofs	Prove record identity validation	2026-08-19T03:08:09.7613009Z 	 - Location: ../../../.rustup/toolchains/nightly-2025-11-21-x86_64-unknown-linux-gnu/lib/rustlib/src/rust/library/core/src/alloc/layout.rs:223:37 in function std::alloc::Layout::dangling
FV-4b required proofs	Prove record identity validation	2026-08-19T03:08:09.7613673Z 
FV-4b required proofs	Prove record identity validation	2026-08-19T03:08:09.7613818Z Check 120: std::alloc::Layout::dangling.pointer_dereference.2
FV-4b required proofs	Prove record identity validation	2026-08-19T03:08:09.7614129Z 	 - Status: SUCCESS
FV-4b required proofs	Prove record identity validation	2026-08-19T03:08:09.7614367Z 	 - Description: "dereference failure: pointer invalid"
FV-4b required proofs	Prove record identity validation	2026-08-19T03:08:09.7615153Z 	 - Location: ../../../.rustup/toolchains/nightly-2025-11-21-x86_64-unknown-linux-gnu/lib/rustlib/src/rust/library/core/src/alloc/layout.rs:223:37 in function std::alloc::Layout::dangling
FV-4b required proofs	Prove record identity validation	2026-08-19T03:08:09.7616076Z 
FV-4b required proofs	Prove record identity validation	2026-08-19T03:08:09.7616239Z Check 121: std::alloc::Layout::dangling.pointer_dereference.3
FV-4b required proofs	Prove record identity validation	2026-08-19T03:08:09.7616711Z 	 - Status: SUCCESS
FV-4b required proofs	Prove record identity validation	2026-08-19T03:08:09.7616986Z 	 - Description: "dereference failure: deallocated dynamic object"
FV-4b required proofs	Prove record identity validation	2026-08-19T03:08:09.7617806Z 	 - Location: ../../../.rustup/toolchains/nightly-2025-11-21-x86_64-unknown-linux-gnu/lib/rustlib/src/rust/library/core/src/alloc/layout.rs:223:37 in function std::alloc::Layout::dangling
FV-4b required proofs	Prove record identity validation	2026-08-19T03:08:09.7618466Z 
FV-4b required proofs	Prove record identity validation	2026-08-19T03:08:09.7618611Z Check 122: std::alloc::Layout::dangling.pointer_dereference.4
FV-4b required proofs	Prove record identity validation	2026-08-19T03:08:09.7618916Z 	 - Status: SUCCESS
FV-4b required proofs	Prove record identity validation	2026-08-19T03:08:09.7619141Z 	 - Description: "dereference failure: dead object"
FV-4b required proofs	Prove record identity validation	2026-08-19T03:08:09.7619914Z 	 - Location: ../../../.rustup/toolchains/nightly-2025-11-21-x86_64-unknown-linux-gnu/lib/rustlib/src/rust/library/core/src/alloc/layout.rs:223:37 in function std::alloc::Layout::dangling
FV-4b required proofs	Prove record identity validation	2026-08-19T03:08:09.7620597Z 
FV-4b required proofs	Prove record identity validation	2026-08-19T03:08:09.7620740Z Check 123: std::alloc::Layout::dangling.pointer_dereference.5
FV-4b required proofs	Prove record identity validation	2026-08-19T03:08:09.7621056Z 	 - Status: SUCCESS
FV-4b required proofs	Prove record identity validation	2026-08-19T03:08:09.7621338Z 	 - Description: "dereference failure: pointer outside object bounds"
FV-4b required proofs	Prove record identity validation	2026-08-19T03:08:09.7622175Z 	 - Location: ../../../.rustup/toolchains/nightly-2025-11-21-x86_64-unknown-linux-gnu/lib/rustlib/src/rust/library/core/src/alloc/layout.rs:223:37 in function std::alloc::Layout::dangling
FV-4b required proofs	Prove record identity validation	2026-08-19T03:08:09.7622842Z 
FV-4b required proofs	Prove record identity validation	2026-08-19T03:08:09.7622987Z Check 124: std::alloc::Layout::dangling.pointer_dereference.6
FV-4b required proofs	Prove record identity validation	2026-08-19T03:08:09.7623292Z 	 - Status: SUCCESS
FV-4b required proofs	Prove record identity validation	2026-08-19T03:08:09.7623559Z 	 - Description: "dereference failure: invalid integer address"
FV-4b required proofs	Prove record identity validation	2026-08-19T03:08:09.7624366Z 	 - Location: ../../../.rustup/toolchains/nightly-2025-11-21-x86_64-unknown-linux-gnu/lib/rustlib/src/rust/library/core/src/alloc/layout.rs:223:37 in function std::alloc::Layout::dangling
FV-4b required proofs	Prove record identity validation	2026-08-19T03:08:09.7625172Z 
FV-4b required proofs	Prove record identity validation	2026-08-19T03:08:09.7625354Z Check 125: std::alloc::Layout::from_size_alignment.pointer_dereference.1
FV-4b required proofs	Prove record identity validation	2026-08-19T03:08:09.7625894Z 	 - Status: SUCCESS
FV-4b required proofs	Prove record identity validation	2026-08-19T03:08:09.7626191Z 	 - Description: "dereference failure: dead object"
FV-4b required proofs	Prove record identity validation	2026-08-19T03:08:09.7627006Z 	 - Location: ../../../.rustup/toolchains/nightly-2025-11-21-x86_64-unknown-linux-gnu/lib/rustlib/src/rust/library/core/src/alloc/layout.rs:102:20 in function std::alloc::Layout::from_size_alignment
FV-4b required proofs	Prove record identity validation	2026-08-19T03:08:09.7627700Z 
FV-4b required proofs	Prove record identity validation	2026-08-19T03:08:09.7627847Z Check 126: std::alloc::Layout::align.pointer_dereference.1
FV-4b required proofs	Prove record identity validation	2026-08-19T03:08:09.7628153Z 	 - Status: SUCCESS
FV-4b required proofs	Prove record identity validation	2026-08-19T03:08:09.7628388Z 	 - Description: "dereference failure: pointer NULL"
FV-4b required proofs	Prove record identity validation	2026-08-19T03:08:09.7629163Z 	 - Location: ../../../.rustup/toolchains/nightly-2025-11-21-x86_64-unknown-linux-gnu/lib/rustlib/src/rust/library/core/src/alloc/layout.rs:152:9 in function std::alloc::Layout::align
FV-4b required proofs	Prove record identity validation	2026-08-19T03:08:09.7630077Z 
FV-4b required proofs	Prove record identity validation	2026-08-19T03:08:09.7630333Z Check 127: std::alloc::Layout::align.pointer_dereference.2
FV-4b required proofs	Prove record identity validation	2026-08-19T03:08:09.7630864Z 	 - Status: SUCCESS
FV-4b required proofs	Prove record identity validation	2026-08-19T03:08:09.7631257Z 	 - Description: "dereference failure: pointer invalid"
FV-4b required proofs	Prove record identity validation	2026-08-19T03:08:09.7632525Z 	 - Location: ../../../.rustup/toolchains/nightly-2025-11-21-x86_64-unknown-linux-gnu/lib/rustlib/src/rust/library/core/src/alloc/layout.rs:152:9 in function std::alloc::Layout::align
FV-4b required proofs	Prove record identity validation	2026-08-19T03:08:09.7633673Z 
FV-4b required proofs	Prove record identity validation	2026-08-19T03:08:09.7633951Z Check 128: std::alloc::Layout::align.pointer_dereference.3
FV-4b required proofs	Prove record identity validation	2026-08-19T03:08:09.7634537Z 	 - Status: SUCCESS
FV-4b required proofs	Prove record identity validation	2026-08-19T03:08:09.7635043Z 	 - Description: "dereference failure: deallocated dynamic object"
FV-4b required proofs	Prove record identity validation	2026-08-19T03:08:09.7636871Z 	 - Location: ../../../.rustup/toolchains/nightly-2025-11-21-x86_64-unknown-linux-gnu/lib/rustlib/src/rust/library/core/src/alloc/layout.rs:152:9 in function std::alloc::Layout::align
FV-4b required proofs	Prove record identity validation	2026-08-19T03:08:09.7638130Z 
FV-4b required proofs	Prove record identity validation	2026-08-19T03:08:09.7638410Z Check 129: std::alloc::Layout::align.pointer_dereference.4
FV-4b required proofs	Prove record identity validation	2026-08-19T03:08:09.7638994Z 	 - Status: SUCCESS
FV-4b required proofs	Prove record identity validation	2026-08-19T03:08:09.7639422Z 	 - Description: "dereference failure: dead object"
FV-4b required proofs	Prove record identity validation	2026-08-19T03:08:09.7640845Z 	 - Location: ../../../.rustup/toolchains/nightly-2025-11-21-x86_64-unknown-linux-gnu/lib/rustlib/src/rust/library/core/src/alloc/layout.rs:152:9 in function std::alloc::Layout::align
FV-4b required proofs	Prove record identity validation	2026-08-19T03:08:09.7642251Z 
FV-4b required proofs	Prove record identity validation	2026-08-19T03:08:09.7642510Z Check 130: std::alloc::Layout::align.pointer_dereference.5
FV-4b required proofs	Prove record identity validation	2026-08-19T03:08:09.7642844Z 	 - Status: SUCCESS
FV-4b required proofs	Prove record identity validation	2026-08-19T03:08:09.7643147Z 	 - Description: "dereference failure: pointer outside object bounds"
FV-4b required proofs	Prove record identity validation	2026-08-19T03:08:09.7643995Z 	 - Location: ../../../.rustup/toolchains/nightly-2025-11-21-x86_64-unknown-linux-gnu/lib/rustlib/src/rust/library/core/src/alloc/layout.rs:152:9 in function std::alloc::Layout::align
FV-4b required proofs	Prove record identity validation	2026-08-19T03:08:09.7644654Z 
FV-4b required proofs	Prove record identity validation	2026-08-19T03:08:09.7644803Z Check 131: std::alloc::Layout::align.pointer_dereference.6
FV-4b required proofs	Prove record identity validation	2026-08-19T03:08:09.7645111Z 	 - Status: SUCCESS
FV-4b required proofs	Prove record identity validation	2026-08-19T03:08:09.7645383Z 	 - Description: "dereference failure: invalid integer address"
FV-4b required proofs	Prove record identity validation	2026-08-19T03:08:09.7646526Z 	 - Location: ../../../.rustup/toolchains/nightly-2025-11-21-x86_64-unknown-linux-gnu/lib/rustlib/src/rust/library/core/src/alloc/layout.rs:152:9 in function std::alloc::Layout::align
FV-4b required proofs	Prove record identity validation	2026-08-19T03:08:09.7647203Z 
FV-4b required proofs	Prove record identity validation	2026-08-19T03:08:09.7647340Z Check 132: std::vec::Vec::<u8>::len.pointer_dereference.1
FV-4b required proofs	Prove record identity validation	2026-08-19T03:08:09.7647641Z 	 - Status: SUCCESS
FV-4b required proofs	Prove record identity validation	2026-08-19T03:08:09.7647882Z 	 - Description: "dereference failure: pointer NULL"
FV-4b required proofs	Prove record identity validation	2026-08-19T03:08:09.7648651Z 	 - Location: ../../../.rustup/toolchains/nightly-2025-11-21-x86_64-unknown-linux-gnu/lib/rustlib/src/rust/library/alloc/src/vec/mod.rs:2854:19 in function std::vec::Vec::<u8>::len
FV-4b required proofs	Prove record identity validation	2026-08-19T03:08:09.7649287Z 
FV-4b required proofs	Prove record identity validation	2026-08-19T03:08:09.7649423Z Check 133: std::vec::Vec::<u8>::len.pointer_dereference.2
FV-4b required proofs	Prove record identity validation	2026-08-19T03:08:09.7649722Z 	 - Status: SUCCESS
FV-4b required proofs	Prove record identity validation	2026-08-19T03:08:09.7649969Z 	 - Description: "dereference failure: pointer invalid"
FV-4b required proofs	Prove record identity validation	2026-08-19T03:08:09.7650737Z 	 - Location: ../../../.rustup/toolchains/nightly-2025-11-21-x86_64-unknown-linux-gnu/lib/rustlib/src/rust/library/alloc/src/vec/mod.rs:2854:19 in function std::vec::Vec::<u8>::len
FV-4b required proofs	Prove record identity validation	2026-08-19T03:08:09.7651563Z 
FV-4b required proofs	Prove record identity validation	2026-08-19T03:08:09.7651706Z Check 134: std::vec::Vec::<u8>::len.pointer_dereference.3
FV-4b required proofs	Prove record identity validation	2026-08-19T03:08:09.7652015Z 	 - Status: SUCCESS
FV-4b required proofs	Prove record identity validation	2026-08-19T03:08:09.7652301Z 	 - Description: "dereference failure: deallocated dynamic object"
FV-4b required proofs	Prove record identity validation	2026-08-19T03:08:09.7653116Z 	 - Location: ../../../.rustup/toolchains/nightly-2025-11-21-x86_64-unknown-linux-gnu/lib/rustlib/src/rust/library/alloc/src/vec/mod.rs:2854:19 in function std::vec::Vec::<u8>::len
FV-4b required proofs	Prove record identity validation	2026-08-19T03:08:09.7653759Z 
FV-4b required proofs	Prove record identity validation	2026-08-19T03:08:09.7653890Z Check 135: std::vec::Vec::<u8>::len.pointer_dereference.4
FV-4b required proofs	Prove record identity validation	2026-08-19T03:08:09.7654186Z 	 - Status: SUCCESS
FV-4b required proofs	Prove record identity validation	2026-08-19T03:08:09.7654416Z 	 - Description: "dereference failure: dead object"
FV-4b required proofs	Prove record identity validation	2026-08-19T03:08:09.7655186Z 	 - Location: ../../../.rustup/toolchains/nightly-2025-11-21-x86_64-unknown-linux-gnu/lib/rustlib/src/rust/library/alloc/src/vec/mod.rs:2854:19 in function std::vec::Vec::<u8>::len
FV-4b required proofs	Prove record identity validation	2026-08-19T03:08:09.7656047Z 
FV-4b required proofs	Prove record identity validation	2026-08-19T03:08:09.7656188Z Check 136: std::vec::Vec::<u8>::len.pointer_dereference.5
FV-4b required proofs	Prove record identity validation	2026-08-19T03:08:09.7656488Z 	 - Status: SUCCESS
FV-4b required proofs	Prove record identity validation	2026-08-19T03:08:09.7656784Z 	 - Description: "dereference failure: pointer outside object bounds"
FV-4b required proofs	Prove record identity validation	2026-08-19T03:08:09.7657615Z 	 - Location: ../../../.rustup/toolchains/nightly-2025-11-21-x86_64-unknown-linux-gnu/lib/rustlib/src/rust/library/alloc/src/vec/mod.rs:2854:19 in function std::vec::Vec::<u8>::len
FV-4b required proofs	Prove record identity validation	2026-08-19T03:08:09.7658268Z 
FV-4b required proofs	Prove record identity validation	2026-08-19T03:08:09.7658405Z Check 137: std::vec::Vec::<u8>::len.pointer_dereference.6
FV-4b required proofs	Prove record identity validation	2026-08-19T03:08:09.7658705Z 	 - Status: SUCCESS
FV-4b required proofs	Prove record identity validation	2026-08-19T03:08:09.7658976Z 	 - Description: "dereference failure: invalid integer address"
FV-4b required proofs	Prove record identity validation	2026-08-19T03:08:09.7659779Z 	 - Location: ../../../.rustup/toolchains/nightly-2025-11-21-x86_64-unknown-linux-gnu/lib/rustlib/src/rust/library/alloc/src/vec/mod.rs:2854:19 in function std::vec::Vec::<u8>::len
FV-4b required proofs	Prove record identity validation	2026-08-19T03:08:09.7660423Z 
FV-4b required proofs	Prove record identity validation	2026-08-19T03:08:09.7660582Z Check 138: std::alloc::Layout::alignment.pointer_dereference.1
FV-4b required proofs	Prove record identity validation	2026-08-19T03:08:09.7660904Z 	 - Status: SUCCESS
FV-4b required proofs	Prove record identity validation	2026-08-19T03:08:09.7661144Z 	 - Description: "dereference failure: pointer NULL"
FV-4b required proofs	Prove record identity validation	2026-08-19T03:08:09.7662081Z 	 - Location: ../../../.rustup/toolchains/nightly-2025-11-21-x86_64-unknown-linux-gnu/lib/rustlib/src/rust/library/core/src/alloc/layout.rs:515:9 in function std::alloc::Layout::alignment
FV-4b required proofs	Prove record identity validation	2026-08-19T03:08:09.7662757Z 
FV-4b required proofs	Prove record identity validation	2026-08-19T03:08:09.7662906Z Check 139: std::alloc::Layout::alignment.pointer_dereference.2
FV-4b required proofs	Prove record identity validation	2026-08-19T03:08:09.7663222Z 	 - Status: SUCCESS
FV-4b required proofs	Prove record identity validation	2026-08-19T03:08:09.7663470Z 	 - Description: "dereference failure: pointer invalid"
FV-4b required proofs	Prove record identity validation	2026-08-19T03:08:09.7664260Z 	 - Location: ../../../.rustup/toolchains/nightly-2025-11-21-x86_64-unknown-linux-gnu/lib/rustlib/src/rust/library/core/src/alloc/layout.rs:515:9 in function std::alloc::Layout::alignment
FV-4b required proofs	Prove record identity validation	2026-08-19T03:08:09.7664948Z 
FV-4b required proofs	Prove record identity validation	2026-08-19T03:08:09.7665102Z Check 140: std::alloc::Layout::alignment.pointer_dereference.3
FV-4b required proofs	Prove record identity validation	2026-08-19T03:08:09.7665431Z 	 - Status: SUCCESS
FV-4b required proofs	Prove record identity validation	2026-08-19T03:08:09.7665833Z 	 - Description: "dereference failure: deallocated dynamic object"
FV-4b required proofs	Prove record identity validation	2026-08-19T03:08:09.7666680Z 	 - Location: ../../../.rustup/toolchains/nightly-2025-11-21-x86_64-unknown-linux-gnu/lib/rustlib/src/rust/library/core/src/alloc/layout.rs:515:9 in function std::alloc::Layout::alignment
FV-4b required proofs	Prove record identity validation	2026-08-19T03:08:09.7667370Z 
FV-4b required proofs	Prove record identity validation	2026-08-19T03:08:09.7667518Z Check 141: std::alloc::Layout::alignment.pointer_dereference.4
FV-4b required proofs	Prove record identity validation	2026-08-19T03:08:09.7667838Z 	 - Status: SUCCESS
FV-4b required proofs	Prove record identity validation	2026-08-19T03:08:09.7668069Z 	 - Description: "dereference failure: dead object"
FV-4b required proofs	Prove record identity validation	2026-08-19T03:08:09.7668858Z 	 - Location: ../../../.rustup/toolchains/nightly-2025-11-21-x86_64-unknown-linux-gnu/lib/rustlib/src/rust/library/core/src/alloc/layout.rs:515:9 in function std::alloc::Layout::alignment
FV-4b required proofs	Prove record identity validation	2026-08-19T03:08:09.7669524Z 
FV-4b required proofs	Prove record identity validation	2026-08-19T03:08:09.7669677Z Check 142: std::alloc::Layout::alignment.pointer_dereference.5
FV-4b required proofs	Prove record identity validation	2026-08-19T03:08:09.7669992Z 	 - Status: SUCCESS
FV-4b required proofs	Prove record identity validation	2026-08-19T03:08:09.7670454Z 	 - Description: "dereference failure: pointer outside object bounds"
FV-4b required proofs	Prove record identity validation	2026-08-19T03:08:09.7671296Z 	 - Location: ../../../.rustup/toolchains/nightly-2025-11-21-x86_64-unknown-linux-gnu/lib/rustlib/src/rust/library/core/src/alloc/layout.rs:515:9 in function std::alloc::Layout::alignment
FV-4b required proofs	Prove record identity validation	2026-08-19T03:08:09.7671970Z 
FV-4b required proofs	Prove record identity validation	2026-08-19T03:08:09.7672123Z Check 143: std::alloc::Layout::alignment.pointer_dereference.6
FV-4b required proofs	Prove record identity validation	2026-08-19T03:08:09.7672441Z 	 - Status: SUCCESS
FV-4b required proofs	Prove record identity validation	2026-08-19T03:08:09.7672712Z 	 - Description: "dereference failure: invalid integer address"
FV-4b required proofs	Prove record identity validation	2026-08-19T03:08:09.7673538Z 	 - Location: ../../../.rustup/toolchains/nightly-2025-11-21-x86_64-unknown-linux-gnu/lib/rustlib/src/rust/library/core/src/alloc/layout.rs:515:9 in function std::alloc::Layout::alignment
FV-4b required proofs	Prove record identity validation	2026-08-19T03:08:09.7674208Z 
FV-4b required proofs	Prove record identity validation	2026-08-19T03:08:09.7674405Z Check 144: alloc::raw_vec::RawVecInner::current_memory.pointer_dereference.1
FV-4b required proofs	Prove record identity validation	2026-08-19T03:08:09.7674773Z 	 - Status: SUCCESS
FV-4b required proofs	Prove record identity validation	2026-08-19T03:08:09.7675014Z 	 - Description: "dereference failure: pointer NULL"
FV-4b required proofs	Prove record identity validation	2026-08-19T03:08:09.7675978Z 	 - Location: ../../../.rustup/toolchains/nightly-2025-11-21-x86_64-unknown-linux-gnu/lib/rustlib/src/rust/library/alloc/src/raw_vec/mod.rs:523:39 in function alloc::raw_vec::RawVecInner::current_memory
FV-4b required proofs	Prove record identity validation	2026-08-19T03:08:09.7676702Z 
FV-4b required proofs	Prove record identity validation	2026-08-19T03:08:09.7676894Z Check 145: alloc::raw_vec::RawVecInner::current_memory.pointer_dereference.2
FV-4b required proofs	Prove record identity validation	2026-08-19T03:08:09.7677259Z 	 - Status: SUCCESS
FV-4b required proofs	Prove record identity validation	2026-08-19T03:08:09.7677504Z 	 - Description: "dereference failure: pointer invalid"
FV-4b required proofs	Prove record identity validation	2026-08-19T03:08:09.7678343Z 	 - Location: ../../../.rustup/toolchains/nightly-2025-11-21-x86_64-unknown-linux-gnu/lib/rustlib/src/rust/library/alloc/src/raw_vec/mod.rs:523:39 in function alloc::raw_vec::RawVecInner::current_memory
FV-4b required proofs	Prove record identity validation	2026-08-19T03:08:09.7679043Z 
FV-4b required proofs	Prove record identity validation	2026-08-19T03:08:09.7679235Z Check 146: alloc::raw_vec::RawVecInner::current_memory.pointer_dereference.3
FV-4b required proofs	Prove record identity validation	2026-08-19T03:08:09.7679595Z 	 - Status: SUCCESS
FV-4b required proofs	Prove record identity validation	2026-08-19T03:08:09.7679875Z 	 - Description: "dereference failure: deallocated dynamic object"
FV-4b required proofs	Prove record identity validation	2026-08-19T03:08:09.7680742Z 	 - Location: ../../../.rustup/toolchains/nightly-2025-11-21-x86_64-unknown-linux-gnu/lib/rustlib/src/rust/library/alloc/src/raw_vec/mod.rs:523:39 in function alloc::raw_vec::RawVecInner::current_memory
FV-4b required proofs	Prove record identity validation	2026-08-19T03:08:09.7681581Z 
FV-4b required proofs	Prove record identity validation	2026-08-19T03:08:09.7681773Z Check 147: alloc::raw_vec::RawVecInner::current_memory.pointer_dereference.4
FV-4b required proofs	Prove record identity validation	2026-08-19T03:08:09.7682129Z 	 - Status: SUCCESS
FV-4b required proofs	Prove record identity validation	2026-08-19T03:08:09.7682360Z 	 - Description: "dereference failure: dead object"
FV-4b required proofs	Prove record identity validation	2026-08-19T03:08:09.7683175Z 	 - Location: ../../../.rustup/toolchains/nightly-2025-11-21-x86_64-unknown-linux-gnu/lib/rustlib/src/rust/library/alloc/src/raw_vec/mod.rs:523:39 in function alloc::raw_vec::RawVecInner::current_memory
FV-4b required proofs	Prove record identity validation	2026-08-19T03:08:09.7683878Z 
FV-4b required proofs	Prove record identity validation	2026-08-19T03:08:09.7684063Z Check 148: alloc::raw_vec::RawVecInner::current_memory.pointer_dereference.5
FV-4b required proofs	Prove record identity validation	2026-08-19T03:08:09.7684419Z 	 - Status: SUCCESS
FV-4b required proofs	Prove record identity validation	2026-08-19T03:08:09.7684701Z 	 - Description: "dereference failure: pointer outside object bounds"
FV-4b required proofs	Prove record identity validation	2026-08-19T03:08:09.7685579Z 	 - Location: ../../../.rustup/toolchains/nightly-2025-11-21-x86_64-unknown-linux-gnu/lib/rustlib/src/rust/library/alloc/src/raw_vec/mod.rs:523:39 in function alloc::raw_vec::RawVecInner::current_memory
FV-4b required proofs	Prove record identity validation	2026-08-19T03:08:09.7686410Z 
FV-4b required proofs	Prove record identity validation	2026-08-19T03:08:09.7686593Z Check 149: alloc::raw_vec::RawVecInner::current_memory.pointer_dereference.6
FV-4b required proofs	Prove record identity validation	2026-08-19T03:08:09.7686958Z 	 - Status: SUCCESS
FV-4b required proofs	Prove record identity validation	2026-08-19T03:08:09.7687226Z 	 - Description: "dereference failure: invalid integer address"
FV-4b required proofs	Prove record identity validation	2026-08-19T03:08:09.7688083Z 	 - Location: ../../../.rustup/toolchains/nightly-2025-11-21-x86_64-unknown-linux-gnu/lib/rustlib/src/rust/library/alloc/src/raw_vec/mod.rs:523:39 in function alloc::raw_vec::RawVecInner::current_memory
FV-4b required proofs	Prove record identity validation	2026-08-19T03:08:09.7688779Z 
FV-4b required proofs	Prove record identity validation	2026-08-19T03:08:09.7688970Z Check 150: alloc::raw_vec::RawVecInner::current_memory.pointer_dereference.7
FV-4b required proofs	Prove record identity validation	2026-08-19T03:08:09.7689331Z 	 - Status: SUCCESS
FV-4b required proofs	Prove record identity validation	2026-08-19T03:08:09.7689567Z 	 - Description: "dereference failure: pointer NULL"
FV-4b required proofs	Prove record identity validation	2026-08-19T03:08:09.7690530Z 	 - Location: ../../../.rustup/toolchains/nightly-2025-11-21-x86_64-unknown-linux-gnu/lib/rustlib/src/rust/library/alloc/src/raw_vec/mod.rs:531:67 in function alloc::raw_vec::RawVecInner::current_memory
FV-4b required proofs	Prove record identity validation	2026-08-19T03:08:09.7691230Z 
FV-4b required proofs	Prove record identity validation	2026-08-19T03:08:09.7691422Z Check 151: alloc::raw_vec::RawVecInner::current_memory.pointer_dereference.8
FV-4b required proofs	Prove record identity validation	2026-08-19T03:08:09.7691778Z 	 - Status: SUCCESS
FV-4b required proofs	Prove record identity validation	2026-08-19T03:08:09.7692019Z 	 - Description: "dereference failure: pointer invalid"
FV-4b required proofs	Prove record identity validation	2026-08-19T03:08:09.7692845Z 	 - Location: ../../../.rustup/toolchains/nightly-2025-11-21-x86_64-unknown-linux-gnu/lib/rustlib/src/rust/library/alloc/src/raw_vec/mod.rs:531:67 in function alloc::raw_vec::RawVecInner::current_memory
FV-4b required proofs	Prove record identity validation	2026-08-19T03:08:09.7693547Z 
FV-4b required proofs	Prove record identity validation	2026-08-19T03:08:09.7693733Z Check 152: alloc::raw_vec::RawVecInner::current_memory.pointer_dereference.9
FV-4b required proofs	Prove record identity validation	2026-08-19T03:08:09.7694092Z 	 - Status: SUCCESS
FV-4b required proofs	Prove record identity validation	2026-08-19T03:08:09.7694370Z 	 - Description: "dereference failure: deallocated dynamic object"
FV-4b required proofs	Prove record identity validation	2026-08-19T03:08:09.7695236Z 	 - Location: ../../../.rustup/toolchains/nightly-2025-11-21-x86_64-unknown-linux-gnu/lib/rustlib/src/rust/library/alloc/src/raw_vec/mod.rs:531:67 in function alloc::raw_vec::RawVecInner::current_memory
FV-4b required proofs	Prove record identity validation	2026-08-19T03:08:09.7696066Z 
FV-4b required proofs	Prove record identity validation	2026-08-19T03:08:09.7696261Z Check 153: alloc::raw_vec::RawVecInner::current_memory.pointer_dereference.10
FV-4b required proofs	Prove record identity validation	2026-08-19T03:08:09.7696624Z 	 - Status: SUCCESS
FV-4b required proofs	Prove record identity validation	2026-08-19T03:08:09.7696858Z 	 - Description: "dereference failure: dead object"
FV-4b required proofs	Prove record identity validation	2026-08-19T03:08:09.7697682Z 	 - Location: ../../../.rustup/toolchains/nightly-2025-11-21-x86_64-unknown-linux-gnu/lib/rustlib/src/rust/library/alloc/src/raw_vec/mod.rs:531:67 in function alloc::raw_vec::RawVecInner::current_memory
FV-4b required proofs	Prove record identity validation	2026-08-19T03:08:09.7698377Z 
FV-4b required proofs	Prove record identity validation	2026-08-19T03:08:09.7698573Z Check 154: alloc::raw_vec::RawVecInner::current_memory.pointer_dereference.11
FV-4b required proofs	Prove record identity validation	2026-08-19T03:08:09.7698936Z 	 - Status: SUCCESS
FV-4b required proofs	Prove record identity validation	2026-08-19T03:08:09.7699220Z 	 - Description: "dereference failure: pointer outside object bounds"
FV-4b required proofs	Prove record identity validation	2026-08-19T03:08:09.7700105Z 	 - Location: ../../../.rustup/toolchains/nightly-2025-11-21-x86_64-unknown-linux-gnu/lib/rustlib/src/rust/library/alloc/src/raw_vec/mod.rs:531:67 in function alloc::raw_vec::RawVecInner::current_memory
FV-4b required proofs	Prove record identity validation	2026-08-19T03:08:09.7700943Z 
FV-4b required proofs	Prove record identity validation	2026-08-19T03:08:09.7701137Z Check 155: alloc::raw_vec::RawVecInner::current_memory.pointer_dereference.12
FV-4b required proofs	Prove record identity validation	2026-08-19T03:08:09.7701497Z 	 - Status: SUCCESS
FV-4b required proofs	Prove record identity validation	2026-08-19T03:08:09.7701763Z 	 - Description: "dereference failure: invalid integer address"
FV-4b required proofs	Prove record identity validation	2026-08-19T03:08:09.7702616Z 	 - Location: ../../../.rustup/toolchains/nightly-2025-11-21-x86_64-unknown-linux-gnu/lib/rustlib/src/rust/library/alloc/src/raw_vec/mod.rs:531:67 in function alloc::raw_vec::RawVecInner::current_memory
FV-4b required proofs	Prove record identity validation	2026-08-19T03:08:09.7703322Z 
FV-4b required proofs	Prove record identity validation	2026-08-19T03:08:09.7703509Z Check 156: alloc::raw_vec::RawVecInner::current_memory.pointer_dereference.13
FV-4b required proofs	Prove record identity validation	2026-08-19T03:08:09.7703870Z 	 - Status: SUCCESS
FV-4b required proofs	Prove record identity validation	2026-08-19T03:08:09.7704106Z 	 - Description: "dereference failure: pointer NULL"
FV-4b required proofs	Prove record identity validation	2026-08-19T03:08:09.7704927Z 	 - Location: ../../../.rustup/toolchains/nightly-2025-11-21-x86_64-unknown-linux-gnu/lib/rustlib/src/rust/library/alloc/src/raw_vec/mod.rs:533:23 in function alloc::raw_vec::RawVecInner::current_memory
FV-4b required proofs	Prove record identity validation	2026-08-19T03:08:09.7705634Z 
FV-4b required proofs	Prove record identity validation	2026-08-19T03:08:09.7705947Z Check 157: alloc::raw_vec::RawVecInner::current_memory.pointer_dereference.14
FV-4b required proofs	Prove record identity validation	2026-08-19T03:08:09.7706316Z 	 - Status: SUCCESS
FV-4b required proofs	Prove record identity validation	2026-08-19T03:08:09.7706555Z 	 - Description: "dereference failure: pointer invalid"
FV-4b required proofs	Prove record identity validation	2026-08-19T03:08:09.7707384Z 	 - Location: ../../../.rustup/toolchains/nightly-2025-11-21-x86_64-unknown-linux-gnu/lib/rustlib/src/rust/library/alloc/src/raw_vec/mod.rs:533:23 in function alloc::raw_vec::RawVecInner::current_memory
FV-4b required proofs	Prove record identity validation	2026-08-19T03:08:09.7708083Z 
FV-4b required proofs	Prove record identity validation	2026-08-19T03:08:09.7708278Z Check 158: alloc::raw_vec::RawVecInner::current_memory.pointer_dereference.15
FV-4b required proofs	Prove record identity validation	2026-08-19T03:08:09.7708638Z 	 - Status: SUCCESS
FV-4b required proofs	Prove record identity validation	2026-08-19T03:08:09.7708911Z 	 - Description: "dereference failure: deallocated dynamic object"
FV-4b required proofs	Prove record identity validation	2026-08-19T03:08:09.7709775Z 	 - Location: ../../../.rustup/toolchains/nightly-2025-11-21-x86_64-unknown-linux-gnu/lib/rustlib/src/rust/library/alloc/src/raw_vec/mod.rs:533:23 in function alloc::raw_vec::RawVecInner::current_memory
FV-4b required proofs	Prove record identity validation	2026-08-19T03:08:09.7710624Z 
FV-4b required proofs	Prove record identity validation	2026-08-19T03:08:09.7710815Z Check 159: alloc::raw_vec::RawVecInner::current_memory.pointer_dereference.16
FV-4b required proofs	Prove record identity validation	2026-08-19T03:08:09.7711177Z 	 - Status: SUCCESS
FV-4b required proofs	Prove record identity validation	2026-08-19T03:08:09.7711406Z 	 - Description: "dereference failure: dead object"
FV-4b required proofs	Prove record identity validation	2026-08-19T03:08:09.7712218Z 	 - Location: ../../../.rustup/toolchains/nightly-2025-11-21-x86_64-unknown-linux-gnu/lib/rustlib/src/rust/library/alloc/src/raw_vec/mod.rs:533:23 in function alloc::raw_vec::RawVecInner::current_memory
FV-4b required proofs	Prove record identity validation	2026-08-19T03:08:09.7712922Z 
FV-4b required proofs	Prove record identity validation	2026-08-19T03:08:09.7713110Z Check 160: alloc::raw_vec::RawVecInner::current_memory.pointer_dereference.17
FV-4b required proofs	Prove record identity validation	2026-08-19T03:08:09.7713474Z 	 - Status: SUCCESS
FV-4b required proofs	Prove record identity validation	2026-08-19T03:08:09.7713758Z 	 - Description: "dereference failure: pointer outside object bounds"
FV-4b required proofs	Prove record identity validation	2026-08-19T03:08:09.7714634Z 	 - Location: ../../../.rustup/toolchains/nightly-2025-11-21-x86_64-unknown-linux-gnu/lib/rustlib/src/rust/library/alloc/src/raw_vec/mod.rs:533:23 in function alloc::raw_vec::RawVecInner::current_memory
FV-4b required proofs	Prove record identity validation	2026-08-19T03:08:09.7715344Z 
FV-4b required proofs	Prove record identity validation	2026-08-19T03:08:09.7715544Z Check 161: alloc::raw_vec::RawVecInner::current_memory.pointer_dereference.18
FV-4b required proofs	Prove record identity validation	2026-08-19T03:08:09.7716022Z 	 - Status: SUCCESS
FV-4b required proofs	Prove record identity validation	2026-08-19T03:08:09.7716290Z 	 - Description: "dereference failure: invalid integer address"
FV-4b required proofs	Prove record identity validation	2026-08-19T03:08:09.7717157Z 	 - Location: ../../../.rustup/toolchains/nightly-2025-11-21-x86_64-unknown-linux-gnu/lib/rustlib/src/rust/library/alloc/src/raw_vec/mod.rs:533:23 in function alloc::raw_vec::RawVecInner::current_memory
FV-4b required proofs	Prove record identity validation	2026-08-19T03:08:09.7717855Z 
FV-4b required proofs	Prove record identity validation	2026-08-19T03:08:09.7718053Z Check 162: alloc::raw_vec::RawVecInner::current_memory.pointer_dereference.19
FV-4b required proofs	Prove record identity validation	2026-08-19T03:08:09.7718414Z 	 - Status: SUCCESS
FV-4b required proofs	Prove record identity validation	2026-08-19T03:08:09.7718642Z 	 - Description: "dereference failure: dead object"
FV-4b required proofs	Prove record identity validation	2026-08-19T03:08:09.7719451Z 	 - Location: ../../../.rustup/toolchains/nightly-2025-11-21-x86_64-unknown-linux-gnu/lib/rustlib/src/rust/library/alloc/src/raw_vec/mod.rs:524:13 in function alloc::raw_vec::RawVecInner::current_memory
FV-4b required proofs	Prove record identity validation	2026-08-19T03:08:09.7720156Z 
FV-4b required proofs	Prove record identity validation	2026-08-19T03:08:09.7720638Z Check 163: <std::result::Result<std::ptr::NonNull<u8>, std::alloc::AllocError> as std::ops::Try>::branch.pointer_dereference.1
FV-4b required proofs	Prove record identity validation	2026-08-19T03:08:09.7721157Z 	 - Status: SUCCESS
FV-4b required proofs	Prove record identity validation	2026-08-19T03:08:09.7721385Z 	 - Description: "dereference failure: dead object"
FV-4b required proofs	Prove record identity validation	2026-08-19T03:08:09.7722351Z 	 - Location: ../../../.rustup/toolchains/nightly-2025-11-21-x86_64-unknown-linux-gnu/lib/rustlib/src/rust/library/core/src/result.rs:2173:15 in function <std::result::Result<std::ptr::NonNull<u8>, std::alloc::AllocError> as std::ops::Try>::branch
FV-4b required proofs	Prove record identity validation	2026-08-19T03:08:09.7723212Z 
FV-4b required proofs	Prove record identity validation	2026-08-19T03:08:09.7723546Z Check 164: <std::result::Result<std::ptr::NonNull<u8>, std::alloc::AllocError> as std::ops::Try>::branch.pointer_dereference.2
FV-4b required proofs	Prove record identity validation	2026-08-19T03:08:09.7724056Z 	 - Status: SUCCESS
FV-4b required proofs	Prove record identity validation	2026-08-19T03:08:09.7724291Z 	 - Description: "dereference failure: dead object"
FV-4b required proofs	Prove record identity validation	2026-08-19T03:08:09.7725261Z 	 - Location: ../../../.rustup/toolchains/nightly-2025-11-21-x86_64-unknown-linux-gnu/lib/rustlib/src/rust/library/core/src/result.rs:2175:23 in function <std::result::Result<std::ptr::NonNull<u8>, std::alloc::AllocError> as std::ops::Try>::branch
FV-4b required proofs	Prove record identity validation	2026-08-19T03:08:09.7726226Z 
FV-4b required proofs	Prove record identity validation	2026-08-19T03:08:09.7726415Z Check 165: alloc::raw_vec::RawVecInner::capacity.pointer_dereference.1
FV-4b required proofs	Prove record identity validation	2026-08-19T03:08:09.7726771Z 	 - Status: SUCCESS
FV-4b required proofs	Prove record identity validation	2026-08-19T03:08:09.7727008Z 	 - Description: "dereference failure: pointer NULL"
FV-4b required proofs	Prove record identity validation	2026-08-19T03:08:09.7727820Z 	 - Location: ../../../.rustup/toolchains/nightly-2025-11-21-x86_64-unknown-linux-gnu/lib/rustlib/src/rust/library/alloc/src/raw_vec/mod.rs:509:49 in function alloc::raw_vec::RawVecInner::capacity
FV-4b required proofs	Prove record identity validation	2026-08-19T03:08:09.7728507Z 
FV-4b required proofs	Prove record identity validation	2026-08-19T03:08:09.7728686Z Check 166: alloc::raw_vec::RawVecInner::capacity.pointer_dereference.2
FV-4b required proofs	Prove record identity validation	2026-08-19T03:08:09.7729037Z 	 - Status: SUCCESS
FV-4b required proofs	Prove record identity validation	2026-08-19T03:08:09.7729430Z 	 - Description: "dereference failure: pointer invalid"
FV-4b required proofs	Prove record identity validation	2026-08-19T03:08:09.7730256Z 	 - Location: ../../../.rustup/toolchains/nightly-2025-11-21-x86_64-unknown-linux-gnu/lib/rustlib/src/rust/library/alloc/src/raw_vec/mod.rs:509:49 in function alloc::raw_vec::RawVecInner::capacity
FV-4b required proofs	Prove record identity validation	2026-08-19T03:08:09.7730962Z 
FV-4b required proofs	Prove record identity validation	2026-08-19T03:08:09.7731137Z Check 167: alloc::raw_vec::RawVecInner::capacity.pointer_dereference.3
FV-4b required proofs	Prove record identity validation	2026-08-19T03:08:09.7731483Z 	 - Status: SUCCESS
FV-4b required proofs	Prove record identity validation	2026-08-19T03:08:09.7731759Z 	 - Description: "dereference failure: deallocated dynamic object"
FV-4b required proofs	Prove record identity validation	2026-08-19T03:08:09.7732608Z 	 - Location: ../../../.rustup/toolchains/nightly-2025-11-21-x86_64-unknown-linux-gnu/lib/rustlib/src/rust/library/alloc/src/raw_vec/mod.rs:509:49 in function alloc::raw_vec::RawVecInner::capacity
FV-4b required proofs	Prove record identity validation	2026-08-19T03:08:09.7733293Z 
FV-4b required proofs	Prove record identity validation	2026-08-19T03:08:09.7733464Z Check 168: alloc::raw_vec::RawVecInner::capacity.pointer_dereference.4
FV-4b required proofs	Prove record identity validation	2026-08-19T03:08:09.7733804Z 	 - Status: SUCCESS
FV-4b required proofs	Prove record identity validation	2026-08-19T03:08:09.7734030Z 	 - Description: "dereference failure: dead object"
FV-4b required proofs	Prove record identity validation	2026-08-19T03:08:09.7734835Z 	 - Location: ../../../.rustup/toolchains/nightly-2025-11-21-x86_64-unknown-linux-gnu/lib/rustlib/src/rust/library/alloc/src/raw_vec/mod.rs:509:49 in function alloc::raw_vec::RawVecInner::capacity
FV-4b required proofs	Prove record identity validation	2026-08-19T03:08:09.7735518Z 
FV-4b required proofs	Prove record identity validation	2026-08-19T03:08:09.7735816Z Check 169: alloc::raw_vec::RawVecInner::capacity.pointer_dereference.5
FV-4b required proofs	Prove record identity validation	2026-08-19T03:08:09.7736164Z 	 - Status: SUCCESS
FV-4b required proofs	Prove record identity validation	2026-08-19T03:08:09.7736485Z 	 - Description: "dereference failure: pointer outside object bounds"
FV-4b required proofs	Prove record identity validation	2026-08-19T03:08:09.7737343Z 	 - Location: ../../../.rustup/toolchains/nightly-2025-11-21-x86_64-unknown-linux-gnu/lib/rustlib/src/rust/library/alloc/src/raw_vec/mod.rs:509:49 in function alloc::raw_vec::RawVecInner::capacity
FV-4b required proofs	Prove record identity validation	2026-08-19T03:08:09.7738026Z 
FV-4b required proofs	Prove record identity validation	2026-08-19T03:08:09.7738200Z Check 170: alloc::raw_vec::RawVecInner::capacity.pointer_dereference.6
FV-4b required proofs	Prove record identity validation	2026-08-19T03:08:09.7738539Z 	 - Status: SUCCESS
FV-4b required proofs	Prove record identity validation	2026-08-19T03:08:09.7738807Z 	 - Description: "dereference failure: invalid integer address"
FV-4b required proofs	Prove record identity validation	2026-08-19T03:08:09.7739652Z 	 - Location: ../../../.rustup/toolchains/nightly-2025-11-21-x86_64-unknown-linux-gnu/lib/rustlib/src/rust/library/alloc/src/raw_vec/mod.rs:509:49 in function alloc::raw_vec::RawVecInner::capacity
FV-4b required proofs	Prove record identity validation	2026-08-19T03:08:09.7740477Z 
FV-4b required proofs	Prove record identity validation	2026-08-19T03:08:09.7741044Z Check 171: std::result::Result::<std::alloc::Layout, std::alloc::LayoutError>::map_err::<std::collections::TryReserveError, {closure@alloc::raw_vec::layout_array::{closure#1}}>.pointer_dereference.1
FV-4b required proofs	Prove record identity validation	2026-08-19T03:08:09.7741780Z 	 - Status: SUCCESS
FV-4b required proofs	Prove record identity validation	2026-08-19T03:08:09.7742008Z 	 - Description: "dereference failure: dead object"
FV-4b required proofs	Prove record identity validation	2026-08-19T03:08:09.7743187Z 	 - Location: ../../../.rustup/toolchains/nightly-2025-11-21-x86_64-unknown-linux-gnu/lib/rustlib/src/rust/library/core/src/result.rs:966:15 in function std::result::Result::<std::alloc::Layout, std::alloc::LayoutError>::map_err::<std::collections::TryReserveError, {closure@alloc::raw_vec::layout_array::{closure#1}}>
FV-4b required proofs	Prove record identity validation	2026-08-19T03:08:09.7744258Z 
FV-4b required proofs	Prove record identity validation	2026-08-19T03:08:09.7744462Z Check 172: std::result::Result::<(), EdisonError>::is_ok.pointer_dereference.1
FV-4b required proofs	Prove record identity validation	2026-08-19T03:08:09.7744831Z 	 - Status: SUCCESS
FV-4b required proofs	Prove record identity validation	2026-08-19T03:08:09.7745070Z 	 - Description: "dereference failure: pointer NULL"
FV-4b required proofs	Prove record identity validation	2026-08-19T03:08:09.7746016Z 	 - Location: ../../../.rustup/toolchains/nightly-2025-11-21-x86_64-unknown-linux-gnu/lib/rustlib/src/rust/library/core/src/result.rs:594:18 in function std::result::Result::<(), EdisonError>::is_ok
FV-4b required proofs	Prove record identity validation	2026-08-19T03:08:09.7746705Z 
FV-4b required proofs	Prove record identity validation	2026-08-19T03:08:09.7746898Z Check 173: std::result::Result::<(), EdisonError>::is_ok.pointer_dereference.2
FV-4b required proofs	Prove record identity validation	2026-08-19T03:08:09.7747262Z 	 - Status: SUCCESS
FV-4b required proofs	Prove record identity validation	2026-08-19T03:08:09.7747506Z 	 - Description: "dereference failure: pointer invalid"
FV-4b required proofs	Prove record identity validation	2026-08-19T03:08:09.7748322Z 	 - Location: ../../../.rustup/toolchains/nightly-2025-11-21-x86_64-unknown-linux-gnu/lib/rustlib/src/rust/library/core/src/result.rs:594:18 in function std::result::Result::<(), EdisonError>::is_ok
FV-4b required proofs	Prove record identity validation	2026-08-19T03:08:09.7749013Z 
FV-4b required proofs	Prove record identity validation	2026-08-19T03:08:09.7749196Z Check 174: std::result::Result::<(), EdisonError>::is_ok.pointer_dereference.3
FV-4b required proofs	Prove record identity validation	2026-08-19T03:08:09.7749760Z 	 - Status: SUCCESS
FV-4b required proofs	Prove record identity validation	2026-08-19T03:08:09.7750037Z 	 - Description: "dereference failure: deallocated dynamic object"
FV-4b required proofs	Prove record identity validation	2026-08-19T03:08:09.7750892Z 	 - Location: ../../../.rustup/toolchains/nightly-2025-11-21-x86_64-unknown-linux-gnu/lib/rustlib/src/rust/library/core/src/result.rs:594:18 in function std::result::Result::<(), EdisonError>::is_ok
FV-4b required proofs	Prove record identity validation	2026-08-19T03:08:09.7751584Z 
FV-4b required proofs	Prove record identity validation	2026-08-19T03:08:09.7751767Z Check 175: std::result::Result::<(), EdisonError>::is_ok.pointer_dereference.4
FV-4b required proofs	Prove record identity validation	2026-08-19T03:08:09.7752128Z 	 - Status: SUCCESS
FV-4b required proofs	Prove record identity validation	2026-08-19T03:08:09.7752357Z 	 - Description: "dereference failure: dead object"
FV-4b required proofs	Prove record identity validation	2026-08-19T03:08:09.7753153Z 	 - Location: ../../../.rustup/toolchains/nightly-2025-11-21-x86_64-unknown-linux-gnu/lib/rustlib/src/rust/library/core/src/result.rs:594:18 in function std::result::Result::<(), EdisonError>::is_ok
FV-4b required proofs	Prove record identity validation	2026-08-19T03:08:09.7753841Z 
FV-4b required proofs	Prove record identity validation	2026-08-19T03:08:09.7754030Z Check 176: std::result::Result::<(), EdisonError>::is_ok.pointer_dereference.5
FV-4b required proofs	Prove record identity validation	2026-08-19T03:08:09.7754394Z 	 - Status: SUCCESS
FV-4b required proofs	Prove record identity validation	2026-08-19T03:08:09.7754679Z 	 - Description: "dereference failure: pointer outside object bounds"
FV-4b required proofs	Prove record identity validation	2026-08-19T03:08:09.7755538Z 	 - Location: ../../../.rustup/toolchains/nightly-2025-11-21-x86_64-unknown-linux-gnu/lib/rustlib/src/rust/library/core/src/result.rs:594:18 in function std::result::Result::<(), EdisonError>::is_ok
FV-4b required proofs	Prove record identity validation	2026-08-19T03:08:09.7756350Z 
FV-4b required proofs	Prove record identity validation	2026-08-19T03:08:09.7756547Z Check 177: std::result::Result::<(), EdisonError>::is_ok.pointer_dereference.6
FV-4b required proofs	Prove record identity validation	2026-08-19T03:08:09.7756908Z 	 - Status: SUCCESS
FV-4b required proofs	Prove record identity validation	2026-08-19T03:08:09.7757175Z 	 - Description: "dereference failure: invalid integer address"
FV-4b required proofs	Prove record identity validation	2026-08-19T03:08:09.7758025Z 	 - Location: ../../../.rustup/toolchains/nightly-2025-11-21-x86_64-unknown-linux-gnu/lib/rustlib/src/rust/library/core/src/result.rs:594:18 in function std::result::Result::<(), EdisonError>::is_ok
FV-4b required proofs	Prove record identity validation	2026-08-19T03:08:09.7758713Z 
FV-4b required proofs	Prove record identity validation	2026-08-19T03:08:09.7759320Z Check 178: <std::result::Result<std::ptr::NonNull<[u8]>, std::alloc::AllocError> as std::ops::FromResidual<std::result::Result<std::convert::Infallible, std::alloc::AllocError>>>::from_residual.pointer_dereference.1
FV-4b required proofs	Prove record identity validation	2026-08-19T03:08:09.7760108Z 	 - Status: SUCCESS
FV-4b required proofs	Prove record identity validation	2026-08-19T03:08:09.7760473Z 	 - Description: "dereference failure: dead object"
FV-4b required proofs	Prove record identity validation	2026-08-19T03:08:09.7761702Z 	 - Location: ../../../.rustup/toolchains/nightly-2025-11-21-x86_64-unknown-linux-gnu/lib/rustlib/src/rust/library/core/src/result.rs:2189:23 in function <std::result::Result<std::ptr::NonNull<[u8]>, std::alloc::AllocError> as std::ops::FromResidual<std::result::Result<std::convert::Infallible, std::alloc::AllocError>>>::from_residual
FV-4b required proofs	Prove record identity validation	2026-08-19T03:08:09.7762818Z 
FV-4b required proofs	Prove record identity validation	2026-08-19T03:08:09.7762975Z Check 179: alloc::raw_vec::handle_error.pointer_dereference.1
FV-4b required proofs	Prove record identity validation	2026-08-19T03:08:09.7763293Z 	 - Status: SUCCESS
FV-4b required proofs	Prove record identity validation	2026-08-19T03:08:09.7763520Z 	 - Description: "dereference failure: dead object"
FV-4b required proofs	Prove record identity validation	2026-08-19T03:08:09.7764299Z 	 - Location: ../../../.rustup/toolchains/nightly-2025-11-21-x86_64-unknown-linux-gnu/lib/rustlib/src/rust/library/alloc/src/raw_vec/mod.rs:845:11 in function alloc::raw_vec::handle_error
FV-4b required proofs	Prove record identity validation	2026-08-19T03:08:09.7764964Z 
FV-4b required proofs	Prove record identity validation	2026-08-19T03:08:09.7765246Z Check 180: std::option::Option::<std::ptr::NonNull<u8>>::ok_or::<std::alloc::AllocError>.pointer_dereference.1
FV-4b required proofs	Prove record identity validation	2026-08-19T03:08:09.7765820Z 	 - Status: SUCCESS
FV-4b required proofs	Prove record identity validation	2026-08-19T03:08:09.7766049Z 	 - Description: "dereference failure: dead object"
FV-4b required proofs	Prove record identity validation	2026-08-19T03:08:09.7766957Z 	 - Location: ../../../.rustup/toolchains/nightly-2025-11-21-x86_64-unknown-linux-gnu/lib/rustlib/src/rust/library/core/src/option.rs:1338:15 in function std::option::Option::<std::ptr::NonNull<u8>>::ok_or::<std::alloc::AllocError>
FV-4b required proofs	Prove record identity validation	2026-08-19T03:08:09.7767761Z 
FV-4b required proofs	Prove record identity validation	2026-08-19T03:08:09.7768036Z Check 181: std::option::Option::<std::ptr::NonNull<u8>>::ok_or::<std::alloc::AllocError>.pointer_dereference.2
FV-4b required proofs	Prove record identity validation	2026-08-19T03:08:09.7768480Z 	 - Status: SUCCESS
FV-4b required proofs	Prove record identity validation	2026-08-19T03:08:09.7768708Z 	 - Description: "dereference failure: dead object"
FV-4b required proofs	Prove record identity validation	2026-08-19T03:08:09.7769612Z 	 - Location: ../../../.rustup/toolchains/nightly-2025-11-21-x86_64-unknown-linux-gnu/lib/rustlib/src/rust/library/core/src/option.rs:1340:21 in function std::option::Option::<std::ptr::NonNull<u8>>::ok_or::<std::alloc::AllocError>
FV-4b required proofs	Prove record identity validation	2026-08-19T03:08:09.7770550Z 
FV-4b required proofs	Prove record identity validation	2026-08-19T03:08:09.7770712Z Check 182: std::alloc::Layout::pad_to_align.pointer_dereference.1
FV-4b required proofs	Prove record identity validation	2026-08-19T03:08:09.7771051Z 	 - Status: SUCCESS
FV-4b required proofs	Prove record identity validation	2026-08-19T03:08:09.7771282Z 	 - Description: "dereference failure: pointer NULL"
FV-4b required proofs	Prove record identity validation	2026-08-19T03:08:09.7772093Z 	 - Location: ../../../.rustup/toolchains/nightly-2025-11-21-x86_64-unknown-linux-gnu/lib/rustlib/src/rust/library/core/src/alloc/layout.rs:324:61 in function std::alloc::Layout::pad_to_align
FV-4b required proofs	Prove record identity validation	2026-08-19T03:08:09.7772774Z 
FV-4b required proofs	Prove record identity validation	2026-08-19T03:08:09.7772939Z Check 183: std::alloc::Layout::pad_to_align.pointer_dereference.2
FV-4b required proofs	Prove record identity validation	2026-08-19T03:08:09.7773271Z 	 - Status: SUCCESS
FV-4b required proofs	Prove record identity validation	2026-08-19T03:08:09.7773518Z 	 - Description: "dereference failure: pointer invalid"
FV-4b required proofs	Prove record identity validation	2026-08-19T03:08:09.7774330Z 	 - Location: ../../../.rustup/toolchains/nightly-2025-11-21-x86_64-unknown-linux-gnu/lib/rustlib/src/rust/library/core/src/alloc/layout.rs:324:61 in function std::alloc::Layout::pad_to_align
FV-4b required proofs	Prove record identity validation	2026-08-19T03:08:09.7775015Z 
FV-4b required proofs	Prove record identity validation	2026-08-19T03:08:09.7775181Z Check 184: std::alloc::Layout::pad_to_align.pointer_dereference.3
FV-4b required proofs	Prove record identity validation	2026-08-19T03:08:09.7775514Z 	 - Status: SUCCESS
FV-4b required proofs	Prove record identity validation	2026-08-19T03:08:09.7775922Z 	 - Description: "dereference failure: deallocated dynamic object"
FV-4b required proofs	Prove record identity validation	2026-08-19T03:08:09.7776768Z 	 - Location: ../../../.rustup/toolchains/nightly-2025-11-21-x86_64-unknown-linux-gnu/lib/rustlib/src/rust/library/core/src/alloc/layout.rs:324:61 in function std::alloc::Layout::pad_to_align
FV-4b required proofs	Prove record identity validation	2026-08-19T03:08:09.7777452Z 
FV-4b required proofs	Prove record identity validation	2026-08-19T03:08:09.7777605Z Check 185: std::alloc::Layout::pad_to_align.pointer_dereference.4
FV-4b required proofs	Prove record identity validation	2026-08-19T03:08:09.7777928Z 	 - Status: SUCCESS
FV-4b required proofs	Prove record identity validation	2026-08-19T03:08:09.7778155Z 	 - Description: "dereference failure: dead object"
FV-4b required proofs	Prove record identity validation	2026-08-19T03:08:09.7778946Z 	 - Location: ../../../.rustup/toolchains/nightly-2025-11-21-x86_64-unknown-linux-gnu/lib/rustlib/src/rust/library/core/src/alloc/layout.rs:324:61 in function std::alloc::Layout::pad_to_align
FV-4b required proofs	Prove record identity validation	2026-08-19T03:08:09.7779634Z 
FV-4b required proofs	Prove record identity validation	2026-08-19T03:08:09.7779787Z Check 186: std::alloc::Layout::pad_to_align.pointer_dereference.5
FV-4b required proofs	Prove record identity validation	2026-08-19T03:08:09.7780257Z 	 - Status: SUCCESS
FV-4b required proofs	Prove record identity validation	2026-08-19T03:08:09.7780556Z 	 - Description: "dereference failure: pointer outside object bounds"
FV-4b required proofs	Prove record identity validation	2026-08-19T03:08:09.7781424Z 	 - Location: ../../../.rustup/toolchains/nightly-2025-11-21-x86_64-unknown-linux-gnu/lib/rustlib/src/rust/library/core/src/alloc/layout.rs:324:61 in function std::alloc::Layout::pad_to_align
FV-4b required proofs	Prove record identity validation	2026-08-19T03:08:09.7782105Z 
FV-4b required proofs	Prove record identity validation	2026-08-19T03:08:09.7782272Z Check 187: std::alloc::Layout::pad_to_align.pointer_dereference.6
FV-4b required proofs	Prove record identity validation	2026-08-19T03:08:09.7782601Z 	 - Status: SUCCESS
FV-4b required proofs	Prove record identity validation	2026-08-19T03:08:09.7782875Z 	 - Description: "dereference failure: invalid integer address"
FV-4b required proofs	Prove record identity validation	2026-08-19T03:08:09.7783711Z 	 - Location: ../../../.rustup/toolchains/nightly-2025-11-21-x86_64-unknown-linux-gnu/lib/rustlib/src/rust/library/core/src/alloc/layout.rs:324:61 in function std::alloc::Layout::pad_to_align
FV-4b required proofs	Prove record identity validation	2026-08-19T03:08:09.7784393Z 
FV-4b required proofs	Prove record identity validation	2026-08-19T03:08:09.7784919Z Check 188: std::result::Result::<(std::alloc::Layout, usize), std::alloc::LayoutError>::map::<std::alloc::Layout, {closure@alloc::raw_vec::layout_array::{closure#0}}>.pointer_dereference.1
FV-4b required proofs	Prove record identity validation	2026-08-19T03:08:09.7785611Z 	 - Status: SUCCESS
FV-4b required proofs	Prove record identity validation	2026-08-19T03:08:09.7785958Z 	 - Description: "dereference failure: dead object"
FV-4b required proofs	Prove record identity validation	2026-08-19T03:08:09.7787095Z 	 - Location: ../../../.rustup/toolchains/nightly-2025-11-21-x86_64-unknown-linux-gnu/lib/rustlib/src/rust/library/core/src/result.rs:835:15 in function std::result::Result::<(std::alloc::Layout, usize), std::alloc::LayoutError>::map::<std::alloc::Layout, {closure@alloc::raw_vec::layout_array::{closure#0}}>
FV-4b required proofs	Prove record identity validation	2026-08-19T03:08:09.7788126Z 
FV-4b required proofs	Prove record identity validation	2026-08-19T03:08:09.7788634Z Check 189: std::result::Result::<(std::alloc::Layout, usize), std::alloc::LayoutError>::map::<std::alloc::Layout, {closure@alloc::raw_vec::layout_array::{closure#0}}>.pointer_dereference.2
FV-4b required proofs	Prove record identity validation	2026-08-19T03:08:09.7789453Z 	 - Status: SUCCESS
FV-4b required proofs	Prove record identity validation	2026-08-19T03:08:09.7789681Z 	 - Description: "dereference failure: dead object"
FV-4b required proofs	Prove record identity validation	2026-08-19T03:08:09.7790818Z 	 - Location: ../../../.rustup/toolchains/nightly-2025-11-21-x86_64-unknown-linux-gnu/lib/rustlib/src/rust/library/core/src/result.rs:837:23 in function std::result::Result::<(std::alloc::Layout, usize), std::alloc::LayoutError>::map::<std::alloc::Layout, {closure@alloc::raw_vec::layout_array::{closure#0}}>
FV-4b required proofs	Prove record identity validation	2026-08-19T03:08:09.7791834Z 
FV-4b required proofs	Prove record identity validation	2026-08-19T03:08:09.7792038Z Check 190: <std::alloc::Layout as std::clone::Clone>::clone.pointer_dereference.1
FV-4b required proofs	Prove record identity validation	2026-08-19T03:08:09.7792417Z 	 - Status: SUCCESS
FV-4b required proofs	Prove record identity validation	2026-08-19T03:08:09.7792654Z 	 - Description: "dereference failure: pointer NULL"
FV-4b required proofs	Prove record identity validation	2026-08-19T03:08:09.7793496Z 	 - Location: ../../../.rustup/toolchains/nightly-2025-11-21-x86_64-unknown-linux-gnu/lib/rustlib/src/rust/library/core/src/alloc/layout.rs:28:16 in function <std::alloc::Layout as std::clone::Clone>::clone
FV-4b required proofs	Prove record identity validation	2026-08-19T03:08:09.7794218Z 
FV-4b required proofs	Prove record identity validation	2026-08-19T03:08:09.7794413Z Check 191: <std::alloc::Layout as std::clone::Clone>::clone.pointer_dereference.2
FV-4b required proofs	Prove record identity validation	2026-08-19T03:08:09.7794793Z 	 - Status: SUCCESS
FV-4b required proofs	Prove record identity validation	2026-08-19T03:08:09.7795037Z 	 - Description: "dereference failure: pointer invalid"
FV-4b required proofs	Prove record identity validation	2026-08-19T03:08:09.7796008Z 	 - Location: ../../../.rustup/toolchains/nightly-2025-11-21-x86_64-unknown-linux-gnu/lib/rustlib/src/rust/library/core/src/alloc/layout.rs:28:16 in function <std::alloc::Layout as std::clone::Clone>::clone
FV-4b required proofs	Prove record identity validation	2026-08-19T03:08:09.7796729Z 
FV-4b required proofs	Prove record identity validation	2026-08-19T03:08:09.7796924Z Check 192: <std::alloc::Layout as std::clone::Clone>::clone.pointer_dereference.3
FV-4b required proofs	Prove record identity validation	2026-08-19T03:08:09.7797299Z 	 - Status: SUCCESS
FV-4b required proofs	Prove record identity validation	2026-08-19T03:08:09.7797583Z 	 - Description: "dereference failure: deallocated dynamic object"
FV-4b required proofs	Prove record identity validation	2026-08-19T03:08:09.7798468Z 	 - Location: ../../../.rustup/toolchains/nightly-2025-11-21-x86_64-unknown-linux-gnu/lib/rustlib/src/rust/library/core/src/alloc/layout.rs:28:16 in function <std::alloc::Layout as std::clone::Clone>::clone
FV-4b required proofs	Prove record identity validation	2026-08-19T03:08:09.7799185Z 
FV-4b required proofs	Prove record identity validation	2026-08-19T03:08:09.7799391Z Check 193: <std::alloc::Layout as std::clone::Clone>::clone.pointer_dereference.4
FV-4b required proofs	Prove record identity validation	2026-08-19T03:08:09.7799759Z 	 - Status: SUCCESS
FV-4b required proofs	Prove record identity validation	2026-08-19T03:08:09.7799987Z 	 - Description: "dereference failure: dead object"
FV-4b required proofs	Prove record identity validation	2026-08-19T03:08:09.7800953Z 	 - Location: ../../../.rustup/toolchains/nightly-2025-11-21-x86_64-unknown-linux-gnu/lib/rustlib/src/rust/library/core/src/alloc/layout.rs:28:16 in function <std::alloc::Layout as std::clone::Clone>::clone
FV-4b required proofs	Prove record identity validation	2026-08-19T03:08:09.7801664Z 
FV-4b required proofs	Prove record identity validation	2026-08-19T03:08:09.7801860Z Check 194: <std::alloc::Layout as std::clone::Clone>::clone.pointer_dereference.5
FV-4b required proofs	Prove record identity validation	2026-08-19T03:08:09.7802226Z 	 - Status: SUCCESS
FV-4b required proofs	Prove record identity validation	2026-08-19T03:08:09.7802512Z 	 - Description: "dereference failure: pointer outside object bounds"
FV-4b required proofs	Prove record identity validation	2026-08-19T03:08:09.7803405Z 	 - Location: ../../../.rustup/toolchains/nightly-2025-11-21-x86_64-unknown-linux-gnu/lib/rustlib/src/rust/library/core/src/alloc/layout.rs:28:16 in function <std::alloc::Layout as std::clone::Clone>::clone
FV-4b required proofs	Prove record identity validation	2026-08-19T03:08:09.7804124Z 
FV-4b required proofs	Prove record identity validation	2026-08-19T03:08:09.7804328Z Check 195: <std::alloc::Layout as std::clone::Clone>::clone.pointer_dereference.6
FV-4b required proofs	Prove record identity validation	2026-08-19T03:08:09.7804708Z 	 - Status: SUCCESS
FV-4b required proofs	Prove record identity validation	2026-08-19T03:08:09.7804982Z 	 - Description: "dereference failure: invalid integer address"
FV-4b required proofs	Prove record identity validation	2026-08-19T03:08:09.7805980Z 	 - Location: ../../../.rustup/toolchains/nightly-2025-11-21-x86_64-unknown-linux-gnu/lib/rustlib/src/rust/library/core/src/alloc/layout.rs:28:16 in function <std::alloc::Layout as std::clone::Clone>::clone
FV-4b required proofs	Prove record identity validation	2026-08-19T03:08:09.7806704Z 
FV-4b required proofs	Prove record identity validation	2026-08-19T03:08:09.7806886Z Check 196: alloc::raw_vec::RawVecInner::deallocate.pointer_dereference.1
FV-4b required proofs	Prove record identity validation	2026-08-19T03:08:09.7807247Z 	 - Status: SUCCESS
FV-4b required proofs	Prove record identity validation	2026-08-19T03:08:09.7807478Z 	 - Description: "dereference failure: dead object"
FV-4b required proofs	Prove record identity validation	2026-08-19T03:08:09.7808297Z 	 - Location: ../../../.rustup/toolchains/nightly-2025-11-21-x86_64-unknown-linux-gnu/lib/rustlib/src/rust/library/alloc/src/raw_vec/mod.rs:832:38 in function alloc::raw_vec::RawVecInner::deallocate
FV-4b required proofs	Prove record identity validation	2026-08-19T03:08:09.7808992Z 
FV-4b required proofs	Prove record identity validation	2026-08-19T03:08:09.7809321Z Check 197: std::alloc::Layout::is_size_align_valid.pointer_dereference.1
FV-4b required proofs	Prove record identity validation	2026-08-19T03:08:09.7809674Z 	 - Status: SUCCESS
FV-4b required proofs	Prove record identity validation	2026-08-19T03:08:09.7809906Z 	 - Description: "dereference failure: dead object"
FV-4b required proofs	Prove record identity validation	2026-08-19T03:08:09.7810722Z 	 - Location: ../../../.rustup/toolchains/nightly-2025-11-21-x86_64-unknown-linux-gnu/lib/rustlib/src/rust/library/core/src/alloc/layout.rs:69:27 in function std::alloc::Layout::is_size_align_valid
FV-4b required proofs	Prove record identity validation	2026-08-19T03:08:09.7811412Z 
FV-4b required proofs	Prove record identity validation	2026-08-19T03:08:09.7811567Z Check 198: std::ptr::NonNull::<u8>::new.pointer_dereference.1
FV-4b required proofs	Prove record identity validation	2026-08-19T03:08:09.7811886Z 	 - Status: SUCCESS
FV-4b required proofs	Prove record identity validation	2026-08-19T03:08:09.7812115Z 	 - Description: "dereference failure: dead object"
FV-4b required proofs	Prove record identity validation	2026-08-19T03:08:09.7812899Z 	 - Location: ../../../.rustup/toolchains/nightly-2025-11-21-x86_64-unknown-linux-gnu/lib/rustlib/src/rust/library/core/src/ptr/non_null.rs:275:13 in function std::ptr::NonNull::<u8>::new
FV-4b required proofs	Prove record identity validation	2026-08-19T03:08:09.7813570Z 
FV-4b required proofs	Prove record identity validation	2026-08-19T03:08:09.7813574Z 
FV-4b required proofs	Prove record identity validation	2026-08-19T03:08:09.7813645Z SUMMARY:
FV-4b required proofs	Prove record identity validation	2026-08-19T03:08:09.7813841Z  ** 0 of 198 failed (4 unreachable)
FV-4b required proofs	Prove record identity validation	2026-08-19T03:08:09.7814011Z 
FV-4b required proofs	Prove record identity validation	2026-08-19T03:08:09.7814099Z VERIFICATION:- SUCCESSFUL
FV-4b required proofs	Prove record identity validation	2026-08-19T03:08:09.7814328Z Verification Time: 0.5935441s
FV-4b required proofs	Prove record identity validation	2026-08-19T03:08:09.7814484Z 
FV-4b required proofs	Prove record identity validation	2026-08-19T03:08:09.7814570Z Manual Harness Summary:
FV-4b required proofs	Prove record identity validation	2026-08-19T03:08:09.7814872Z Complete - 1 successfully verified harnesses, 0 failures, 1 total.
FV-4b required proofs	Prove storage ID immutability	﻿2026-08-19T03:08:09.7843383Z ##[group]Run set -euo pipefail
FV-4b required proofs	Prove storage ID immutability	2026-08-19T03:08:09.7843717Z [36;1mset -euo pipefail[0m
FV-4b required proofs	Prove storage ID immutability	2026-08-19T03:08:09.7843953Z [36;1mcargo kani \[0m
FV-4b required proofs	Prove storage ID immutability	2026-08-19T03:08:09.7844205Z [36;1m  --harness kani_storage_id_immutability \[0m
FV-4b required proofs	Prove storage ID immutability	2026-08-19T03:08:09.7844498Z [36;1m  2>&1 \[0m
FV-4b required proofs	Prove storage ID immutability	2026-08-19T03:08:09.7844758Z [36;1m  | tee kani-artifacts/storage-id-immutability.log[0m
FV-4b required proofs	Prove storage ID immutability	2026-08-19T03:08:09.7915324Z shell: /usr/bin/bash --noprofile --norc -e -o pipefail {0}
FV-4b required proofs	Prove storage ID immutability	2026-08-19T03:08:09.7915672Z ##[endgroup]
FV-4b required proofs	Prove storage ID immutability	2026-08-19T03:08:09.8528599Z Kani Rust Verifier 0.67.0 (cargo plugin)
FV-4b required proofs	Prove storage ID immutability	2026-08-19T03:08:10.2363447Z    Compiling edisondb v0.6.0-p3m9 (/home/runner/work/edisondb-fv/edisondb-fv)
FV-4b required proofs	Prove storage ID immutability	2026-08-19T03:08:11.8552820Z     Finished `dev` profile [unoptimized + debuginfo] target(s) in 1.81s
FV-4b required proofs	Prove storage ID immutability	2026-08-19T03:08:12.0737861Z    Compiling edisondb v0.6.0-p3m9 (/home/runner/work/edisondb-fv/edisondb-fv)
FV-4b required proofs	Prove storage ID immutability	2026-08-19T03:08:13.8196420Z     Finished `dev` profile [unoptimized + debuginfo] target(s) in 1.93s
FV-4b required proofs	Prove storage ID immutability	2026-08-19T03:08:14.0426927Z    Compiling edisondb v0.6.0-p3m9 (/home/runner/work/edisondb-fv/edisondb-fv)
FV-4b required proofs	Prove storage ID immutability	2026-08-19T03:08:14.7908999Z     Finished `dev` profile [unoptimized + debuginfo] target(s) in 0.94s
FV-4b required proofs	Prove storage ID immutability	2026-08-19T03:08:14.9403049Z Checking harness verification::kani_harnesses::kani_storage_id_immutability...
FV-4b required proofs	Prove storage ID immutability	2026-08-19T03:08:14.9565214Z CBMC 6.8.0 (cbmc-6.8.0)
FV-4b required proofs	Prove storage ID immutability	2026-08-19T03:08:14.9581781Z CBMC version 6.8.0 (cbmc-6.8.0) 64-bit x86_64 linux
FV-4b required proofs	Prove storage ID immutability	2026-08-19T03:08:14.9586664Z Reading GOTO program from file /home/runner/work/edisondb-fv/edisondb-fv/target/kani/x86_64-unknown-linux-gnu/debug/deps/edisondb__RNvNtNtCsh53XPqpdbtl_8edisondb12verification14kani_harnesses28kani_storage_id_immutability.out
FV-4b required proofs	Prove storage ID immutability	2026-08-19T03:08:14.9588452Z Generating GOTO Program
FV-4b required proofs	Prove storage ID immutability	2026-08-19T03:08:14.9589023Z Adding CPROVER library (x86_64)
FV-4b required proofs	Prove storage ID immutability	2026-08-19T03:08:14.9597966Z Removal of function pointers and virtual functions
FV-4b required proofs	Prove storage ID immutability	2026-08-19T03:08:14.9598656Z Generic Property Instrumentation
FV-4b required proofs	Prove storage ID immutability	2026-08-19T03:08:14.9634915Z Running with 16 object bits, 48 offset bits (user-specified)
FV-4b required proofs	Prove storage ID immutability	2026-08-19T03:08:14.9635380Z Starting Bounded Model Checking
FV-4b required proofs	Prove storage ID immutability	2026-08-19T03:08:14.9635679Z Runtime Symex: 0.00347948s
FV-4b required proofs	Prove storage ID immutability	2026-08-19T03:08:14.9636267Z size of program expression: 134 steps
FV-4b required proofs	Prove storage ID immutability	2026-08-19T03:08:14.9636706Z slicing removed 73 assignments
FV-4b required proofs	Prove storage ID immutability	2026-08-19T03:08:14.9637061Z Generated 9 VCC(s), 2 remaining after simplification
FV-4b required proofs	Prove storage ID immutability	2026-08-19T03:08:14.9637515Z Runtime Postprocess Equation: 3.2962e-05s
FV-4b required proofs	Prove storage ID immutability	2026-08-19T03:08:14.9638879Z Passing problem to propositional reduction
FV-4b required proofs	Prove storage ID immutability	2026-08-19T03:08:14.9639462Z converting SSA
FV-4b required proofs	Prove storage ID immutability	2026-08-19T03:08:14.9639863Z Runtime Convert SSA: 0.000334518s
FV-4b required proofs	Prove storage ID immutability	2026-08-19T03:08:14.9640433Z Running propositional reduction
FV-4b required proofs	Prove storage ID immutability	2026-08-19T03:08:14.9641235Z Post-processing
FV-4b required proofs	Prove storage ID immutability	2026-08-19T03:08:14.9641712Z Runtime Post-process: 9.177e-06s
FV-4b required proofs	Prove storage ID immutability	2026-08-19T03:08:14.9642261Z Solving with CaDiCaL 2.0.0
FV-4b required proofs	Prove storage ID immutability	2026-08-19T03:08:14.9642790Z 102 variables, 128 clauses
FV-4b required proofs	Prove storage ID immutability	2026-08-19T03:08:14.9643324Z SAT checker: instance is SATISFIABLE
FV-4b required proofs	Prove storage ID immutability	2026-08-19T03:08:14.9643892Z Runtime Solver: 9.1311e-05s
FV-4b required proofs	Prove storage ID immutability	2026-08-19T03:08:14.9644491Z Runtime decision procedure: 0.000503734s
FV-4b required proofs	Prove storage ID immutability	2026-08-19T03:08:14.9645050Z Running propositional reduction
FV-4b required proofs	Prove storage ID immutability	2026-08-19T03:08:14.9645517Z Solving with CaDiCaL 2.0.0
FV-4b required proofs	Prove storage ID immutability	2026-08-19T03:08:14.9646144Z 103 variables, 129 clauses
FV-4b required proofs	Prove storage ID immutability	2026-08-19T03:08:14.9646549Z SAT checker: instance is UNSATISFIABLE
FV-4b required proofs	Prove storage ID immutability	2026-08-19T03:08:14.9647005Z Runtime Solver: 6.8459e-05s
FV-4b required proofs	Prove storage ID immutability	2026-08-19T03:08:14.9647421Z Runtime decision procedure: 0.000107111s
FV-4b required proofs	Prove storage ID immutability	2026-08-19T03:08:14.9670420Z 
FV-4b required proofs	Prove storage ID immutability	2026-08-19T03:08:14.9670715Z RESULTS:
FV-4b required proofs	Prove storage ID immutability	2026-08-19T03:08:14.9671324Z Check 1: verification::kani_harnesses::kani_storage_id_immutability.assertion.1
FV-4b required proofs	Prove storage ID immutability	2026-08-19T03:08:14.9672041Z 	 - Status: SUCCESS
FV-4b required proofs	Prove storage ID immutability	2026-08-19T03:08:14.9672683Z 	 - Description: "assertion failed: ensure_new_record_id(id_exists).is_ok() == !id_exists"
FV-4b required proofs	Prove storage ID immutability	2026-08-19T03:08:14.9673866Z 	 - Location: src/verification.rs:334:9 in function verification::kani_harnesses::kani_storage_id_immutability
FV-4b required proofs	Prove storage ID immutability	2026-08-19T03:08:14.9674618Z 
FV-4b required proofs	Prove storage ID immutability	2026-08-19T03:08:14.9674848Z Check 2: ensure_new_record_id.pointer_dereference.1
FV-4b required proofs	Prove storage ID immutability	2026-08-19T03:08:14.9675287Z 	 - Status: SUCCESS
FV-4b required proofs	Prove storage ID immutability	2026-08-19T03:08:14.9676057Z 	 - Description: "dereference failure: dead object"
FV-4b required proofs	Prove storage ID immutability	2026-08-19T03:08:14.9676450Z 	 - Location: src/lib.rs:122:9 in function ensure_new_record_id
FV-4b required proofs	Prove storage ID immutability	2026-08-19T03:08:14.9676695Z 
FV-4b required proofs	Prove storage ID immutability	2026-08-19T03:08:14.9676925Z Check 3: std::result::Result::<(), EdisonError>::is_ok.pointer_dereference.1
FV-4b required proofs	Prove storage ID immutability	2026-08-19T03:08:14.9677297Z 	 - Status: SUCCESS
FV-4b required proofs	Prove storage ID immutability	2026-08-19T03:08:14.9677545Z 	 - Description: "dereference failure: pointer NULL"
FV-4b required proofs	Prove storage ID immutability	2026-08-19T03:08:14.9678380Z 	 - Location: ../../../.rustup/toolchains/nightly-2025-11-21-x86_64-unknown-linux-gnu/lib/rustlib/src/rust/library/core/src/result.rs:594:18 in function std::result::Result::<(), EdisonError>::is_ok
FV-4b required proofs	Prove storage ID immutability	2026-08-19T03:08:14.9679086Z 
FV-4b required proofs	Prove storage ID immutability	2026-08-19T03:08:14.9679273Z Check 4: std::result::Result::<(), EdisonError>::is_ok.pointer_dereference.2
FV-4b required proofs	Prove storage ID immutability	2026-08-19T03:08:14.9679630Z 	 - Status: SUCCESS
FV-4b required proofs	Prove storage ID immutability	2026-08-19T03:08:14.9679878Z 	 - Description: "dereference failure: pointer invalid"
FV-4b required proofs	Prove storage ID immutability	2026-08-19T03:08:14.9680694Z 	 - Location: ../../../.rustup/toolchains/nightly-2025-11-21-x86_64-unknown-linux-gnu/lib/rustlib/src/rust/library/core/src/result.rs:594:18 in function std::result::Result::<(), EdisonError>::is_ok
FV-4b required proofs	Prove storage ID immutability	2026-08-19T03:08:14.9681391Z 
FV-4b required proofs	Prove storage ID immutability	2026-08-19T03:08:14.9681571Z Check 5: std::result::Result::<(), EdisonError>::is_ok.pointer_dereference.3
FV-4b required proofs	Prove storage ID immutability	2026-08-19T03:08:14.9681923Z 	 - Status: SUCCESS
FV-4b required proofs	Prove storage ID immutability	2026-08-19T03:08:14.9682205Z 	 - Description: "dereference failure: deallocated dynamic object"
FV-4b required proofs	Prove storage ID immutability	2026-08-19T03:08:14.9683056Z 	 - Location: ../../../.rustup/toolchains/nightly-2025-11-21-x86_64-unknown-linux-gnu/lib/rustlib/src/rust/library/core/src/result.rs:594:18 in function std::result::Result::<(), EdisonError>::is_ok
FV-4b required proofs	Prove storage ID immutability	2026-08-19T03:08:14.9683749Z 
FV-4b required proofs	Prove storage ID immutability	2026-08-19T03:08:14.9683932Z Check 6: std::result::Result::<(), EdisonError>::is_ok.pointer_dereference.4
FV-4b required proofs	Prove storage ID immutability	2026-08-19T03:08:14.9684284Z 	 - Status: SUCCESS
FV-4b required proofs	Prove storage ID immutability	2026-08-19T03:08:14.9684515Z 	 - Description: "dereference failure: dead object"
FV-4b required proofs	Prove storage ID immutability	2026-08-19T03:08:14.9685313Z 	 - Location: ../../../.rustup/toolchains/nightly-2025-11-21-x86_64-unknown-linux-gnu/lib/rustlib/src/rust/library/core/src/result.rs:594:18 in function std::result::Result::<(), EdisonError>::is_ok
FV-4b required proofs	Prove storage ID immutability	2026-08-19T03:08:14.9686219Z 
FV-4b required proofs	Prove storage ID immutability	2026-08-19T03:08:14.9686407Z Check 7: std::result::Result::<(), EdisonError>::is_ok.pointer_dereference.5
FV-4b required proofs	Prove storage ID immutability	2026-08-19T03:08:14.9686757Z 	 - Status: SUCCESS
FV-4b required proofs	Prove storage ID immutability	2026-08-19T03:08:14.9687046Z 	 - Description: "dereference failure: pointer outside object bounds"
FV-4b required proofs	Prove storage ID immutability	2026-08-19T03:08:14.9687902Z 	 - Location: ../../../.rustup/toolchains/nightly-2025-11-21-x86_64-unknown-linux-gnu/lib/rustlib/src/rust/library/core/src/result.rs:594:18 in function std::result::Result::<(), EdisonError>::is_ok
FV-4b required proofs	Prove storage ID immutability	2026-08-19T03:08:14.9688801Z 
FV-4b required proofs	Prove storage ID immutability	2026-08-19T03:08:14.9689140Z Check 8: std::result::Result::<(), EdisonError>::is_ok.pointer_dereference.6
FV-4b required proofs	Prove storage ID immutability	2026-08-19T03:08:14.9689744Z 	 - Status: SUCCESS
FV-4b required proofs	Prove storage ID immutability	2026-08-19T03:08:14.9690202Z 	 - Description: "dereference failure: invalid integer address"
FV-4b required proofs	Prove storage ID immutability	2026-08-19T03:08:14.9691675Z 	 - Location: ../../../.rustup/toolchains/nightly-2025-11-21-x86_64-unknown-linux-gnu/lib/rustlib/src/rust/library/core/src/result.rs:594:18 in function std::result::Result::<(), EdisonError>::is_ok
FV-4b required proofs	Prove storage ID immutability	2026-08-19T03:08:14.9692423Z 
FV-4b required proofs	Prove storage ID immutability	2026-08-19T03:08:14.9692428Z 
FV-4b required proofs	Prove storage ID immutability	2026-08-19T03:08:14.9692504Z SUMMARY:
FV-4b required proofs	Prove storage ID immutability	2026-08-19T03:08:14.9692682Z  ** 0 of 8 failed
FV-4b required proofs	Prove storage ID immutability	2026-08-19T03:08:14.9692802Z 
FV-4b required proofs	Prove storage ID immutability	2026-08-19T03:08:14.9692890Z VERIFICATION:- SUCCESSFUL
FV-4b required proofs	Prove storage ID immutability	2026-08-19T03:08:14.9693121Z Verification Time: 0.026487429s
FV-4b required proofs	Prove storage ID immutability	2026-08-19T03:08:14.9693284Z 
FV-4b required proofs	Prove storage ID immutability	2026-08-19T03:08:14.9693365Z Manual Harness Summary:
FV-4b required proofs	Prove storage ID immutability	2026-08-19T03:08:14.9693670Z Complete - 1 successfully verified harnesses, 0 failures, 1 total.
FV-4b required proofs	Prove checkpoint tail-drop rejection	﻿2026-08-19T03:08:14.9725415Z ##[group]Run set -euo pipefail
FV-4b required proofs	Prove checkpoint tail-drop rejection	2026-08-19T03:08:14.9726066Z [36;1mset -euo pipefail[0m
FV-4b required proofs	Prove checkpoint tail-drop rejection	2026-08-19T03:08:14.9726347Z [36;1mcargo kani \[0m
FV-4b required proofs	Prove checkpoint tail-drop rejection	2026-08-19T03:08:14.9726665Z [36;1m  --harness kani_audit_chain_tail_drop_checkpoint_rejected \[0m
FV-4b required proofs	Prove checkpoint tail-drop rejection	2026-08-19T03:08:14.9727019Z [36;1m  2>&1 \[0m
FV-4b required proofs	Prove checkpoint tail-drop rejection	2026-08-19T03:08:14.9727283Z [36;1m  | tee kani-artifacts/tail-drop-checkpoint.log[0m
FV-4b required proofs	Prove checkpoint tail-drop rejection	2026-08-19T03:08:14.9798553Z shell: /usr/bin/bash --noprofile --norc -e -o pipefail {0}
FV-4b required proofs	Prove checkpoint tail-drop rejection	2026-08-19T03:08:14.9798916Z ##[endgroup]
FV-4b required proofs	Prove checkpoint tail-drop rejection	2026-08-19T03:08:15.0300763Z Kani Rust Verifier 0.67.0 (cargo plugin)
FV-4b required proofs	Prove checkpoint tail-drop rejection	2026-08-19T03:08:15.4072452Z    Compiling edisondb v0.6.0-p3m9 (/home/runner/work/edisondb-fv/edisondb-fv)
FV-4b required proofs	Prove checkpoint tail-drop rejection	2026-08-19T03:08:16.9700416Z     Finished `dev` profile [unoptimized + debuginfo] target(s) in 1.74s
FV-4b required proofs	Prove checkpoint tail-drop rejection	2026-08-19T03:08:17.1908516Z    Compiling edisondb v0.6.0-p3m9 (/home/runner/work/edisondb-fv/edisondb-fv)
FV-4b required proofs	Prove checkpoint tail-drop rejection	2026-08-19T03:08:18.9359305Z     Finished `dev` profile [unoptimized + debuginfo] target(s) in 1.93s
FV-4b required proofs	Prove checkpoint tail-drop rejection	2026-08-19T03:08:19.1542412Z    Compiling edisondb v0.6.0-p3m9 (/home/runner/work/edisondb-fv/edisondb-fv)
FV-4b required proofs	Prove checkpoint tail-drop rejection	2026-08-19T03:08:19.9100945Z     Finished `dev` profile [unoptimized + debuginfo] target(s) in 0.94s
FV-4b required proofs	Prove checkpoint tail-drop rejection	2026-08-19T03:08:20.0996513Z Checking harness verification::kani_harnesses::kani_audit_chain_tail_drop_checkpoint_rejected...
FV-4b required proofs	Prove checkpoint tail-drop rejection	2026-08-19T03:08:20.1169480Z CBMC 6.8.0 (cbmc-6.8.0)
FV-4b required proofs	Prove checkpoint tail-drop rejection	2026-08-19T03:08:20.1197240Z CBMC version 6.8.0 (cbmc-6.8.0) 64-bit x86_64 linux
FV-4b required proofs	Prove checkpoint tail-drop rejection	2026-08-19T03:08:20.1204191Z Reading GOTO program from file /home/runner/work/edisondb-fv/edisondb-fv/target/kani/x86_64-unknown-linux-gnu/debug/deps/edisondb__RNvNtNtCsh53XPqpdbtl_8edisondb12verification14kani_harnesses46kani_audit_chain_tail_drop_checkpoint_rejected.out
FV-4b required proofs	Prove checkpoint tail-drop rejection	2026-08-19T03:08:20.1206326Z Generating GOTO Program
FV-4b required proofs	Prove checkpoint tail-drop rejection	2026-08-19T03:08:20.1209542Z Adding CPROVER library (x86_64)
FV-4b required proofs	Prove checkpoint tail-drop rejection	2026-08-19T03:08:20.1241024Z Removal of function pointers and virtual functions
FV-4b required proofs	Prove checkpoint tail-drop rejection	2026-08-19T03:08:20.1241649Z Generic Property Instrumentation
FV-4b required proofs	Prove checkpoint tail-drop rejection	2026-08-19T03:08:20.1398032Z Running with 16 object bits, 48 offset bits (user-specified)
FV-4b required proofs	Prove checkpoint tail-drop rejection	2026-08-19T03:08:20.1407507Z Starting Bounded Model Checking
FV-4b required proofs	Prove checkpoint tail-drop rejection	2026-08-19T03:08:20.1418010Z Unwinding loop memcmp.0 iteration 1 file <builtin-library-memcmp> line 25 function memcmp thread 0
FV-4b required proofs	Prove checkpoint tail-drop rejection	2026-08-19T03:08:20.1428089Z Unwinding loop memcmp.0 iteration 2 file <builtin-library-memcmp> line 25 function memcmp thread 0
FV-4b required proofs	Prove checkpoint tail-drop rejection	2026-08-19T03:08:20.1438380Z Unwinding loop memcmp.0 iteration 3 file <builtin-library-memcmp> line 25 function memcmp thread 0
FV-4b required proofs	Prove checkpoint tail-drop rejection	2026-08-19T03:08:20.1448649Z Unwinding loop memcmp.0 iteration 4 file <builtin-library-memcmp> line 25 function memcmp thread 0
FV-4b required proofs	Prove checkpoint tail-drop rejection	2026-08-19T03:08:20.1458884Z Unwinding loop memcmp.0 iteration 5 file <builtin-library-memcmp> line 25 function memcmp thread 0
FV-4b required proofs	Prove checkpoint tail-drop rejection	2026-08-19T03:08:20.1469029Z Unwinding loop memcmp.0 iteration 6 file <builtin-library-memcmp> line 25 function memcmp thread 0
FV-4b required proofs	Prove checkpoint tail-drop rejection	2026-08-19T03:08:20.1479332Z Unwinding loop memcmp.0 iteration 7 file <builtin-library-memcmp> line 25 function memcmp thread 0
FV-4b required proofs	Prove checkpoint tail-drop rejection	2026-08-19T03:08:20.1489689Z Unwinding loop memcmp.0 iteration 8 file <builtin-library-memcmp> line 25 function memcmp thread 0
FV-4b required proofs	Prove checkpoint tail-drop rejection	2026-08-19T03:08:20.1500227Z Unwinding loop memcmp.0 iteration 9 file <builtin-library-memcmp> line 25 function memcmp thread 0
FV-4b required proofs	Prove checkpoint tail-drop rejection	2026-08-19T03:08:20.1510374Z Unwinding loop memcmp.0 iteration 10 file <builtin-library-memcmp> line 25 function memcmp thread 0
FV-4b required proofs	Prove checkpoint tail-drop rejection	2026-08-19T03:08:20.1520751Z Unwinding loop memcmp.0 iteration 11 file <builtin-library-memcmp> line 25 function memcmp thread 0
FV-4b required proofs	Prove checkpoint tail-drop rejection	2026-08-19T03:08:20.1531117Z Unwinding loop memcmp.0 iteration 12 file <builtin-library-memcmp> line 25 function memcmp thread 0
FV-4b required proofs	Prove checkpoint tail-drop rejection	2026-08-19T03:08:20.1541775Z Unwinding loop memcmp.0 iteration 13 file <builtin-library-memcmp> line 25 function memcmp thread 0
FV-4b required proofs	Prove checkpoint tail-drop rejection	2026-08-19T03:08:20.1552244Z Unwinding loop memcmp.0 iteration 14 file <builtin-library-memcmp> line 25 function memcmp thread 0
FV-4b required proofs	Prove checkpoint tail-drop rejection	2026-08-19T03:08:20.1562660Z Unwinding loop memcmp.0 iteration 15 file <builtin-library-memcmp> line 25 function memcmp thread 0
FV-4b required proofs	Prove checkpoint tail-drop rejection	2026-08-19T03:08:20.1573167Z Unwinding loop memcmp.0 iteration 16 file <builtin-library-memcmp> line 25 function memcmp thread 0
FV-4b required proofs	Prove checkpoint tail-drop rejection	2026-08-19T03:08:20.1583729Z Unwinding loop memcmp.0 iteration 17 file <builtin-library-memcmp> line 25 function memcmp thread 0
FV-4b required proofs	Prove checkpoint tail-drop rejection	2026-08-19T03:08:20.1594569Z Unwinding loop memcmp.0 iteration 18 file <builtin-library-memcmp> line 25 function memcmp thread 0
FV-4b required proofs	Prove checkpoint tail-drop rejection	2026-08-19T03:08:20.1604883Z Unwinding loop memcmp.0 iteration 19 file <builtin-library-memcmp> line 25 function memcmp thread 0
FV-4b required proofs	Prove checkpoint tail-drop rejection	2026-08-19T03:08:20.1615336Z Unwinding loop memcmp.0 iteration 20 file <builtin-library-memcmp> line 25 function memcmp thread 0
FV-4b required proofs	Prove checkpoint tail-drop rejection	2026-08-19T03:08:20.1625671Z Unwinding loop memcmp.0 iteration 21 file <builtin-library-memcmp> line 25 function memcmp thread 0
FV-4b required proofs	Prove checkpoint tail-drop rejection	2026-08-19T03:08:20.1636405Z Unwinding loop memcmp.0 iteration 22 file <builtin-library-memcmp> line 25 function memcmp thread 0
FV-4b required proofs	Prove checkpoint tail-drop rejection	2026-08-19T03:08:20.1646992Z Unwinding loop memcmp.0 iteration 23 file <builtin-library-memcmp> line 25 function memcmp thread 0
FV-4b required proofs	Prove checkpoint tail-drop rejection	2026-08-19T03:08:20.1657470Z Unwinding loop memcmp.0 iteration 24 file <builtin-library-memcmp> line 25 function memcmp thread 0
FV-4b required proofs	Prove checkpoint tail-drop rejection	2026-08-19T03:08:20.1668199Z Unwinding loop memcmp.0 iteration 25 file <builtin-library-memcmp> line 25 function memcmp thread 0
FV-4b required proofs	Prove checkpoint tail-drop rejection	2026-08-19T03:08:20.1679074Z Unwinding loop memcmp.0 iteration 26 file <builtin-library-memcmp> line 25 function memcmp thread 0
FV-4b required proofs	Prove checkpoint tail-drop rejection	2026-08-19T03:08:20.1689819Z Unwinding loop memcmp.0 iteration 27 file <builtin-library-memcmp> line 25 function memcmp thread 0
FV-4b required proofs	Prove checkpoint tail-drop rejection	2026-08-19T03:08:20.1700564Z Unwinding loop memcmp.0 iteration 28 file <builtin-library-memcmp> line 25 function memcmp thread 0
FV-4b required proofs	Prove checkpoint tail-drop rejection	2026-08-19T03:08:20.1711306Z Unwinding loop memcmp.0 iteration 29 file <builtin-library-memcmp> line 25 function memcmp thread 0
FV-4b required proofs	Prove checkpoint tail-drop rejection	2026-08-19T03:08:20.1722064Z Unwinding loop memcmp.0 iteration 30 file <builtin-library-memcmp> line 25 function memcmp thread 0
FV-4b required proofs	Prove checkpoint tail-drop rejection	2026-08-19T03:08:20.1814407Z Unwinding loop memcmp.0 iteration 31 file <builtin-library-memcmp> line 25 function memcmp thread 0
FV-4b required proofs	Prove checkpoint tail-drop rejection	2026-08-19T03:08:20.1834017Z Unwinding loop memcmp.0 iteration 32 file <builtin-library-memcmp> line 25 function memcmp thread 0
FV-4b required proofs	Prove checkpoint tail-drop rejection	2026-08-19T03:08:20.1835656Z aborting path on assume(false) at file src/lib.rs line 0 column 0 function <std::result::Result<(), EdisonError> as std::cmp::PartialEq>::eq thread 0
FV-4b required proofs	Prove checkpoint tail-drop rejection	2026-08-19T03:08:20.1843305Z Runtime Symex: 0.0589479s
FV-4b required proofs	Prove checkpoint tail-drop rejection	2026-08-19T03:08:20.1843763Z size of program expression: 1307 steps
FV-4b required proofs	Prove checkpoint tail-drop rejection	2026-08-19T03:08:20.1844229Z slicing removed 483 assignments
FV-4b required proofs	Prove checkpoint tail-drop rejection	2026-08-19T03:08:20.1844722Z Generated 452 VCC(s), 5 remaining after simplification
FV-4b required proofs	Prove checkpoint tail-drop rejection	2026-08-19T03:08:20.1845276Z Runtime Postprocess Equation: 0.000990388s
FV-4b required proofs	Prove checkpoint tail-drop rejection	2026-08-19T03:08:20.1933186Z Passing problem to propositional reduction
FV-4b required proofs	Prove checkpoint tail-drop rejection	2026-08-19T03:08:20.1933741Z converting SSA
FV-4b required proofs	Prove checkpoint tail-drop rejection	2026-08-19T03:08:20.1934081Z Runtime Convert SSA: 0.00875668s
FV-4b required proofs	Prove checkpoint tail-drop rejection	2026-08-19T03:08:20.1934508Z Running propositional reduction
FV-4b required proofs	Prove checkpoint tail-drop rejection	2026-08-19T03:08:20.1934907Z Post-processing
FV-4b required proofs	Prove checkpoint tail-drop rejection	2026-08-19T03:08:20.1935244Z Runtime Post-process: 7.464e-06s
FV-4b required proofs	Prove checkpoint tail-drop rejection	2026-08-19T03:08:20.1946073Z Solving with CaDiCaL 2.0.0
FV-4b required proofs	Prove checkpoint tail-drop rejection	2026-08-19T03:08:20.1946935Z 5754 variables, 19756 clauses
FV-4b required proofs	Prove checkpoint tail-drop rejection	2026-08-19T03:08:20.1947364Z SAT checker: instance is SATISFIABLE
FV-4b required proofs	Prove checkpoint tail-drop rejection	2026-08-19T03:08:20.1947772Z Runtime Solver: 0.00135538s
FV-4b required proofs	Prove checkpoint tail-drop rejection	2026-08-19T03:08:20.2006943Z Runtime decision procedure: 0.0103487s
FV-4b required proofs	Prove checkpoint tail-drop rejection	2026-08-19T03:08:20.2008015Z Running propositional reduction
FV-4b required proofs	Prove checkpoint tail-drop rejection	2026-08-19T03:08:20.2008372Z Solving with CaDiCaL 2.0.0
FV-4b required proofs	Prove checkpoint tail-drop rejection	2026-08-19T03:08:20.2008683Z 5755 variables, 19757 clauses
FV-4b required proofs	Prove checkpoint tail-drop rejection	2026-08-19T03:08:20.2009049Z SAT checker: instance is UNSATISFIABLE
FV-4b required proofs	Prove checkpoint tail-drop rejection	2026-08-19T03:08:20.2011892Z Runtime Solver: 4.8722e-05s
FV-4b required proofs	Prove checkpoint tail-drop rejection	2026-08-19T03:08:20.2012361Z Runtime decision procedure: 0.000229892s
FV-4b required proofs	Prove checkpoint tail-drop rejection	2026-08-19T03:08:20.2289426Z 
FV-4b required proofs	Prove checkpoint tail-drop rejection	2026-08-19T03:08:20.2290269Z RESULTS:
FV-4b required proofs	Prove checkpoint tail-drop rejection	2026-08-19T03:08:20.2290672Z Check 1: memcmp.precondition.1
FV-4b required proofs	Prove checkpoint tail-drop rejection	2026-08-19T03:08:20.2291130Z 	 - Status: SUCCESS
FV-4b required proofs	Prove checkpoint tail-drop rejection	2026-08-19T03:08:20.2291527Z 	 - Description: "memcmp region 1 readable"
FV-4b required proofs	Prove checkpoint tail-drop rejection	2026-08-19T03:08:20.2292246Z 	 - Location: <builtin-library-memcmp>:19 in function memcmp
FV-4b required proofs	Prove checkpoint tail-drop rejection	2026-08-19T03:08:20.2292669Z 
FV-4b required proofs	Prove checkpoint tail-drop rejection	2026-08-19T03:08:20.2293061Z Check 2: memcmp.precondition.2
FV-4b required proofs	Prove checkpoint tail-drop rejection	2026-08-19T03:08:20.2293342Z 	 - Status: SUCCESS
FV-4b required proofs	Prove checkpoint tail-drop rejection	2026-08-19T03:08:20.2293583Z 	 - Description: "memcpy region 2 readable"
FV-4b required proofs	Prove checkpoint tail-drop rejection	2026-08-19T03:08:20.2293946Z 	 - Location: <builtin-library-memcmp>:21 in function memcmp
FV-4b required proofs	Prove checkpoint tail-drop rejection	2026-08-19T03:08:20.2294204Z 
FV-4b required proofs	Prove checkpoint tail-drop rejection	2026-08-19T03:08:20.2294499Z Check 3: verification::kani_harnesses::kani_audit_chain_tail_drop_checkpoint_rejected.assertion.1
FV-4b required proofs	Prove checkpoint tail-drop rejection	2026-08-19T03:08:20.2294952Z 	 - Status: SUCCESS
FV-4b required proofs	Prove checkpoint tail-drop rejection	2026-08-19T03:08:20.2295202Z 	 - Description: "attempt to subtract with overflow"
FV-4b required proofs	Prove checkpoint tail-drop rejection	2026-08-19T03:08:20.2296112Z 	 - Location: src/verification.rs:644:28 in function verification::kani_harnesses::kani_audit_chain_tail_drop_checkpoint_rejected
FV-4b required proofs	Prove checkpoint tail-drop rejection	2026-08-19T03:08:20.2296614Z 
FV-4b required proofs	Prove checkpoint tail-drop rejection	2026-08-19T03:08:20.2296890Z Check 4: verification::kani_harnesses::kani_audit_chain_tail_drop_checkpoint_rejected.assertion.2
FV-4b required proofs	Prove checkpoint tail-drop rejection	2026-08-19T03:08:20.2297331Z 	 - Status: SUCCESS
FV-4b required proofs	Prove checkpoint tail-drop rejection	2026-08-19T03:08:20.2297783Z 	 - Description: "assertion failed: crate::validate_audit_checkpoint(&checkpoint, actual_count, expected_head,) ==
FV-4b required proofs	Prove checkpoint tail-drop rejection	2026-08-19T03:08:20.2298335Z Err(crate::EdisonError::AuditChainBroken)"
FV-4b required proofs	Prove checkpoint tail-drop rejection	2026-08-19T03:08:20.2298981Z 	 - Location: src/verification.rs:646:9 in function verification::kani_harnesses::kani_audit_chain_tail_drop_checkpoint_rejected
FV-4b required proofs	Prove checkpoint tail-drop rejection	2026-08-19T03:08:20.2299625Z 
FV-4b required proofs	Prove checkpoint tail-drop rejection	2026-08-19T03:08:20.2299862Z Check 5: <std::result::Result<(), EdisonError> as std::cmp::PartialEq>::eq.unreachable.1
FV-4b required proofs	Prove checkpoint tail-drop rejection	2026-08-19T03:08:20.2300271Z 	 - Status: SUCCESS
FV-4b required proofs	Prove checkpoint tail-drop rejection	2026-08-19T03:08:20.2300492Z 	 - Description: "unreachable code"
FV-4b required proofs	Prove checkpoint tail-drop rejection	2026-08-19T03:08:20.2300942Z 	 - Location: src/lib.rs:0:0 in function <std::result::Result<(), EdisonError> as std::cmp::PartialEq>::eq
FV-4b required proofs	Prove checkpoint tail-drop rejection	2026-08-19T03:08:20.2301313Z 
FV-4b required proofs	Prove checkpoint tail-drop rejection	2026-08-19T03:08:20.2301422Z Check 6: memcmp.pointer_dereference.1
FV-4b required proofs	Prove checkpoint tail-drop rejection	2026-08-19T03:08:20.2301711Z 	 - Status: SUCCESS
FV-4b required proofs	Prove checkpoint tail-drop rejection	2026-08-19T03:08:20.2301957Z 	 - Description: "dereference failure: pointer NULL"
FV-4b required proofs	Prove checkpoint tail-drop rejection	2026-08-19T03:08:20.2302328Z 	 - Location: <builtin-library-memcmp>:27 in function memcmp
FV-4b required proofs	Prove checkpoint tail-drop rejection	2026-08-19T03:08:20.2302568Z 
FV-4b required proofs	Prove checkpoint tail-drop rejection	2026-08-19T03:08:20.2302678Z Check 7: memcmp.pointer_dereference.2
FV-4b required proofs	Prove checkpoint tail-drop rejection	2026-08-19T03:08:20.2302935Z 	 - Status: SUCCESS
FV-4b required proofs	Prove checkpoint tail-drop rejection	2026-08-19T03:08:20.2303180Z 	 - Description: "dereference failure: pointer invalid"
FV-4b required proofs	Prove checkpoint tail-drop rejection	2026-08-19T03:08:20.2303541Z 	 - Location: <builtin-library-memcmp>:27 in function memcmp
FV-4b required proofs	Prove checkpoint tail-drop rejection	2026-08-19T03:08:20.2303772Z 
FV-4b required proofs	Prove checkpoint tail-drop rejection	2026-08-19T03:08:20.2303872Z Check 8: memcmp.pointer_dereference.3
FV-4b required proofs	Prove checkpoint tail-drop rejection	2026-08-19T03:08:20.2304116Z 	 - Status: SUCCESS
FV-4b required proofs	Prove checkpoint tail-drop rejection	2026-08-19T03:08:20.2304407Z 	 - Description: "dereference failure: deallocated dynamic object"
FV-4b required proofs	Prove checkpoint tail-drop rejection	2026-08-19T03:08:20.2304806Z 	 - Location: <builtin-library-memcmp>:27 in function memcmp
FV-4b required proofs	Prove checkpoint tail-drop rejection	2026-08-19T03:08:20.2305036Z 
FV-4b required proofs	Prove checkpoint tail-drop rejection	2026-08-19T03:08:20.2305135Z Check 9: memcmp.pointer_dereference.4
FV-4b required proofs	Prove checkpoint tail-drop rejection	2026-08-19T03:08:20.2305375Z 	 - Status: SUCCESS
FV-4b required proofs	Prove checkpoint tail-drop rejection	2026-08-19T03:08:20.2305602Z 	 - Description: "dereference failure: dead object"
FV-4b required proofs	Prove checkpoint tail-drop rejection	2026-08-19T03:08:20.2306238Z 	 - Location: <builtin-library-memcmp>:27 in function memcmp
FV-4b required proofs	Prove checkpoint tail-drop rejection	2026-08-19T03:08:20.2306478Z 
FV-4b required proofs	Prove checkpoint tail-drop rejection	2026-08-19T03:08:20.2306577Z Check 10: memcmp.pointer_dereference.5
FV-4b required proofs	Prove checkpoint tail-drop rejection	2026-08-19T03:08:20.2307052Z 	 - Status: SUCCESS
FV-4b required proofs	Prove checkpoint tail-drop rejection	2026-08-19T03:08:20.2307344Z 	 - Description: "dereference failure: pointer outside object bounds"
FV-4b required proofs	Prove checkpoint tail-drop rejection	2026-08-19T03:08:20.2307759Z 	 - Location: <builtin-library-memcmp>:27 in function memcmp
FV-4b required proofs	Prove checkpoint tail-drop rejection	2026-08-19T03:08:20.2307994Z 
FV-4b required proofs	Prove checkpoint tail-drop rejection	2026-08-19T03:08:20.2308089Z Check 11: memcmp.pointer_dereference.6
FV-4b required proofs	Prove checkpoint tail-drop rejection	2026-08-19T03:08:20.2308339Z 	 - Status: SUCCESS
FV-4b required proofs	Prove checkpoint tail-drop rejection	2026-08-19T03:08:20.2308607Z 	 - Description: "dereference failure: invalid integer address"
FV-4b required proofs	Prove checkpoint tail-drop rejection	2026-08-19T03:08:20.2308995Z 	 - Location: <builtin-library-memcmp>:27 in function memcmp
FV-4b required proofs	Prove checkpoint tail-drop rejection	2026-08-19T03:08:20.2309230Z 
FV-4b required proofs	Prove checkpoint tail-drop rejection	2026-08-19T03:08:20.2309323Z Check 12: memcmp.pointer_dereference.7
FV-4b required proofs	Prove checkpoint tail-drop rejection	2026-08-19T03:08:20.2309570Z 	 - Status: SUCCESS
FV-4b required proofs	Prove checkpoint tail-drop rejection	2026-08-19T03:08:20.2309806Z 	 - Description: "dereference failure: pointer NULL"
FV-4b required proofs	Prove checkpoint tail-drop rejection	2026-08-19T03:08:20.2310163Z 	 - Location: <builtin-library-memcmp>:27 in function memcmp
FV-4b required proofs	Prove checkpoint tail-drop rejection	2026-08-19T03:08:20.2310395Z 
FV-4b required proofs	Prove checkpoint tail-drop rejection	2026-08-19T03:08:20.2310488Z Check 13: memcmp.pointer_dereference.8
FV-4b required proofs	Prove checkpoint tail-drop rejection	2026-08-19T03:08:20.2310735Z 	 - Status: SUCCESS
FV-4b required proofs	Prove checkpoint tail-drop rejection	2026-08-19T03:08:20.2311163Z 	 - Description: "dereference failure: pointer invalid"
FV-4b required proofs	Prove checkpoint tail-drop rejection	2026-08-19T03:08:20.2311520Z 	 - Location: <builtin-library-memcmp>:27 in function memcmp
FV-4b required proofs	Prove checkpoint tail-drop rejection	2026-08-19T03:08:20.2311754Z 
FV-4b required proofs	Prove checkpoint tail-drop rejection	2026-08-19T03:08:20.2311847Z Check 14: memcmp.pointer_dereference.9
FV-4b required proofs	Prove checkpoint tail-drop rejection	2026-08-19T03:08:20.2312093Z 	 - Status: SUCCESS
FV-4b required proofs	Prove checkpoint tail-drop rejection	2026-08-19T03:08:20.2312431Z 	 - Description: "dereference failure: deallocated dynamic object"
FV-4b required proofs	Prove checkpoint tail-drop rejection	2026-08-19T03:08:20.2313101Z 	 - Location: <builtin-library-memcmp>:27 in function memcmp
FV-4b required proofs	Prove checkpoint tail-drop rejection	2026-08-19T03:08:20.2313499Z 
FV-4b required proofs	Prove checkpoint tail-drop rejection	2026-08-19T03:08:20.2313665Z Check 15: memcmp.pointer_dereference.10
FV-4b required proofs	Prove checkpoint tail-drop rejection	2026-08-19T03:08:20.2314084Z 	 - Status: SUCCESS
FV-4b required proofs	Prove checkpoint tail-drop rejection	2026-08-19T03:08:20.2314473Z 	 - Description: "dereference failure: dead object"
FV-4b required proofs	Prove checkpoint tail-drop rejection	2026-08-19T03:08:20.2315039Z 	 - Location: <builtin-library-memcmp>:27 in function memcmp
FV-4b required proofs	Prove checkpoint tail-drop rejection	2026-08-19T03:08:20.2315281Z 
FV-4b required proofs	Prove checkpoint tail-drop rejection	2026-08-19T03:08:20.2315386Z Check 16: memcmp.pointer_dereference.11
FV-4b required proofs	Prove checkpoint tail-drop rejection	2026-08-19T03:08:20.2315654Z 	 - Status: SUCCESS
FV-4b required proofs	Prove checkpoint tail-drop rejection	2026-08-19T03:08:20.2316205Z 	 - Description: "dereference failure: pointer outside object bounds"
FV-4b required proofs	Prove checkpoint tail-drop rejection	2026-08-19T03:08:20.2316657Z 	 - Location: <builtin-library-memcmp>:27 in function memcmp
FV-4b required proofs	Prove checkpoint tail-drop rejection	2026-08-19T03:08:20.2316902Z 
FV-4b required proofs	Prove checkpoint tail-drop rejection	2026-08-19T03:08:20.2317012Z Check 17: memcmp.pointer_dereference.12
FV-4b required proofs	Prove checkpoint tail-drop rejection	2026-08-19T03:08:20.2317272Z 	 - Status: SUCCESS
FV-4b required proofs	Prove checkpoint tail-drop rejection	2026-08-19T03:08:20.2317560Z 	 - Description: "dereference failure: invalid integer address"
FV-4b required proofs	Prove checkpoint tail-drop rejection	2026-08-19T03:08:20.2317953Z 	 - Location: <builtin-library-memcmp>:27 in function memcmp
FV-4b required proofs	Prove checkpoint tail-drop rejection	2026-08-19T03:08:20.2318191Z 
FV-4b required proofs	Prove checkpoint tail-drop rejection	2026-08-19T03:08:20.2318449Z Check 18: <std::result::Result<(), EdisonError> as std::cmp::PartialEq>::eq.pointer_dereference.1
FV-4b required proofs	Prove checkpoint tail-drop rejection	2026-08-19T03:08:20.2318882Z 	 - Status: SUCCESS
FV-4b required proofs	Prove checkpoint tail-drop rejection	2026-08-19T03:08:20.2319121Z 	 - Description: "dereference failure: pointer NULL"
FV-4b required proofs	Prove checkpoint tail-drop rejection	2026-08-19T03:08:20.2320691Z 	 - Location: ../../../.rustup/toolchains/nightly-2025-11-21-x86_64-unknown-linux-gnu/lib/rustlib/src/rust/library/core/src/result.rs:553:16 in function <std::result::Result<(), EdisonError> as std::cmp::PartialEq>::eq
FV-4b required proofs	Prove checkpoint tail-drop rejection	2026-08-19T03:08:20.2322008Z 
FV-4b required proofs	Prove checkpoint tail-drop rejection	2026-08-19T03:08:20.2322287Z Check 19: <std::result::Result<(), EdisonError> as std::cmp::PartialEq>::eq.pointer_dereference.2
FV-4b required proofs	Prove checkpoint tail-drop rejection	2026-08-19T03:08:20.2322729Z 	 - Status: SUCCESS
FV-4b required proofs	Prove checkpoint tail-drop rejection	2026-08-19T03:08:20.2322988Z 	 - Description: "dereference failure: pointer invalid"
FV-4b required proofs	Prove checkpoint tail-drop rejection	2026-08-19T03:08:20.2323880Z 	 - Location: ../../../.rustup/toolchains/nightly-2025-11-21-x86_64-unknown-linux-gnu/lib/rustlib/src/rust/library/core/src/result.rs:553:16 in function <std::result::Result<(), EdisonError> as std::cmp::PartialEq>::eq
FV-4b required proofs	Prove checkpoint tail-drop rejection	2026-08-19T03:08:20.2324633Z 
FV-4b required proofs	Prove checkpoint tail-drop rejection	2026-08-19T03:08:20.2324888Z Check 20: <std::result::Result<(), EdisonError> as std::cmp::PartialEq>::eq.pointer_dereference.3
FV-4b required proofs	Prove checkpoint tail-drop rejection	2026-08-19T03:08:20.2325322Z 	 - Status: SUCCESS
FV-4b required proofs	Prove checkpoint tail-drop rejection	2026-08-19T03:08:20.2326059Z 	 - Description: "dereference failure: deallocated dynamic object"
FV-4b required proofs	Prove checkpoint tail-drop rejection	2026-08-19T03:08:20.2327265Z 	 - Location: ../../../.rustup/toolchains/nightly-2025-11-21-x86_64-unknown-linux-gnu/lib/rustlib/src/rust/library/core/src/result.rs:553:16 in function <std::result::Result<(), EdisonError> as std::cmp::PartialEq>::eq
FV-4b required proofs	Prove checkpoint tail-drop rejection	2026-08-19T03:08:20.2328362Z 
FV-4b required proofs	Prove checkpoint tail-drop rejection	2026-08-19T03:08:20.2328655Z Check 21: <std::result::Result<(), EdisonError> as std::cmp::PartialEq>::eq.pointer_dereference.4
FV-4b required proofs	Prove checkpoint tail-drop rejection	2026-08-19T03:08:20.2329202Z 	 - Status: SUCCESS
FV-4b required proofs	Prove checkpoint tail-drop rejection	2026-08-19T03:08:20.2329646Z 	 - Description: "dereference failure: dead object"
FV-4b required proofs	Prove checkpoint tail-drop rejection	2026-08-19T03:08:20.2330645Z 	 - Location: ../../../.rustup/toolchains/nightly-2025-11-21-x86_64-unknown-linux-gnu/lib/rustlib/src/rust/library/core/src/result.rs:553:16 in function <std::result::Result<(), EdisonError> as std::cmp::PartialEq>::eq
FV-4b required proofs	Prove checkpoint tail-drop rejection	2026-08-19T03:08:20.2331476Z 
FV-4b required proofs	Prove checkpoint tail-drop rejection	2026-08-19T03:08:20.2331853Z Check 22: <std::result::Result<(), EdisonError> as std::cmp::PartialEq>::eq.pointer_dereference.5
FV-4b required proofs	Prove checkpoint tail-drop rejection	2026-08-19T03:08:20.2332411Z 	 - Status: SUCCESS
FV-4b required proofs	Prove checkpoint tail-drop rejection	2026-08-19T03:08:20.2332825Z 	 - Description: "dereference failure: pointer outside object bounds"
FV-4b required proofs	Prove checkpoint tail-drop rejection	2026-08-19T03:08:20.2333946Z 	 - Location: ../../../.rustup/toolchains/nightly-2025-11-21-x86_64-unknown-linux-gnu/lib/rustlib/src/rust/library/core/src/result.rs:553:16 in function <std::result::Result<(), EdisonError> as std::cmp::PartialEq>::eq
FV-4b required proofs	Prove checkpoint tail-drop rejection	2026-08-19T03:08:20.2334914Z 
FV-4b required proofs	Prove checkpoint tail-drop rejection	2026-08-19T03:08:20.2335242Z Check 23: <std::result::Result<(), EdisonError> as std::cmp::PartialEq>::eq.pointer_dereference.6
FV-4b required proofs	Prove checkpoint tail-drop rejection	2026-08-19T03:08:20.2336042Z 	 - Status: SUCCESS
FV-4b required proofs	Prove checkpoint tail-drop rejection	2026-08-19T03:08:20.2336551Z 	 - Description: "dereference failure: invalid integer address"
FV-4b required proofs	Prove checkpoint tail-drop rejection	2026-08-19T03:08:20.2337600Z 	 - Location: ../../../.rustup/toolchains/nightly-2025-11-21-x86_64-unknown-linux-gnu/lib/rustlib/src/rust/library/core/src/result.rs:553:16 in function <std::result::Result<(), EdisonError> as std::cmp::PartialEq>::eq
FV-4b required proofs	Prove checkpoint tail-drop rejection	2026-08-19T03:08:20.2338421Z 
FV-4b required proofs	Prove checkpoint tail-drop rejection	2026-08-19T03:08:20.2338758Z Check 24: <std::result::Result<(), EdisonError> as std::cmp::PartialEq>::eq.pointer_dereference.7
FV-4b required proofs	Prove checkpoint tail-drop rejection	2026-08-19T03:08:20.2339322Z 	 - Status: SUCCESS
FV-4b required proofs	Prove checkpoint tail-drop rejection	2026-08-19T03:08:20.2339705Z 	 - Description: "dereference failure: pointer NULL"
FV-4b required proofs	Prove checkpoint tail-drop rejection	2026-08-19T03:08:20.2340746Z 	 - Location: ../../../.rustup/toolchains/nightly-2025-11-21-x86_64-unknown-linux-gnu/lib/rustlib/src/rust/library/core/src/result.rs:553:16 in function <std::result::Result<(), EdisonError> as std::cmp::PartialEq>::eq
FV-4b required proofs	Prove checkpoint tail-drop rejection	2026-08-19T03:08:20.2341591Z 
FV-4b required proofs	Prove checkpoint tail-drop rejection	2026-08-19T03:08:20.2341939Z Check 25: <std::result::Result<(), EdisonError> as std::cmp::PartialEq>::eq.pointer_dereference.8
FV-4b required proofs	Prove checkpoint tail-drop rejection	2026-08-19T03:08:20.2342511Z 	 - Status: SUCCESS
FV-4b required proofs	Prove checkpoint tail-drop rejection	2026-08-19T03:08:20.2342900Z 	 - Description: "dereference failure: pointer invalid"
FV-4b required proofs	Prove checkpoint tail-drop rejection	2026-08-19T03:08:20.2343910Z 	 - Location: ../../../.rustup/toolchains/nightly-2025-11-21-x86_64-unknown-linux-gnu/lib/rustlib/src/rust/library/core/src/result.rs:553:16 in function <std::result::Result<(), EdisonError> as std::cmp::PartialEq>::eq
FV-4b required proofs	Prove checkpoint tail-drop rejection	2026-08-19T03:08:20.2344679Z 
FV-4b required proofs	Prove checkpoint tail-drop rejection	2026-08-19T03:08:20.2345090Z Check 26: <std::result::Result<(), EdisonError> as std::cmp::PartialEq>::eq.pointer_dereference.9
FV-4b required proofs	Prove checkpoint tail-drop rejection	2026-08-19T03:08:20.2345647Z 	 - Status: SUCCESS
FV-4b required proofs	Prove checkpoint tail-drop rejection	2026-08-19T03:08:20.2346290Z 	 - Description: "dereference failure: deallocated dynamic object"
FV-4b required proofs	Prove checkpoint tail-drop rejection	2026-08-19T03:08:20.2347460Z 	 - Location: ../../../.rustup/toolchains/nightly-2025-11-21-x86_64-unknown-linux-gnu/lib/rustlib/src/rust/library/core/src/result.rs:553:16 in function <std::result::Result<(), EdisonError> as std::cmp::PartialEq>::eq
FV-4b required proofs	Prove checkpoint tail-drop rejection	2026-08-19T03:08:20.2348320Z 
FV-4b required proofs	Prove checkpoint tail-drop rejection	2026-08-19T03:08:20.2348608Z Check 27: <std::result::Result<(), EdisonError> as std::cmp::PartialEq>::eq.pointer_dereference.10
FV-4b required proofs	Prove checkpoint tail-drop rejection	2026-08-19T03:08:20.2349187Z 	 - Status: SUCCESS
FV-4b required proofs	Prove checkpoint tail-drop rejection	2026-08-19T03:08:20.2349578Z 	 - Description: "dereference failure: dead object"
FV-4b required proofs	Prove checkpoint tail-drop rejection	2026-08-19T03:08:20.2350571Z 	 - Location: ../../../.rustup/toolchains/nightly-2025-11-21-x86_64-unknown-linux-gnu/lib/rustlib/src/rust/library/core/src/result.rs:553:16 in function <std::result::Result<(), EdisonError> as std::cmp::PartialEq>::eq
FV-4b required proofs	Prove checkpoint tail-drop rejection	2026-08-19T03:08:20.2351440Z 
FV-4b required proofs	Prove checkpoint tail-drop rejection	2026-08-19T03:08:20.2351811Z Check 28: <std::result::Result<(), EdisonError> as std::cmp::PartialEq>::eq.pointer_dereference.11
FV-4b required proofs	Prove checkpoint tail-drop rejection	2026-08-19T03:08:20.2352355Z 	 - Status: SUCCESS
FV-4b required proofs	Prove checkpoint tail-drop rejection	2026-08-19T03:08:20.2352791Z 	 - Description: "dereference failure: pointer outside object bounds"
FV-4b required proofs	Prove checkpoint tail-drop rejection	2026-08-19T03:08:20.2354078Z 	 - Location: ../../../.rustup/toolchains/nightly-2025-11-21-x86_64-unknown-linux-gnu/lib/rustlib/src/rust/library/core/src/result.rs:553:16 in function <std::result::Result<(), EdisonError> as std::cmp::PartialEq>::eq
FV-4b required proofs	Prove checkpoint tail-drop rejection	2026-08-19T03:08:20.2354890Z 
FV-4b required proofs	Prove checkpoint tail-drop rejection	2026-08-19T03:08:20.2355226Z Check 29: <std::result::Result<(), EdisonError> as std::cmp::PartialEq>::eq.pointer_dereference.12
FV-4b required proofs	Prove checkpoint tail-drop rejection	2026-08-19T03:08:20.2356142Z 	 - Status: SUCCESS
FV-4b required proofs	Prove checkpoint tail-drop rejection	2026-08-19T03:08:20.2356644Z 	 - Description: "dereference failure: invalid integer address"
FV-4b required proofs	Prove checkpoint tail-drop rejection	2026-08-19T03:08:20.2357695Z 	 - Location: ../../../.rustup/toolchains/nightly-2025-11-21-x86_64-unknown-linux-gnu/lib/rustlib/src/rust/library/core/src/result.rs:553:16 in function <std::result::Result<(), EdisonError> as std::cmp::PartialEq>::eq
FV-4b required proofs	Prove checkpoint tail-drop rejection	2026-08-19T03:08:20.2358677Z 
FV-4b required proofs	Prove checkpoint tail-drop rejection	2026-08-19T03:08:20.2358975Z Check 30: <std::result::Result<(), EdisonError> as std::cmp::PartialEq>::eq.pointer_dereference.13
FV-4b required proofs	Prove checkpoint tail-drop rejection	2026-08-19T03:08:20.2359706Z 	 - Status: SUCCESS
FV-4b required proofs	Prove checkpoint tail-drop rejection	2026-08-19T03:08:20.2360166Z 	 - Description: "dereference failure: pointer NULL"
FV-4b required proofs	Prove checkpoint tail-drop rejection	2026-08-19T03:08:20.2361199Z 	 - Location: ../../../.rustup/toolchains/nightly-2025-11-21-x86_64-unknown-linux-gnu/lib/rustlib/src/rust/library/core/src/result.rs:553:16 in function <std::result::Result<(), EdisonError> as std::cmp::PartialEq>::eq
FV-4b required proofs	Prove checkpoint tail-drop rejection	2026-08-19T03:08:20.2362047Z 
FV-4b required proofs	Prove checkpoint tail-drop rejection	2026-08-19T03:08:20.2362359Z Check 31: <std::result::Result<(), EdisonError> as std::cmp::PartialEq>::eq.pointer_dereference.14
FV-4b required proofs	Prove checkpoint tail-drop rejection	2026-08-19T03:08:20.2362974Z 	 - Status: SUCCESS
FV-4b required proofs	Prove checkpoint tail-drop rejection	2026-08-19T03:08:20.2363360Z 	 - Description: "dereference failure: pointer invalid"
FV-4b required proofs	Prove checkpoint tail-drop rejection	2026-08-19T03:08:20.2364386Z 	 - Location: ../../../.rustup/toolchains/nightly-2025-11-21-x86_64-unknown-linux-gnu/lib/rustlib/src/rust/library/core/src/result.rs:553:16 in function <std::result::Result<(), EdisonError> as std::cmp::PartialEq>::eq
FV-4b required proofs	Prove checkpoint tail-drop rejection	2026-08-19T03:08:20.2365202Z 
FV-4b required proofs	Prove checkpoint tail-drop rejection	2026-08-19T03:08:20.2365547Z Check 32: <std::result::Result<(), EdisonError> as std::cmp::PartialEq>::eq.pointer_dereference.15
FV-4b required proofs	Prove checkpoint tail-drop rejection	2026-08-19T03:08:20.2366465Z 	 - Status: SUCCESS
FV-4b required proofs	Prove checkpoint tail-drop rejection	2026-08-19T03:08:20.2366972Z 	 - Description: "dereference failure: deallocated dynamic object"
FV-4b required proofs	Prove checkpoint tail-drop rejection	2026-08-19T03:08:20.2368048Z 	 - Location: ../../../.rustup/toolchains/nightly-2025-11-21-x86_64-unknown-linux-gnu/lib/rustlib/src/rust/library/core/src/result.rs:553:16 in function <std::result::Result<(), EdisonError> as std::cmp::PartialEq>::eq
FV-4b required proofs	Prove checkpoint tail-drop rejection	2026-08-19T03:08:20.2368892Z 
FV-4b required proofs	Prove checkpoint tail-drop rejection	2026-08-19T03:08:20.2369164Z Check 33: <std::result::Result<(), EdisonError> as std::cmp::PartialEq>::eq.pointer_dereference.16
FV-4b required proofs	Prove checkpoint tail-drop rejection	2026-08-19T03:08:20.2369788Z 	 - Status: SUCCESS
FV-4b required proofs	Prove checkpoint tail-drop rejection	2026-08-19T03:08:20.2370164Z 	 - Description: "dereference failure: dead object"
FV-4b required proofs	Prove checkpoint tail-drop rejection	2026-08-19T03:08:20.2371204Z 	 - Location: ../../../.rustup/toolchains/nightly-2025-11-21-x86_64-unknown-linux-gnu/lib/rustlib/src/rust/library/core/src/result.rs:553:16 in function <std::result::Result<(), EdisonError> as std::cmp::PartialEq>::eq
FV-4b required proofs	Prove checkpoint tail-drop rejection	2026-08-19T03:08:20.2372057Z 
FV-4b required proofs	Prove checkpoint tail-drop rejection	2026-08-19T03:08:20.2372423Z Check 34: <std::result::Result<(), EdisonError> as std::cmp::PartialEq>::eq.pointer_dereference.17
FV-4b required proofs	Prove checkpoint tail-drop rejection	2026-08-19T03:08:20.2372981Z 	 - Status: SUCCESS
FV-4b required proofs	Prove checkpoint tail-drop rejection	2026-08-19T03:08:20.2373496Z 	 - Description: "dereference failure: pointer outside object bounds"
FV-4b required proofs	Prove checkpoint tail-drop rejection	2026-08-19T03:08:20.2374546Z 	 - Location: ../../../.rustup/toolchains/nightly-2025-11-21-x86_64-unknown-linux-gnu/lib/rustlib/src/rust/library/core/src/result.rs:553:16 in function <std::result::Result<(), EdisonError> as std::cmp::PartialEq>::eq
FV-4b required proofs	Prove checkpoint tail-drop rejection	2026-08-19T03:08:20.2375351Z 
FV-4b required proofs	Prove checkpoint tail-drop rejection	2026-08-19T03:08:20.2375920Z Check 35: <std::result::Result<(), EdisonError> as std::cmp::PartialEq>::eq.pointer_dereference.18
FV-4b required proofs	Prove checkpoint tail-drop rejection	2026-08-19T03:08:20.2376714Z 	 - Status: SUCCESS
FV-4b required proofs	Prove checkpoint tail-drop rejection	2026-08-19T03:08:20.2377136Z 	 - Description: "dereference failure: invalid integer address"
FV-4b required proofs	Prove checkpoint tail-drop rejection	2026-08-19T03:08:20.2378271Z 	 - Location: ../../../.rustup/toolchains/nightly-2025-11-21-x86_64-unknown-linux-gnu/lib/rustlib/src/rust/library/core/src/result.rs:553:16 in function <std::result::Result<(), EdisonError> as std::cmp::PartialEq>::eq
FV-4b required proofs	Prove checkpoint tail-drop rejection	2026-08-19T03:08:20.2379386Z 
FV-4b required proofs	Prove checkpoint tail-drop rejection	2026-08-19T03:08:20.2379680Z Check 36: <std::result::Result<(), EdisonError> as std::cmp::PartialEq>::eq.pointer_dereference.19
FV-4b required proofs	Prove checkpoint tail-drop rejection	2026-08-19T03:08:20.2380213Z 	 - Status: SUCCESS
FV-4b required proofs	Prove checkpoint tail-drop rejection	2026-08-19T03:08:20.2380690Z 	 - Description: "dereference failure: pointer NULL"
FV-4b required proofs	Prove checkpoint tail-drop rejection	2026-08-19T03:08:20.2381706Z 	 - Location: ../../../.rustup/toolchains/nightly-2025-11-21-x86_64-unknown-linux-gnu/lib/rustlib/src/rust/library/core/src/result.rs:553:16 in function <std::result::Result<(), EdisonError> as std::cmp::PartialEq>::eq
FV-4b required proofs	Prove checkpoint tail-drop rejection	2026-08-19T03:08:20.2382535Z 
FV-4b required proofs	Prove checkpoint tail-drop rejection	2026-08-19T03:08:20.2382960Z Check 37: <std::result::Result<(), EdisonError> as std::cmp::PartialEq>::eq.pointer_dereference.20
FV-4b required proofs	Prove checkpoint tail-drop rejection	2026-08-19T03:08:20.2383512Z 	 - Status: SUCCESS
FV-4b required proofs	Prove checkpoint tail-drop rejection	2026-08-19T03:08:20.2383879Z 	 - Description: "dereference failure: pointer invalid"
FV-4b required proofs	Prove checkpoint tail-drop rejection	2026-08-19T03:08:20.2384958Z 	 - Location: ../../../.rustup/toolchains/nightly-2025-11-21-x86_64-unknown-linux-gnu/lib/rustlib/src/rust/library/core/src/result.rs:553:16 in function <std::result::Result<(), EdisonError> as std::cmp::PartialEq>::eq
FV-4b required proofs	Prove checkpoint tail-drop rejection	2026-08-19T03:08:20.2386196Z 
FV-4b required proofs	Prove checkpoint tail-drop rejection	2026-08-19T03:08:20.2386575Z Check 38: <std::result::Result<(), EdisonError> as std::cmp::PartialEq>::eq.pointer_dereference.21
FV-4b required proofs	Prove checkpoint tail-drop rejection	2026-08-19T03:08:20.2387185Z 	 - Status: SUCCESS
FV-4b required proofs	Prove checkpoint tail-drop rejection	2026-08-19T03:08:20.2387628Z 	 - Description: "dereference failure: deallocated dynamic object"
FV-4b required proofs	Prove checkpoint tail-drop rejection	2026-08-19T03:08:20.2388699Z 	 - Location: ../../../.rustup/toolchains/nightly-2025-11-21-x86_64-unknown-linux-gnu/lib/rustlib/src/rust/library/core/src/result.rs:553:16 in function <std::result::Result<(), EdisonError> as std::cmp::PartialEq>::eq
FV-4b required proofs	Prove checkpoint tail-drop rejection	2026-08-19T03:08:20.2389577Z 
FV-4b required proofs	Prove checkpoint tail-drop rejection	2026-08-19T03:08:20.2389880Z Check 39: <std::result::Result<(), EdisonError> as std::cmp::PartialEq>::eq.pointer_dereference.22
FV-4b required proofs	Prove checkpoint tail-drop rejection	2026-08-19T03:08:20.2390448Z 	 - Status: SUCCESS
FV-4b required proofs	Prove checkpoint tail-drop rejection	2026-08-19T03:08:20.2390782Z 	 - Description: "dereference failure: dead object"
FV-4b required proofs	Prove checkpoint tail-drop rejection	2026-08-19T03:08:20.2391861Z 	 - Location: ../../../.rustup/toolchains/nightly-2025-11-21-x86_64-unknown-linux-gnu/lib/rustlib/src/rust/library/core/src/result.rs:553:16 in function <std::result::Result<(), EdisonError> as std::cmp::PartialEq>::eq
FV-4b required proofs	Prove checkpoint tail-drop rejection	2026-08-19T03:08:20.2392733Z 
FV-4b required proofs	Prove checkpoint tail-drop rejection	2026-08-19T03:08:20.2393059Z Check 40: <std::result::Result<(), EdisonError> as std::cmp::PartialEq>::eq.pointer_dereference.23
FV-4b required proofs	Prove checkpoint tail-drop rejection	2026-08-19T03:08:20.2393670Z 	 - Status: SUCCESS
FV-4b required proofs	Prove checkpoint tail-drop rejection	2026-08-19T03:08:20.2394112Z 	 - Description: "dereference failure: pointer outside object bounds"
FV-4b required proofs	Prove checkpoint tail-drop rejection	2026-08-19T03:08:20.2395144Z 	 - Location: ../../../.rustup/toolchains/nightly-2025-11-21-x86_64-unknown-linux-gnu/lib/rustlib/src/rust/library/core/src/result.rs:553:16 in function <std::result::Result<(), EdisonError> as std::cmp::PartialEq>::eq
FV-4b required proofs	Prove checkpoint tail-drop rejection	2026-08-19T03:08:20.2396360Z 
FV-4b required proofs	Prove checkpoint tail-drop rejection	2026-08-19T03:08:20.2396753Z Check 41: <std::result::Result<(), EdisonError> as std::cmp::PartialEq>::eq.pointer_dereference.24
FV-4b required proofs	Prove checkpoint tail-drop rejection	2026-08-19T03:08:20.2397332Z 	 - Status: SUCCESS
FV-4b required proofs	Prove checkpoint tail-drop rejection	2026-08-19T03:08:20.2397769Z 	 - Description: "dereference failure: invalid integer address"
FV-4b required proofs	Prove checkpoint tail-drop rejection	2026-08-19T03:08:20.2398845Z 	 - Location: ../../../.rustup/toolchains/nightly-2025-11-21-x86_64-unknown-linux-gnu/lib/rustlib/src/rust/library/core/src/result.rs:553:16 in function <std::result::Result<(), EdisonError> as std::cmp::PartialEq>::eq
FV-4b required proofs	Prove checkpoint tail-drop rejection	2026-08-19T03:08:20.2399696Z 
FV-4b required proofs	Prove checkpoint tail-drop rejection	2026-08-19T03:08:20.2399982Z Check 42: <std::result::Result<(), EdisonError> as std::cmp::PartialEq>::eq.pointer_dereference.25
FV-4b required proofs	Prove checkpoint tail-drop rejection	2026-08-19T03:08:20.2400597Z 	 - Status: SUCCESS
FV-4b required proofs	Prove checkpoint tail-drop rejection	2026-08-19T03:08:20.2400980Z 	 - Description: "dereference failure: pointer NULL"
FV-4b required proofs	Prove checkpoint tail-drop rejection	2026-08-19T03:08:20.2402023Z 	 - Location: ../../../.rustup/toolchains/nightly-2025-11-21-x86_64-unknown-linux-gnu/lib/rustlib/src/rust/library/core/src/result.rs:553:16 in function <std::result::Result<(), EdisonError> as std::cmp::PartialEq>::eq
FV-4b required proofs	Prove checkpoint tail-drop rejection	2026-08-19T03:08:20.2402953Z 
FV-4b required proofs	Prove checkpoint tail-drop rejection	2026-08-19T03:08:20.2403287Z Check 43: <std::result::Result<(), EdisonError> as std::cmp::PartialEq>::eq.pointer_dereference.26
FV-4b required proofs	Prove checkpoint tail-drop rejection	2026-08-19T03:08:20.2403836Z 	 - Status: SUCCESS
FV-4b required proofs	Prove checkpoint tail-drop rejection	2026-08-19T03:08:20.2404276Z 	 - Description: "dereference failure: pointer invalid"
FV-4b required proofs	Prove checkpoint tail-drop rejection	2026-08-19T03:08:20.2405512Z 	 - Location: ../../../.rustup/toolchains/nightly-2025-11-21-x86_64-unknown-linux-gnu/lib/rustlib/src/rust/library/core/src/result.rs:553:16 in function <std::result::Result<(), EdisonError> as std::cmp::PartialEq>::eq
FV-4b required proofs	Prove checkpoint tail-drop rejection	2026-08-19T03:08:20.2406716Z 
FV-4b required proofs	Prove checkpoint tail-drop rejection	2026-08-19T03:08:20.2407049Z Check 44: <std::result::Result<(), EdisonError> as std::cmp::PartialEq>::eq.pointer_dereference.27
FV-4b required proofs	Prove checkpoint tail-drop rejection	2026-08-19T03:08:20.2407725Z 	 - Status: SUCCESS
FV-4b required proofs	Prove checkpoint tail-drop rejection	2026-08-19T03:08:20.2408146Z 	 - Description: "dereference failure: deallocated dynamic object"
FV-4b required proofs	Prove checkpoint tail-drop rejection	2026-08-19T03:08:20.2409246Z 	 - Location: ../../../.rustup/toolchains/nightly-2025-11-21-x86_64-unknown-linux-gnu/lib/rustlib/src/rust/library/core/src/result.rs:553:16 in function <std::result::Result<(), EdisonError> as std::cmp::PartialEq>::eq
FV-4b required proofs	Prove checkpoint tail-drop rejection	2026-08-19T03:08:20.2410100Z 
FV-4b required proofs	Prove checkpoint tail-drop rejection	2026-08-19T03:08:20.2410384Z Check 45: <std::result::Result<(), EdisonError> as std::cmp::PartialEq>::eq.pointer_dereference.28
FV-4b required proofs	Prove checkpoint tail-drop rejection	2026-08-19T03:08:20.2410946Z 	 - Status: SUCCESS
FV-4b required proofs	Prove checkpoint tail-drop rejection	2026-08-19T03:08:20.2411532Z 	 - Description: "dereference failure: dead object"
FV-4b required proofs	Prove checkpoint tail-drop rejection	2026-08-19T03:08:20.2412530Z 	 - Location: ../../../.rustup/toolchains/nightly-2025-11-21-x86_64-unknown-linux-gnu/lib/rustlib/src/rust/library/core/src/result.rs:553:16 in function <std::result::Result<(), EdisonError> as std::cmp::PartialEq>::eq
FV-4b required proofs	Prove checkpoint tail-drop rejection	2026-08-19T03:08:20.2413382Z 
FV-4b required proofs	Prove checkpoint tail-drop rejection	2026-08-19T03:08:20.2413747Z Check 46: <std::result::Result<(), EdisonError> as std::cmp::PartialEq>::eq.pointer_dereference.29
FV-4b required proofs	Prove checkpoint tail-drop rejection	2026-08-19T03:08:20.2414320Z 	 - Status: SUCCESS
FV-4b required proofs	Prove checkpoint tail-drop rejection	2026-08-19T03:08:20.2414751Z 	 - Description: "dereference failure: pointer outside object bounds"
FV-4b required proofs	Prove checkpoint tail-drop rejection	2026-08-19T03:08:20.2416102Z 	 - Location: ../../../.rustup/toolchains/nightly-2025-11-21-x86_64-unknown-linux-gnu/lib/rustlib/src/rust/library/core/src/result.rs:553:16 in function <std::result::Result<(), EdisonError> as std::cmp::PartialEq>::eq
FV-4b required proofs	Prove checkpoint tail-drop rejection	2026-08-19T03:08:20.2416926Z 
FV-4b required proofs	Prove checkpoint tail-drop rejection	2026-08-19T03:08:20.2417285Z Check 47: <std::result::Result<(), EdisonError> as std::cmp::PartialEq>::eq.pointer_dereference.30
FV-4b required proofs	Prove checkpoint tail-drop rejection	2026-08-19T03:08:20.2417825Z 	 - Status: SUCCESS
FV-4b required proofs	Prove checkpoint tail-drop rejection	2026-08-19T03:08:20.2418329Z 	 - Description: "dereference failure: invalid integer address"
FV-4b required proofs	Prove checkpoint tail-drop rejection	2026-08-19T03:08:20.2419385Z 	 - Location: ../../../.rustup/toolchains/nightly-2025-11-21-x86_64-unknown-linux-gnu/lib/rustlib/src/rust/library/core/src/result.rs:553:16 in function <std::result::Result<(), EdisonError> as std::cmp::PartialEq>::eq
FV-4b required proofs	Prove checkpoint tail-drop rejection	2026-08-19T03:08:20.2420211Z 
FV-4b required proofs	Prove checkpoint tail-drop rejection	2026-08-19T03:08:20.2420451Z Check 48: validate_audit_checkpoint.pointer_dereference.1
FV-4b required proofs	Prove checkpoint tail-drop rejection	2026-08-19T03:08:20.2420931Z 	 - Status: SUCCESS
FV-4b required proofs	Prove checkpoint tail-drop rejection	2026-08-19T03:08:20.2421296Z 	 - Description: "dereference failure: pointer NULL"
FV-4b required proofs	Prove checkpoint tail-drop rejection	2026-08-19T03:08:20.2421860Z 	 - Location: src/lib.rs:374:8 in function validate_audit_checkpoint
FV-4b required proofs	Prove checkpoint tail-drop rejection	2026-08-19T03:08:20.2422224Z 
FV-4b required proofs	Prove checkpoint tail-drop rejection	2026-08-19T03:08:20.2422404Z Check 49: validate_audit_checkpoint.pointer_dereference.2
FV-4b required proofs	Prove checkpoint tail-drop rejection	2026-08-19T03:08:20.2422817Z 	 - Status: SUCCESS
FV-4b required proofs	Prove checkpoint tail-drop rejection	2026-08-19T03:08:20.2423283Z 	 - Description: "dereference failure: pointer invalid"
FV-4b required proofs	Prove checkpoint tail-drop rejection	2026-08-19T03:08:20.2423792Z 	 - Location: src/lib.rs:374:8 in function validate_audit_checkpoint
FV-4b required proofs	Prove checkpoint tail-drop rejection	2026-08-19T03:08:20.2424124Z 
FV-4b required proofs	Prove checkpoint tail-drop rejection	2026-08-19T03:08:20.2424439Z Check 50: validate_audit_checkpoint.pointer_dereference.3
FV-4b required proofs	Prove checkpoint tail-drop rejection	2026-08-19T03:08:20.2424873Z 	 - Status: SUCCESS
FV-4b required proofs	Prove checkpoint tail-drop rejection	2026-08-19T03:08:20.2425255Z 	 - Description: "dereference failure: deallocated dynamic object"
FV-4b required proofs	Prove checkpoint tail-drop rejection	2026-08-19T03:08:20.2426115Z 	 - Location: src/lib.rs:374:8 in function validate_audit_checkpoint
FV-4b required proofs	Prove checkpoint tail-drop rejection	2026-08-19T03:08:20.2426430Z 
FV-4b required proofs	Prove checkpoint tail-drop rejection	2026-08-19T03:08:20.2426657Z Check 51: validate_audit_checkpoint.pointer_dereference.4
FV-4b required proofs	Prove checkpoint tail-drop rejection	2026-08-19T03:08:20.2427125Z 	 - Status: SUCCESS
FV-4b required proofs	Prove checkpoint tail-drop rejection	2026-08-19T03:08:20.2427520Z 	 - Description: "dereference failure: dead object"
FV-4b required proofs	Prove checkpoint tail-drop rejection	2026-08-19T03:08:20.2428020Z 	 - Location: src/lib.rs:374:8 in function validate_audit_checkpoint
FV-4b required proofs	Prove checkpoint tail-drop rejection	2026-08-19T03:08:20.2428293Z 
FV-4b required proofs	Prove checkpoint tail-drop rejection	2026-08-19T03:08:20.2428604Z Check 52: validate_audit_checkpoint.pointer_dereference.5
FV-4b required proofs	Prove checkpoint tail-drop rejection	2026-08-19T03:08:20.2429028Z 	 - Status: SUCCESS
FV-4b required proofs	Prove checkpoint tail-drop rejection	2026-08-19T03:08:20.2429428Z 	 - Description: "dereference failure: pointer outside object bounds"
FV-4b required proofs	Prove checkpoint tail-drop rejection	2026-08-19T03:08:20.2430251Z 	 - Location: src/lib.rs:374:8 in function validate_audit_checkpoint
FV-4b required proofs	Prove checkpoint tail-drop rejection	2026-08-19T03:08:20.2430546Z 
FV-4b required proofs	Prove checkpoint tail-drop rejection	2026-08-19T03:08:20.2430770Z Check 53: validate_audit_checkpoint.pointer_dereference.6
FV-4b required proofs	Prove checkpoint tail-drop rejection	2026-08-19T03:08:20.2431241Z 	 - Status: SUCCESS
FV-4b required proofs	Prove checkpoint tail-drop rejection	2026-08-19T03:08:20.2431654Z 	 - Description: "dereference failure: invalid integer address"
FV-4b required proofs	Prove checkpoint tail-drop rejection	2026-08-19T03:08:20.2432195Z 	 - Location: src/lib.rs:374:8 in function validate_audit_checkpoint
FV-4b required proofs	Prove checkpoint tail-drop rejection	2026-08-19T03:08:20.2432568Z 
FV-4b required proofs	Prove checkpoint tail-drop rejection	2026-08-19T03:08:20.2432763Z Check 54: validate_audit_checkpoint.pointer_dereference.7
FV-4b required proofs	Prove checkpoint tail-drop rejection	2026-08-19T03:08:20.2433184Z 	 - Status: SUCCESS
FV-4b required proofs	Prove checkpoint tail-drop rejection	2026-08-19T03:08:20.2433530Z 	 - Description: "dereference failure: dead object"
FV-4b required proofs	Prove checkpoint tail-drop rejection	2026-08-19T03:08:20.2434092Z 	 - Location: src/lib.rs:378:5 in function validate_audit_checkpoint
FV-4b required proofs	Prove checkpoint tail-drop rejection	2026-08-19T03:08:20.2434448Z 
FV-4b required proofs	Prove checkpoint tail-drop rejection	2026-08-19T03:08:20.2434743Z Check 55: std::cmp::impls::<impl std::cmp::PartialEq for &EdisonError>::eq.pointer_dereference.1
FV-4b required proofs	Prove checkpoint tail-drop rejection	2026-08-19T03:08:20.2435226Z 	 - Status: SUCCESS
FV-4b required proofs	Prove checkpoint tail-drop rejection	2026-08-19T03:08:20.2435621Z 	 - Description: "dereference failure: pointer NULL"
FV-4b required proofs	Prove checkpoint tail-drop rejection	2026-08-19T03:08:20.2436770Z 	 - Location: ../../../.rustup/toolchains/nightly-2025-11-21-x86_64-unknown-linux-gnu/lib/rustlib/src/rust/library/core/src/cmp.rs:2090:27 in function std::cmp::impls::<impl std::cmp::PartialEq for &EdisonError>::eq
FV-4b required proofs	Prove checkpoint tail-drop rejection	2026-08-19T03:08:20.2437526Z 
FV-4b required proofs	Prove checkpoint tail-drop rejection	2026-08-19T03:08:20.2437768Z Check 56: std::cmp::impls::<impl std::cmp::PartialEq for &EdisonError>::eq.pointer_dereference.2
FV-4b required proofs	Prove checkpoint tail-drop rejection	2026-08-19T03:08:20.2438183Z 	 - Status: SUCCESS
FV-4b required proofs	Prove checkpoint tail-drop rejection	2026-08-19T03:08:20.2438427Z 	 - Description: "dereference failure: pointer invalid"
FV-4b required proofs	Prove checkpoint tail-drop rejection	2026-08-19T03:08:20.2439300Z 	 - Location: ../../../.rustup/toolchains/nightly-2025-11-21-x86_64-unknown-linux-gnu/lib/rustlib/src/rust/library/core/src/cmp.rs:2090:27 in function std::cmp::impls::<impl std::cmp::PartialEq for &EdisonError>::eq
FV-4b required proofs	Prove checkpoint tail-drop rejection	2026-08-19T03:08:20.2440048Z 
FV-4b required proofs	Prove checkpoint tail-drop rejection	2026-08-19T03:08:20.2440282Z Check 57: std::cmp::impls::<impl std::cmp::PartialEq for &EdisonError>::eq.pointer_dereference.3
FV-4b required proofs	Prove checkpoint tail-drop rejection	2026-08-19T03:08:20.2440708Z 	 - Status: SUCCESS
FV-4b required proofs	Prove checkpoint tail-drop rejection	2026-08-19T03:08:20.2440987Z 	 - Description: "dereference failure: deallocated dynamic object"
FV-4b required proofs	Prove checkpoint tail-drop rejection	2026-08-19T03:08:20.2441892Z 	 - Location: ../../../.rustup/toolchains/nightly-2025-11-21-x86_64-unknown-linux-gnu/lib/rustlib/src/rust/library/core/src/cmp.rs:2090:27 in function std::cmp::impls::<impl std::cmp::PartialEq for &EdisonError>::eq
FV-4b required proofs	Prove checkpoint tail-drop rejection	2026-08-19T03:08:20.2442629Z 
FV-4b required proofs	Prove checkpoint tail-drop rejection	2026-08-19T03:08:20.2442866Z Check 58: std::cmp::impls::<impl std::cmp::PartialEq for &EdisonError>::eq.pointer_dereference.4
FV-4b required proofs	Prove checkpoint tail-drop rejection	2026-08-19T03:08:20.2443271Z 	 - Status: SUCCESS
FV-4b required proofs	Prove checkpoint tail-drop rejection	2026-08-19T03:08:20.2443497Z 	 - Description: "dereference failure: dead object"
FV-4b required proofs	Prove checkpoint tail-drop rejection	2026-08-19T03:08:20.2444342Z 	 - Location: ../../../.rustup/toolchains/nightly-2025-11-21-x86_64-unknown-linux-gnu/lib/rustlib/src/rust/library/core/src/cmp.rs:2090:27 in function std::cmp::impls::<impl std::cmp::PartialEq for &EdisonError>::eq
FV-4b required proofs	Prove checkpoint tail-drop rejection	2026-08-19T03:08:20.2445075Z 
FV-4b required proofs	Prove checkpoint tail-drop rejection	2026-08-19T03:08:20.2445312Z Check 59: std::cmp::impls::<impl std::cmp::PartialEq for &EdisonError>::eq.pointer_dereference.5
FV-4b required proofs	Prove checkpoint tail-drop rejection	2026-08-19T03:08:20.2446019Z 	 - Status: SUCCESS
FV-4b required proofs	Prove checkpoint tail-drop rejection	2026-08-19T03:08:20.2446340Z 	 - Description: "dereference failure: pointer outside object bounds"
FV-4b required proofs	Prove checkpoint tail-drop rejection	2026-08-19T03:08:20.2447281Z 	 - Location: ../../../.rustup/toolchains/nightly-2025-11-21-x86_64-unknown-linux-gnu/lib/rustlib/src/rust/library/core/src/cmp.rs:2090:27 in function std::cmp::impls::<impl std::cmp::PartialEq for &EdisonError>::eq
FV-4b required proofs	Prove checkpoint tail-drop rejection	2026-08-19T03:08:20.2448030Z 
FV-4b required proofs	Prove checkpoint tail-drop rejection	2026-08-19T03:08:20.2448268Z Check 60: std::cmp::impls::<impl std::cmp::PartialEq for &EdisonError>::eq.pointer_dereference.6
FV-4b required proofs	Prove checkpoint tail-drop rejection	2026-08-19T03:08:20.2448682Z 	 - Status: SUCCESS
FV-4b required proofs	Prove checkpoint tail-drop rejection	2026-08-19T03:08:20.2448968Z 	 - Description: "dereference failure: invalid integer address"
FV-4b required proofs	Prove checkpoint tail-drop rejection	2026-08-19T03:08:20.2449859Z 	 - Location: ../../../.rustup/toolchains/nightly-2025-11-21-x86_64-unknown-linux-gnu/lib/rustlib/src/rust/library/core/src/cmp.rs:2090:27 in function std::cmp::impls::<impl std::cmp::PartialEq for &EdisonError>::eq
FV-4b required proofs	Prove checkpoint tail-drop rejection	2026-08-19T03:08:20.2450599Z 
FV-4b required proofs	Prove checkpoint tail-drop rejection	2026-08-19T03:08:20.2451009Z Check 61: std::cmp::impls::<impl std::cmp::PartialEq for &EdisonError>::eq.pointer_dereference.7
FV-4b required proofs	Prove checkpoint tail-drop rejection	2026-08-19T03:08:20.2451430Z 	 - Status: SUCCESS
FV-4b required proofs	Prove checkpoint tail-drop rejection	2026-08-19T03:08:20.2451676Z 	 - Description: "dereference failure: pointer NULL"
FV-4b required proofs	Prove checkpoint tail-drop rejection	2026-08-19T03:08:20.2452541Z 	 - Location: ../../../.rustup/toolchains/nightly-2025-11-21-x86_64-unknown-linux-gnu/lib/rustlib/src/rust/library/core/src/cmp.rs:2090:34 in function std::cmp::impls::<impl std::cmp::PartialEq for &EdisonError>::eq
FV-4b required proofs	Prove checkpoint tail-drop rejection	2026-08-19T03:08:20.2453274Z 
FV-4b required proofs	Prove checkpoint tail-drop rejection	2026-08-19T03:08:20.2453513Z Check 62: std::cmp::impls::<impl std::cmp::PartialEq for &EdisonError>::eq.pointer_dereference.8
FV-4b required proofs	Prove checkpoint tail-drop rejection	2026-08-19T03:08:20.2453922Z 	 - Status: SUCCESS
FV-4b required proofs	Prove checkpoint tail-drop rejection	2026-08-19T03:08:20.2454168Z 	 - Description: "dereference failure: pointer invalid"
FV-4b required proofs	Prove checkpoint tail-drop rejection	2026-08-19T03:08:20.2455026Z 	 - Location: ../../../.rustup/toolchains/nightly-2025-11-21-x86_64-unknown-linux-gnu/lib/rustlib/src/rust/library/core/src/cmp.rs:2090:34 in function std::cmp::impls::<impl std::cmp::PartialEq for &EdisonError>::eq
FV-4b required proofs	Prove checkpoint tail-drop rejection	2026-08-19T03:08:20.2456169Z 
FV-4b required proofs	Prove checkpoint tail-drop rejection	2026-08-19T03:08:20.2456416Z Check 63: std::cmp::impls::<impl std::cmp::PartialEq for &EdisonError>::eq.pointer_dereference.9
FV-4b required proofs	Prove checkpoint tail-drop rejection	2026-08-19T03:08:20.2456831Z 	 - Status: SUCCESS
FV-4b required proofs	Prove checkpoint tail-drop rejection	2026-08-19T03:08:20.2457114Z 	 - Description: "dereference failure: deallocated dynamic object"
FV-4b required proofs	Prove checkpoint tail-drop rejection	2026-08-19T03:08:20.2458012Z 	 - Location: ../../../.rustup/toolchains/nightly-2025-11-21-x86_64-unknown-linux-gnu/lib/rustlib/src/rust/library/core/src/cmp.rs:2090:34 in function std::cmp::impls::<impl std::cmp::PartialEq for &EdisonError>::eq
FV-4b required proofs	Prove checkpoint tail-drop rejection	2026-08-19T03:08:20.2458753Z 
FV-4b required proofs	Prove checkpoint tail-drop rejection	2026-08-19T03:08:20.2458995Z Check 64: std::cmp::impls::<impl std::cmp::PartialEq for &EdisonError>::eq.pointer_dereference.10
FV-4b required proofs	Prove checkpoint tail-drop rejection	2026-08-19T03:08:20.2459423Z 	 - Status: SUCCESS
FV-4b required proofs	Prove checkpoint tail-drop rejection	2026-08-19T03:08:20.2459653Z 	 - Description: "dereference failure: dead object"
FV-4b required proofs	Prove checkpoint tail-drop rejection	2026-08-19T03:08:20.2460521Z 	 - Location: ../../../.rustup/toolchains/nightly-2025-11-21-x86_64-unknown-linux-gnu/lib/rustlib/src/rust/library/core/src/cmp.rs:2090:34 in function std::cmp::impls::<impl std::cmp::PartialEq for &EdisonError>::eq
FV-4b required proofs	Prove checkpoint tail-drop rejection	2026-08-19T03:08:20.2461279Z 
FV-4b required proofs	Prove checkpoint tail-drop rejection	2026-08-19T03:08:20.2461521Z Check 65: std::cmp::impls::<impl std::cmp::PartialEq for &EdisonError>::eq.pointer_dereference.11
FV-4b required proofs	Prove checkpoint tail-drop rejection	2026-08-19T03:08:20.2461933Z 	 - Status: SUCCESS
FV-4b required proofs	Prove checkpoint tail-drop rejection	2026-08-19T03:08:20.2462221Z 	 - Description: "dereference failure: pointer outside object bounds"
FV-4b required proofs	Prove checkpoint tail-drop rejection	2026-08-19T03:08:20.2463124Z 	 - Location: ../../../.rustup/toolchains/nightly-2025-11-21-x86_64-unknown-linux-gnu/lib/rustlib/src/rust/library/core/src/cmp.rs:2090:34 in function std::cmp::impls::<impl std::cmp::PartialEq for &EdisonError>::eq
FV-4b required proofs	Prove checkpoint tail-drop rejection	2026-08-19T03:08:20.2463854Z 
FV-4b required proofs	Prove checkpoint tail-drop rejection	2026-08-19T03:08:20.2464101Z Check 66: std::cmp::impls::<impl std::cmp::PartialEq for &EdisonError>::eq.pointer_dereference.12
FV-4b required proofs	Prove checkpoint tail-drop rejection	2026-08-19T03:08:20.2464521Z 	 - Status: SUCCESS
FV-4b required proofs	Prove checkpoint tail-drop rejection	2026-08-19T03:08:20.2464800Z 	 - Description: "dereference failure: invalid integer address"
FV-4b required proofs	Prove checkpoint tail-drop rejection	2026-08-19T03:08:20.2465693Z 	 - Location: ../../../.rustup/toolchains/nightly-2025-11-21-x86_64-unknown-linux-gnu/lib/rustlib/src/rust/library/core/src/cmp.rs:2090:34 in function std::cmp::impls::<impl std::cmp::PartialEq for &EdisonError>::eq
FV-4b required proofs	Prove checkpoint tail-drop rejection	2026-08-19T03:08:20.2466853Z 
FV-4b required proofs	Prove checkpoint tail-drop rejection	2026-08-19T03:08:20.2467069Z Check 67: std::cmp::impls::<impl std::cmp::PartialEq for &()>::eq.pointer_dereference.1
FV-4b required proofs	Prove checkpoint tail-drop rejection	2026-08-19T03:08:20.2467466Z 	 - Status: SUCCESS
FV-4b required proofs	Prove checkpoint tail-drop rejection	2026-08-19T03:08:20.2467707Z 	 - Description: "dereference failure: pointer NULL"
FV-4b required proofs	Prove checkpoint tail-drop rejection	2026-08-19T03:08:20.2468548Z 	 - Location: ../../../.rustup/toolchains/nightly-2025-11-21-x86_64-unknown-linux-gnu/lib/rustlib/src/rust/library/core/src/cmp.rs:2090:27 in function std::cmp::impls::<impl std::cmp::PartialEq for &()>::eq
FV-4b required proofs	Prove checkpoint tail-drop rejection	2026-08-19T03:08:20.2469266Z 
FV-4b required proofs	Prove checkpoint tail-drop rejection	2026-08-19T03:08:20.2469473Z Check 68: std::cmp::impls::<impl std::cmp::PartialEq for &()>::eq.pointer_dereference.2
FV-4b required proofs	Prove checkpoint tail-drop rejection	2026-08-19T03:08:20.2469857Z 	 - Status: SUCCESS
FV-4b required proofs	Prove checkpoint tail-drop rejection	2026-08-19T03:08:20.2470103Z 	 - Description: "dereference failure: pointer invalid"
FV-4b required proofs	Prove checkpoint tail-drop rejection	2026-08-19T03:08:20.2470934Z 	 - Location: ../../../.rustup/toolchains/nightly-2025-11-21-x86_64-unknown-linux-gnu/lib/rustlib/src/rust/library/core/src/cmp.rs:2090:27 in function std::cmp::impls::<impl std::cmp::PartialEq for &()>::eq
FV-4b required proofs	Prove checkpoint tail-drop rejection	2026-08-19T03:08:20.2471816Z 
FV-4b required proofs	Prove checkpoint tail-drop rejection	2026-08-19T03:08:20.2472026Z Check 69: std::cmp::impls::<impl std::cmp::PartialEq for &()>::eq.pointer_dereference.3
FV-4b required proofs	Prove checkpoint tail-drop rejection	2026-08-19T03:08:20.2472404Z 	 - Status: SUCCESS
FV-4b required proofs	Prove checkpoint tail-drop rejection	2026-08-19T03:08:20.2472680Z 	 - Description: "dereference failure: deallocated dynamic object"
FV-4b required proofs	Prove checkpoint tail-drop rejection	2026-08-19T03:08:20.2473544Z 	 - Location: ../../../.rustup/toolchains/nightly-2025-11-21-x86_64-unknown-linux-gnu/lib/rustlib/src/rust/library/core/src/cmp.rs:2090:27 in function std::cmp::impls::<impl std::cmp::PartialEq for &()>::eq
FV-4b required proofs	Prove checkpoint tail-drop rejection	2026-08-19T03:08:20.2474254Z 
FV-4b required proofs	Prove checkpoint tail-drop rejection	2026-08-19T03:08:20.2474456Z Check 70: std::cmp::impls::<impl std::cmp::PartialEq for &()>::eq.pointer_dereference.4
FV-4b required proofs	Prove checkpoint tail-drop rejection	2026-08-19T03:08:20.2474837Z 	 - Status: SUCCESS
FV-4b required proofs	Prove checkpoint tail-drop rejection	2026-08-19T03:08:20.2475063Z 	 - Description: "dereference failure: dead object"
FV-4b required proofs	Prove checkpoint tail-drop rejection	2026-08-19T03:08:20.2476022Z 	 - Location: ../../../.rustup/toolchains/nightly-2025-11-21-x86_64-unknown-linux-gnu/lib/rustlib/src/rust/library/core/src/cmp.rs:2090:27 in function std::cmp::impls::<impl std::cmp::PartialEq for &()>::eq
FV-4b required proofs	Prove checkpoint tail-drop rejection	2026-08-19T03:08:20.2476885Z 
FV-4b required proofs	Prove checkpoint tail-drop rejection	2026-08-19T03:08:20.2477088Z Check 71: std::cmp::impls::<impl std::cmp::PartialEq for &()>::eq.pointer_dereference.5
FV-4b required proofs	Prove checkpoint tail-drop rejection	2026-08-19T03:08:20.2477472Z 	 - Status: SUCCESS
FV-4b required proofs	Prove checkpoint tail-drop rejection	2026-08-19T03:08:20.2477756Z 	 - Description: "dereference failure: pointer outside object bounds"
FV-4b required proofs	Prove checkpoint tail-drop rejection	2026-08-19T03:08:20.2478637Z 	 - Location: ../../../.rustup/toolchains/nightly-2025-11-21-x86_64-unknown-linux-gnu/lib/rustlib/src/rust/library/core/src/cmp.rs:2090:27 in function std::cmp::impls::<impl std::cmp::PartialEq for &()>::eq
FV-4b required proofs	Prove checkpoint tail-drop rejection	2026-08-19T03:08:20.2479344Z 
FV-4b required proofs	Prove checkpoint tail-drop rejection	2026-08-19T03:08:20.2479552Z Check 72: std::cmp::impls::<impl std::cmp::PartialEq for &()>::eq.pointer_dereference.6
FV-4b required proofs	Prove checkpoint tail-drop rejection	2026-08-19T03:08:20.2479930Z 	 - Status: SUCCESS
FV-4b required proofs	Prove checkpoint tail-drop rejection	2026-08-19T03:08:20.2480194Z 	 - Description: "dereference failure: invalid integer address"
FV-4b required proofs	Prove checkpoint tail-drop rejection	2026-08-19T03:08:20.2481052Z 	 - Location: ../../../.rustup/toolchains/nightly-2025-11-21-x86_64-unknown-linux-gnu/lib/rustlib/src/rust/library/core/src/cmp.rs:2090:27 in function std::cmp::impls::<impl std::cmp::PartialEq for &()>::eq
FV-4b required proofs	Prove checkpoint tail-drop rejection	2026-08-19T03:08:20.2481769Z 
FV-4b required proofs	Prove checkpoint tail-drop rejection	2026-08-19T03:08:20.2481981Z Check 73: std::cmp::impls::<impl std::cmp::PartialEq for &()>::eq.pointer_dereference.7
FV-4b required proofs	Prove checkpoint tail-drop rejection	2026-08-19T03:08:20.2482362Z 	 - Status: SUCCESS
FV-4b required proofs	Prove checkpoint tail-drop rejection	2026-08-19T03:08:20.2482601Z 	 - Description: "dereference failure: pointer NULL"
FV-4b required proofs	Prove checkpoint tail-drop rejection	2026-08-19T03:08:20.2483428Z 	 - Location: ../../../.rustup/toolchains/nightly-2025-11-21-x86_64-unknown-linux-gnu/lib/rustlib/src/rust/library/core/src/cmp.rs:2090:34 in function std::cmp::impls::<impl std::cmp::PartialEq for &()>::eq
FV-4b required proofs	Prove checkpoint tail-drop rejection	2026-08-19T03:08:20.2484139Z 
FV-4b required proofs	Prove checkpoint tail-drop rejection	2026-08-19T03:08:20.2484341Z Check 74: std::cmp::impls::<impl std::cmp::PartialEq for &()>::eq.pointer_dereference.8
FV-4b required proofs	Prove checkpoint tail-drop rejection	2026-08-19T03:08:20.2484721Z 	 - Status: SUCCESS
FV-4b required proofs	Prove checkpoint tail-drop rejection	2026-08-19T03:08:20.2484964Z 	 - Description: "dereference failure: pointer invalid"
FV-4b required proofs	Prove checkpoint tail-drop rejection	2026-08-19T03:08:20.2485928Z 	 - Location: ../../../.rustup/toolchains/nightly-2025-11-21-x86_64-unknown-linux-gnu/lib/rustlib/src/rust/library/core/src/cmp.rs:2090:34 in function std::cmp::impls::<impl std::cmp::PartialEq for &()>::eq
FV-4b required proofs	Prove checkpoint tail-drop rejection	2026-08-19T03:08:20.2486655Z 
FV-4b required proofs	Prove checkpoint tail-drop rejection	2026-08-19T03:08:20.2486854Z Check 75: std::cmp::impls::<impl std::cmp::PartialEq for &()>::eq.pointer_dereference.9
FV-4b required proofs	Prove checkpoint tail-drop rejection	2026-08-19T03:08:20.2487235Z 	 - Status: SUCCESS
FV-4b required proofs	Prove checkpoint tail-drop rejection	2026-08-19T03:08:20.2487513Z 	 - Description: "dereference failure: deallocated dynamic object"
FV-4b required proofs	Prove checkpoint tail-drop rejection	2026-08-19T03:08:20.2488379Z 	 - Location: ../../../.rustup/toolchains/nightly-2025-11-21-x86_64-unknown-linux-gnu/lib/rustlib/src/rust/library/core/src/cmp.rs:2090:34 in function std::cmp::impls::<impl std::cmp::PartialEq for &()>::eq
FV-4b required proofs	Prove checkpoint tail-drop rejection	2026-08-19T03:08:20.2489087Z 
FV-4b required proofs	Prove checkpoint tail-drop rejection	2026-08-19T03:08:20.2489305Z Check 76: std::cmp::impls::<impl std::cmp::PartialEq for &()>::eq.pointer_dereference.10
FV-4b required proofs	Prove checkpoint tail-drop rejection	2026-08-19T03:08:20.2489696Z 	 - Status: SUCCESS
FV-4b required proofs	Prove checkpoint tail-drop rejection	2026-08-19T03:08:20.2489924Z 	 - Description: "dereference failure: dead object"
FV-4b required proofs	Prove checkpoint tail-drop rejection	2026-08-19T03:08:20.2490751Z 	 - Location: ../../../.rustup/toolchains/nightly-2025-11-21-x86_64-unknown-linux-gnu/lib/rustlib/src/rust/library/core/src/cmp.rs:2090:34 in function std::cmp::impls::<impl std::cmp::PartialEq for &()>::eq
FV-4b required proofs	Prove checkpoint tail-drop rejection	2026-08-19T03:08:20.2491685Z 
FV-4b required proofs	Prove checkpoint tail-drop rejection	2026-08-19T03:08:20.2491899Z Check 77: std::cmp::impls::<impl std::cmp::PartialEq for &()>::eq.pointer_dereference.11
FV-4b required proofs	Prove checkpoint tail-drop rejection	2026-08-19T03:08:20.2492286Z 	 - Status: SUCCESS
FV-4b required proofs	Prove checkpoint tail-drop rejection	2026-08-19T03:08:20.2492569Z 	 - Description: "dereference failure: pointer outside object bounds"
FV-4b required proofs	Prove checkpoint tail-drop rejection	2026-08-19T03:08:20.2493451Z 	 - Location: ../../../.rustup/toolchains/nightly-2025-11-21-x86_64-unknown-linux-gnu/lib/rustlib/src/rust/library/core/src/cmp.rs:2090:34 in function std::cmp::impls::<impl std::cmp::PartialEq for &()>::eq
FV-4b required proofs	Prove checkpoint tail-drop rejection	2026-08-19T03:08:20.2494155Z 
FV-4b required proofs	Prove checkpoint tail-drop rejection	2026-08-19T03:08:20.2494360Z Check 78: std::cmp::impls::<impl std::cmp::PartialEq for &()>::eq.pointer_dereference.12
FV-4b required proofs	Prove checkpoint tail-drop rejection	2026-08-19T03:08:20.2494745Z 	 - Status: SUCCESS
FV-4b required proofs	Prove checkpoint tail-drop rejection	2026-08-19T03:08:20.2495014Z 	 - Description: "dereference failure: invalid integer address"
FV-4b required proofs	Prove checkpoint tail-drop rejection	2026-08-19T03:08:20.2496303Z 	 - Location: ../../../.rustup/toolchains/nightly-2025-11-21-x86_64-unknown-linux-gnu/lib/rustlib/src/rust/library/core/src/cmp.rs:2090:34 in function std::cmp::impls::<impl std::cmp::PartialEq for &()>::eq
FV-4b required proofs	Prove checkpoint tail-drop rejection	2026-08-19T03:08:20.2497019Z 
FV-4b required proofs	Prove checkpoint tail-drop rejection	2026-08-19T03:08:20.2497204Z Check 79: <EdisonError as std::cmp::PartialEq>::eq.pointer_dereference.1
FV-4b required proofs	Prove checkpoint tail-drop rejection	2026-08-19T03:08:20.2497566Z 	 - Status: SUCCESS
FV-4b required proofs	Prove checkpoint tail-drop rejection	2026-08-19T03:08:20.2497804Z 	 - Description: "dereference failure: pointer NULL"
FV-4b required proofs	Prove checkpoint tail-drop rejection	2026-08-19T03:08:20.2498222Z 	 - Location: src/lib.rs:90:17 in function <EdisonError as std::cmp::PartialEq>::eq
FV-4b required proofs	Prove checkpoint tail-drop rejection	2026-08-19T03:08:20.2498532Z 
FV-4b required proofs	Prove checkpoint tail-drop rejection	2026-08-19T03:08:20.2498716Z Check 80: <EdisonError as std::cmp::PartialEq>::eq.pointer_dereference.2
FV-4b required proofs	Prove checkpoint tail-drop rejection	2026-08-19T03:08:20.2499063Z 	 - Status: SUCCESS
FV-4b required proofs	Prove checkpoint tail-drop rejection	2026-08-19T03:08:20.2499298Z 	 - Description: "dereference failure: pointer invalid"
FV-4b required proofs	Prove checkpoint tail-drop rejection	2026-08-19T03:08:20.2499712Z 	 - Location: src/lib.rs:90:17 in function <EdisonError as std::cmp::PartialEq>::eq
FV-4b required proofs	Prove checkpoint tail-drop rejection	2026-08-19T03:08:20.2500013Z 
FV-4b required proofs	Prove checkpoint tail-drop rejection	2026-08-19T03:08:20.2500202Z Check 81: <EdisonError as std::cmp::PartialEq>::eq.pointer_dereference.3
FV-4b required proofs	Prove checkpoint tail-drop rejection	2026-08-19T03:08:20.2500550Z 	 - Status: SUCCESS
FV-4b required proofs	Prove checkpoint tail-drop rejection	2026-08-19T03:08:20.2500825Z 	 - Description: "dereference failure: deallocated dynamic object"
FV-4b required proofs	Prove checkpoint tail-drop rejection	2026-08-19T03:08:20.2501274Z 	 - Location: src/lib.rs:90:17 in function <EdisonError as std::cmp::PartialEq>::eq
FV-4b required proofs	Prove checkpoint tail-drop rejection	2026-08-19T03:08:20.2501604Z 
FV-4b required proofs	Prove checkpoint tail-drop rejection	2026-08-19T03:08:20.2501786Z Check 82: <EdisonError as std::cmp::PartialEq>::eq.pointer_dereference.4
FV-4b required proofs	Prove checkpoint tail-drop rejection	2026-08-19T03:08:20.2502130Z 	 - Status: SUCCESS
FV-4b required proofs	Prove checkpoint tail-drop rejection	2026-08-19T03:08:20.2502354Z 	 - Description: "dereference failure: dead object"
FV-4b required proofs	Prove checkpoint tail-drop rejection	2026-08-19T03:08:20.2502748Z 	 - Location: src/lib.rs:90:17 in function <EdisonError as std::cmp::PartialEq>::eq
FV-4b required proofs	Prove checkpoint tail-drop rejection	2026-08-19T03:08:20.2503038Z 
FV-4b required proofs	Prove checkpoint tail-drop rejection	2026-08-19T03:08:20.2503218Z Check 83: <EdisonError as std::cmp::PartialEq>::eq.pointer_dereference.5
FV-4b required proofs	Prove checkpoint tail-drop rejection	2026-08-19T03:08:20.2503564Z 	 - Status: SUCCESS
FV-4b required proofs	Prove checkpoint tail-drop rejection	2026-08-19T03:08:20.2503843Z 	 - Description: "dereference failure: pointer outside object bounds"
FV-4b required proofs	Prove checkpoint tail-drop rejection	2026-08-19T03:08:20.2504310Z 	 - Location: src/lib.rs:90:17 in function <EdisonError as std::cmp::PartialEq>::eq
FV-4b required proofs	Prove checkpoint tail-drop rejection	2026-08-19T03:08:20.2504605Z 
FV-4b required proofs	Prove checkpoint tail-drop rejection	2026-08-19T03:08:20.2504778Z Check 84: <EdisonError as std::cmp::PartialEq>::eq.pointer_dereference.6
FV-4b required proofs	Prove checkpoint tail-drop rejection	2026-08-19T03:08:20.2505123Z 	 - Status: SUCCESS
FV-4b required proofs	Prove checkpoint tail-drop rejection	2026-08-19T03:08:20.2505392Z 	 - Description: "dereference failure: invalid integer address"
FV-4b required proofs	Prove checkpoint tail-drop rejection	2026-08-19T03:08:20.2505960Z 	 - Location: src/lib.rs:90:17 in function <EdisonError as std::cmp::PartialEq>::eq
FV-4b required proofs	Prove checkpoint tail-drop rejection	2026-08-19T03:08:20.2506258Z 
FV-4b required proofs	Prove checkpoint tail-drop rejection	2026-08-19T03:08:20.2506433Z Check 85: <EdisonError as std::cmp::PartialEq>::eq.pointer_dereference.7
FV-4b required proofs	Prove checkpoint tail-drop rejection	2026-08-19T03:08:20.2506778Z 	 - Status: SUCCESS
FV-4b required proofs	Prove checkpoint tail-drop rejection	2026-08-19T03:08:20.2507012Z 	 - Description: "dereference failure: pointer NULL"
FV-4b required proofs	Prove checkpoint tail-drop rejection	2026-08-19T03:08:20.2507418Z 	 - Location: src/lib.rs:90:17 in function <EdisonError as std::cmp::PartialEq>::eq
FV-4b required proofs	Prove checkpoint tail-drop rejection	2026-08-19T03:08:20.2507712Z 
FV-4b required proofs	Prove checkpoint tail-drop rejection	2026-08-19T03:08:20.2507885Z Check 86: <EdisonError as std::cmp::PartialEq>::eq.pointer_dereference.8
FV-4b required proofs	Prove checkpoint tail-drop rejection	2026-08-19T03:08:20.2508233Z 	 - Status: SUCCESS
FV-4b required proofs	Prove checkpoint tail-drop rejection	2026-08-19T03:08:20.2508628Z 	 - Description: "dereference failure: pointer invalid"
FV-4b required proofs	Prove checkpoint tail-drop rejection	2026-08-19T03:08:20.2509034Z 	 - Location: src/lib.rs:90:17 in function <EdisonError as std::cmp::PartialEq>::eq
FV-4b required proofs	Prove checkpoint tail-drop rejection	2026-08-19T03:08:20.2509333Z 
FV-4b required proofs	Prove checkpoint tail-drop rejection	2026-08-19T03:08:20.2509507Z Check 87: <EdisonError as std::cmp::PartialEq>::eq.pointer_dereference.9
FV-4b required proofs	Prove checkpoint tail-drop rejection	2026-08-19T03:08:20.2509863Z 	 - Status: SUCCESS
FV-4b required proofs	Prove checkpoint tail-drop rejection	2026-08-19T03:08:20.2510136Z 	 - Description: "dereference failure: deallocated dynamic object"
FV-4b required proofs	Prove checkpoint tail-drop rejection	2026-08-19T03:08:20.2510580Z 	 - Location: src/lib.rs:90:17 in function <EdisonError as std::cmp::PartialEq>::eq
FV-4b required proofs	Prove checkpoint tail-drop rejection	2026-08-19T03:08:20.2510870Z 
FV-4b required proofs	Prove checkpoint tail-drop rejection	2026-08-19T03:08:20.2511059Z Check 88: <EdisonError as std::cmp::PartialEq>::eq.pointer_dereference.10
FV-4b required proofs	Prove checkpoint tail-drop rejection	2026-08-19T03:08:20.2511414Z 	 - Status: SUCCESS
FV-4b required proofs	Prove checkpoint tail-drop rejection	2026-08-19T03:08:20.2511646Z 	 - Description: "dereference failure: dead object"
FV-4b required proofs	Prove checkpoint tail-drop rejection	2026-08-19T03:08:20.2512042Z 	 - Location: src/lib.rs:90:17 in function <EdisonError as std::cmp::PartialEq>::eq
FV-4b required proofs	Prove checkpoint tail-drop rejection	2026-08-19T03:08:20.2512460Z 
FV-4b required proofs	Prove checkpoint tail-drop rejection	2026-08-19T03:08:20.2512656Z Check 89: <EdisonError as std::cmp::PartialEq>::eq.pointer_dereference.11
FV-4b required proofs	Prove checkpoint tail-drop rejection	2026-08-19T03:08:20.2513005Z 	 - Status: SUCCESS
FV-4b required proofs	Prove checkpoint tail-drop rejection	2026-08-19T03:08:20.2513285Z 	 - Description: "dereference failure: pointer outside object bounds"
FV-4b required proofs	Prove checkpoint tail-drop rejection	2026-08-19T03:08:20.2513737Z 	 - Location: src/lib.rs:90:17 in function <EdisonError as std::cmp::PartialEq>::eq
FV-4b required proofs	Prove checkpoint tail-drop rejection	2026-08-19T03:08:20.2514025Z 
FV-4b required proofs	Prove checkpoint tail-drop rejection	2026-08-19T03:08:20.2514209Z Check 90: <EdisonError as std::cmp::PartialEq>::eq.pointer_dereference.12
FV-4b required proofs	Prove checkpoint tail-drop rejection	2026-08-19T03:08:20.2514556Z 	 - Status: SUCCESS
FV-4b required proofs	Prove checkpoint tail-drop rejection	2026-08-19T03:08:20.2514820Z 	 - Description: "dereference failure: invalid integer address"
FV-4b required proofs	Prove checkpoint tail-drop rejection	2026-08-19T03:08:20.2515255Z 	 - Location: src/lib.rs:90:17 in function <EdisonError as std::cmp::PartialEq>::eq
FV-4b required proofs	Prove checkpoint tail-drop rejection	2026-08-19T03:08:20.2515552Z 
FV-4b required proofs	Prove checkpoint tail-drop rejection	2026-08-19T03:08:20.2515555Z 
FV-4b required proofs	Prove checkpoint tail-drop rejection	2026-08-19T03:08:20.2515626Z SUMMARY:
FV-4b required proofs	Prove checkpoint tail-drop rejection	2026-08-19T03:08:20.2515930Z  ** 0 of 90 failed
FV-4b required proofs	Prove checkpoint tail-drop rejection	2026-08-19T03:08:20.2516050Z 
FV-4b required proofs	Prove checkpoint tail-drop rejection	2026-08-19T03:08:20.2516136Z VERIFICATION:- SUCCESSFUL
FV-4b required proofs	Prove checkpoint tail-drop rejection	2026-08-19T03:08:20.2516374Z Verification Time: 0.12866275s
FV-4b required proofs	Prove checkpoint tail-drop rejection	2026-08-19T03:08:20.2516548Z 
FV-4b required proofs	Prove checkpoint tail-drop rejection	2026-08-19T03:08:20.2516630Z Manual Harness Summary:
FV-4b required proofs	Prove checkpoint tail-drop rejection	2026-08-19T03:08:20.2516936Z Complete - 1 successfully verified harnesses, 0 failures, 1 total.
FV-4b required proofs	Prove persisted metadata validation	﻿2026-08-19T03:08:20.2550933Z ##[group]Run set -euo pipefail
FV-4b required proofs	Prove persisted metadata validation	2026-08-19T03:08:20.2552200Z [36;1mset -euo pipefail[0m
FV-4b required proofs	Prove persisted metadata validation	2026-08-19T03:08:20.2552449Z [36;1mcargo kani \[0m
FV-4b required proofs	Prove persisted metadata validation	2026-08-19T03:08:20.2552718Z [36;1m  --harness kani_persisted_record_metadata \[0m
FV-4b required proofs	Prove persisted metadata validation	2026-08-19T03:08:20.2553021Z [36;1m  2>&1 \[0m
FV-4b required proofs	Prove persisted metadata validation	2026-08-19T03:08:20.2553293Z [36;1m  | tee kani-artifacts/persisted-record-metadata.log[0m
FV-4b required proofs	Prove persisted metadata validation	2026-08-19T03:08:20.2626649Z shell: /usr/bin/bash --noprofile --norc -e -o pipefail {0}
FV-4b required proofs	Prove persisted metadata validation	2026-08-19T03:08:20.2627016Z ##[endgroup]
FV-4b required proofs	Prove persisted metadata validation	2026-08-19T03:08:20.3149060Z Kani Rust Verifier 0.67.0 (cargo plugin)
FV-4b required proofs	Prove persisted metadata validation	2026-08-19T03:08:20.7044794Z    Compiling edisondb v0.6.0-p3m9 (/home/runner/work/edisondb-fv/edisondb-fv)
FV-4b required proofs	Prove persisted metadata validation	2026-08-19T03:08:22.3396788Z warning: Found the following unsupported constructs:
FV-4b required proofs	Prove persisted metadata validation	2026-08-19T03:08:22.3397424Z              - caller_location (1)
FV-4b required proofs	Prove persisted metadata validation	2026-08-19T03:08:22.3397880Z              - foreign function (2)
FV-4b required proofs	Prove persisted metadata validation	2026-08-19T03:08:22.3398250Z          
FV-4b required proofs	Prove persisted metadata validation	2026-08-19T03:08:22.3398728Z          Verification will fail if one or more of these constructs is reachable.
FV-4b required proofs	Prove persisted metadata validation	2026-08-19T03:08:22.3399896Z          See https://model-checking.github.io/kani/rust-feature-support.html for more details.
FV-4b required proofs	Prove persisted metadata validation	2026-08-19T03:08:22.3400499Z 
FV-4b required proofs	Prove persisted metadata validation	2026-08-19T03:08:22.4417457Z     Finished `dev` profile [unoptimized + debuginfo] target(s) in 1.93s
FV-4b required proofs	Prove persisted metadata validation	2026-08-19T03:08:22.6640134Z    Compiling edisondb v0.6.0-p3m9 (/home/runner/work/edisondb-fv/edisondb-fv)
FV-4b required proofs	Prove persisted metadata validation	2026-08-19T03:08:24.4110318Z     Finished `dev` profile [unoptimized + debuginfo] target(s) in 1.93s
FV-4b required proofs	Prove persisted metadata validation	2026-08-19T03:08:24.6282236Z    Compiling edisondb v0.6.0-p3m9 (/home/runner/work/edisondb-fv/edisondb-fv)
FV-4b required proofs	Prove persisted metadata validation	2026-08-19T03:08:25.3646276Z     Finished `dev` profile [unoptimized + debuginfo] target(s) in 0.92s
FV-4b required proofs	Prove persisted metadata validation	2026-08-19T03:08:25.9115042Z Checking harness verification::kani_harnesses::kani_persisted_record_metadata...
FV-4b required proofs	Prove persisted metadata validation	2026-08-19T03:08:25.9284028Z CBMC 6.8.0 (cbmc-6.8.0)
FV-4b required proofs	Prove persisted metadata validation	2026-08-19T03:08:25.9458134Z CBMC version 6.8.0 (cbmc-6.8.0) 64-bit x86_64 linux
FV-4b required proofs	Prove persisted metadata validation	2026-08-19T03:08:25.9489563Z Reading GOTO program from file /home/runner/work/edisondb-fv/edisondb-fv/target/kani/x86_64-unknown-linux-gnu/debug/deps/edisondb__RNvNtNtCsh53XPqpdbtl_8edisondb12verification14kani_harnesses30kani_persisted_record_metadata.out
FV-4b required proofs	Prove persisted metadata validation	2026-08-19T03:08:25.9496511Z Generating GOTO Program
FV-4b required proofs	Prove persisted metadata validation	2026-08-19T03:08:25.9534929Z Adding CPROVER library (x86_64)
FV-4b required proofs	Prove persisted metadata validation	2026-08-19T03:08:25.9753410Z Removal of function pointers and virtual functions
FV-4b required proofs	Prove persisted metadata validation	2026-08-19T03:08:25.9754014Z Generic Property Instrumentation
FV-4b required proofs	Prove persisted metadata validation	2026-08-19T03:08:26.1614198Z Running with 16 object bits, 48 offset bits (user-specified)
FV-4b required proofs	Prove persisted metadata validation	2026-08-19T03:08:26.1615323Z Starting Bounded Model Checking
FV-4b required proofs	Prove persisted metadata validation	2026-08-19T03:08:26.1649155Z aborting path on assume(false) at file /home/runner/work/kani/kani/library/kani_core/src/models.rs line 23 column 13 function kani::rustc_intrinsics::size_of_val_raw::<[u8]> thread 0
FV-4b required proofs	Prove persisted metadata validation	2026-08-19T03:08:26.1661445Z aborting path on assume(false) at file /home/runner/work/kani/kani/library/kani/src/lib.rs line 57 column 1 function kani::rustc_intrinsics::size_of_val_raw::<[u8]> thread 0
FV-4b required proofs	Prove persisted metadata validation	2026-08-19T03:08:26.1672323Z Unwinding loop memcmp.0 iteration 1 file <builtin-library-memcmp> line 25 function memcmp thread 0
FV-4b required proofs	Prove persisted metadata validation	2026-08-19T03:08:26.1683818Z Unwinding loop memcmp.0 iteration 2 file <builtin-library-memcmp> line 25 function memcmp thread 0
FV-4b required proofs	Prove persisted metadata validation	2026-08-19T03:08:26.1695585Z Unwinding loop memcmp.0 iteration 3 file <builtin-library-memcmp> line 25 function memcmp thread 0
FV-4b required proofs	Prove persisted metadata validation	2026-08-19T03:08:26.1708257Z Unwinding loop memcmp.0 iteration 4 file <builtin-library-memcmp> line 25 function memcmp thread 0
FV-4b required proofs	Prove persisted metadata validation	2026-08-19T03:08:26.1720882Z Unwinding loop memcmp.0 iteration 5 file <builtin-library-memcmp> line 25 function memcmp thread 0
FV-4b required proofs	Prove persisted metadata validation	2026-08-19T03:08:26.1734798Z Unwinding loop memcmp.0 iteration 6 file <builtin-library-memcmp> line 25 function memcmp thread 0
FV-4b required proofs	Prove persisted metadata validation	2026-08-19T03:08:26.1748254Z Unwinding loop memcmp.0 iteration 7 file <builtin-library-memcmp> line 25 function memcmp thread 0
FV-4b required proofs	Prove persisted metadata validation	2026-08-19T03:08:26.1761974Z Unwinding loop memcmp.0 iteration 8 file <builtin-library-memcmp> line 25 function memcmp thread 0
FV-4b required proofs	Prove persisted metadata validation	2026-08-19T03:08:26.1775659Z Unwinding loop memcmp.0 iteration 9 file <builtin-library-memcmp> line 25 function memcmp thread 0
FV-4b required proofs	Prove persisted metadata validation	2026-08-19T03:08:26.1789777Z Unwinding loop memcmp.0 iteration 10 file <builtin-library-memcmp> line 25 function memcmp thread 0
FV-4b required proofs	Prove persisted metadata validation	2026-08-19T03:08:26.1803628Z Unwinding loop memcmp.0 iteration 11 file <builtin-library-memcmp> line 25 function memcmp thread 0
FV-4b required proofs	Prove persisted metadata validation	2026-08-19T03:08:26.1817386Z Unwinding loop memcmp.0 iteration 12 file <builtin-library-memcmp> line 25 function memcmp thread 0
FV-4b required proofs	Prove persisted metadata validation	2026-08-19T03:08:26.1831411Z Unwinding loop memcmp.0 iteration 13 file <builtin-library-memcmp> line 25 function memcmp thread 0
FV-4b required proofs	Prove persisted metadata validation	2026-08-19T03:08:26.1845819Z Unwinding loop memcmp.0 iteration 14 file <builtin-library-memcmp> line 25 function memcmp thread 0
FV-4b required proofs	Prove persisted metadata validation	2026-08-19T03:08:26.2095508Z Unwinding loop memcmp.0 iteration 15 file <builtin-library-memcmp> line 25 function memcmp thread 0
FV-4b required proofs	Prove persisted metadata validation	2026-08-19T03:08:26.2097135Z Not unwinding loop memcmp.0 iteration 16 file <builtin-library-memcmp> line 25 function memcmp thread 0
FV-4b required proofs	Prove persisted metadata validation	2026-08-19T03:08:26.2129870Z aborting path on assume(false) at file /home/runner/work/kani/kani/library/kani_core/src/models.rs line 23 column 13 function kani::rustc_intrinsics::size_of_val_raw::<[u8]> thread 0
FV-4b required proofs	Prove persisted metadata validation	2026-08-19T03:08:26.2141312Z aborting path on assume(false) at file /home/runner/work/kani/kani/library/kani/src/lib.rs line 57 column 1 function kani::rustc_intrinsics::size_of_val_raw::<[u8]> thread 0
FV-4b required proofs	Prove persisted metadata validation	2026-08-19T03:08:26.2152577Z Unwinding loop memcmp.0 iteration 1 file <builtin-library-memcmp> line 25 function memcmp thread 0
FV-4b required proofs	Prove persisted metadata validation	2026-08-19T03:08:26.2163935Z Unwinding loop memcmp.0 iteration 2 file <builtin-library-memcmp> line 25 function memcmp thread 0
FV-4b required proofs	Prove persisted metadata validation	2026-08-19T03:08:26.2176376Z Unwinding loop memcmp.0 iteration 3 file <builtin-library-memcmp> line 25 function memcmp thread 0
FV-4b required proofs	Prove persisted metadata validation	2026-08-19T03:08:26.2188881Z Unwinding loop memcmp.0 iteration 4 file <builtin-library-memcmp> line 25 function memcmp thread 0
FV-4b required proofs	Prove persisted metadata validation	2026-08-19T03:08:26.2200363Z Unwinding loop memcmp.0 iteration 5 file <builtin-library-memcmp> line 25 function memcmp thread 0
FV-4b required proofs	Prove persisted metadata validation	2026-08-19T03:08:26.2212818Z Unwinding loop memcmp.0 iteration 6 file <builtin-library-memcmp> line 25 function memcmp thread 0
FV-4b required proofs	Prove persisted metadata validation	2026-08-19T03:08:26.2225165Z Unwinding loop memcmp.0 iteration 7 file <builtin-library-memcmp> line 25 function memcmp thread 0
FV-4b required proofs	Prove persisted metadata validation	2026-08-19T03:08:26.2238227Z Unwinding loop memcmp.0 iteration 8 file <builtin-library-memcmp> line 25 function memcmp thread 0
FV-4b required proofs	Prove persisted metadata validation	2026-08-19T03:08:26.2250819Z Unwinding loop memcmp.0 iteration 9 file <builtin-library-memcmp> line 25 function memcmp thread 0
FV-4b required proofs	Prove persisted metadata validation	2026-08-19T03:08:26.2263788Z Unwinding loop memcmp.0 iteration 10 file <builtin-library-memcmp> line 25 function memcmp thread 0
FV-4b required proofs	Prove persisted metadata validation	2026-08-19T03:08:26.2276793Z Unwinding loop memcmp.0 iteration 11 file <builtin-library-memcmp> line 25 function memcmp thread 0
FV-4b required proofs	Prove persisted metadata validation	2026-08-19T03:08:26.2289697Z Unwinding loop memcmp.0 iteration 12 file <builtin-library-memcmp> line 25 function memcmp thread 0
FV-4b required proofs	Prove persisted metadata validation	2026-08-19T03:08:26.2302694Z Unwinding loop memcmp.0 iteration 13 file <builtin-library-memcmp> line 25 function memcmp thread 0
FV-4b required proofs	Prove persisted metadata validation	2026-08-19T03:08:26.2316496Z Unwinding loop memcmp.0 iteration 14 file <builtin-library-memcmp> line 25 function memcmp thread 0
FV-4b required proofs	Prove persisted metadata validation	2026-08-19T03:08:26.2552638Z Unwinding loop memcmp.0 iteration 15 file <builtin-library-memcmp> line 25 function memcmp thread 0
FV-4b required proofs	Prove persisted metadata validation	2026-08-19T03:08:26.2554068Z Not unwinding loop memcmp.0 iteration 16 file <builtin-library-memcmp> line 25 function memcmp thread 0
FV-4b required proofs	Prove persisted metadata validation	2026-08-19T03:08:26.2585664Z aborting path on assume(false) at file /home/runner/work/kani/kani/library/kani_core/src/models.rs line 23 column 13 function kani::rustc_intrinsics::size_of_val_raw::<[u8]> thread 0
FV-4b required proofs	Prove persisted metadata validation	2026-08-19T03:08:26.2596176Z aborting path on assume(false) at file /home/runner/work/kani/kani/library/kani/src/lib.rs line 57 column 1 function kani::rustc_intrinsics::size_of_val_raw::<[u8]> thread 0
FV-4b required proofs	Prove persisted metadata validation	2026-08-19T03:08:26.2606285Z Unwinding loop memcmp.0 iteration 1 file <builtin-library-memcmp> line 25 function memcmp thread 0
FV-4b required proofs	Prove persisted metadata validation	2026-08-19T03:08:26.2616693Z Unwinding loop memcmp.0 iteration 2 file <builtin-library-memcmp> line 25 function memcmp thread 0
FV-4b required proofs	Prove persisted metadata validation	2026-08-19T03:08:26.2628416Z Unwinding loop memcmp.0 iteration 3 file <builtin-library-memcmp> line 25 function memcmp thread 0
FV-4b required proofs	Prove persisted metadata validation	2026-08-19T03:08:26.2640299Z Unwinding loop memcmp.0 iteration 4 file <builtin-library-memcmp> line 25 function memcmp thread 0
FV-4b required proofs	Prove persisted metadata validation	2026-08-19T03:08:26.2652291Z Unwinding loop memcmp.0 iteration 5 file <builtin-library-memcmp> line 25 function memcmp thread 0
FV-4b required proofs	Prove persisted metadata validation	2026-08-19T03:08:26.2664869Z Unwinding loop memcmp.0 iteration 6 file <builtin-library-memcmp> line 25 function memcmp thread 0
FV-4b required proofs	Prove persisted metadata validation	2026-08-19T03:08:26.2677703Z Unwinding loop memcmp.0 iteration 7 file <builtin-library-memcmp> line 25 function memcmp thread 0
FV-4b required proofs	Prove persisted metadata validation	2026-08-19T03:08:26.2690824Z Unwinding loop memcmp.0 iteration 8 file <builtin-library-memcmp> line 25 function memcmp thread 0
FV-4b required proofs	Prove persisted metadata validation	2026-08-19T03:08:26.2703929Z Unwinding loop memcmp.0 iteration 9 file <builtin-library-memcmp> line 25 function memcmp thread 0
FV-4b required proofs	Prove persisted metadata validation	2026-08-19T03:08:26.2717054Z Unwinding loop memcmp.0 iteration 10 file <builtin-library-memcmp> line 25 function memcmp thread 0
FV-4b required proofs	Prove persisted metadata validation	2026-08-19T03:08:26.2730374Z Unwinding loop memcmp.0 iteration 11 file <builtin-library-memcmp> line 25 function memcmp thread 0
FV-4b required proofs	Prove persisted metadata validation	2026-08-19T03:08:26.2743807Z Unwinding loop memcmp.0 iteration 12 file <builtin-library-memcmp> line 25 function memcmp thread 0
FV-4b required proofs	Prove persisted metadata validation	2026-08-19T03:08:26.2757291Z Unwinding loop memcmp.0 iteration 13 file <builtin-library-memcmp> line 25 function memcmp thread 0
FV-4b required proofs	Prove persisted metadata validation	2026-08-19T03:08:26.2770624Z Unwinding loop memcmp.0 iteration 14 file <builtin-library-memcmp> line 25 function memcmp thread 0
FV-4b required proofs	Prove persisted metadata validation	2026-08-19T03:08:26.2866715Z Unwinding loop memcmp.0 iteration 15 file <builtin-library-memcmp> line 25 function memcmp thread 0
FV-4b required proofs	Prove persisted metadata validation	2026-08-19T03:08:26.2946463Z Not unwinding loop memcmp.0 iteration 16 file <builtin-library-memcmp> line 25 function memcmp thread 0
FV-4b required proofs	Prove persisted metadata validation	2026-08-19T03:08:26.3010494Z aborting path on assume(false) at file src/lib.rs line 0 column 0 function <std::result::Result<(), EdisonError> as std::cmp::PartialEq>::eq thread 0
FV-4b required proofs	Prove persisted metadata validation	2026-08-19T03:08:26.3194282Z aborting path on assume(false) at file src/lib.rs line 0 column 0 function <std::result::Result<(), EdisonError> as std::cmp::PartialEq>::eq thread 0
FV-4b required proofs	Prove persisted metadata validation	2026-08-19T03:08:26.3196930Z aborting path on assume(false) at file src/lib.rs line 0 column 0 function <std::result::Result<(), EdisonError> as std::cmp::PartialEq>::eq thread 0
FV-4b required proofs	Prove persisted metadata validation	2026-08-19T03:08:26.3229602Z aborting path on assume(false) at file /home/runner/work/kani/kani/library/kani_core/src/models.rs line 23 column 13 function kani::rustc_intrinsics::size_of_val_raw::<[u8]> thread 0
FV-4b required proofs	Prove persisted metadata validation	2026-08-19T03:08:26.3240671Z aborting path on assume(false) at file /home/runner/work/kani/kani/library/kani/src/lib.rs line 57 column 1 function kani::rustc_intrinsics::size_of_val_raw::<[u8]> thread 0
FV-4b required proofs	Prove persisted metadata validation	2026-08-19T03:08:26.3251220Z Unwinding loop memcmp.0 iteration 1 file <builtin-library-memcmp> line 25 function memcmp thread 0
FV-4b required proofs	Prove persisted metadata validation	2026-08-19T03:08:26.3262168Z Unwinding loop memcmp.0 iteration 2 file <builtin-library-memcmp> line 25 function memcmp thread 0
FV-4b required proofs	Prove persisted metadata validation	2026-08-19T03:08:26.3274241Z Unwinding loop memcmp.0 iteration 3 file <builtin-library-memcmp> line 25 function memcmp thread 0
FV-4b required proofs	Prove persisted metadata validation	2026-08-19T03:08:26.3286383Z Unwinding loop memcmp.0 iteration 4 file <builtin-library-memcmp> line 25 function memcmp thread 0
FV-4b required proofs	Prove persisted metadata validation	2026-08-19T03:08:26.3298431Z Unwinding loop memcmp.0 iteration 5 file <builtin-library-memcmp> line 25 function memcmp thread 0
FV-4b required proofs	Prove persisted metadata validation	2026-08-19T03:08:26.3311664Z Unwinding loop memcmp.0 iteration 6 file <builtin-library-memcmp> line 25 function memcmp thread 0
FV-4b required proofs	Prove persisted metadata validation	2026-08-19T03:08:26.3324898Z Unwinding loop memcmp.0 iteration 7 file <builtin-library-memcmp> line 25 function memcmp thread 0
FV-4b required proofs	Prove persisted metadata validation	2026-08-19T03:08:26.3338742Z Unwinding loop memcmp.0 iteration 8 file <builtin-library-memcmp> line 25 function memcmp thread 0
FV-4b required proofs	Prove persisted metadata validation	2026-08-19T03:08:26.3352380Z Unwinding loop memcmp.0 iteration 9 file <builtin-library-memcmp> line 25 function memcmp thread 0
FV-4b required proofs	Prove persisted metadata validation	2026-08-19T03:08:26.3366035Z Unwinding loop memcmp.0 iteration 10 file <builtin-library-memcmp> line 25 function memcmp thread 0
FV-4b required proofs	Prove persisted metadata validation	2026-08-19T03:08:26.3379843Z Unwinding loop memcmp.0 iteration 11 file <builtin-library-memcmp> line 25 function memcmp thread 0
FV-4b required proofs	Prove persisted metadata validation	2026-08-19T03:08:26.3393612Z Unwinding loop memcmp.0 iteration 12 file <builtin-library-memcmp> line 25 function memcmp thread 0
FV-4b required proofs	Prove persisted metadata validation	2026-08-19T03:08:26.3407612Z Unwinding loop memcmp.0 iteration 13 file <builtin-library-memcmp> line 25 function memcmp thread 0
FV-4b required proofs	Prove persisted metadata validation	2026-08-19T03:08:26.3421410Z Unwinding loop memcmp.0 iteration 14 file <builtin-library-memcmp> line 25 function memcmp thread 0
FV-4b required proofs	Prove persisted metadata validation	2026-08-19T03:08:26.4103250Z Unwinding loop memcmp.0 iteration 15 file <builtin-library-memcmp> line 25 function memcmp thread 0
FV-4b required proofs	Prove persisted metadata validation	2026-08-19T03:08:26.4112725Z Not unwinding loop memcmp.0 iteration 16 file <builtin-library-memcmp> line 25 function memcmp thread 0
FV-4b required proofs	Prove persisted metadata validation	2026-08-19T03:08:26.4164854Z Runtime Symex: 0.433721s
FV-4b required proofs	Prove persisted metadata validation	2026-08-19T03:08:26.4165445Z size of program expression: 11112 steps
FV-4b required proofs	Prove persisted metadata validation	2026-08-19T03:08:26.4166271Z slicing removed 6946 assignments
FV-4b required proofs	Prove persisted metadata validation	2026-08-19T03:08:26.4219612Z Generated 1608 VCC(s), 337 remaining after simplification
FV-4b required proofs	Prove persisted metadata validation	2026-08-19T03:08:26.4220396Z Runtime Postprocess Equation: 0.00625952s
FV-4b required proofs	Prove persisted metadata validation	2026-08-19T03:08:26.4875629Z Passing problem to propositional reduction
FV-4b required proofs	Prove persisted metadata validation	2026-08-19T03:08:26.4877889Z converting SSA
FV-4b required proofs	Prove persisted metadata validation	2026-08-19T03:08:26.4878268Z Runtime Convert SSA: 0.0654335s
FV-4b required proofs	Prove persisted metadata validation	2026-08-19T03:08:26.5083845Z Running propositional reduction
FV-4b required proofs	Prove persisted metadata validation	2026-08-19T03:08:26.5084530Z Post-processing
FV-4b required proofs	Prove persisted metadata validation	2026-08-19T03:08:26.5085010Z Runtime Post-process: 0.0204625s
FV-4b required proofs	Prove persisted metadata validation	2026-08-19T03:08:26.5159739Z Solving with CaDiCaL 2.0.0
FV-4b required proofs	Prove persisted metadata validation	2026-08-19T03:08:26.5160311Z 60515 variables, 119193 clauses
FV-4b required proofs	Prove persisted metadata validation	2026-08-19T03:08:26.5168324Z SAT checker: instance is SATISFIABLE
FV-4b required proofs	Prove persisted metadata validation	2026-08-19T03:08:26.5168833Z Runtime Solver: 0.0281193s
FV-4b required proofs	Prove persisted metadata validation	2026-08-19T03:08:26.5267131Z Runtime decision procedure: 0.0949402s
FV-4b required proofs	Prove persisted metadata validation	2026-08-19T03:08:26.5267756Z Running propositional reduction
FV-4b required proofs	Prove persisted metadata validation	2026-08-19T03:08:26.5279428Z Solving with CaDiCaL 2.0.0
FV-4b required proofs	Prove persisted metadata validation	2026-08-19T03:08:26.5279702Z 60516 variables, 119194 clauses
FV-4b required proofs	Prove persisted metadata validation	2026-08-19T03:08:26.5281884Z SAT checker: instance is SATISFIABLE
FV-4b required proofs	Prove persisted metadata validation	2026-08-19T03:08:26.5282454Z Runtime Solver: 0.00210153s
FV-4b required proofs	Prove persisted metadata validation	2026-08-19T03:08:26.5673119Z Runtime decision procedure: 0.00258373s
FV-4b required proofs	Prove persisted metadata validation	2026-08-19T03:08:26.5675398Z Running propositional reduction
FV-4b required proofs	Prove persisted metadata validation	2026-08-19T03:08:26.5714233Z Solving with CaDiCaL 2.0.0
FV-4b required proofs	Prove persisted metadata validation	2026-08-19T03:08:26.5714681Z 60517 variables, 119195 clauses
FV-4b required proofs	Prove persisted metadata validation	2026-08-19T03:08:26.5716208Z SAT checker: instance is SATISFIABLE
FV-4b required proofs	Prove persisted metadata validation	2026-08-19T03:08:26.5716766Z Runtime Solver: 0.0038141s
FV-4b required proofs	Prove persisted metadata validation	2026-08-19T03:08:26.6375601Z Runtime decision procedure: 0.00444972s
FV-4b required proofs	Prove persisted metadata validation	2026-08-19T03:08:26.6376636Z Running propositional reduction
FV-4b required proofs	Prove persisted metadata validation	2026-08-19T03:08:26.6379003Z Solving with CaDiCaL 2.0.0
FV-4b required proofs	Prove persisted metadata validation	2026-08-19T03:08:26.6379531Z 60518 variables, 119196 clauses
FV-4b required proofs	Prove persisted metadata validation	2026-08-19T03:08:26.6380066Z SAT checker: instance is UNSATISFIABLE
FV-4b required proofs	Prove persisted metadata validation	2026-08-19T03:08:26.6388114Z Runtime Solver: 0.000372431s
FV-4b required proofs	Prove persisted metadata validation	2026-08-19T03:08:26.6388593Z Runtime decision procedure: 0.000634032s
FV-4b required proofs	Prove persisted metadata validation	2026-08-19T03:08:26.9183771Z 
FV-4b required proofs	Prove persisted metadata validation	2026-08-19T03:08:26.9184264Z RESULTS:
FV-4b required proofs	Prove persisted metadata validation	2026-08-19T03:08:26.9184847Z Check 1: alloc::raw_vec::RawVecInner::try_allocate_in.unreachable.1
FV-4b required proofs	Prove persisted metadata validation	2026-08-19T03:08:26.9185493Z 	 - Status: SUCCESS
FV-4b required proofs	Prove persisted metadata validation	2026-08-19T03:08:26.9186139Z 	 - Description: "unreachable code"
FV-4b required proofs	Prove persisted metadata validation	2026-08-19T03:08:26.9186814Z 	 - Location: src/lib.rs:0:0 in function alloc::raw_vec::RawVecInner::try_allocate_in
FV-4b required proofs	Prove persisted metadata validation	2026-08-19T03:08:26.9187376Z 
FV-4b required proofs	Prove persisted metadata validation	2026-08-19T03:08:26.9187743Z Check 2: std::alloc::Layout::size_rounded_up_to_custom_align.arithmetic_overflow.1
FV-4b required proofs	Prove persisted metadata validation	2026-08-19T03:08:26.9188413Z 	 - Status: SUCCESS
FV-4b required proofs	Prove persisted metadata validation	2026-08-19T03:08:26.9188960Z 	 - Description: "attempt to compute `unchecked_sub` which would overflow"
FV-4b required proofs	Prove persisted metadata validation	2026-08-19T03:08:26.9190872Z 	 - Location: ../../../.rustup/toolchains/nightly-2025-11-21-x86_64-unknown-linux-gnu/lib/rustlib/src/rust/library/core/src/alloc/layout.rs:304:28 in function std::alloc::Layout::size_rounded_up_to_custom_align
FV-4b required proofs	Prove persisted metadata validation	2026-08-19T03:08:26.9192291Z 
FV-4b required proofs	Prove persisted metadata validation	2026-08-19T03:08:26.9192698Z Check 3: std::alloc::Layout::size_rounded_up_to_custom_align.arithmetic_overflow.2
FV-4b required proofs	Prove persisted metadata validation	2026-08-19T03:08:26.9193424Z 	 - Status: SUCCESS
FV-4b required proofs	Prove persisted metadata validation	2026-08-19T03:08:26.9193976Z 	 - Description: "attempt to compute `unchecked_add` which would overflow"
FV-4b required proofs	Prove persisted metadata validation	2026-08-19T03:08:26.9196256Z 	 - Location: ../../../.rustup/toolchains/nightly-2025-11-21-x86_64-unknown-linux-gnu/lib/rustlib/src/rust/library/core/src/alloc/layout.rs:305:13 in function std::alloc::Layout::size_rounded_up_to_custom_align
FV-4b required proofs	Prove persisted metadata validation	2026-08-19T03:08:26.9197555Z 
FV-4b required proofs	Prove persisted metadata validation	2026-08-19T03:08:26.9197717Z Check 4: malloc.assertion.1
FV-4b required proofs	Prove persisted metadata validation	2026-08-19T03:08:26.9198106Z 	 - Status: SUCCESS
FV-4b required proofs	Prove persisted metadata validation	2026-08-19T03:08:26.9198502Z 	 - Description: "max allocation size exceeded"
FV-4b required proofs	Prove persisted metadata validation	2026-08-19T03:08:26.9199423Z 	 - Location: <builtin-library-malloc>:31 in function malloc
FV-4b required proofs	Prove persisted metadata validation	2026-08-19T03:08:26.9199841Z 
FV-4b required proofs	Prove persisted metadata validation	2026-08-19T03:08:26.9199997Z Check 5: malloc.assertion.2
FV-4b required proofs	Prove persisted metadata validation	2026-08-19T03:08:26.9200374Z 	 - Status: SUCCESS
FV-4b required proofs	Prove persisted metadata validation	2026-08-19T03:08:26.9200746Z 	 - Description: "max allocation may fail"
FV-4b required proofs	Prove persisted metadata validation	2026-08-19T03:08:26.9201317Z 	 - Location: <builtin-library-malloc>:36 in function malloc
FV-4b required proofs	Prove persisted metadata validation	2026-08-19T03:08:26.9201746Z 
FV-4b required proofs	Prove persisted metadata validation	2026-08-19T03:08:26.9202207Z Check 6: <std::result::Result<(), EdisonError> as std::cmp::PartialEq>::eq.unreachable.1
FV-4b required proofs	Prove persisted metadata validation	2026-08-19T03:08:26.9202670Z 	 - Status: SUCCESS
FV-4b required proofs	Prove persisted metadata validation	2026-08-19T03:08:26.9202898Z 	 - Description: "unreachable code"
FV-4b required proofs	Prove persisted metadata validation	2026-08-19T03:08:26.9203365Z 	 - Location: src/lib.rs:0:0 in function <std::result::Result<(), EdisonError> as std::cmp::PartialEq>::eq
FV-4b required proofs	Prove persisted metadata validation	2026-08-19T03:08:26.9203754Z 
FV-4b required proofs	Prove persisted metadata validation	2026-08-19T03:08:26.9203968Z Check 7: core::panicking::panic_nounwind_fmt::runtime.unsupported_construct.1
FV-4b required proofs	Prove persisted metadata validation	2026-08-19T03:08:26.9204344Z 	 - Status: SUCCESS
FV-4b required proofs	Prove persisted metadata validation	2026-08-19T03:08:26.9205172Z 	 - Description: "call to foreign "Rust" function `_RNvCs1hStedNDpZ2_7___rustc17rust_begin_unwind` is not currently supported by Kani. Please post your example at https://github.com/model-checking/kani/issues/new/choose"
FV-4b required proofs	Prove persisted metadata validation	2026-08-19T03:08:26.9208717Z 	 - Location: ../../../.rustup/toolchains/nightly-2025-11-21-x86_64-unknown-linux-gnu/lib/rustlib/src/rust/library/core/src/panicking.rs:110:17 in function core::panicking::panic_nounwind_fmt::runtime
FV-4b required proofs	Prove persisted metadata validation	2026-08-19T03:08:26.9210281Z 
FV-4b required proofs	Prove persisted metadata validation	2026-08-19T03:08:26.9210523Z Check 8: std::alloc::Global::alloc_impl.unreachable.1
FV-4b required proofs	Prove persisted metadata validation	2026-08-19T03:08:26.9211043Z 	 - Status: SUCCESS
FV-4b required proofs	Prove persisted metadata validation	2026-08-19T03:08:26.9211415Z 	 - Description: "unreachable code"
FV-4b required proofs	Prove persisted metadata validation	2026-08-19T03:08:26.9212706Z 	 - Location: ../../../.rustup/toolchains/nightly-2025-11-21-x86_64-unknown-linux-gnu/lib/rustlib/src/rust/library/alloc/src/alloc.rs:191:27 in function std::alloc::Global::alloc_impl
FV-4b required proofs	Prove persisted metadata validation	2026-08-19T03:08:26.9213685Z 
FV-4b required proofs	Prove persisted metadata validation	2026-08-19T03:08:26.9213786Z Check 9: calloc.assertion.1
FV-4b required proofs	Prove persisted metadata validation	2026-08-19T03:08:26.9214031Z 	 - Status: SUCCESS
FV-4b required proofs	Prove persisted metadata validation	2026-08-19T03:08:26.9214273Z 	 - Description: "max allocation size exceeded"
FV-4b required proofs	Prove persisted metadata validation	2026-08-19T03:08:26.9214634Z 	 - Location: <builtin-library-calloc>:31 in function calloc
FV-4b required proofs	Prove persisted metadata validation	2026-08-19T03:08:26.9214878Z 
FV-4b required proofs	Prove persisted metadata validation	2026-08-19T03:08:26.9214977Z Check 10: calloc.assertion.2
FV-4b required proofs	Prove persisted metadata validation	2026-08-19T03:08:26.9215208Z 	 - Status: SUCCESS
FV-4b required proofs	Prove persisted metadata validation	2026-08-19T03:08:26.9215426Z 	 - Description: "max allocation may fail"
FV-4b required proofs	Prove persisted metadata validation	2026-08-19T03:08:26.9216073Z 	 - Location: <builtin-library-calloc>:36 in function calloc
FV-4b required proofs	Prove persisted metadata validation	2026-08-19T03:08:26.9216331Z 
FV-4b required proofs	Prove persisted metadata validation	2026-08-19T03:08:26.9216434Z Check 11: memcmp.precondition.1
FV-4b required proofs	Prove persisted metadata validation	2026-08-19T03:08:26.9216671Z 	 - Status: SUCCESS
FV-4b required proofs	Prove persisted metadata validation	2026-08-19T03:08:26.9216896Z 	 - Description: "memcmp region 1 readable"
FV-4b required proofs	Prove persisted metadata validation	2026-08-19T03:08:26.9217231Z 	 - Location: <builtin-library-memcmp>:19 in function memcmp
FV-4b required proofs	Prove persisted metadata validation	2026-08-19T03:08:26.9217464Z 
FV-4b required proofs	Prove persisted metadata validation	2026-08-19T03:08:26.9217560Z Check 12: memcmp.precondition.2
FV-4b required proofs	Prove persisted metadata validation	2026-08-19T03:08:26.9217787Z 	 - Status: SUCCESS
FV-4b required proofs	Prove persisted metadata validation	2026-08-19T03:08:26.9218000Z 	 - Description: "memcpy region 2 readable"
FV-4b required proofs	Prove persisted metadata validation	2026-08-19T03:08:26.9218323Z 	 - Location: <builtin-library-memcmp>:21 in function memcmp
FV-4b required proofs	Prove persisted metadata validation	2026-08-19T03:08:26.9218558Z 
FV-4b required proofs	Prove persisted metadata validation	2026-08-19T03:08:26.9218681Z Check 13: std::hint::assert_unchecked.assume.1
FV-4b required proofs	Prove persisted metadata validation	2026-08-19T03:08:26.9218956Z 	 - Status: SUCCESS
FV-4b required proofs	Prove persisted metadata validation	2026-08-19T03:08:26.9219188Z 	 - Description: "Rust intrinsic assumption failed"
FV-4b required proofs	Prove persisted metadata validation	2026-08-19T03:08:26.9219964Z 	 - Location: ../../../.rustup/toolchains/nightly-2025-11-21-x86_64-unknown-linux-gnu/lib/rustlib/src/rust/library/core/src/hint.rs:210:9 in function std::hint::assert_unchecked
FV-4b required proofs	Prove persisted metadata validation	2026-08-19T03:08:26.9220614Z 
FV-4b required proofs	Prove persisted metadata validation	2026-08-19T03:08:26.9220789Z Check 14: alloc::raw_vec::RawVecInner::with_capacity_in.unreachable.1
FV-4b required proofs	Prove persisted metadata validation	2026-08-19T03:08:26.9221328Z 	 - Status: SUCCESS
FV-4b required proofs	Prove persisted metadata validation	2026-08-19T03:08:26.9221543Z 	 - Description: "unreachable code"
FV-4b required proofs	Prove persisted metadata validation	2026-08-19T03:08:26.9222336Z 	 - Location: ../../../.rustup/toolchains/nightly-2025-11-21-x86_64-unknown-linux-gnu/lib/rustlib/src/rust/library/alloc/src/raw_vec/mod.rs:419:15 in function alloc::raw_vec::RawVecInner::with_capacity_in
FV-4b required proofs	Prove persisted metadata validation	2026-08-19T03:08:26.9223051Z 
FV-4b required proofs	Prove persisted metadata validation	2026-08-19T03:08:26.9223151Z Check 15: __rust_alloc_zeroed.assertion.1
FV-4b required proofs	Prove persisted metadata validation	2026-08-19T03:08:26.9223411Z 	 - Status: SUCCESS
FV-4b required proofs	Prove persisted metadata validation	2026-08-19T03:08:26.9223734Z 	 - Description: "__rust_alloc_zeroed must be called with a size greater than 0"
FV-4b required proofs	Prove persisted metadata validation	2026-08-19T03:08:26.9224287Z 	 - Location: ../../../.kani/kani-0.67.0/library/kani/kani_lib.c:62 in function __rust_alloc_zeroed
FV-4b required proofs	Prove persisted metadata validation	2026-08-19T03:08:26.9224643Z 
FV-4b required proofs	Prove persisted metadata validation	2026-08-19T03:08:26.9224756Z Check 16: __rust_alloc_zeroed.assertion.2
FV-4b required proofs	Prove persisted metadata validation	2026-08-19T03:08:26.9225012Z 	 - Status: SUCCESS
FV-4b required proofs	Prove persisted metadata validation	2026-08-19T03:08:26.9225233Z 	 - Description: "Alignment is power of two"
FV-4b required proofs	Prove persisted metadata validation	2026-08-19T03:08:26.9226043Z 	 - Location: ../../../.kani/kani-0.67.0/library/kani/kani_lib.c:65 in function __rust_alloc_zeroed
FV-4b required proofs	Prove persisted metadata validation	2026-08-19T03:08:26.9226415Z 
FV-4b required proofs	Prove persisted metadata validation	2026-08-19T03:08:26.9226517Z Check 17: __rust_dealloc.assertion.1
FV-4b required proofs	Prove persisted metadata validation	2026-08-19T03:08:26.9226765Z 	 - Status: SUCCESS
FV-4b required proofs	Prove persisted metadata validation	2026-08-19T03:08:26.9226980Z 	 - Description: "Alignment is power of two"
FV-4b required proofs	Prove persisted metadata validation	2026-08-19T03:08:26.9227393Z 	 - Location: ../../../.kani/kani-0.67.0/library/kani/kani_lib.c:83 in function __rust_dealloc
FV-4b required proofs	Prove persisted metadata validation	2026-08-19T03:08:26.9227717Z 
FV-4b required proofs	Prove persisted metadata validation	2026-08-19T03:08:26.9227814Z Check 18: __rust_dealloc.assertion.2
FV-4b required proofs	Prove persisted metadata validation	2026-08-19T03:08:26.9228057Z 	 - Status: SUCCESS
FV-4b required proofs	Prove persisted metadata validation	2026-08-19T03:08:26.9228432Z 	 - Description: "rust_dealloc must be called on an object whose allocated size matches its layout"
FV-4b required proofs	Prove persisted metadata validation	2026-08-19T03:08:26.9229022Z 	 - Location: ../../../.kani/kani-0.67.0/library/kani/kani_lib.c:85 in function __rust_dealloc
FV-4b required proofs	Prove persisted metadata validation	2026-08-19T03:08:26.9229528Z 
FV-4b required proofs	Prove persisted metadata validation	2026-08-19T03:08:26.9229716Z Check 19: core::num::<impl usize>::unchecked_mul.arithmetic_overflow.1
FV-4b required proofs	Prove persisted metadata validation	2026-08-19T03:08:26.9230060Z 	 - Status: SUCCESS
FV-4b required proofs	Prove persisted metadata validation	2026-08-19T03:08:26.9230371Z 	 - Description: "attempt to compute `unchecked_mul` which would overflow"
FV-4b required proofs	Prove persisted metadata validation	2026-08-19T03:08:26.9231297Z 	 - Location: ../../../.rustup/toolchains/nightly-2025-11-21-x86_64-unknown-linux-gnu/lib/rustlib/src/rust/library/core/src/num/uint_macros.rs:1117:17 in function core::num::<impl usize>::unchecked_mul
FV-4b required proofs	Prove persisted metadata validation	2026-08-19T03:08:26.9232008Z 
FV-4b required proofs	Prove persisted metadata validation	2026-08-19T03:08:26.9232500Z Check 20: std::result::Result::<(std::alloc::Layout, usize), std::alloc::LayoutError>::map::<std::alloc::Layout, {closure@alloc::raw_vec::layout_array::{closure#0}}>.unreachable.1
FV-4b required proofs	Prove persisted metadata validation	2026-08-19T03:08:26.9233159Z 	 - Status: SUCCESS
FV-4b required proofs	Prove persisted metadata validation	2026-08-19T03:08:26.9233368Z 	 - Description: "unreachable code"
FV-4b required proofs	Prove persisted metadata validation	2026-08-19T03:08:26.9234460Z 	 - Location: ../../../.rustup/toolchains/nightly-2025-11-21-x86_64-unknown-linux-gnu/lib/rustlib/src/rust/library/core/src/result.rs:835:15 in function std::result::Result::<(std::alloc::Layout, usize), std::alloc::LayoutError>::map::<std::alloc::Layout, {closure@alloc::raw_vec::layout_array::{closure#0}}>
FV-4b required proofs	Prove persisted metadata validation	2026-08-19T03:08:26.9235505Z 
FV-4b required proofs	Prove persisted metadata validation	2026-08-19T03:08:26.9235684Z Check 21: kani::rustc_intrinsics::size_of_val_raw::<[u8]>.unreachable.1
FV-4b required proofs	Prove persisted metadata validation	2026-08-19T03:08:26.9236288Z 	 - Status: SUCCESS
FV-4b required proofs	Prove persisted metadata validation	2026-08-19T03:08:26.9236497Z 	 - Description: "unreachable code"
FV-4b required proofs	Prove persisted metadata validation	2026-08-19T03:08:26.9237120Z 	 - Location: ../../kani/kani/library/kani_core/src/models.rs:23:13 in function kani::rustc_intrinsics::size_of_val_raw::<[u8]>
FV-4b required proofs	Prove persisted metadata validation	2026-08-19T03:08:26.9237682Z 
FV-4b required proofs	Prove persisted metadata validation	2026-08-19T03:08:26.9237865Z Check 22: kani::rustc_intrinsics::size_of_val_raw::<[u8]>.safety_check.1
FV-4b required proofs	Prove persisted metadata validation	2026-08-19T03:08:26.9238217Z 	 - Status: SUCCESS
FV-4b required proofs	Prove persisted metadata validation	2026-08-19T03:08:26.9238459Z 	 - Description: "failed to compute `size_of_val`"
FV-4b required proofs	Prove persisted metadata validation	2026-08-19T03:08:26.9238989Z 	 - Location: ../../kani/kani/library/kani/src/lib.rs:57:1 in function kani::rustc_intrinsics::size_of_val_raw::<[u8]>
FV-4b required proofs	Prove persisted metadata validation	2026-08-19T03:08:26.9239546Z 
FV-4b required proofs	Prove persisted metadata validation	2026-08-19T03:08:26.9239829Z Check 23: kani::rustc_intrinsics::size_of_val_raw::<[u8]>.assertion.1
FV-4b required proofs	Prove persisted metadata validation	2026-08-19T03:08:26.9240386Z 	 - Status: SUCCESS
FV-4b required proofs	Prove persisted metadata validation	2026-08-19T03:08:26.9240851Z 	 - Description: "cannot compute `size_of_val` for extern types"
FV-4b required proofs	Prove persisted metadata validation	2026-08-19T03:08:26.9241982Z 	 - Location: ../../kani/kani/library/kani/src/lib.rs:57:1 in function kani::rustc_intrinsics::size_of_val_raw::<[u8]>
FV-4b required proofs	Prove persisted metadata validation	2026-08-19T03:08:26.9242403Z 
FV-4b required proofs	Prove persisted metadata validation	2026-08-19T03:08:26.9242627Z Check 24: verification::kani_harnesses::kani_persisted_record_metadata.assertion.1
FV-4b required proofs	Prove persisted metadata validation	2026-08-19T03:08:26.9243023Z 	 - Status: SUCCESS
FV-4b required proofs	Prove persisted metadata validation	2026-08-19T03:08:26.9243330Z 	 - Description: "assertion failed: persisted_key == record.id.as_bytes()"
FV-4b required proofs	Prove persisted metadata validation	2026-08-19T03:08:26.9243927Z 	 - Location: src/verification.rs:689:13 in function verification::kani_harnesses::kani_persisted_record_metadata
FV-4b required proofs	Prove persisted metadata validation	2026-08-19T03:08:26.9244347Z 
FV-4b required proofs	Prove persisted metadata validation	2026-08-19T03:08:26.9244558Z Check 25: verification::kani_harnesses::kani_persisted_record_metadata.assertion.2
FV-4b required proofs	Prove persisted metadata validation	2026-08-19T03:08:26.9244942Z 	 - Status: SUCCESS
FV-4b required proofs	Prove persisted metadata validation	2026-08-19T03:08:26.9245229Z 	 - Description: "assertion failed: &record.tier == &expected_tier"
FV-4b required proofs	Prove persisted metadata validation	2026-08-19T03:08:26.9246115Z 	 - Location: src/verification.rs:690:13 in function verification::kani_harnesses::kani_persisted_record_metadata
FV-4b required proofs	Prove persisted metadata validation	2026-08-19T03:08:26.9246923Z 
FV-4b required proofs	Prove persisted metadata validation	2026-08-19T03:08:26.9247321Z Check 26: verification::kani_harnesses::kani_persisted_record_metadata.assertion.3
FV-4b required proofs	Prove persisted metadata validation	2026-08-19T03:08:26.9248022Z 	 - Status: SUCCESS
FV-4b required proofs	Prove persisted metadata validation	2026-08-19T03:08:26.9248425Z 	 - Description: "assertion failed: id_is_unique"
FV-4b required proofs	Prove persisted metadata validation	2026-08-19T03:08:26.9249092Z 	 - Location: src/verification.rs:691:13 in function verification::kani_harnesses::kani_persisted_record_metadata
FV-4b required proofs	Prove persisted metadata validation	2026-08-19T03:08:26.9249500Z 
FV-4b required proofs	Prove persisted metadata validation	2026-08-19T03:08:26.9249725Z Check 27: verification::kani_harnesses::kani_persisted_record_metadata.assertion.4
FV-4b required proofs	Prove persisted metadata validation	2026-08-19T03:08:26.9250118Z 	 - Status: SUCCESS
FV-4b required proofs	Prove persisted metadata validation	2026-08-19T03:08:26.9250430Z 	 - Description: "assertion failed: result == Err(EdisonError::LoadFailed)"
FV-4b required proofs	Prove persisted metadata validation	2026-08-19T03:08:26.9251028Z 	 - Location: src/verification.rs:695:13 in function verification::kani_harnesses::kani_persisted_record_metadata
FV-4b required proofs	Prove persisted metadata validation	2026-08-19T03:08:26.9251658Z 
FV-4b required proofs	Prove persisted metadata validation	2026-08-19T03:08:26.9251879Z Check 28: verification::kani_harnesses::kani_persisted_record_metadata.assertion.5
FV-4b required proofs	Prove persisted metadata validation	2026-08-19T03:08:26.9252268Z 	 - Status: SUCCESS
FV-4b required proofs	Prove persisted metadata validation	2026-08-19T03:08:26.9252577Z 	 - Description: "assertion failed: result == Err(EdisonError::LoadFailed)"
FV-4b required proofs	Prove persisted metadata validation	2026-08-19T03:08:26.9253166Z 	 - Location: src/verification.rs:699:13 in function verification::kani_harnesses::kani_persisted_record_metadata
FV-4b required proofs	Prove persisted metadata validation	2026-08-19T03:08:26.9253571Z 
FV-4b required proofs	Prove persisted metadata validation	2026-08-19T03:08:26.9253781Z Check 29: verification::kani_harnesses::kani_persisted_record_metadata.assertion.6
FV-4b required proofs	Prove persisted metadata validation	2026-08-19T03:08:26.9254160Z 	 - Status: SUCCESS
FV-4b required proofs	Prove persisted metadata validation	2026-08-19T03:08:26.9254461Z 	 - Description: "assertion failed: result == Err(EdisonError::LoadFailed)"
FV-4b required proofs	Prove persisted metadata validation	2026-08-19T03:08:26.9255048Z 	 - Location: src/verification.rs:703:13 in function verification::kani_harnesses::kani_persisted_record_metadata
FV-4b required proofs	Prove persisted metadata validation	2026-08-19T03:08:26.9255456Z 
FV-4b required proofs	Prove persisted metadata validation	2026-08-19T03:08:26.9255665Z Check 30: verification::kani_harnesses::kani_persisted_record_metadata.assertion.7
FV-4b required proofs	Prove persisted metadata validation	2026-08-19T03:08:26.9256334Z 	 - Status: SUCCESS
FV-4b required proofs	Prove persisted metadata validation	2026-08-19T03:08:26.9256577Z 	 - Description: "assertion failed: result.is_ok()"
FV-4b required proofs	Prove persisted metadata validation	2026-08-19T03:08:26.9257107Z 	 - Location: src/verification.rs:707:13 in function verification::kani_harnesses::kani_persisted_record_metadata
FV-4b required proofs	Prove persisted metadata validation	2026-08-19T03:08:26.9257515Z 
FV-4b required proofs	Prove persisted metadata validation	2026-08-19T03:08:26.9257651Z Check 31: std::fmt::Arguments::<'_>::from_str.assertion.1
FV-4b required proofs	Prove persisted metadata validation	2026-08-19T03:08:26.9257960Z 	 - Status: UNREACHABLE
FV-4b required proofs	Prove persisted metadata validation	2026-08-19T03:08:26.9258223Z 	 - Description: "attempt to shift left with overflow"
FV-4b required proofs	Prove persisted metadata validation	2026-08-19T03:08:26.9259033Z 	 - Location: ../../../.rustup/toolchains/nightly-2025-11-21-x86_64-unknown-linux-gnu/lib/rustlib/src/rust/library/core/src/fmt/mod.rs:820:38 in function std::fmt::Arguments::<'_>::from_str
FV-4b required proofs	Prove persisted metadata validation	2026-08-19T03:08:26.9259698Z 
FV-4b required proofs	Prove persisted metadata validation	2026-08-19T03:08:26.9259795Z Check 32: __rust_alloc.assertion.1
FV-4b required proofs	Prove persisted metadata validation	2026-08-19T03:08:26.9260036Z 	 - Status: SUCCESS
FV-4b required proofs	Prove persisted metadata validation	2026-08-19T03:08:26.9260332Z 	 - Description: "__rust_alloc must be called with a size greater than 0"
FV-4b required proofs	Prove persisted metadata validation	2026-08-19T03:08:26.9260839Z 	 - Location: ../../../.kani/kani-0.67.0/library/kani/kani_lib.c:43 in function __rust_alloc
FV-4b required proofs	Prove persisted metadata validation	2026-08-19T03:08:26.9261162Z 
FV-4b required proofs	Prove persisted metadata validation	2026-08-19T03:08:26.9261413Z Check 33: __rust_alloc.assertion.2
FV-4b required proofs	Prove persisted metadata validation	2026-08-19T03:08:26.9261650Z 	 - Status: SUCCESS
FV-4b required proofs	Prove persisted metadata validation	2026-08-19T03:08:26.9261875Z 	 - Description: "Alignment is power of two"
FV-4b required proofs	Prove persisted metadata validation	2026-08-19T03:08:26.9262281Z 	 - Location: ../../../.kani/kani-0.67.0/library/kani/kani_lib.c:46 in function __rust_alloc
FV-4b required proofs	Prove persisted metadata validation	2026-08-19T03:08:26.9262594Z 
FV-4b required proofs	Prove persisted metadata validation	2026-08-19T03:08:26.9262775Z Check 34: std::panic::Location::<'_>::caller.unsupported_construct.1
FV-4b required proofs	Prove persisted metadata validation	2026-08-19T03:08:26.9263112Z 	 - Status: SUCCESS
FV-4b required proofs	Prove persisted metadata validation	2026-08-19T03:08:26.9263678Z 	 - Description: "caller_location is not currently supported by Kani. Please post your example at https://github.com/model-checking/kani/issues/374"
FV-4b required proofs	Prove persisted metadata validation	2026-08-19T03:08:26.9264821Z 	 - Location: ../../../.rustup/toolchains/nightly-2025-11-21-x86_64-unknown-linux-gnu/lib/rustlib/src/rust/library/core/src/panic/location.rs:147:9 in function std::panic::Location::<'_>::caller
FV-4b required proofs	Prove persisted metadata validation	2026-08-19T03:08:26.9265521Z 
FV-4b required proofs	Prove persisted metadata validation	2026-08-19T03:08:26.9265905Z Check 35: core::ub_checks::maybe_is_nonoverlapping::runtime.unreachable.1
FV-4b required proofs	Prove persisted metadata validation	2026-08-19T03:08:26.9266384Z 	 - Status: SUCCESS
FV-4b required proofs	Prove persisted metadata validation	2026-08-19T03:08:26.9266604Z 	 - Description: "unreachable code"
FV-4b required proofs	Prove persisted metadata validation	2026-08-19T03:08:26.9267417Z 	 - Location: ../../../.rustup/toolchains/nightly-2025-11-21-x86_64-unknown-linux-gnu/lib/rustlib/src/rust/library/core/src/intrinsics/mod.rs:2437:9 in function core::ub_checks::maybe_is_nonoverlapping::runtime
FV-4b required proofs	Prove persisted metadata validation	2026-08-19T03:08:26.9268158Z 
FV-4b required proofs	Prove persisted metadata validation	2026-08-19T03:08:26.9268338Z Check 36: std::ptr::const_ptr::<impl *const ()>::is_aligned_to.assertion.1
FV-4b required proofs	Prove persisted metadata validation	2026-08-19T03:08:26.9268703Z 	 - Status: UNREACHABLE
FV-4b required proofs	Prove persisted metadata validation	2026-08-19T03:08:26.9268963Z 	 - Description: "attempt to subtract with overflow"
FV-4b required proofs	Prove persisted metadata validation	2026-08-19T03:08:26.9269828Z 	 - Location: ../../../.rustup/toolchains/nightly-2025-11-21-x86_64-unknown-linux-gnu/lib/rustlib/src/rust/library/core/src/ptr/const_ptr.rs:1377:23 in function std::ptr::const_ptr::<impl *const ()>::is_aligned_to
FV-4b required proofs	Prove persisted metadata validation	2026-08-19T03:08:26.9270715Z 
FV-4b required proofs	Prove persisted metadata validation	2026-08-19T03:08:26.9270892Z Check 37: std::ptr::const_ptr::<impl *const ()>::is_aligned_to.assertion.2
FV-4b required proofs	Prove persisted metadata validation	2026-08-19T03:08:26.9271234Z 	 - Status: SUCCESS
FV-4b required proofs	Prove persisted metadata validation	2026-08-19T03:08:26.9271616Z 	 - Description: "This is a placeholder message; Kani doesn't support message formatted at runtime"
FV-4b required proofs	Prove persisted metadata validation	2026-08-19T03:08:26.9272626Z 	 - Location: ../../../.rustup/toolchains/nightly-2025-11-21-x86_64-unknown-linux-gnu/lib/rustlib/src/rust/library/core/src/ptr/const_ptr.rs:1374:13 in function std::ptr::const_ptr::<impl *const ()>::is_aligned_to
FV-4b required proofs	Prove persisted metadata validation	2026-08-19T03:08:26.9273351Z 
FV-4b required proofs	Prove persisted metadata validation	2026-08-19T03:08:26.9273497Z Check 38: std::alloc::Layout::repeat_packed.unreachable.1
FV-4b required proofs	Prove persisted metadata validation	2026-08-19T03:08:26.9273798Z 	 - Status: SUCCESS
FV-4b required proofs	Prove persisted metadata validation	2026-08-19T03:08:26.9274003Z 	 - Description: "unreachable code"
FV-4b required proofs	Prove persisted metadata validation	2026-08-19T03:08:26.9274756Z 	 - Location: ../../../.rustup/toolchains/nightly-2025-11-21-x86_64-unknown-linux-gnu/lib/rustlib/src/rust/library/core/src/alloc/layout.rs:447:5 in function std::alloc::Layout::repeat_packed
FV-4b required proofs	Prove persisted metadata validation	2026-08-19T03:08:26.9275440Z 
FV-4b required proofs	Prove persisted metadata validation	2026-08-19T03:08:26.9275559Z Check 39: std::alloc::Layout::repeat.unreachable.1
FV-4b required proofs	Prove persisted metadata validation	2026-08-19T03:08:26.9276138Z 	 - Status: SUCCESS
FV-4b required proofs	Prove persisted metadata validation	2026-08-19T03:08:26.9276352Z 	 - Description: "unreachable code"
FV-4b required proofs	Prove persisted metadata validation	2026-08-19T03:08:26.9277090Z 	 - Location: ../../../.rustup/toolchains/nightly-2025-11-21-x86_64-unknown-linux-gnu/lib/rustlib/src/rust/library/core/src/alloc/layout.rs:359:5 in function std::alloc::Layout::repeat
FV-4b required proofs	Prove persisted metadata validation	2026-08-19T03:08:26.9277747Z 
FV-4b required proofs	Prove persisted metadata validation	2026-08-19T03:08:26.9277907Z Check 40: std::ptr::drop_in_place::<std::vec::Vec<u8>>.safety_check.1
FV-4b required proofs	Prove persisted metadata validation	2026-08-19T03:08:26.9278237Z 	 - Status: SUCCESS
FV-4b required proofs	Prove persisted metadata validation	2026-08-19T03:08:26.9278652Z 	 - Description: "misaligned pointer to reference cast: address must be a multiple of its type's alignment"
FV-4b required proofs	Prove persisted metadata validation	2026-08-19T03:08:26.9279651Z 	 - Location: ../../../.rustup/toolchains/nightly-2025-11-21-x86_64-unknown-linux-gnu/lib/rustlib/src/rust/library/core/src/ptr/mod.rs:805:1 in function std::ptr::drop_in_place::<std::vec::Vec<u8>>
FV-4b required proofs	Prove persisted metadata validation	2026-08-19T03:08:26.9280339Z 
FV-4b required proofs	Prove persisted metadata validation	2026-08-19T03:08:26.9280504Z Check 41: std::ptr::drop_in_place::<std::vec::Vec<u8>>.safety_check.2
FV-4b required proofs	Prove persisted metadata validation	2026-08-19T03:08:26.9280837Z 	 - Status: SUCCESS
FV-4b required proofs	Prove persisted metadata validation	2026-08-19T03:08:26.9281084Z 	 - Description: "dereference failure: pointer invalid"
FV-4b required proofs	Prove persisted metadata validation	2026-08-19T03:08:26.9282045Z 	 - Location: ../../../.rustup/toolchains/nightly-2025-11-21-x86_64-unknown-linux-gnu/lib/rustlib/src/rust/library/core/src/ptr/mod.rs:805:1 in function std::ptr::drop_in_place::<std::vec::Vec<u8>>
FV-4b required proofs	Prove persisted metadata validation	2026-08-19T03:08:26.9282724Z 
FV-4b required proofs	Prove persisted metadata validation	2026-08-19T03:08:26.9283273Z Check 42: std::result::Result::<std::alloc::Layout, std::alloc::LayoutError>::map_err::<std::collections::TryReserveError, {closure@alloc::raw_vec::layout_array::{closure#1}}>.unreachable.1
FV-4b required proofs	Prove persisted metadata validation	2026-08-19T03:08:26.9283981Z 	 - Status: SUCCESS
FV-4b required proofs	Prove persisted metadata validation	2026-08-19T03:08:26.9284188Z 	 - Description: "unreachable code"
FV-4b required proofs	Prove persisted metadata validation	2026-08-19T03:08:26.9285328Z 	 - Location: ../../../.rustup/toolchains/nightly-2025-11-21-x86_64-unknown-linux-gnu/lib/rustlib/src/rust/library/core/src/result.rs:966:15 in function std::result::Result::<std::alloc::Layout, std::alloc::LayoutError>::map_err::<std::collections::TryReserveError, {closure@alloc::raw_vec::layout_array::{closure#1}}>
FV-4b required proofs	Prove persisted metadata validation	2026-08-19T03:08:26.9286631Z 
FV-4b required proofs	Prove persisted metadata validation	2026-08-19T03:08:26.9286881Z Check 43: <std::collections::TryReserveErrorKind as std::clone::Clone>::clone.unreachable.1
FV-4b required proofs	Prove persisted metadata validation	2026-08-19T03:08:26.9287311Z 	 - Status: SUCCESS
FV-4b required proofs	Prove persisted metadata validation	2026-08-19T03:08:26.9287520Z 	 - Description: "unreachable code"
FV-4b required proofs	Prove persisted metadata validation	2026-08-19T03:08:26.9288390Z 	 - Location: ../../../.rustup/toolchains/nightly-2025-11-21-x86_64-unknown-linux-gnu/lib/rustlib/src/rust/library/alloc/src/collections/mod.rs:93:10 in function <std::collections::TryReserveErrorKind as std::clone::Clone>::clone
FV-4b required proofs	Prove persisted metadata validation	2026-08-19T03:08:26.9289193Z 
FV-4b required proofs	Prove persisted metadata validation	2026-08-19T03:08:26.9289449Z Check 44: std::option::Option::<std::ptr::NonNull<u8>>::ok_or::<std::alloc::AllocError>.unreachable.1
FV-4b required proofs	Prove persisted metadata validation	2026-08-19T03:08:26.9289885Z 	 - Status: SUCCESS
FV-4b required proofs	Prove persisted metadata validation	2026-08-19T03:08:26.9290092Z 	 - Description: "unreachable code"
FV-4b required proofs	Prove persisted metadata validation	2026-08-19T03:08:26.9290951Z 	 - Location: ../../../.rustup/toolchains/nightly-2025-11-21-x86_64-unknown-linux-gnu/lib/rustlib/src/rust/library/core/src/option.rs:1338:15 in function std::option::Option::<std::ptr::NonNull<u8>>::ok_or::<std::alloc::AllocError>
FV-4b required proofs	Prove persisted metadata validation	2026-08-19T03:08:26.9291885Z 
FV-4b required proofs	Prove persisted metadata validation	2026-08-19T03:08:26.9292049Z Check 45: alloc::raw_vec::RawVecInner::deallocate.unreachable.1
FV-4b required proofs	Prove persisted metadata validation	2026-08-19T03:08:26.9292377Z 	 - Status: SUCCESS
FV-4b required proofs	Prove persisted metadata validation	2026-08-19T03:08:26.9292587Z 	 - Description: "unreachable code"
FV-4b required proofs	Prove persisted metadata validation	2026-08-19T03:08:26.9293350Z 	 - Location: ../../../.rustup/toolchains/nightly-2025-11-21-x86_64-unknown-linux-gnu/lib/rustlib/src/rust/library/alloc/src/raw_vec/mod.rs:830:5 in function alloc::raw_vec::RawVecInner::deallocate
FV-4b required proofs	Prove persisted metadata validation	2026-08-19T03:08:26.9294038Z 
FV-4b required proofs	Prove persisted metadata validation	2026-08-19T03:08:26.9294168Z Check 46: core::num::<impl usize>::abs_diff.assertion.1
FV-4b required proofs	Prove persisted metadata validation	2026-08-19T03:08:26.9294611Z 	 - Status: UNREACHABLE
FV-4b required proofs	Prove persisted metadata validation	2026-08-19T03:08:26.9294864Z 	 - Description: "attempt to subtract with overflow"
FV-4b required proofs	Prove persisted metadata validation	2026-08-19T03:08:26.9295672Z 	 - Location: ../../../.rustup/toolchains/nightly-2025-11-21-x86_64-unknown-linux-gnu/lib/rustlib/src/rust/library/core/src/num/uint_macros.rs:2852:21 in function core::num::<impl usize>::abs_diff
FV-4b required proofs	Prove persisted metadata validation	2026-08-19T03:08:26.9296663Z 
FV-4b required proofs	Prove persisted metadata validation	2026-08-19T03:08:26.9296801Z Check 47: core::num::<impl usize>::abs_diff.assertion.2
FV-4b required proofs	Prove persisted metadata validation	2026-08-19T03:08:26.9297110Z 	 - Status: UNREACHABLE
FV-4b required proofs	Prove persisted metadata validation	2026-08-19T03:08:26.9297358Z 	 - Description: "attempt to subtract with overflow"
FV-4b required proofs	Prove persisted metadata validation	2026-08-19T03:08:26.9298166Z 	 - Location: ../../../.rustup/toolchains/nightly-2025-11-21-x86_64-unknown-linux-gnu/lib/rustlib/src/rust/library/core/src/num/uint_macros.rs:2854:21 in function core::num::<impl usize>::abs_diff
FV-4b required proofs	Prove persisted metadata validation	2026-08-19T03:08:26.9298849Z 
FV-4b required proofs	Prove persisted metadata validation	2026-08-19T03:08:26.9298999Z Check 48: std::ptr::copy_nonoverlapping::<u8>.safety_check.1
FV-4b required proofs	Prove persisted metadata validation	2026-08-19T03:08:26.9299308Z 	 - Status: SUCCESS
FV-4b required proofs	Prove persisted metadata validation	2026-08-19T03:08:26.9299538Z 	 - Description: "`src` must be properly aligned"
FV-4b required proofs	Prove persisted metadata validation	2026-08-19T03:08:26.9300322Z 	 - Location: ../../../.rustup/toolchains/nightly-2025-11-21-x86_64-unknown-linux-gnu/lib/rustlib/src/rust/library/core/src/ptr/mod.rs:547:14 in function std::ptr::copy_nonoverlapping::<u8>
FV-4b required proofs	Prove persisted metadata validation	2026-08-19T03:08:26.9300990Z 
FV-4b required proofs	Prove persisted metadata validation	2026-08-19T03:08:26.9301135Z Check 49: std::ptr::copy_nonoverlapping::<u8>.safety_check.2
FV-4b required proofs	Prove persisted metadata validation	2026-08-19T03:08:26.9301462Z 	 - Status: SUCCESS
FV-4b required proofs	Prove persisted metadata validation	2026-08-19T03:08:26.9301861Z 	 - Description: "`dst` must be properly aligned"
FV-4b required proofs	Prove persisted metadata validation	2026-08-19T03:08:26.9302699Z 	 - Location: ../../../.rustup/toolchains/nightly-2025-11-21-x86_64-unknown-linux-gnu/lib/rustlib/src/rust/library/core/src/ptr/mod.rs:547:14 in function std::ptr::copy_nonoverlapping::<u8>
FV-4b required proofs	Prove persisted metadata validation	2026-08-19T03:08:26.9303379Z 
FV-4b required proofs	Prove persisted metadata validation	2026-08-19T03:08:26.9303542Z Check 50: std::ptr::copy_nonoverlapping::<u8>.arithmetic_overflow.1
FV-4b required proofs	Prove persisted metadata validation	2026-08-19T03:08:26.9303879Z 	 - Status: SUCCESS
FV-4b required proofs	Prove persisted metadata validation	2026-08-19T03:08:26.9304253Z 	 - Description: "copy_nonoverlapping: attempt to compute number in bytes which would overflow"
FV-4b required proofs	Prove persisted metadata validation	2026-08-19T03:08:26.9305192Z 	 - Location: ../../../.rustup/toolchains/nightly-2025-11-21-x86_64-unknown-linux-gnu/lib/rustlib/src/rust/library/core/src/ptr/mod.rs:547:14 in function std::ptr::copy_nonoverlapping::<u8>
FV-4b required proofs	Prove persisted metadata validation	2026-08-19T03:08:26.9306081Z 
FV-4b required proofs	Prove persisted metadata validation	2026-08-19T03:08:26.9306239Z Check 51: std::alloc::Layout::is_size_align_valid.unreachable.1
FV-4b required proofs	Prove persisted metadata validation	2026-08-19T03:08:26.9306562Z 	 - Status: SUCCESS
FV-4b required proofs	Prove persisted metadata validation	2026-08-19T03:08:26.9306775Z 	 - Description: "unreachable code"
FV-4b required proofs	Prove persisted metadata validation	2026-08-19T03:08:26.9307554Z 	 - Location: ../../../.rustup/toolchains/nightly-2025-11-21-x86_64-unknown-linux-gnu/lib/rustlib/src/rust/library/core/src/alloc/layout.rs:68:5 in function std::alloc::Layout::is_size_align_valid
FV-4b required proofs	Prove persisted metadata validation	2026-08-19T03:08:26.9308245Z 
FV-4b required proofs	Prove persisted metadata validation	2026-08-19T03:08:26.9308393Z Check 52: std::slice::from_raw_parts::<'_, u8>.safety_check.1
FV-4b required proofs	Prove persisted metadata validation	2026-08-19T03:08:26.9308700Z 	 - Status: SUCCESS
FV-4b required proofs	Prove persisted metadata validation	2026-08-19T03:08:26.9309121Z 	 - Description: "misaligned pointer to reference cast: address must be a multiple of its type's alignment"
FV-4b required proofs	Prove persisted metadata validation	2026-08-19T03:08:26.9310101Z 	 - Location: ../../../.rustup/toolchains/nightly-2025-11-21-x86_64-unknown-linux-gnu/lib/rustlib/src/rust/library/core/src/slice/raw.rs:139:9 in function std::slice::from_raw_parts::<'_, u8>
FV-4b required proofs	Prove persisted metadata validation	2026-08-19T03:08:26.9310770Z 
FV-4b required proofs	Prove persisted metadata validation	2026-08-19T03:08:26.9311065Z Check 53: std::slice::from_raw_parts::<'_, u8>.safety_check.2
FV-4b required proofs	Prove persisted metadata validation	2026-08-19T03:08:26.9311373Z 	 - Status: SUCCESS
FV-4b required proofs	Prove persisted metadata validation	2026-08-19T03:08:26.9311620Z 	 - Description: "dereference failure: pointer invalid"
FV-4b required proofs	Prove persisted metadata validation	2026-08-19T03:08:26.9312417Z 	 - Location: ../../../.rustup/toolchains/nightly-2025-11-21-x86_64-unknown-linux-gnu/lib/rustlib/src/rust/library/core/src/slice/raw.rs:139:9 in function std::slice::from_raw_parts::<'_, u8>
FV-4b required proofs	Prove persisted metadata validation	2026-08-19T03:08:26.9313091Z 
FV-4b required proofs	Prove persisted metadata validation	2026-08-19T03:08:26.9313283Z Check 54: std::ptr::drop_in_place::<alloc::raw_vec::RawVec<u8>>.safety_check.1
FV-4b required proofs	Prove persisted metadata validation	2026-08-19T03:08:26.9313646Z 	 - Status: SUCCESS
FV-4b required proofs	Prove persisted metadata validation	2026-08-19T03:08:26.9314058Z 	 - Description: "misaligned pointer to reference cast: address must be a multiple of its type's alignment"
FV-4b required proofs	Prove persisted metadata validation	2026-08-19T03:08:26.9315071Z 	 - Location: ../../../.rustup/toolchains/nightly-2025-11-21-x86_64-unknown-linux-gnu/lib/rustlib/src/rust/library/core/src/ptr/mod.rs:805:1 in function std::ptr::drop_in_place::<alloc::raw_vec::RawVec<u8>>
FV-4b required proofs	Prove persisted metadata validation	2026-08-19T03:08:26.9316041Z 
FV-4b required proofs	Prove persisted metadata validation	2026-08-19T03:08:26.9316239Z Check 55: std::ptr::drop_in_place::<alloc::raw_vec::RawVec<u8>>.safety_check.2
FV-4b required proofs	Prove persisted metadata validation	2026-08-19T03:08:26.9316596Z 	 - Status: SUCCESS
FV-4b required proofs	Prove persisted metadata validation	2026-08-19T03:08:26.9316842Z 	 - Description: "dereference failure: pointer invalid"
FV-4b required proofs	Prove persisted metadata validation	2026-08-19T03:08:26.9317690Z 	 - Location: ../../../.rustup/toolchains/nightly-2025-11-21-x86_64-unknown-linux-gnu/lib/rustlib/src/rust/library/core/src/ptr/mod.rs:805:1 in function std::ptr::drop_in_place::<alloc::raw_vec::RawVec<u8>>
FV-4b required proofs	Prove persisted metadata validation	2026-08-19T03:08:26.9318402Z 
FV-4b required proofs	Prove persisted metadata validation	2026-08-19T03:08:26.9318545Z Check 56: alloc::raw_vec::capacity_overflow.assertion.1
FV-4b required proofs	Prove persisted metadata validation	2026-08-19T03:08:26.9318847Z 	 - Status: SUCCESS
FV-4b required proofs	Prove persisted metadata validation	2026-08-19T03:08:26.9319229Z 	 - Description: "This is a placeholder message; Kani doesn't support message formatted at runtime"
FV-4b required proofs	Prove persisted metadata validation	2026-08-19T03:08:26.9320172Z 	 - Location: ../../../.rustup/toolchains/nightly-2025-11-21-x86_64-unknown-linux-gnu/lib/rustlib/src/rust/library/alloc/src/raw_vec/mod.rs:28:5 in function alloc::raw_vec::capacity_overflow
FV-4b required proofs	Prove persisted metadata validation	2026-08-19T03:08:26.9320835Z 
FV-4b required proofs	Prove persisted metadata validation	2026-08-19T03:08:26.9320990Z Check 57: std::alloc::Layout::max_size_for_align.assertion.1
FV-4b required proofs	Prove persisted metadata validation	2026-08-19T03:08:26.9321301Z 	 - Status: SUCCESS
FV-4b required proofs	Prove persisted metadata validation	2026-08-19T03:08:26.9321530Z 	 - Description: "attempt to add with overflow"
FV-4b required proofs	Prove persisted metadata validation	2026-08-19T03:08:26.9322470Z 	 - Location: ../../../.rustup/toolchains/nightly-2025-11-21-x86_64-unknown-linux-gnu/lib/rustlib/src/rust/library/core/src/alloc/layout.rs:95:32 in function std::alloc::Layout::max_size_for_align
FV-4b required proofs	Prove persisted metadata validation	2026-08-19T03:08:26.9323159Z 
FV-4b required proofs	Prove persisted metadata validation	2026-08-19T03:08:26.9323328Z Check 58: std::alloc::Layout::max_size_for_align.arithmetic_overflow.1
FV-4b required proofs	Prove persisted metadata validation	2026-08-19T03:08:26.9323669Z 	 - Status: SUCCESS
FV-4b required proofs	Prove persisted metadata validation	2026-08-19T03:08:26.9323970Z 	 - Description: "attempt to compute `unchecked_sub` which would overflow"
FV-4b required proofs	Prove persisted metadata validation	2026-08-19T03:08:26.9324847Z 	 - Location: ../../../.rustup/toolchains/nightly-2025-11-21-x86_64-unknown-linux-gnu/lib/rustlib/src/rust/library/core/src/alloc/layout.rs:95:18 in function std::alloc::Layout::max_size_for_align
FV-4b required proofs	Prove persisted metadata validation	2026-08-19T03:08:26.9325533Z 
FV-4b required proofs	Prove persisted metadata validation	2026-08-19T03:08:26.9326176Z Check 59: <std::result::Result<std::ptr::NonNull<u8>, std::alloc::AllocError> as std::ops::Try>::branch.unreachable.1
FV-4b required proofs	Prove persisted metadata validation	2026-08-19T03:08:26.9326686Z 	 - Status: SUCCESS
FV-4b required proofs	Prove persisted metadata validation	2026-08-19T03:08:26.9326897Z 	 - Description: "unreachable code"
FV-4b required proofs	Prove persisted metadata validation	2026-08-19T03:08:26.9327829Z 	 - Location: ../../../.rustup/toolchains/nightly-2025-11-21-x86_64-unknown-linux-gnu/lib/rustlib/src/rust/library/core/src/result.rs:2173:15 in function <std::result::Result<std::ptr::NonNull<u8>, std::alloc::AllocError> as std::ops::Try>::branch
FV-4b required proofs	Prove persisted metadata validation	2026-08-19T03:08:26.9328680Z 
FV-4b required proofs	Prove persisted metadata validation	2026-08-19T03:08:26.9328839Z Check 60: core::ub_checks::is_valid_allocation_size.assertion.1
FV-4b required proofs	Prove persisted metadata validation	2026-08-19T03:08:26.9329168Z 	 - Status: UNREACHABLE
FV-4b required proofs	Prove persisted metadata validation	2026-08-19T03:08:26.9329402Z 	 - Description: "attempt to divide by zero"
FV-4b required proofs	Prove persisted metadata validation	2026-08-19T03:08:26.9330188Z 	 - Location: ../../../.rustup/toolchains/nightly-2025-11-21-x86_64-unknown-linux-gnu/lib/rustlib/src/rust/library/core/src/ub_checks.rs:149:54 in function core::ub_checks::is_valid_allocation_size
FV-4b required proofs	Prove persisted metadata validation	2026-08-19T03:08:26.9330868Z 
FV-4b required proofs	Prove persisted metadata validation	2026-08-19T03:08:26.9331050Z Check 61: core::ub_checks::is_valid_allocation_size.arithmetic_overflow.1
FV-4b required proofs	Prove persisted metadata validation	2026-08-19T03:08:26.9331577Z 	 - Status: SUCCESS
FV-4b required proofs	Prove persisted metadata validation	2026-08-19T03:08:26.9331796Z 	 - Description: "attempt to divide by zero"
FV-4b required proofs	Prove persisted metadata validation	2026-08-19T03:08:26.9332587Z 	 - Location: ../../../.rustup/toolchains/nightly-2025-11-21-x86_64-unknown-linux-gnu/lib/rustlib/src/rust/library/core/src/ub_checks.rs:149:54 in function core::ub_checks::is_valid_allocation_size
FV-4b required proofs	Prove persisted metadata validation	2026-08-19T03:08:26.9333273Z 
FV-4b required proofs	Prove persisted metadata validation	2026-08-19T03:08:26.9333399Z Check 62: alloc::raw_vec::handle_error.unreachable.1
FV-4b required proofs	Prove persisted metadata validation	2026-08-19T03:08:26.9333691Z 	 - Status: SUCCESS
FV-4b required proofs	Prove persisted metadata validation	2026-08-19T03:08:26.9333913Z 	 - Description: "unreachable code"
FV-4b required proofs	Prove persisted metadata validation	2026-08-19T03:08:26.9334647Z 	 - Location: ../../../.rustup/toolchains/nightly-2025-11-21-x86_64-unknown-linux-gnu/lib/rustlib/src/rust/library/alloc/src/raw_vec/mod.rs:845:11 in function alloc::raw_vec::handle_error
FV-4b required proofs	Prove persisted metadata validation	2026-08-19T03:08:26.9335305Z 
FV-4b required proofs	Prove persisted metadata validation	2026-08-19T03:08:26.9335488Z Check 63: std::alloc::handle_alloc_error::rt_error.unsupported_construct.1
FV-4b required proofs	Prove persisted metadata validation	2026-08-19T03:08:26.9336149Z 	 - Status: SUCCESS
FV-4b required proofs	Prove persisted metadata validation	2026-08-19T03:08:26.9336986Z 	 - Description: "call to foreign "Rust" function `_RNvCs1hStedNDpZ2_7___rustc26___rust_alloc_error_handler` is not currently supported by Kani. Please post your example at https://github.com/model-checking/kani/issues/new/choose"
FV-4b required proofs	Prove persisted metadata validation	2026-08-19T03:08:26.9338379Z 	 - Location: ../../../.rustup/toolchains/nightly-2025-11-21-x86_64-unknown-linux-gnu/lib/rustlib/src/rust/library/alloc/src/alloc.rs:366:5 in function std::alloc::handle_alloc_error::rt_error
FV-4b required proofs	Prove persisted metadata validation	2026-08-19T03:08:26.9339051Z 
FV-4b required proofs	Prove persisted metadata validation	2026-08-19T03:08:26.9339289Z Check 64: std::cmp::impls::<impl std::cmp::PartialEq for &DataTier>::eq.pointer_dereference.1
FV-4b required proofs	Prove persisted metadata validation	2026-08-19T03:08:26.9339696Z 	 - Status: SUCCESS
FV-4b required proofs	Prove persisted metadata validation	2026-08-19T03:08:26.9339936Z 	 - Description: "dereference failure: pointer NULL"
FV-4b required proofs	Prove persisted metadata validation	2026-08-19T03:08:26.9340786Z 	 - Location: ../../../.rustup/toolchains/nightly-2025-11-21-x86_64-unknown-linux-gnu/lib/rustlib/src/rust/library/core/src/cmp.rs:2090:27 in function std::cmp::impls::<impl std::cmp::PartialEq for &DataTier>::eq
FV-4b required proofs	Prove persisted metadata validation	2026-08-19T03:08:26.9341525Z 
FV-4b required proofs	Prove persisted metadata validation	2026-08-19T03:08:26.9341762Z Check 65: std::cmp::impls::<impl std::cmp::PartialEq for &DataTier>::eq.pointer_dereference.2
FV-4b required proofs	Prove persisted metadata validation	2026-08-19T03:08:26.9342168Z 	 - Status: SUCCESS
FV-4b required proofs	Prove persisted metadata validation	2026-08-19T03:08:26.9342579Z 	 - Description: "dereference failure: pointer invalid"
FV-4b required proofs	Prove persisted metadata validation	2026-08-19T03:08:26.9343434Z 	 - Location: ../../../.rustup/toolchains/nightly-2025-11-21-x86_64-unknown-linux-gnu/lib/rustlib/src/rust/library/core/src/cmp.rs:2090:27 in function std::cmp::impls::<impl std::cmp::PartialEq for &DataTier>::eq
FV-4b required proofs	Prove persisted metadata validation	2026-08-19T03:08:26.9344161Z 
FV-4b required proofs	Prove persisted metadata validation	2026-08-19T03:08:26.9344386Z Check 66: std::cmp::impls::<impl std::cmp::PartialEq for &DataTier>::eq.pointer_dereference.3
FV-4b required proofs	Prove persisted metadata validation	2026-08-19T03:08:26.9344803Z 	 - Status: SUCCESS
FV-4b required proofs	Prove persisted metadata validation	2026-08-19T03:08:26.9345088Z 	 - Description: "dereference failure: deallocated dynamic object"
FV-4b required proofs	Prove persisted metadata validation	2026-08-19T03:08:26.9346200Z 	 - Location: ../../../.rustup/toolchains/nightly-2025-11-21-x86_64-unknown-linux-gnu/lib/rustlib/src/rust/library/core/src/cmp.rs:2090:27 in function std::cmp::impls::<impl std::cmp::PartialEq for &DataTier>::eq
FV-4b required proofs	Prove persisted metadata validation	2026-08-19T03:08:26.9346954Z 
FV-4b required proofs	Prove persisted metadata validation	2026-08-19T03:08:26.9347188Z Check 67: std::cmp::impls::<impl std::cmp::PartialEq for &DataTier>::eq.pointer_dereference.4
FV-4b required proofs	Prove persisted metadata validation	2026-08-19T03:08:26.9347595Z 	 - Status: SUCCESS
FV-4b required proofs	Prove persisted metadata validation	2026-08-19T03:08:26.9347829Z 	 - Description: "dereference failure: dead object"
FV-4b required proofs	Prove persisted metadata validation	2026-08-19T03:08:26.9348675Z 	 - Location: ../../../.rustup/toolchains/nightly-2025-11-21-x86_64-unknown-linux-gnu/lib/rustlib/src/rust/library/core/src/cmp.rs:2090:27 in function std::cmp::impls::<impl std::cmp::PartialEq for &DataTier>::eq
FV-4b required proofs	Prove persisted metadata validation	2026-08-19T03:08:26.9349397Z 
FV-4b required proofs	Prove persisted metadata validation	2026-08-19T03:08:26.9349625Z Check 68: std::cmp::impls::<impl std::cmp::PartialEq for &DataTier>::eq.pointer_dereference.5
FV-4b required proofs	Prove persisted metadata validation	2026-08-19T03:08:26.9350033Z 	 - Status: SUCCESS
FV-4b required proofs	Prove persisted metadata validation	2026-08-19T03:08:26.9350322Z 	 - Description: "dereference failure: pointer outside object bounds"
FV-4b required proofs	Prove persisted metadata validation	2026-08-19T03:08:26.9351223Z 	 - Location: ../../../.rustup/toolchains/nightly-2025-11-21-x86_64-unknown-linux-gnu/lib/rustlib/src/rust/library/core/src/cmp.rs:2090:27 in function std::cmp::impls::<impl std::cmp::PartialEq for &DataTier>::eq
FV-4b required proofs	Prove persisted metadata validation	2026-08-19T03:08:26.9352102Z 
FV-4b required proofs	Prove persisted metadata validation	2026-08-19T03:08:26.9352327Z Check 69: std::cmp::impls::<impl std::cmp::PartialEq for &DataTier>::eq.pointer_dereference.6
FV-4b required proofs	Prove persisted metadata validation	2026-08-19T03:08:26.9352731Z 	 - Status: SUCCESS
FV-4b required proofs	Prove persisted metadata validation	2026-08-19T03:08:26.9352998Z 	 - Description: "dereference failure: invalid integer address"
FV-4b required proofs	Prove persisted metadata validation	2026-08-19T03:08:26.9353871Z 	 - Location: ../../../.rustup/toolchains/nightly-2025-11-21-x86_64-unknown-linux-gnu/lib/rustlib/src/rust/library/core/src/cmp.rs:2090:27 in function std::cmp::impls::<impl std::cmp::PartialEq for &DataTier>::eq
FV-4b required proofs	Prove persisted metadata validation	2026-08-19T03:08:26.9354599Z 
FV-4b required proofs	Prove persisted metadata validation	2026-08-19T03:08:26.9354818Z Check 70: std::cmp::impls::<impl std::cmp::PartialEq for &DataTier>::eq.pointer_dereference.7
FV-4b required proofs	Prove persisted metadata validation	2026-08-19T03:08:26.9355225Z 	 - Status: SUCCESS
FV-4b required proofs	Prove persisted metadata validation	2026-08-19T03:08:26.9355465Z 	 - Description: "dereference failure: pointer NULL"
FV-4b required proofs	Prove persisted metadata validation	2026-08-19T03:08:26.9356578Z 	 - Location: ../../../.rustup/toolchains/nightly-2025-11-21-x86_64-unknown-linux-gnu/lib/rustlib/src/rust/library/core/src/cmp.rs:2090:34 in function std::cmp::impls::<impl std::cmp::PartialEq for &DataTier>::eq
FV-4b required proofs	Prove persisted metadata validation	2026-08-19T03:08:26.9357310Z 
FV-4b required proofs	Prove persisted metadata validation	2026-08-19T03:08:26.9357547Z Check 71: std::cmp::impls::<impl std::cmp::PartialEq for &DataTier>::eq.pointer_dereference.8
FV-4b required proofs	Prove persisted metadata validation	2026-08-19T03:08:26.9357951Z 	 - Status: SUCCESS
FV-4b required proofs	Prove persisted metadata validation	2026-08-19T03:08:26.9358194Z 	 - Description: "dereference failure: pointer invalid"
FV-4b required proofs	Prove persisted metadata validation	2026-08-19T03:08:26.9359037Z 	 - Location: ../../../.rustup/toolchains/nightly-2025-11-21-x86_64-unknown-linux-gnu/lib/rustlib/src/rust/library/core/src/cmp.rs:2090:34 in function std::cmp::impls::<impl std::cmp::PartialEq for &DataTier>::eq
FV-4b required proofs	Prove persisted metadata validation	2026-08-19T03:08:26.9359771Z 
FV-4b required proofs	Prove persisted metadata validation	2026-08-19T03:08:26.9360013Z Check 72: std::cmp::impls::<impl std::cmp::PartialEq for &DataTier>::eq.pointer_dereference.9
FV-4b required proofs	Prove persisted metadata validation	2026-08-19T03:08:26.9360422Z 	 - Status: SUCCESS
FV-4b required proofs	Prove persisted metadata validation	2026-08-19T03:08:26.9360707Z 	 - Description: "dereference failure: deallocated dynamic object"
FV-4b required proofs	Prove persisted metadata validation	2026-08-19T03:08:26.9361612Z 	 - Location: ../../../.rustup/toolchains/nightly-2025-11-21-x86_64-unknown-linux-gnu/lib/rustlib/src/rust/library/core/src/cmp.rs:2090:34 in function std::cmp::impls::<impl std::cmp::PartialEq for &DataTier>::eq
FV-4b required proofs	Prove persisted metadata validation	2026-08-19T03:08:26.9362352Z 
FV-4b required proofs	Prove persisted metadata validation	2026-08-19T03:08:26.9362727Z Check 73: std::cmp::impls::<impl std::cmp::PartialEq for &DataTier>::eq.pointer_dereference.10
FV-4b required proofs	Prove persisted metadata validation	2026-08-19T03:08:26.9363138Z 	 - Status: SUCCESS
FV-4b required proofs	Prove persisted metadata validation	2026-08-19T03:08:26.9363368Z 	 - Description: "dereference failure: dead object"
FV-4b required proofs	Prove persisted metadata validation	2026-08-19T03:08:26.9364217Z 	 - Location: ../../../.rustup/toolchains/nightly-2025-11-21-x86_64-unknown-linux-gnu/lib/rustlib/src/rust/library/core/src/cmp.rs:2090:34 in function std::cmp::impls::<impl std::cmp::PartialEq for &DataTier>::eq
FV-4b required proofs	Prove persisted metadata validation	2026-08-19T03:08:26.9364947Z 
FV-4b required proofs	Prove persisted metadata validation	2026-08-19T03:08:26.9365180Z Check 74: std::cmp::impls::<impl std::cmp::PartialEq for &DataTier>::eq.pointer_dereference.11
FV-4b required proofs	Prove persisted metadata validation	2026-08-19T03:08:26.9365590Z 	 - Status: SUCCESS
FV-4b required proofs	Prove persisted metadata validation	2026-08-19T03:08:26.9366097Z 	 - Description: "dereference failure: pointer outside object bounds"
FV-4b required proofs	Prove persisted metadata validation	2026-08-19T03:08:26.9367002Z 	 - Location: ../../../.rustup/toolchains/nightly-2025-11-21-x86_64-unknown-linux-gnu/lib/rustlib/src/rust/library/core/src/cmp.rs:2090:34 in function std::cmp::impls::<impl std::cmp::PartialEq for &DataTier>::eq
FV-4b required proofs	Prove persisted metadata validation	2026-08-19T03:08:26.9367726Z 
FV-4b required proofs	Prove persisted metadata validation	2026-08-19T03:08:26.9367959Z Check 75: std::cmp::impls::<impl std::cmp::PartialEq for &DataTier>::eq.pointer_dereference.12
FV-4b required proofs	Prove persisted metadata validation	2026-08-19T03:08:26.9368365Z 	 - Status: SUCCESS
FV-4b required proofs	Prove persisted metadata validation	2026-08-19T03:08:26.9368633Z 	 - Description: "dereference failure: invalid integer address"
FV-4b required proofs	Prove persisted metadata validation	2026-08-19T03:08:26.9369510Z 	 - Location: ../../../.rustup/toolchains/nightly-2025-11-21-x86_64-unknown-linux-gnu/lib/rustlib/src/rust/library/core/src/cmp.rs:2090:34 in function std::cmp::impls::<impl std::cmp::PartialEq for &DataTier>::eq
FV-4b required proofs	Prove persisted metadata validation	2026-08-19T03:08:26.9370236Z 
FV-4b required proofs	Prove persisted metadata validation	2026-08-19T03:08:26.9370380Z Check 76: std::alloc::Layout::dangling.pointer_dereference.1
FV-4b required proofs	Prove persisted metadata validation	2026-08-19T03:08:26.9370691Z 	 - Status: SUCCESS
FV-4b required proofs	Prove persisted metadata validation	2026-08-19T03:08:26.9370928Z 	 - Description: "dereference failure: pointer NULL"
FV-4b required proofs	Prove persisted metadata validation	2026-08-19T03:08:26.9371861Z 	 - Location: ../../../.rustup/toolchains/nightly-2025-11-21-x86_64-unknown-linux-gnu/lib/rustlib/src/rust/library/core/src/alloc/layout.rs:223:37 in function std::alloc::Layout::dangling
FV-4b required proofs	Prove persisted metadata validation	2026-08-19T03:08:26.9372534Z 
FV-4b required proofs	Prove persisted metadata validation	2026-08-19T03:08:26.9372677Z Check 77: std::alloc::Layout::dangling.pointer_dereference.2
FV-4b required proofs	Prove persisted metadata validation	2026-08-19T03:08:26.9372986Z 	 - Status: SUCCESS
FV-4b required proofs	Prove persisted metadata validation	2026-08-19T03:08:26.9373229Z 	 - Description: "dereference failure: pointer invalid"
FV-4b required proofs	Prove persisted metadata validation	2026-08-19T03:08:26.9374032Z 	 - Location: ../../../.rustup/toolchains/nightly-2025-11-21-x86_64-unknown-linux-gnu/lib/rustlib/src/rust/library/core/src/alloc/layout.rs:223:37 in function std::alloc::Layout::dangling
FV-4b required proofs	Prove persisted metadata validation	2026-08-19T03:08:26.9374699Z 
FV-4b required proofs	Prove persisted metadata validation	2026-08-19T03:08:26.9374847Z Check 78: std::alloc::Layout::dangling.pointer_dereference.3
FV-4b required proofs	Prove persisted metadata validation	2026-08-19T03:08:26.9375154Z 	 - Status: SUCCESS
FV-4b required proofs	Prove persisted metadata validation	2026-08-19T03:08:26.9375428Z 	 - Description: "dereference failure: deallocated dynamic object"
FV-4b required proofs	Prove persisted metadata validation	2026-08-19T03:08:26.9376524Z 	 - Location: ../../../.rustup/toolchains/nightly-2025-11-21-x86_64-unknown-linux-gnu/lib/rustlib/src/rust/library/core/src/alloc/layout.rs:223:37 in function std::alloc::Layout::dangling
FV-4b required proofs	Prove persisted metadata validation	2026-08-19T03:08:26.9377209Z 
FV-4b required proofs	Prove persisted metadata validation	2026-08-19T03:08:26.9377359Z Check 79: std::alloc::Layout::dangling.pointer_dereference.4
FV-4b required proofs	Prove persisted metadata validation	2026-08-19T03:08:26.9377671Z 	 - Status: SUCCESS
FV-4b required proofs	Prove persisted metadata validation	2026-08-19T03:08:26.9377900Z 	 - Description: "dereference failure: dead object"
FV-4b required proofs	Prove persisted metadata validation	2026-08-19T03:08:26.9378673Z 	 - Location: ../../../.rustup/toolchains/nightly-2025-11-21-x86_64-unknown-linux-gnu/lib/rustlib/src/rust/library/core/src/alloc/layout.rs:223:37 in function std::alloc::Layout::dangling
FV-4b required proofs	Prove persisted metadata validation	2026-08-19T03:08:26.9379336Z 
FV-4b required proofs	Prove persisted metadata validation	2026-08-19T03:08:26.9379477Z Check 80: std::alloc::Layout::dangling.pointer_dereference.5
FV-4b required proofs	Prove persisted metadata validation	2026-08-19T03:08:26.9379781Z 	 - Status: SUCCESS
FV-4b required proofs	Prove persisted metadata validation	2026-08-19T03:08:26.9380062Z 	 - Description: "dereference failure: pointer outside object bounds"
FV-4b required proofs	Prove persisted metadata validation	2026-08-19T03:08:26.9380893Z 	 - Location: ../../../.rustup/toolchains/nightly-2025-11-21-x86_64-unknown-linux-gnu/lib/rustlib/src/rust/library/core/src/alloc/layout.rs:223:37 in function std::alloc::Layout::dangling
FV-4b required proofs	Prove persisted metadata validation	2026-08-19T03:08:26.9381562Z 
FV-4b required proofs	Prove persisted metadata validation	2026-08-19T03:08:26.9381701Z Check 81: std::alloc::Layout::dangling.pointer_dereference.6
FV-4b required proofs	Prove persisted metadata validation	2026-08-19T03:08:26.9382160Z 	 - Status: SUCCESS
FV-4b required proofs	Prove persisted metadata validation	2026-08-19T03:08:26.9382424Z 	 - Description: "dereference failure: invalid integer address"
FV-4b required proofs	Prove persisted metadata validation	2026-08-19T03:08:26.9383228Z 	 - Location: ../../../.rustup/toolchains/nightly-2025-11-21-x86_64-unknown-linux-gnu/lib/rustlib/src/rust/library/core/src/alloc/layout.rs:223:37 in function std::alloc::Layout::dangling
FV-4b required proofs	Prove persisted metadata validation	2026-08-19T03:08:26.9383895Z 
FV-4b required proofs	Prove persisted metadata validation	2026-08-19T03:08:26.9384009Z Check 82: __rust_dealloc.precondition_instance.1
FV-4b required proofs	Prove persisted metadata validation	2026-08-19T03:08:26.9384289Z 	 - Status: SUCCESS
FV-4b required proofs	Prove persisted metadata validation	2026-08-19T03:08:26.9384555Z 	 - Description: "free argument must be NULL or valid pointer"
FV-4b required proofs	Prove persisted metadata validation	2026-08-19T03:08:26.9385022Z 	 - Location: ../../../.kani/kani-0.67.0/library/kani/kani_lib.c:87 in function __rust_dealloc
FV-4b required proofs	Prove persisted metadata validation	2026-08-19T03:08:26.9385355Z 
FV-4b required proofs	Prove persisted metadata validation	2026-08-19T03:08:26.9385473Z Check 83: __rust_dealloc.precondition_instance.2
FV-4b required proofs	Prove persisted metadata validation	2026-08-19T03:08:26.9385993Z 	 - Status: SUCCESS
FV-4b required proofs	Prove persisted metadata validation	2026-08-19T03:08:26.9386264Z 	 - Description: "free argument must be dynamic object"
FV-4b required proofs	Prove persisted metadata validation	2026-08-19T03:08:26.9386715Z 	 - Location: ../../../.kani/kani-0.67.0/library/kani/kani_lib.c:87 in function __rust_dealloc
FV-4b required proofs	Prove persisted metadata validation	2026-08-19T03:08:26.9387044Z 
FV-4b required proofs	Prove persisted metadata validation	2026-08-19T03:08:26.9387164Z Check 84: __rust_dealloc.precondition_instance.3
FV-4b required proofs	Prove persisted metadata validation	2026-08-19T03:08:26.9387440Z 	 - Status: SUCCESS
FV-4b required proofs	Prove persisted metadata validation	2026-08-19T03:08:26.9387664Z 	 - Description: "free argument has offset zero"
FV-4b required proofs	Prove persisted metadata validation	2026-08-19T03:08:26.9388080Z 	 - Location: ../../../.kani/kani-0.67.0/library/kani/kani_lib.c:87 in function __rust_dealloc
FV-4b required proofs	Prove persisted metadata validation	2026-08-19T03:08:26.9388399Z 
FV-4b required proofs	Prove persisted metadata validation	2026-08-19T03:08:26.9388515Z Check 85: __rust_dealloc.precondition_instance.4
FV-4b required proofs	Prove persisted metadata validation	2026-08-19T03:08:26.9388788Z 	 - Status: SUCCESS
FV-4b required proofs	Prove persisted metadata validation	2026-08-19T03:08:26.9388990Z 	 - Description: "double free"
FV-4b required proofs	Prove persisted metadata validation	2026-08-19T03:08:26.9389358Z 	 - Location: ../../../.kani/kani-0.67.0/library/kani/kani_lib.c:87 in function __rust_dealloc
FV-4b required proofs	Prove persisted metadata validation	2026-08-19T03:08:26.9389677Z 
FV-4b required proofs	Prove persisted metadata validation	2026-08-19T03:08:26.9389792Z Check 86: __rust_dealloc.precondition_instance.5
FV-4b required proofs	Prove persisted metadata validation	2026-08-19T03:08:26.9390220Z 	 - Status: SUCCESS
FV-4b required proofs	Prove persisted metadata validation	2026-08-19T03:08:26.9390444Z 	 - Description: "free called for new[] object"
FV-4b required proofs	Prove persisted metadata validation	2026-08-19T03:08:26.9390858Z 	 - Location: ../../../.kani/kani-0.67.0/library/kani/kani_lib.c:87 in function __rust_dealloc
FV-4b required proofs	Prove persisted metadata validation	2026-08-19T03:08:26.9391180Z 
FV-4b required proofs	Prove persisted metadata validation	2026-08-19T03:08:26.9391297Z Check 87: __rust_dealloc.precondition_instance.6
FV-4b required proofs	Prove persisted metadata validation	2026-08-19T03:08:26.9391570Z 	 - Status: SUCCESS
FV-4b required proofs	Prove persisted metadata validation	2026-08-19T03:08:26.9391823Z 	 - Description: "free called for stack-allocated object"
FV-4b required proofs	Prove persisted metadata validation	2026-08-19T03:08:26.9392271Z 	 - Location: ../../../.kani/kani-0.67.0/library/kani/kani_lib.c:87 in function __rust_dealloc
FV-4b required proofs	Prove persisted metadata validation	2026-08-19T03:08:26.9392596Z 
FV-4b required proofs	Prove persisted metadata validation	2026-08-19T03:08:26.9392781Z Check 88: <EdisonError as std::cmp::PartialEq>::eq.pointer_dereference.1
FV-4b required proofs	Prove persisted metadata validation	2026-08-19T03:08:26.9393136Z 	 - Status: SUCCESS
FV-4b required proofs	Prove persisted metadata validation	2026-08-19T03:08:26.9393374Z 	 - Description: "dereference failure: pointer NULL"
FV-4b required proofs	Prove persisted metadata validation	2026-08-19T03:08:26.9393790Z 	 - Location: src/lib.rs:90:17 in function <EdisonError as std::cmp::PartialEq>::eq
FV-4b required proofs	Prove persisted metadata validation	2026-08-19T03:08:26.9394101Z 
FV-4b required proofs	Prove persisted metadata validation	2026-08-19T03:08:26.9394280Z Check 89: <EdisonError as std::cmp::PartialEq>::eq.pointer_dereference.2
FV-4b required proofs	Prove persisted metadata validation	2026-08-19T03:08:26.9394632Z 	 - Status: SUCCESS
FV-4b required proofs	Prove persisted metadata validation	2026-08-19T03:08:26.9394881Z 	 - Description: "dereference failure: pointer invalid"
FV-4b required proofs	Prove persisted metadata validation	2026-08-19T03:08:26.9395292Z 	 - Location: src/lib.rs:90:17 in function <EdisonError as std::cmp::PartialEq>::eq
FV-4b required proofs	Prove persisted metadata validation	2026-08-19T03:08:26.9395594Z 
FV-4b required proofs	Prove persisted metadata validation	2026-08-19T03:08:26.9396031Z Check 90: <EdisonError as std::cmp::PartialEq>::eq.pointer_dereference.3
FV-4b required proofs	Prove persisted metadata validation	2026-08-19T03:08:26.9396388Z 	 - Status: SUCCESS
FV-4b required proofs	Prove persisted metadata validation	2026-08-19T03:08:26.9396667Z 	 - Description: "dereference failure: deallocated dynamic object"
FV-4b required proofs	Prove persisted metadata validation	2026-08-19T03:08:26.9397114Z 	 - Location: src/lib.rs:90:17 in function <EdisonError as std::cmp::PartialEq>::eq
FV-4b required proofs	Prove persisted metadata validation	2026-08-19T03:08:26.9397411Z 
FV-4b required proofs	Prove persisted metadata validation	2026-08-19T03:08:26.9397585Z Check 91: <EdisonError as std::cmp::PartialEq>::eq.pointer_dereference.4
FV-4b required proofs	Prove persisted metadata validation	2026-08-19T03:08:26.9397928Z 	 - Status: SUCCESS
FV-4b required proofs	Prove persisted metadata validation	2026-08-19T03:08:26.9398152Z 	 - Description: "dereference failure: dead object"
FV-4b required proofs	Prove persisted metadata validation	2026-08-19T03:08:26.9398559Z 	 - Location: src/lib.rs:90:17 in function <EdisonError as std::cmp::PartialEq>::eq
FV-4b required proofs	Prove persisted metadata validation	2026-08-19T03:08:26.9398850Z 
FV-4b required proofs	Prove persisted metadata validation	2026-08-19T03:08:26.9399032Z Check 92: <EdisonError as std::cmp::PartialEq>::eq.pointer_dereference.5
FV-4b required proofs	Prove persisted metadata validation	2026-08-19T03:08:26.9399547Z 	 - Status: SUCCESS
FV-4b required proofs	Prove persisted metadata validation	2026-08-19T03:08:26.9399832Z 	 - Description: "dereference failure: pointer outside object bounds"
FV-4b required proofs	Prove persisted metadata validation	2026-08-19T03:08:26.9400289Z 	 - Location: src/lib.rs:90:17 in function <EdisonError as std::cmp::PartialEq>::eq
FV-4b required proofs	Prove persisted metadata validation	2026-08-19T03:08:26.9400581Z 
FV-4b required proofs	Prove persisted metadata validation	2026-08-19T03:08:26.9400762Z Check 93: <EdisonError as std::cmp::PartialEq>::eq.pointer_dereference.6
FV-4b required proofs	Prove persisted metadata validation	2026-08-19T03:08:26.9401106Z 	 - Status: SUCCESS
FV-4b required proofs	Prove persisted metadata validation	2026-08-19T03:08:26.9401371Z 	 - Description: "dereference failure: invalid integer address"
FV-4b required proofs	Prove persisted metadata validation	2026-08-19T03:08:26.9401813Z 	 - Location: src/lib.rs:90:17 in function <EdisonError as std::cmp::PartialEq>::eq
FV-4b required proofs	Prove persisted metadata validation	2026-08-19T03:08:26.9402138Z 
FV-4b required proofs	Prove persisted metadata validation	2026-08-19T03:08:26.9402322Z Check 94: <EdisonError as std::cmp::PartialEq>::eq.pointer_dereference.7
FV-4b required proofs	Prove persisted metadata validation	2026-08-19T03:08:26.9402670Z 	 - Status: SUCCESS
FV-4b required proofs	Prove persisted metadata validation	2026-08-19T03:08:26.9402905Z 	 - Description: "dereference failure: pointer NULL"
FV-4b required proofs	Prove persisted metadata validation	2026-08-19T03:08:26.9403309Z 	 - Location: src/lib.rs:90:17 in function <EdisonError as std::cmp::PartialEq>::eq
FV-4b required proofs	Prove persisted metadata validation	2026-08-19T03:08:26.9403609Z 
FV-4b required proofs	Prove persisted metadata validation	2026-08-19T03:08:26.9403784Z Check 95: <EdisonError as std::cmp::PartialEq>::eq.pointer_dereference.8
FV-4b required proofs	Prove persisted metadata validation	2026-08-19T03:08:26.9404128Z 	 - Status: SUCCESS
FV-4b required proofs	Prove persisted metadata validation	2026-08-19T03:08:26.9404363Z 	 - Description: "dereference failure: pointer invalid"
FV-4b required proofs	Prove persisted metadata validation	2026-08-19T03:08:26.9404770Z 	 - Location: src/lib.rs:90:17 in function <EdisonError as std::cmp::PartialEq>::eq
FV-4b required proofs	Prove persisted metadata validation	2026-08-19T03:08:26.9405073Z 
FV-4b required proofs	Prove persisted metadata validation	2026-08-19T03:08:26.9405258Z Check 96: <EdisonError as std::cmp::PartialEq>::eq.pointer_dereference.9
FV-4b required proofs	Prove persisted metadata validation	2026-08-19T03:08:26.9405610Z 	 - Status: SUCCESS
FV-4b required proofs	Prove persisted metadata validation	2026-08-19T03:08:26.9406123Z 	 - Description: "dereference failure: deallocated dynamic object"
FV-4b required proofs	Prove persisted metadata validation	2026-08-19T03:08:26.9406585Z 	 - Location: src/lib.rs:90:17 in function <EdisonError as std::cmp::PartialEq>::eq
FV-4b required proofs	Prove persisted metadata validation	2026-08-19T03:08:26.9407037Z 
FV-4b required proofs	Prove persisted metadata validation	2026-08-19T03:08:26.9407229Z Check 97: <EdisonError as std::cmp::PartialEq>::eq.pointer_dereference.10
FV-4b required proofs	Prove persisted metadata validation	2026-08-19T03:08:26.9407586Z 	 - Status: SUCCESS
FV-4b required proofs	Prove persisted metadata validation	2026-08-19T03:08:26.9407814Z 	 - Description: "dereference failure: dead object"
FV-4b required proofs	Prove persisted metadata validation	2026-08-19T03:08:26.9408211Z 	 - Location: src/lib.rs:90:17 in function <EdisonError as std::cmp::PartialEq>::eq
FV-4b required proofs	Prove persisted metadata validation	2026-08-19T03:08:26.9408508Z 
FV-4b required proofs	Prove persisted metadata validation	2026-08-19T03:08:26.9408687Z Check 98: <EdisonError as std::cmp::PartialEq>::eq.pointer_dereference.11
FV-4b required proofs	Prove persisted metadata validation	2026-08-19T03:08:26.9409040Z 	 - Status: SUCCESS
FV-4b required proofs	Prove persisted metadata validation	2026-08-19T03:08:26.9409326Z 	 - Description: "dereference failure: pointer outside object bounds"
FV-4b required proofs	Prove persisted metadata validation	2026-08-19T03:08:26.9409785Z 	 - Location: src/lib.rs:90:17 in function <EdisonError as std::cmp::PartialEq>::eq
FV-4b required proofs	Prove persisted metadata validation	2026-08-19T03:08:26.9410084Z 
FV-4b required proofs	Prove persisted metadata validation	2026-08-19T03:08:26.9410274Z Check 99: <EdisonError as std::cmp::PartialEq>::eq.pointer_dereference.12
FV-4b required proofs	Prove persisted metadata validation	2026-08-19T03:08:26.9410623Z 	 - Status: SUCCESS
FV-4b required proofs	Prove persisted metadata validation	2026-08-19T03:08:26.9410888Z 	 - Description: "dereference failure: invalid integer address"
FV-4b required proofs	Prove persisted metadata validation	2026-08-19T03:08:26.9411338Z 	 - Location: src/lib.rs:90:17 in function <EdisonError as std::cmp::PartialEq>::eq
FV-4b required proofs	Prove persisted metadata validation	2026-08-19T03:08:26.9411629Z 
FV-4b required proofs	Prove persisted metadata validation	2026-08-19T03:08:26.9411790Z Check 100: std::alloc::Layout::alignment.pointer_dereference.1
FV-4b required proofs	Prove persisted metadata validation	2026-08-19T03:08:26.9412115Z 	 - Status: SUCCESS
FV-4b required proofs	Prove persisted metadata validation	2026-08-19T03:08:26.9412347Z 	 - Description: "dereference failure: pointer NULL"
FV-4b required proofs	Prove persisted metadata validation	2026-08-19T03:08:26.9413148Z 	 - Location: ../../../.rustup/toolchains/nightly-2025-11-21-x86_64-unknown-linux-gnu/lib/rustlib/src/rust/library/core/src/alloc/layout.rs:515:9 in function std::alloc::Layout::alignment
FV-4b required proofs	Prove persisted metadata validation	2026-08-19T03:08:26.9413816Z 
FV-4b required proofs	Prove persisted metadata validation	2026-08-19T03:08:26.9413973Z Check 101: std::alloc::Layout::alignment.pointer_dereference.2
FV-4b required proofs	Prove persisted metadata validation	2026-08-19T03:08:26.9414291Z 	 - Status: SUCCESS
FV-4b required proofs	Prove persisted metadata validation	2026-08-19T03:08:26.9414536Z 	 - Description: "dereference failure: pointer invalid"
FV-4b required proofs	Prove persisted metadata validation	2026-08-19T03:08:26.9415329Z 	 - Location: ../../../.rustup/toolchains/nightly-2025-11-21-x86_64-unknown-linux-gnu/lib/rustlib/src/rust/library/core/src/alloc/layout.rs:515:9 in function std::alloc::Layout::alignment
FV-4b required proofs	Prove persisted metadata validation	2026-08-19T03:08:26.9416364Z 
FV-4b required proofs	Prove persisted metadata validation	2026-08-19T03:08:26.9416534Z Check 102: std::alloc::Layout::alignment.pointer_dereference.3
FV-4b required proofs	Prove persisted metadata validation	2026-08-19T03:08:26.9417029Z 	 - Status: SUCCESS
FV-4b required proofs	Prove persisted metadata validation	2026-08-19T03:08:26.9417319Z 	 - Description: "dereference failure: deallocated dynamic object"
FV-4b required proofs	Prove persisted metadata validation	2026-08-19T03:08:26.9418158Z 	 - Location: ../../../.rustup/toolchains/nightly-2025-11-21-x86_64-unknown-linux-gnu/lib/rustlib/src/rust/library/core/src/alloc/layout.rs:515:9 in function std::alloc::Layout::alignment
FV-4b required proofs	Prove persisted metadata validation	2026-08-19T03:08:26.9418829Z 
FV-4b required proofs	Prove persisted metadata validation	2026-08-19T03:08:26.9418985Z Check 103: std::alloc::Layout::alignment.pointer_dereference.4
FV-4b required proofs	Prove persisted metadata validation	2026-08-19T03:08:26.9419304Z 	 - Status: SUCCESS
FV-4b required proofs	Prove persisted metadata validation	2026-08-19T03:08:26.9419536Z 	 - Description: "dereference failure: dead object"
FV-4b required proofs	Prove persisted metadata validation	2026-08-19T03:08:26.9420319Z 	 - Location: ../../../.rustup/toolchains/nightly-2025-11-21-x86_64-unknown-linux-gnu/lib/rustlib/src/rust/library/core/src/alloc/layout.rs:515:9 in function std::alloc::Layout::alignment
FV-4b required proofs	Prove persisted metadata validation	2026-08-19T03:08:26.9420993Z 
FV-4b required proofs	Prove persisted metadata validation	2026-08-19T03:08:26.9421154Z Check 104: std::alloc::Layout::alignment.pointer_dereference.5
FV-4b required proofs	Prove persisted metadata validation	2026-08-19T03:08:26.9421468Z 	 - Status: SUCCESS
FV-4b required proofs	Prove persisted metadata validation	2026-08-19T03:08:26.9421755Z 	 - Description: "dereference failure: pointer outside object bounds"
FV-4b required proofs	Prove persisted metadata validation	2026-08-19T03:08:26.9422594Z 	 - Location: ../../../.rustup/toolchains/nightly-2025-11-21-x86_64-unknown-linux-gnu/lib/rustlib/src/rust/library/core/src/alloc/layout.rs:515:9 in function std::alloc::Layout::alignment
FV-4b required proofs	Prove persisted metadata validation	2026-08-19T03:08:26.9423251Z 
FV-4b required proofs	Prove persisted metadata validation	2026-08-19T03:08:26.9423405Z Check 105: std::alloc::Layout::alignment.pointer_dereference.6
FV-4b required proofs	Prove persisted metadata validation	2026-08-19T03:08:26.9423720Z 	 - Status: SUCCESS
FV-4b required proofs	Prove persisted metadata validation	2026-08-19T03:08:26.9423992Z 	 - Description: "dereference failure: invalid integer address"
FV-4b required proofs	Prove persisted metadata validation	2026-08-19T03:08:26.9424804Z 	 - Location: ../../../.rustup/toolchains/nightly-2025-11-21-x86_64-unknown-linux-gnu/lib/rustlib/src/rust/library/core/src/alloc/layout.rs:515:9 in function std::alloc::Layout::alignment
FV-4b required proofs	Prove persisted metadata validation	2026-08-19T03:08:26.9425468Z 
FV-4b required proofs	Prove persisted metadata validation	2026-08-19T03:08:26.9425613Z Check 106: alloc::raw_vec::handle_error.pointer_dereference.1
FV-4b required proofs	Prove persisted metadata validation	2026-08-19T03:08:26.9426320Z 	 - Status: SUCCESS
FV-4b required proofs	Prove persisted metadata validation	2026-08-19T03:08:26.9426565Z 	 - Description: "dereference failure: dead object"
FV-4b required proofs	Prove persisted metadata validation	2026-08-19T03:08:26.9427362Z 	 - Location: ../../../.rustup/toolchains/nightly-2025-11-21-x86_64-unknown-linux-gnu/lib/rustlib/src/rust/library/alloc/src/raw_vec/mod.rs:845:11 in function alloc::raw_vec::handle_error
FV-4b required proofs	Prove persisted metadata validation	2026-08-19T03:08:26.9428029Z 
FV-4b required proofs	Prove persisted metadata validation	2026-08-19T03:08:26.9428272Z Check 107: std::cmp::impls::<impl std::cmp::PartialEq for &DataTier>::ne.pointer_dereference.1
FV-4b required proofs	Prove persisted metadata validation	2026-08-19T03:08:26.9428694Z 	 - Status: SUCCESS
FV-4b required proofs	Prove persisted metadata validation	2026-08-19T03:08:26.9428939Z 	 - Description: "dereference failure: pointer NULL"
FV-4b required proofs	Prove persisted metadata validation	2026-08-19T03:08:26.9429803Z 	 - Location: ../../../.rustup/toolchains/nightly-2025-11-21-x86_64-unknown-linux-gnu/lib/rustlib/src/rust/library/core/src/cmp.rs:2094:27 in function std::cmp::impls::<impl std::cmp::PartialEq for &DataTier>::ne
FV-4b required proofs	Prove persisted metadata validation	2026-08-19T03:08:26.9430539Z 
FV-4b required proofs	Prove persisted metadata validation	2026-08-19T03:08:26.9430783Z Check 108: std::cmp::impls::<impl std::cmp::PartialEq for &DataTier>::ne.pointer_dereference.2
FV-4b required proofs	Prove persisted metadata validation	2026-08-19T03:08:26.9431200Z 	 - Status: SUCCESS
FV-4b required proofs	Prove persisted metadata validation	2026-08-19T03:08:26.9431444Z 	 - Description: "dereference failure: pointer invalid"
FV-4b required proofs	Prove persisted metadata validation	2026-08-19T03:08:26.9432305Z 	 - Location: ../../../.rustup/toolchains/nightly-2025-11-21-x86_64-unknown-linux-gnu/lib/rustlib/src/rust/library/core/src/cmp.rs:2094:27 in function std::cmp::impls::<impl std::cmp::PartialEq for &DataTier>::ne
FV-4b required proofs	Prove persisted metadata validation	2026-08-19T03:08:26.9433027Z 
FV-4b required proofs	Prove persisted metadata validation	2026-08-19T03:08:26.9433261Z Check 109: std::cmp::impls::<impl std::cmp::PartialEq for &DataTier>::ne.pointer_dereference.3
FV-4b required proofs	Prove persisted metadata validation	2026-08-19T03:08:26.9433670Z 	 - Status: SUCCESS
FV-4b required proofs	Prove persisted metadata validation	2026-08-19T03:08:26.9433952Z 	 - Description: "dereference failure: deallocated dynamic object"
FV-4b required proofs	Prove persisted metadata validation	2026-08-19T03:08:26.9434843Z 	 - Location: ../../../.rustup/toolchains/nightly-2025-11-21-x86_64-unknown-linux-gnu/lib/rustlib/src/rust/library/core/src/cmp.rs:2094:27 in function std::cmp::impls::<impl std::cmp::PartialEq for &DataTier>::ne
FV-4b required proofs	Prove persisted metadata validation	2026-08-19T03:08:26.9435575Z 
FV-4b required proofs	Prove persisted metadata validation	2026-08-19T03:08:26.9435936Z Check 110: std::cmp::impls::<impl std::cmp::PartialEq for &DataTier>::ne.pointer_dereference.4
FV-4b required proofs	Prove persisted metadata validation	2026-08-19T03:08:26.9436351Z 	 - Status: SUCCESS
FV-4b required proofs	Prove persisted metadata validation	2026-08-19T03:08:26.9436582Z 	 - Description: "dereference failure: dead object"
FV-4b required proofs	Prove persisted metadata validation	2026-08-19T03:08:26.9437570Z 	 - Location: ../../../.rustup/toolchains/nightly-2025-11-21-x86_64-unknown-linux-gnu/lib/rustlib/src/rust/library/core/src/cmp.rs:2094:27 in function std::cmp::impls::<impl std::cmp::PartialEq for &DataTier>::ne
FV-4b required proofs	Prove persisted metadata validation	2026-08-19T03:08:26.9438308Z 
FV-4b required proofs	Prove persisted metadata validation	2026-08-19T03:08:26.9438534Z Check 111: std::cmp::impls::<impl std::cmp::PartialEq for &DataTier>::ne.pointer_dereference.5
FV-4b required proofs	Prove persisted metadata validation	2026-08-19T03:08:26.9438938Z 	 - Status: SUCCESS
FV-4b required proofs	Prove persisted metadata validation	2026-08-19T03:08:26.9439222Z 	 - Description: "dereference failure: pointer outside object bounds"
FV-4b required proofs	Prove persisted metadata validation	2026-08-19T03:08:26.9440123Z 	 - Location: ../../../.rustup/toolchains/nightly-2025-11-21-x86_64-unknown-linux-gnu/lib/rustlib/src/rust/library/core/src/cmp.rs:2094:27 in function std::cmp::impls::<impl std::cmp::PartialEq for &DataTier>::ne
FV-4b required proofs	Prove persisted metadata validation	2026-08-19T03:08:26.9440846Z 
FV-4b required proofs	Prove persisted metadata validation	2026-08-19T03:08:26.9441081Z Check 112: std::cmp::impls::<impl std::cmp::PartialEq for &DataTier>::ne.pointer_dereference.6
FV-4b required proofs	Prove persisted metadata validation	2026-08-19T03:08:26.9441484Z 	 - Status: SUCCESS
FV-4b required proofs	Prove persisted metadata validation	2026-08-19T03:08:26.9441751Z 	 - Description: "dereference failure: invalid integer address"
FV-4b required proofs	Prove persisted metadata validation	2026-08-19T03:08:26.9442624Z 	 - Location: ../../../.rustup/toolchains/nightly-2025-11-21-x86_64-unknown-linux-gnu/lib/rustlib/src/rust/library/core/src/cmp.rs:2094:27 in function std::cmp::impls::<impl std::cmp::PartialEq for &DataTier>::ne
FV-4b required proofs	Prove persisted metadata validation	2026-08-19T03:08:26.9443347Z 
FV-4b required proofs	Prove persisted metadata validation	2026-08-19T03:08:26.9443577Z Check 113: std::cmp::impls::<impl std::cmp::PartialEq for &DataTier>::ne.pointer_dereference.7
FV-4b required proofs	Prove persisted metadata validation	2026-08-19T03:08:26.9443978Z 	 - Status: SUCCESS
FV-4b required proofs	Prove persisted metadata validation	2026-08-19T03:08:26.9444213Z 	 - Description: "dereference failure: pointer NULL"
FV-4b required proofs	Prove persisted metadata validation	2026-08-19T03:08:26.9445052Z 	 - Location: ../../../.rustup/toolchains/nightly-2025-11-21-x86_64-unknown-linux-gnu/lib/rustlib/src/rust/library/core/src/cmp.rs:2094:34 in function std::cmp::impls::<impl std::cmp::PartialEq for &DataTier>::ne
FV-4b required proofs	Prove persisted metadata validation	2026-08-19T03:08:26.9446040Z 
FV-4b required proofs	Prove persisted metadata validation	2026-08-19T03:08:26.9446274Z Check 114: std::cmp::impls::<impl std::cmp::PartialEq for &DataTier>::ne.pointer_dereference.8
FV-4b required proofs	Prove persisted metadata validation	2026-08-19T03:08:26.9446682Z 	 - Status: SUCCESS
FV-4b required proofs	Prove persisted metadata validation	2026-08-19T03:08:26.9446930Z 	 - Description: "dereference failure: pointer invalid"
FV-4b required proofs	Prove persisted metadata validation	2026-08-19T03:08:26.9447774Z 	 - Location: ../../../.rustup/toolchains/nightly-2025-11-21-x86_64-unknown-linux-gnu/lib/rustlib/src/rust/library/core/src/cmp.rs:2094:34 in function std::cmp::impls::<impl std::cmp::PartialEq for &DataTier>::ne
FV-4b required proofs	Prove persisted metadata validation	2026-08-19T03:08:26.9448499Z 
FV-4b required proofs	Prove persisted metadata validation	2026-08-19T03:08:26.9448729Z Check 115: std::cmp::impls::<impl std::cmp::PartialEq for &DataTier>::ne.pointer_dereference.9
FV-4b required proofs	Prove persisted metadata validation	2026-08-19T03:08:26.9449130Z 	 - Status: SUCCESS
FV-4b required proofs	Prove persisted metadata validation	2026-08-19T03:08:26.9449404Z 	 - Description: "dereference failure: deallocated dynamic object"
FV-4b required proofs	Prove persisted metadata validation	2026-08-19T03:08:26.9450284Z 	 - Location: ../../../.rustup/toolchains/nightly-2025-11-21-x86_64-unknown-linux-gnu/lib/rustlib/src/rust/library/core/src/cmp.rs:2094:34 in function std::cmp::impls::<impl std::cmp::PartialEq for &DataTier>::ne
FV-4b required proofs	Prove persisted metadata validation	2026-08-19T03:08:26.9451008Z 
FV-4b required proofs	Prove persisted metadata validation	2026-08-19T03:08:26.9451246Z Check 116: std::cmp::impls::<impl std::cmp::PartialEq for &DataTier>::ne.pointer_dereference.10
FV-4b required proofs	Prove persisted metadata validation	2026-08-19T03:08:26.9451661Z 	 - Status: SUCCESS
FV-4b required proofs	Prove persisted metadata validation	2026-08-19T03:08:26.9451891Z 	 - Description: "dereference failure: dead object"
FV-4b required proofs	Prove persisted metadata validation	2026-08-19T03:08:26.9452726Z 	 - Location: ../../../.rustup/toolchains/nightly-2025-11-21-x86_64-unknown-linux-gnu/lib/rustlib/src/rust/library/core/src/cmp.rs:2094:34 in function std::cmp::impls::<impl std::cmp::PartialEq for &DataTier>::ne
FV-4b required proofs	Prove persisted metadata validation	2026-08-19T03:08:26.9453461Z 
FV-4b required proofs	Prove persisted metadata validation	2026-08-19T03:08:26.9453690Z Check 117: std::cmp::impls::<impl std::cmp::PartialEq for &DataTier>::ne.pointer_dereference.11
FV-4b required proofs	Prove persisted metadata validation	2026-08-19T03:08:26.9454097Z 	 - Status: SUCCESS
FV-4b required proofs	Prove persisted metadata validation	2026-08-19T03:08:26.9454381Z 	 - Description: "dereference failure: pointer outside object bounds"
FV-4b required proofs	Prove persisted metadata validation	2026-08-19T03:08:26.9455276Z 	 - Location: ../../../.rustup/toolchains/nightly-2025-11-21-x86_64-unknown-linux-gnu/lib/rustlib/src/rust/library/core/src/cmp.rs:2094:34 in function std::cmp::impls::<impl std::cmp::PartialEq for &DataTier>::ne
FV-4b required proofs	Prove persisted metadata validation	2026-08-19T03:08:26.9456254Z 
FV-4b required proofs	Prove persisted metadata validation	2026-08-19T03:08:26.9456491Z Check 118: std::cmp::impls::<impl std::cmp::PartialEq for &DataTier>::ne.pointer_dereference.12
FV-4b required proofs	Prove persisted metadata validation	2026-08-19T03:08:26.9457046Z 	 - Status: SUCCESS
FV-4b required proofs	Prove persisted metadata validation	2026-08-19T03:08:26.9457310Z 	 - Description: "dereference failure: invalid integer address"
FV-4b required proofs	Prove persisted metadata validation	2026-08-19T03:08:26.9458177Z 	 - Location: ../../../.rustup/toolchains/nightly-2025-11-21-x86_64-unknown-linux-gnu/lib/rustlib/src/rust/library/core/src/cmp.rs:2094:34 in function std::cmp::impls::<impl std::cmp::PartialEq for &DataTier>::ne
FV-4b required proofs	Prove persisted metadata validation	2026-08-19T03:08:26.9458905Z 
FV-4b required proofs	Prove persisted metadata validation	2026-08-19T03:08:26.9459095Z Check 119: alloc::raw_vec::layout_array::{closure#1}.pointer_dereference.1
FV-4b required proofs	Prove persisted metadata validation	2026-08-19T03:08:26.9459451Z 	 - Status: SUCCESS
FV-4b required proofs	Prove persisted metadata validation	2026-08-19T03:08:26.9459680Z 	 - Description: "dereference failure: dead object"
FV-4b required proofs	Prove persisted metadata validation	2026-08-19T03:08:26.9460495Z 	 - Location: ../../../.rustup/toolchains/nightly-2025-11-21-x86_64-unknown-linux-gnu/lib/rustlib/src/rust/library/alloc/src/raw_vec/mod.rs:853:70 in function alloc::raw_vec::layout_array::{closure#1}
FV-4b required proofs	Prove persisted metadata validation	2026-08-19T03:08:26.9461195Z 
FV-4b required proofs	Prove persisted metadata validation	2026-08-19T03:08:26.9461376Z Check 120: <DataTier as std::cmp::PartialEq>::eq.pointer_dereference.1
FV-4b required proofs	Prove persisted metadata validation	2026-08-19T03:08:26.9461726Z 	 - Status: SUCCESS
FV-4b required proofs	Prove persisted metadata validation	2026-08-19T03:08:26.9461965Z 	 - Description: "dereference failure: pointer NULL"
FV-4b required proofs	Prove persisted metadata validation	2026-08-19T03:08:26.9462377Z 	 - Location: src/lib.rs:24:24 in function <DataTier as std::cmp::PartialEq>::eq
FV-4b required proofs	Prove persisted metadata validation	2026-08-19T03:08:26.9462677Z 
FV-4b required proofs	Prove persisted metadata validation	2026-08-19T03:08:26.9462846Z Check 121: <DataTier as std::cmp::PartialEq>::eq.pointer_dereference.2
FV-4b required proofs	Prove persisted metadata validation	2026-08-19T03:08:26.9463182Z 	 - Status: SUCCESS
FV-4b required proofs	Prove persisted metadata validation	2026-08-19T03:08:26.9463418Z 	 - Description: "dereference failure: pointer invalid"
FV-4b required proofs	Prove persisted metadata validation	2026-08-19T03:08:26.9463822Z 	 - Location: src/lib.rs:24:24 in function <DataTier as std::cmp::PartialEq>::eq
FV-4b required proofs	Prove persisted metadata validation	2026-08-19T03:08:26.9464116Z 
FV-4b required proofs	Prove persisted metadata validation	2026-08-19T03:08:26.9464282Z Check 122: <DataTier as std::cmp::PartialEq>::eq.pointer_dereference.3
FV-4b required proofs	Prove persisted metadata validation	2026-08-19T03:08:26.9464759Z 	 - Status: SUCCESS
FV-4b required proofs	Prove persisted metadata validation	2026-08-19T03:08:26.9465035Z 	 - Description: "dereference failure: deallocated dynamic object"
FV-4b required proofs	Prove persisted metadata validation	2026-08-19T03:08:26.9465471Z 	 - Location: src/lib.rs:24:24 in function <DataTier as std::cmp::PartialEq>::eq
FV-4b required proofs	Prove persisted metadata validation	2026-08-19T03:08:26.9465897Z 
FV-4b required proofs	Prove persisted metadata validation	2026-08-19T03:08:26.9466068Z Check 123: <DataTier as std::cmp::PartialEq>::eq.pointer_dereference.4
FV-4b required proofs	Prove persisted metadata validation	2026-08-19T03:08:26.9466404Z 	 - Status: SUCCESS
FV-4b required proofs	Prove persisted metadata validation	2026-08-19T03:08:26.9466626Z 	 - Description: "dereference failure: dead object"
FV-4b required proofs	Prove persisted metadata validation	2026-08-19T03:08:26.9467012Z 	 - Location: src/lib.rs:24:24 in function <DataTier as std::cmp::PartialEq>::eq
FV-4b required proofs	Prove persisted metadata validation	2026-08-19T03:08:26.9467300Z 
FV-4b required proofs	Prove persisted metadata validation	2026-08-19T03:08:26.9467468Z Check 124: <DataTier as std::cmp::PartialEq>::eq.pointer_dereference.5
FV-4b required proofs	Prove persisted metadata validation	2026-08-19T03:08:26.9467802Z 	 - Status: SUCCESS
FV-4b required proofs	Prove persisted metadata validation	2026-08-19T03:08:26.9468083Z 	 - Description: "dereference failure: pointer outside object bounds"
FV-4b required proofs	Prove persisted metadata validation	2026-08-19T03:08:26.9468532Z 	 - Location: src/lib.rs:24:24 in function <DataTier as std::cmp::PartialEq>::eq
FV-4b required proofs	Prove persisted metadata validation	2026-08-19T03:08:26.9468825Z 
FV-4b required proofs	Prove persisted metadata validation	2026-08-19T03:08:26.9469002Z Check 125: <DataTier as std::cmp::PartialEq>::eq.pointer_dereference.6
FV-4b required proofs	Prove persisted metadata validation	2026-08-19T03:08:26.9469337Z 	 - Status: SUCCESS
FV-4b required proofs	Prove persisted metadata validation	2026-08-19T03:08:26.9469602Z 	 - Description: "dereference failure: invalid integer address"
FV-4b required proofs	Prove persisted metadata validation	2026-08-19T03:08:26.9470039Z 	 - Location: src/lib.rs:24:24 in function <DataTier as std::cmp::PartialEq>::eq
FV-4b required proofs	Prove persisted metadata validation	2026-08-19T03:08:26.9470322Z 
FV-4b required proofs	Prove persisted metadata validation	2026-08-19T03:08:26.9470493Z Check 126: <DataTier as std::cmp::PartialEq>::eq.pointer_dereference.7
FV-4b required proofs	Prove persisted metadata validation	2026-08-19T03:08:26.9470827Z 	 - Status: SUCCESS
FV-4b required proofs	Prove persisted metadata validation	2026-08-19T03:08:26.9471057Z 	 - Description: "dereference failure: pointer NULL"
FV-4b required proofs	Prove persisted metadata validation	2026-08-19T03:08:26.9471453Z 	 - Location: src/lib.rs:24:24 in function <DataTier as std::cmp::PartialEq>::eq
FV-4b required proofs	Prove persisted metadata validation	2026-08-19T03:08:26.9471736Z 
FV-4b required proofs	Prove persisted metadata validation	2026-08-19T03:08:26.9471908Z Check 127: <DataTier as std::cmp::PartialEq>::eq.pointer_dereference.8
FV-4b required proofs	Prove persisted metadata validation	2026-08-19T03:08:26.9472241Z 	 - Status: SUCCESS
FV-4b required proofs	Prove persisted metadata validation	2026-08-19T03:08:26.9472478Z 	 - Description: "dereference failure: pointer invalid"
FV-4b required proofs	Prove persisted metadata validation	2026-08-19T03:08:26.9472884Z 	 - Location: src/lib.rs:24:24 in function <DataTier as std::cmp::PartialEq>::eq
FV-4b required proofs	Prove persisted metadata validation	2026-08-19T03:08:26.9473167Z 
FV-4b required proofs	Prove persisted metadata validation	2026-08-19T03:08:26.9473340Z Check 128: <DataTier as std::cmp::PartialEq>::eq.pointer_dereference.9
FV-4b required proofs	Prove persisted metadata validation	2026-08-19T03:08:26.9473833Z 	 - Status: SUCCESS
FV-4b required proofs	Prove persisted metadata validation	2026-08-19T03:08:26.9474106Z 	 - Description: "dereference failure: deallocated dynamic object"
FV-4b required proofs	Prove persisted metadata validation	2026-08-19T03:08:26.9474545Z 	 - Location: src/lib.rs:24:24 in function <DataTier as std::cmp::PartialEq>::eq
FV-4b required proofs	Prove persisted metadata validation	2026-08-19T03:08:26.9474832Z 
FV-4b required proofs	Prove persisted metadata validation	2026-08-19T03:08:26.9475008Z Check 129: <DataTier as std::cmp::PartialEq>::eq.pointer_dereference.10
FV-4b required proofs	Prove persisted metadata validation	2026-08-19T03:08:26.9475350Z 	 - Status: SUCCESS
FV-4b required proofs	Prove persisted metadata validation	2026-08-19T03:08:26.9475573Z 	 - Description: "dereference failure: dead object"
FV-4b required proofs	Prove persisted metadata validation	2026-08-19T03:08:26.9476140Z 	 - Location: src/lib.rs:24:24 in function <DataTier as std::cmp::PartialEq>::eq
FV-4b required proofs	Prove persisted metadata validation	2026-08-19T03:08:26.9476430Z 
FV-4b required proofs	Prove persisted metadata validation	2026-08-19T03:08:26.9476604Z Check 130: <DataTier as std::cmp::PartialEq>::eq.pointer_dereference.11
FV-4b required proofs	Prove persisted metadata validation	2026-08-19T03:08:26.9476946Z 	 - Status: SUCCESS
FV-4b required proofs	Prove persisted metadata validation	2026-08-19T03:08:26.9477230Z 	 - Description: "dereference failure: pointer outside object bounds"
FV-4b required proofs	Prove persisted metadata validation	2026-08-19T03:08:26.9477677Z 	 - Location: src/lib.rs:24:24 in function <DataTier as std::cmp::PartialEq>::eq
FV-4b required proofs	Prove persisted metadata validation	2026-08-19T03:08:26.9477978Z 
FV-4b required proofs	Prove persisted metadata validation	2026-08-19T03:08:26.9478156Z Check 131: <DataTier as std::cmp::PartialEq>::eq.pointer_dereference.12
FV-4b required proofs	Prove persisted metadata validation	2026-08-19T03:08:26.9478505Z 	 - Status: SUCCESS
FV-4b required proofs	Prove persisted metadata validation	2026-08-19T03:08:26.9478775Z 	 - Description: "dereference failure: invalid integer address"
FV-4b required proofs	Prove persisted metadata validation	2026-08-19T03:08:26.9479215Z 	 - Location: src/lib.rs:24:24 in function <DataTier as std::cmp::PartialEq>::eq
FV-4b required proofs	Prove persisted metadata validation	2026-08-19T03:08:26.9479507Z 
FV-4b required proofs	Prove persisted metadata validation	2026-08-19T03:08:26.9479685Z Check 132: std::alloc::Layout::is_size_align_valid.pointer_dereference.1
FV-4b required proofs	Prove persisted metadata validation	2026-08-19T03:08:26.9480038Z 	 - Status: SUCCESS
FV-4b required proofs	Prove persisted metadata validation	2026-08-19T03:08:26.9480266Z 	 - Description: "dereference failure: dead object"
FV-4b required proofs	Prove persisted metadata validation	2026-08-19T03:08:26.9481084Z 	 - Location: ../../../.rustup/toolchains/nightly-2025-11-21-x86_64-unknown-linux-gnu/lib/rustlib/src/rust/library/core/src/alloc/layout.rs:69:27 in function std::alloc::Layout::is_size_align_valid
FV-4b required proofs	Prove persisted metadata validation	2026-08-19T03:08:26.9481919Z 
FV-4b required proofs	Prove persisted metadata validation	2026-08-19T03:08:26.9482141Z Check 133: std::cmp::impls::<impl std::cmp::PartialEq for &()>::eq.pointer_dereference.1
FV-4b required proofs	Prove persisted metadata validation	2026-08-19T03:08:26.9482543Z 	 - Status: SUCCESS
FV-4b required proofs	Prove persisted metadata validation	2026-08-19T03:08:26.9482783Z 	 - Description: "dereference failure: pointer NULL"
FV-4b required proofs	Prove persisted metadata validation	2026-08-19T03:08:26.9483617Z 	 - Location: ../../../.rustup/toolchains/nightly-2025-11-21-x86_64-unknown-linux-gnu/lib/rustlib/src/rust/library/core/src/cmp.rs:2090:27 in function std::cmp::impls::<impl std::cmp::PartialEq for &()>::eq
FV-4b required proofs	Prove persisted metadata validation	2026-08-19T03:08:26.9484331Z 
FV-4b required proofs	Prove persisted metadata validation	2026-08-19T03:08:26.9484542Z Check 134: std::cmp::impls::<impl std::cmp::PartialEq for &()>::eq.pointer_dereference.2
FV-4b required proofs	Prove persisted metadata validation	2026-08-19T03:08:26.9484933Z 	 - Status: SUCCESS
FV-4b required proofs	Prove persisted metadata validation	2026-08-19T03:08:26.9485175Z 	 - Description: "dereference failure: pointer invalid"
FV-4b required proofs	Prove persisted metadata validation	2026-08-19T03:08:26.9486268Z 	 - Location: ../../../.rustup/toolchains/nightly-2025-11-21-x86_64-unknown-linux-gnu/lib/rustlib/src/rust/library/core/src/cmp.rs:2090:27 in function std::cmp::impls::<impl std::cmp::PartialEq for &()>::eq
FV-4b required proofs	Prove persisted metadata validation	2026-08-19T03:08:26.9486994Z 
FV-4b required proofs	Prove persisted metadata validation	2026-08-19T03:08:26.9487204Z Check 135: std::cmp::impls::<impl std::cmp::PartialEq for &()>::eq.pointer_dereference.3
FV-4b required proofs	Prove persisted metadata validation	2026-08-19T03:08:26.9487596Z 	 - Status: SUCCESS
FV-4b required proofs	Prove persisted metadata validation	2026-08-19T03:08:26.9487876Z 	 - Description: "dereference failure: deallocated dynamic object"
FV-4b required proofs	Prove persisted metadata validation	2026-08-19T03:08:26.9488747Z 	 - Location: ../../../.rustup/toolchains/nightly-2025-11-21-x86_64-unknown-linux-gnu/lib/rustlib/src/rust/library/core/src/cmp.rs:2090:27 in function std::cmp::impls::<impl std::cmp::PartialEq for &()>::eq
FV-4b required proofs	Prove persisted metadata validation	2026-08-19T03:08:26.9489457Z 
FV-4b required proofs	Prove persisted metadata validation	2026-08-19T03:08:26.9489669Z Check 136: std::cmp::impls::<impl std::cmp::PartialEq for &()>::eq.pointer_dereference.4
FV-4b required proofs	Prove persisted metadata validation	2026-08-19T03:08:26.9490053Z 	 - Status: SUCCESS
FV-4b required proofs	Prove persisted metadata validation	2026-08-19T03:08:26.9490280Z 	 - Description: "dereference failure: dead object"
FV-4b required proofs	Prove persisted metadata validation	2026-08-19T03:08:26.9491100Z 	 - Location: ../../../.rustup/toolchains/nightly-2025-11-21-x86_64-unknown-linux-gnu/lib/rustlib/src/rust/library/core/src/cmp.rs:2090:27 in function std::cmp::impls::<impl std::cmp::PartialEq for &()>::eq
FV-4b required proofs	Prove persisted metadata validation	2026-08-19T03:08:26.9491815Z 
FV-4b required proofs	Prove persisted metadata validation	2026-08-19T03:08:26.9492028Z Check 137: std::cmp::impls::<impl std::cmp::PartialEq for &()>::eq.pointer_dereference.5
FV-4b required proofs	Prove persisted metadata validation	2026-08-19T03:08:26.9492573Z 	 - Status: SUCCESS
FV-4b required proofs	Prove persisted metadata validation	2026-08-19T03:08:26.9492856Z 	 - Description: "dereference failure: pointer outside object bounds"
FV-4b required proofs	Prove persisted metadata validation	2026-08-19T03:08:26.9493736Z 	 - Location: ../../../.rustup/toolchains/nightly-2025-11-21-x86_64-unknown-linux-gnu/lib/rustlib/src/rust/library/core/src/cmp.rs:2090:27 in function std::cmp::impls::<impl std::cmp::PartialEq for &()>::eq
FV-4b required proofs	Prove persisted metadata validation	2026-08-19T03:08:26.9494440Z 
FV-4b required proofs	Prove persisted metadata validation	2026-08-19T03:08:26.9494646Z Check 138: std::cmp::impls::<impl std::cmp::PartialEq for &()>::eq.pointer_dereference.6
FV-4b required proofs	Prove persisted metadata validation	2026-08-19T03:08:26.9495031Z 	 - Status: SUCCESS
FV-4b required proofs	Prove persisted metadata validation	2026-08-19T03:08:26.9495300Z 	 - Description: "dereference failure: invalid integer address"
FV-4b required proofs	Prove persisted metadata validation	2026-08-19T03:08:26.9496440Z 	 - Location: ../../../.rustup/toolchains/nightly-2025-11-21-x86_64-unknown-linux-gnu/lib/rustlib/src/rust/library/core/src/cmp.rs:2090:27 in function std::cmp::impls::<impl std::cmp::PartialEq for &()>::eq
FV-4b required proofs	Prove persisted metadata validation	2026-08-19T03:08:26.9497177Z 
FV-4b required proofs	Prove persisted metadata validation	2026-08-19T03:08:26.9497392Z Check 139: std::cmp::impls::<impl std::cmp::PartialEq for &()>::eq.pointer_dereference.7
FV-4b required proofs	Prove persisted metadata validation	2026-08-19T03:08:26.9497780Z 	 - Status: SUCCESS
FV-4b required proofs	Prove persisted metadata validation	2026-08-19T03:08:26.9498022Z 	 - Description: "dereference failure: pointer NULL"
FV-4b required proofs	Prove persisted metadata validation	2026-08-19T03:08:26.9498856Z 	 - Location: ../../../.rustup/toolchains/nightly-2025-11-21-x86_64-unknown-linux-gnu/lib/rustlib/src/rust/library/core/src/cmp.rs:2090:34 in function std::cmp::impls::<impl std::cmp::PartialEq for &()>::eq
FV-4b required proofs	Prove persisted metadata validation	2026-08-19T03:08:26.9499567Z 
FV-4b required proofs	Prove persisted metadata validation	2026-08-19T03:08:26.9499784Z Check 140: std::cmp::impls::<impl std::cmp::PartialEq for &()>::eq.pointer_dereference.8
FV-4b required proofs	Prove persisted metadata validation	2026-08-19T03:08:26.9500167Z 	 - Status: SUCCESS
FV-4b required proofs	Prove persisted metadata validation	2026-08-19T03:08:26.9500409Z 	 - Description: "dereference failure: pointer invalid"
FV-4b required proofs	Prove persisted metadata validation	2026-08-19T03:08:26.9501243Z 	 - Location: ../../../.rustup/toolchains/nightly-2025-11-21-x86_64-unknown-linux-gnu/lib/rustlib/src/rust/library/core/src/cmp.rs:2090:34 in function std::cmp::impls::<impl std::cmp::PartialEq for &()>::eq
FV-4b required proofs	Prove persisted metadata validation	2026-08-19T03:08:26.9502130Z 
FV-4b required proofs	Prove persisted metadata validation	2026-08-19T03:08:26.9502346Z Check 141: std::cmp::impls::<impl std::cmp::PartialEq for &()>::eq.pointer_dereference.9
FV-4b required proofs	Prove persisted metadata validation	2026-08-19T03:08:26.9502735Z 	 - Status: SUCCESS
FV-4b required proofs	Prove persisted metadata validation	2026-08-19T03:08:26.9503019Z 	 - Description: "dereference failure: deallocated dynamic object"
FV-4b required proofs	Prove persisted metadata validation	2026-08-19T03:08:26.9503889Z 	 - Location: ../../../.rustup/toolchains/nightly-2025-11-21-x86_64-unknown-linux-gnu/lib/rustlib/src/rust/library/core/src/cmp.rs:2090:34 in function std::cmp::impls::<impl std::cmp::PartialEq for &()>::eq
FV-4b required proofs	Prove persisted metadata validation	2026-08-19T03:08:26.9504601Z 
FV-4b required proofs	Prove persisted metadata validation	2026-08-19T03:08:26.9504816Z Check 142: std::cmp::impls::<impl std::cmp::PartialEq for &()>::eq.pointer_dereference.10
FV-4b required proofs	Prove persisted metadata validation	2026-08-19T03:08:26.9505206Z 	 - Status: SUCCESS
FV-4b required proofs	Prove persisted metadata validation	2026-08-19T03:08:26.9505432Z 	 - Description: "dereference failure: dead object"
FV-4b required proofs	Prove persisted metadata validation	2026-08-19T03:08:26.9506394Z 	 - Location: ../../../.rustup/toolchains/nightly-2025-11-21-x86_64-unknown-linux-gnu/lib/rustlib/src/rust/library/core/src/cmp.rs:2090:34 in function std::cmp::impls::<impl std::cmp::PartialEq for &()>::eq
FV-4b required proofs	Prove persisted metadata validation	2026-08-19T03:08:26.9507112Z 
FV-4b required proofs	Prove persisted metadata validation	2026-08-19T03:08:26.9507323Z Check 143: std::cmp::impls::<impl std::cmp::PartialEq for &()>::eq.pointer_dereference.11
FV-4b required proofs	Prove persisted metadata validation	2026-08-19T03:08:26.9507715Z 	 - Status: SUCCESS
FV-4b required proofs	Prove persisted metadata validation	2026-08-19T03:08:26.9508000Z 	 - Description: "dereference failure: pointer outside object bounds"
FV-4b required proofs	Prove persisted metadata validation	2026-08-19T03:08:26.9508884Z 	 - Location: ../../../.rustup/toolchains/nightly-2025-11-21-x86_64-unknown-linux-gnu/lib/rustlib/src/rust/library/core/src/cmp.rs:2090:34 in function std::cmp::impls::<impl std::cmp::PartialEq for &()>::eq
FV-4b required proofs	Prove persisted metadata validation	2026-08-19T03:08:26.9509588Z 
FV-4b required proofs	Prove persisted metadata validation	2026-08-19T03:08:26.9509804Z Check 144: std::cmp::impls::<impl std::cmp::PartialEq for &()>::eq.pointer_dereference.12
FV-4b required proofs	Prove persisted metadata validation	2026-08-19T03:08:26.9510189Z 	 - Status: SUCCESS
FV-4b required proofs	Prove persisted metadata validation	2026-08-19T03:08:26.9510455Z 	 - Description: "dereference failure: invalid integer address"
FV-4b required proofs	Prove persisted metadata validation	2026-08-19T03:08:26.9511330Z 	 - Location: ../../../.rustup/toolchains/nightly-2025-11-21-x86_64-unknown-linux-gnu/lib/rustlib/src/rust/library/core/src/cmp.rs:2090:34 in function std::cmp::impls::<impl std::cmp::PartialEq for &()>::eq
FV-4b required proofs	Prove persisted metadata validation	2026-08-19T03:08:26.9512177Z 
FV-4b required proofs	Prove persisted metadata validation	2026-08-19T03:08:26.9512362Z Check 145: alloc::raw_vec::RawVecInner::deallocate.pointer_dereference.1
FV-4b required proofs	Prove persisted metadata validation	2026-08-19T03:08:26.9512716Z 	 - Status: SUCCESS
FV-4b required proofs	Prove persisted metadata validation	2026-08-19T03:08:26.9512942Z 	 - Description: "dereference failure: dead object"
FV-4b required proofs	Prove persisted metadata validation	2026-08-19T03:08:26.9513749Z 	 - Location: ../../../.rustup/toolchains/nightly-2025-11-21-x86_64-unknown-linux-gnu/lib/rustlib/src/rust/library/alloc/src/raw_vec/mod.rs:832:38 in function alloc::raw_vec::RawVecInner::deallocate
FV-4b required proofs	Prove persisted metadata validation	2026-08-19T03:08:26.9514439Z 
FV-4b required proofs	Prove persisted metadata validation	2026-08-19T03:08:26.9514620Z Check 146: <std::vec::Vec<u8> as std::ops::Drop>::drop.pointer_dereference.1
FV-4b required proofs	Prove persisted metadata validation	2026-08-19T03:08:26.9514975Z 	 - Status: SUCCESS
FV-4b required proofs	Prove persisted metadata validation	2026-08-19T03:08:26.9515209Z 	 - Description: "dereference failure: pointer NULL"
FV-4b required proofs	Prove persisted metadata validation	2026-08-19T03:08:26.9516265Z 	 - Location: ../../../.rustup/toolchains/nightly-2025-11-21-x86_64-unknown-linux-gnu/lib/rustlib/src/rust/library/alloc/src/vec/mod.rs:4076:81 in function <std::vec::Vec<u8> as std::ops::Drop>::drop
FV-4b required proofs	Prove persisted metadata validation	2026-08-19T03:08:26.9516969Z 
FV-4b required proofs	Prove persisted metadata validation	2026-08-19T03:08:26.9517146Z Check 147: <std::vec::Vec<u8> as std::ops::Drop>::drop.pointer_dereference.2
FV-4b required proofs	Prove persisted metadata validation	2026-08-19T03:08:26.9517502Z 	 - Status: SUCCESS
FV-4b required proofs	Prove persisted metadata validation	2026-08-19T03:08:26.9517744Z 	 - Description: "dereference failure: pointer invalid"
FV-4b required proofs	Prove persisted metadata validation	2026-08-19T03:08:26.9518558Z 	 - Location: ../../../.rustup/toolchains/nightly-2025-11-21-x86_64-unknown-linux-gnu/lib/rustlib/src/rust/library/alloc/src/vec/mod.rs:4076:81 in function <std::vec::Vec<u8> as std::ops::Drop>::drop
FV-4b required proofs	Prove persisted metadata validation	2026-08-19T03:08:26.9519240Z 
FV-4b required proofs	Prove persisted metadata validation	2026-08-19T03:08:26.9519419Z Check 148: <std::vec::Vec<u8> as std::ops::Drop>::drop.pointer_dereference.3
FV-4b required proofs	Prove persisted metadata validation	2026-08-19T03:08:26.9519762Z 	 - Status: SUCCESS
FV-4b required proofs	Prove persisted metadata validation	2026-08-19T03:08:26.9520038Z 	 - Description: "dereference failure: deallocated dynamic object"
FV-4b required proofs	Prove persisted metadata validation	2026-08-19T03:08:26.9520887Z 	 - Location: ../../../.rustup/toolchains/nightly-2025-11-21-x86_64-unknown-linux-gnu/lib/rustlib/src/rust/library/alloc/src/vec/mod.rs:4076:81 in function <std::vec::Vec<u8> as std::ops::Drop>::drop
FV-4b required proofs	Prove persisted metadata validation	2026-08-19T03:08:26.9521721Z 
FV-4b required proofs	Prove persisted metadata validation	2026-08-19T03:08:26.9521900Z Check 149: <std::vec::Vec<u8> as std::ops::Drop>::drop.pointer_dereference.4
FV-4b required proofs	Prove persisted metadata validation	2026-08-19T03:08:26.9522245Z 	 - Status: SUCCESS
FV-4b required proofs	Prove persisted metadata validation	2026-08-19T03:08:26.9522471Z 	 - Description: "dereference failure: dead object"
FV-4b required proofs	Prove persisted metadata validation	2026-08-19T03:08:26.9523287Z 	 - Location: ../../../.rustup/toolchains/nightly-2025-11-21-x86_64-unknown-linux-gnu/lib/rustlib/src/rust/library/alloc/src/vec/mod.rs:4076:81 in function <std::vec::Vec<u8> as std::ops::Drop>::drop
FV-4b required proofs	Prove persisted metadata validation	2026-08-19T03:08:26.9523971Z 
FV-4b required proofs	Prove persisted metadata validation	2026-08-19T03:08:26.9524142Z Check 150: <std::vec::Vec<u8> as std::ops::Drop>::drop.pointer_dereference.5
FV-4b required proofs	Prove persisted metadata validation	2026-08-19T03:08:26.9524487Z 	 - Status: SUCCESS
FV-4b required proofs	Prove persisted metadata validation	2026-08-19T03:08:26.9524772Z 	 - Description: "dereference failure: pointer outside object bounds"
FV-4b required proofs	Prove persisted metadata validation	2026-08-19T03:08:26.9525628Z 	 - Location: ../../../.rustup/toolchains/nightly-2025-11-21-x86_64-unknown-linux-gnu/lib/rustlib/src/rust/library/alloc/src/vec/mod.rs:4076:81 in function <std::vec::Vec<u8> as std::ops::Drop>::drop
FV-4b required proofs	Prove persisted metadata validation	2026-08-19T03:08:26.9526466Z 
FV-4b required proofs	Prove persisted metadata validation	2026-08-19T03:08:26.9526640Z Check 151: <std::vec::Vec<u8> as std::ops::Drop>::drop.pointer_dereference.6
FV-4b required proofs	Prove persisted metadata validation	2026-08-19T03:08:26.9526992Z 	 - Status: SUCCESS
FV-4b required proofs	Prove persisted metadata validation	2026-08-19T03:08:26.9527255Z 	 - Description: "dereference failure: invalid integer address"
FV-4b required proofs	Prove persisted metadata validation	2026-08-19T03:08:26.9528102Z 	 - Location: ../../../.rustup/toolchains/nightly-2025-11-21-x86_64-unknown-linux-gnu/lib/rustlib/src/rust/library/alloc/src/vec/mod.rs:4076:81 in function <std::vec::Vec<u8> as std::ops::Drop>::drop
FV-4b required proofs	Prove persisted metadata validation	2026-08-19T03:08:26.9528783Z 
FV-4b required proofs	Prove persisted metadata validation	2026-08-19T03:08:26.9528888Z Check 152: memcmp.pointer_dereference.1
FV-4b required proofs	Prove persisted metadata validation	2026-08-19T03:08:26.9529146Z 	 - Status: SUCCESS
FV-4b required proofs	Prove persisted metadata validation	2026-08-19T03:08:26.9529384Z 	 - Description: "dereference failure: pointer NULL"
FV-4b required proofs	Prove persisted metadata validation	2026-08-19T03:08:26.9529744Z 	 - Location: <builtin-library-memcmp>:27 in function memcmp
FV-4b required proofs	Prove persisted metadata validation	2026-08-19T03:08:26.9529985Z 
FV-4b required proofs	Prove persisted metadata validation	2026-08-19T03:08:26.9530086Z Check 153: memcmp.pointer_dereference.2
FV-4b required proofs	Prove persisted metadata validation	2026-08-19T03:08:26.9530341Z 	 - Status: SUCCESS
FV-4b required proofs	Prove persisted metadata validation	2026-08-19T03:08:26.9530585Z 	 - Description: "dereference failure: pointer invalid"
FV-4b required proofs	Prove persisted metadata validation	2026-08-19T03:08:26.9530950Z 	 - Location: <builtin-library-memcmp>:27 in function memcmp
FV-4b required proofs	Prove persisted metadata validation	2026-08-19T03:08:26.9531322Z 
FV-4b required proofs	Prove persisted metadata validation	2026-08-19T03:08:26.9531425Z Check 154: memcmp.pointer_dereference.3
FV-4b required proofs	Prove persisted metadata validation	2026-08-19T03:08:26.9531674Z 	 - Status: SUCCESS
FV-4b required proofs	Prove persisted metadata validation	2026-08-19T03:08:26.9531955Z 	 - Description: "dereference failure: deallocated dynamic object"
FV-4b required proofs	Prove persisted metadata validation	2026-08-19T03:08:26.9532361Z 	 - Location: <builtin-library-memcmp>:27 in function memcmp
FV-4b required proofs	Prove persisted metadata validation	2026-08-19T03:08:26.9532594Z 
FV-4b required proofs	Prove persisted metadata validation	2026-08-19T03:08:26.9532694Z Check 155: memcmp.pointer_dereference.4
FV-4b required proofs	Prove persisted metadata validation	2026-08-19T03:08:26.9532940Z 	 - Status: SUCCESS
FV-4b required proofs	Prove persisted metadata validation	2026-08-19T03:08:26.9533173Z 	 - Description: "dereference failure: dead object"
FV-4b required proofs	Prove persisted metadata validation	2026-08-19T03:08:26.9533524Z 	 - Location: <builtin-library-memcmp>:27 in function memcmp
FV-4b required proofs	Prove persisted metadata validation	2026-08-19T03:08:26.9533759Z 
FV-4b required proofs	Prove persisted metadata validation	2026-08-19T03:08:26.9533850Z Check 156: memcmp.pointer_dereference.5
FV-4b required proofs	Prove persisted metadata validation	2026-08-19T03:08:26.9534103Z 	 - Status: SUCCESS
FV-4b required proofs	Prove persisted metadata validation	2026-08-19T03:08:26.9534386Z 	 - Description: "dereference failure: pointer outside object bounds"
FV-4b required proofs	Prove persisted metadata validation	2026-08-19T03:08:26.9546548Z 	 - Location: <builtin-library-memcmp>:27 in function memcmp
FV-4b required proofs	Prove persisted metadata validation	2026-08-19T03:08:26.9546843Z 
FV-4b required proofs	Prove persisted metadata validation	2026-08-19T03:08:26.9546949Z Check 157: memcmp.pointer_dereference.6
FV-4b required proofs	Prove persisted metadata validation	2026-08-19T03:08:26.9547229Z 	 - Status: SUCCESS
FV-4b required proofs	Prove persisted metadata validation	2026-08-19T03:08:26.9547521Z 	 - Description: "dereference failure: invalid integer address"
FV-4b required proofs	Prove persisted metadata validation	2026-08-19T03:08:26.9547935Z 	 - Location: <builtin-library-memcmp>:27 in function memcmp
FV-4b required proofs	Prove persisted metadata validation	2026-08-19T03:08:26.9548185Z 
FV-4b required proofs	Prove persisted metadata validation	2026-08-19T03:08:26.9548286Z Check 158: memcmp.pointer_dereference.7
FV-4b required proofs	Prove persisted metadata validation	2026-08-19T03:08:26.9548545Z 	 - Status: SUCCESS
FV-4b required proofs	Prove persisted metadata validation	2026-08-19T03:08:26.9548793Z 	 - Description: "dereference failure: pointer NULL"
FV-4b required proofs	Prove persisted metadata validation	2026-08-19T03:08:26.9549170Z 	 - Location: <builtin-library-memcmp>:27 in function memcmp
FV-4b required proofs	Prove persisted metadata validation	2026-08-19T03:08:26.9549417Z 
FV-4b required proofs	Prove persisted metadata validation	2026-08-19T03:08:26.9549513Z Check 159: memcmp.pointer_dereference.8
FV-4b required proofs	Prove persisted metadata validation	2026-08-19T03:08:26.9549766Z 	 - Status: SUCCESS
FV-4b required proofs	Prove persisted metadata validation	2026-08-19T03:08:26.9550257Z 	 - Description: "dereference failure: pointer invalid"
FV-4b required proofs	Prove persisted metadata validation	2026-08-19T03:08:26.9550623Z 	 - Location: <builtin-library-memcmp>:27 in function memcmp
FV-4b required proofs	Prove persisted metadata validation	2026-08-19T03:08:26.9550867Z 
FV-4b required proofs	Prove persisted metadata validation	2026-08-19T03:08:26.9550967Z Check 160: memcmp.pointer_dereference.9
FV-4b required proofs	Prove persisted metadata validation	2026-08-19T03:08:26.9551214Z 	 - Status: SUCCESS
FV-4b required proofs	Prove persisted metadata validation	2026-08-19T03:08:26.9551495Z 	 - Description: "dereference failure: deallocated dynamic object"
FV-4b required proofs	Prove persisted metadata validation	2026-08-19T03:08:26.9551894Z 	 - Location: <builtin-library-memcmp>:27 in function memcmp
FV-4b required proofs	Prove persisted metadata validation	2026-08-19T03:08:26.9552129Z 
FV-4b required proofs	Prove persisted metadata validation	2026-08-19T03:08:26.9552227Z Check 161: memcmp.pointer_dereference.10
FV-4b required proofs	Prove persisted metadata validation	2026-08-19T03:08:26.9552480Z 	 - Status: SUCCESS
FV-4b required proofs	Prove persisted metadata validation	2026-08-19T03:08:26.9552704Z 	 - Description: "dereference failure: dead object"
FV-4b required proofs	Prove persisted metadata validation	2026-08-19T03:08:26.9553050Z 	 - Location: <builtin-library-memcmp>:27 in function memcmp
FV-4b required proofs	Prove persisted metadata validation	2026-08-19T03:08:26.9553285Z 
FV-4b required proofs	Prove persisted metadata validation	2026-08-19T03:08:26.9553381Z Check 162: memcmp.pointer_dereference.11
FV-4b required proofs	Prove persisted metadata validation	2026-08-19T03:08:26.9553633Z 	 - Status: SUCCESS
FV-4b required proofs	Prove persisted metadata validation	2026-08-19T03:08:26.9553914Z 	 - Description: "dereference failure: pointer outside object bounds"
FV-4b required proofs	Prove persisted metadata validation	2026-08-19T03:08:26.9554325Z 	 - Location: <builtin-library-memcmp>:27 in function memcmp
FV-4b required proofs	Prove persisted metadata validation	2026-08-19T03:08:26.9554560Z 
FV-4b required proofs	Prove persisted metadata validation	2026-08-19T03:08:26.9554656Z Check 163: memcmp.pointer_dereference.12
FV-4b required proofs	Prove persisted metadata validation	2026-08-19T03:08:26.9554907Z 	 - Status: SUCCESS
FV-4b required proofs	Prove persisted metadata validation	2026-08-19T03:08:26.9555168Z 	 - Description: "dereference failure: invalid integer address"
FV-4b required proofs	Prove persisted metadata validation	2026-08-19T03:08:26.9555574Z 	 - Location: <builtin-library-memcmp>:27 in function memcmp
FV-4b required proofs	Prove persisted metadata validation	2026-08-19T03:08:26.9555959Z 
FV-4b required proofs	Prove persisted metadata validation	2026-08-19T03:08:26.9556063Z Check 164: calloc.pointer_dereference.1
FV-4b required proofs	Prove persisted metadata validation	2026-08-19T03:08:26.9556315Z 	 - Status: SUCCESS
FV-4b required proofs	Prove persisted metadata validation	2026-08-19T03:08:26.9556544Z 	 - Description: "dereference failure: dead object"
FV-4b required proofs	Prove persisted metadata validation	2026-08-19T03:08:26.9556897Z 	 - Location: <builtin-library-calloc>:14 in function calloc
FV-4b required proofs	Prove persisted metadata validation	2026-08-19T03:08:26.9557126Z 
FV-4b required proofs	Prove persisted metadata validation	2026-08-19T03:08:26.9557329Z Check 165: alloc::raw_vec::RawVecInner::non_null::<u8>.pointer_dereference.1
FV-4b required proofs	Prove persisted metadata validation	2026-08-19T03:08:26.9557689Z 	 - Status: SUCCESS
FV-4b required proofs	Prove persisted metadata validation	2026-08-19T03:08:26.9557924Z 	 - Description: "dereference failure: pointer NULL"
FV-4b required proofs	Prove persisted metadata validation	2026-08-19T03:08:26.9558767Z 	 - Location: ../../../.rustup/toolchains/nightly-2025-11-21-x86_64-unknown-linux-gnu/lib/rustlib/src/rust/library/alloc/src/raw_vec/mod.rs:504:9 in function alloc::raw_vec::RawVecInner::non_null::<u8>
FV-4b required proofs	Prove persisted metadata validation	2026-08-19T03:08:26.9559612Z 
FV-4b required proofs	Prove persisted metadata validation	2026-08-19T03:08:26.9559805Z Check 166: alloc::raw_vec::RawVecInner::non_null::<u8>.pointer_dereference.2
FV-4b required proofs	Prove persisted metadata validation	2026-08-19T03:08:26.9560166Z 	 - Status: SUCCESS
FV-4b required proofs	Prove persisted metadata validation	2026-08-19T03:08:26.9560407Z 	 - Description: "dereference failure: pointer invalid"
FV-4b required proofs	Prove persisted metadata validation	2026-08-19T03:08:26.9561233Z 	 - Location: ../../../.rustup/toolchains/nightly-2025-11-21-x86_64-unknown-linux-gnu/lib/rustlib/src/rust/library/alloc/src/raw_vec/mod.rs:504:9 in function alloc::raw_vec::RawVecInner::non_null::<u8>
FV-4b required proofs	Prove persisted metadata validation	2026-08-19T03:08:26.9561934Z 
FV-4b required proofs	Prove persisted metadata validation	2026-08-19T03:08:26.9562114Z Check 167: alloc::raw_vec::RawVecInner::non_null::<u8>.pointer_dereference.3
FV-4b required proofs	Prove persisted metadata validation	2026-08-19T03:08:26.9562469Z 	 - Status: SUCCESS
FV-4b required proofs	Prove persisted metadata validation	2026-08-19T03:08:26.9562746Z 	 - Description: "dereference failure: deallocated dynamic object"
FV-4b required proofs	Prove persisted metadata validation	2026-08-19T03:08:26.9563609Z 	 - Location: ../../../.rustup/toolchains/nightly-2025-11-21-x86_64-unknown-linux-gnu/lib/rustlib/src/rust/library/alloc/src/raw_vec/mod.rs:504:9 in function alloc::raw_vec::RawVecInner::non_null::<u8>
FV-4b required proofs	Prove persisted metadata validation	2026-08-19T03:08:26.9564306Z 
FV-4b required proofs	Prove persisted metadata validation	2026-08-19T03:08:26.9564483Z Check 168: alloc::raw_vec::RawVecInner::non_null::<u8>.pointer_dereference.4
FV-4b required proofs	Prove persisted metadata validation	2026-08-19T03:08:26.9564842Z 	 - Status: SUCCESS
FV-4b required proofs	Prove persisted metadata validation	2026-08-19T03:08:26.9565070Z 	 - Description: "dereference failure: dead object"
FV-4b required proofs	Prove persisted metadata validation	2026-08-19T03:08:26.9565997Z 	 - Location: ../../../.rustup/toolchains/nightly-2025-11-21-x86_64-unknown-linux-gnu/lib/rustlib/src/rust/library/alloc/src/raw_vec/mod.rs:504:9 in function alloc::raw_vec::RawVecInner::non_null::<u8>
FV-4b required proofs	Prove persisted metadata validation	2026-08-19T03:08:26.9566694Z 
FV-4b required proofs	Prove persisted metadata validation	2026-08-19T03:08:26.9566879Z Check 169: alloc::raw_vec::RawVecInner::non_null::<u8>.pointer_dereference.5
FV-4b required proofs	Prove persisted metadata validation	2026-08-19T03:08:26.9567228Z 	 - Status: SUCCESS
FV-4b required proofs	Prove persisted metadata validation	2026-08-19T03:08:26.9567508Z 	 - Description: "dereference failure: pointer outside object bounds"
FV-4b required proofs	Prove persisted metadata validation	2026-08-19T03:08:26.9568513Z 	 - Location: ../../../.rustup/toolchains/nightly-2025-11-21-x86_64-unknown-linux-gnu/lib/rustlib/src/rust/library/alloc/src/raw_vec/mod.rs:504:9 in function alloc::raw_vec::RawVecInner::non_null::<u8>
FV-4b required proofs	Prove persisted metadata validation	2026-08-19T03:08:26.9569208Z 
FV-4b required proofs	Prove persisted metadata validation	2026-08-19T03:08:26.9569394Z Check 170: alloc::raw_vec::RawVecInner::non_null::<u8>.pointer_dereference.6
FV-4b required proofs	Prove persisted metadata validation	2026-08-19T03:08:26.9569745Z 	 - Status: SUCCESS
FV-4b required proofs	Prove persisted metadata validation	2026-08-19T03:08:26.9570009Z 	 - Description: "dereference failure: invalid integer address"
FV-4b required proofs	Prove persisted metadata validation	2026-08-19T03:08:26.9570853Z 	 - Location: ../../../.rustup/toolchains/nightly-2025-11-21-x86_64-unknown-linux-gnu/lib/rustlib/src/rust/library/alloc/src/raw_vec/mod.rs:504:9 in function alloc::raw_vec::RawVecInner::non_null::<u8>
FV-4b required proofs	Prove persisted metadata validation	2026-08-19T03:08:26.9571551Z 
FV-4b required proofs	Prove persisted metadata validation	2026-08-19T03:08:26.9571751Z Check 171: <std::alloc::Layout as std::clone::Clone>::clone.pointer_dereference.1
FV-4b required proofs	Prove persisted metadata validation	2026-08-19T03:08:26.9572121Z 	 - Status: SUCCESS
FV-4b required proofs	Prove persisted metadata validation	2026-08-19T03:08:26.9572356Z 	 - Description: "dereference failure: pointer NULL"
FV-4b required proofs	Prove persisted metadata validation	2026-08-19T03:08:26.9573192Z 	 - Location: ../../../.rustup/toolchains/nightly-2025-11-21-x86_64-unknown-linux-gnu/lib/rustlib/src/rust/library/core/src/alloc/layout.rs:28:16 in function <std::alloc::Layout as std::clone::Clone>::clone
FV-4b required proofs	Prove persisted metadata validation	2026-08-19T03:08:26.9573909Z 
FV-4b required proofs	Prove persisted metadata validation	2026-08-19T03:08:26.9574102Z Check 172: <std::alloc::Layout as std::clone::Clone>::clone.pointer_dereference.2
FV-4b required proofs	Prove persisted metadata validation	2026-08-19T03:08:26.9574466Z 	 - Status: SUCCESS
FV-4b required proofs	Prove persisted metadata validation	2026-08-19T03:08:26.9574704Z 	 - Description: "dereference failure: pointer invalid"
FV-4b required proofs	Prove persisted metadata validation	2026-08-19T03:08:26.9575554Z 	 - Location: ../../../.rustup/toolchains/nightly-2025-11-21-x86_64-unknown-linux-gnu/lib/rustlib/src/rust/library/core/src/alloc/layout.rs:28:16 in function <std::alloc::Layout as std::clone::Clone>::clone
FV-4b required proofs	Prove persisted metadata validation	2026-08-19T03:08:26.9576391Z 
FV-4b required proofs	Prove persisted metadata validation	2026-08-19T03:08:26.9576598Z Check 173: <std::alloc::Layout as std::clone::Clone>::clone.pointer_dereference.3
FV-4b required proofs	Prove persisted metadata validation	2026-08-19T03:08:26.9576978Z 	 - Status: SUCCESS
FV-4b required proofs	Prove persisted metadata validation	2026-08-19T03:08:26.9577266Z 	 - Description: "dereference failure: deallocated dynamic object"
FV-4b required proofs	Prove persisted metadata validation	2026-08-19T03:08:26.9578151Z 	 - Location: ../../../.rustup/toolchains/nightly-2025-11-21-x86_64-unknown-linux-gnu/lib/rustlib/src/rust/library/core/src/alloc/layout.rs:28:16 in function <std::alloc::Layout as std::clone::Clone>::clone
FV-4b required proofs	Prove persisted metadata validation	2026-08-19T03:08:26.9579006Z 
FV-4b required proofs	Prove persisted metadata validation	2026-08-19T03:08:26.9579212Z Check 174: <std::alloc::Layout as std::clone::Clone>::clone.pointer_dereference.4
FV-4b required proofs	Prove persisted metadata validation	2026-08-19T03:08:26.9579585Z 	 - Status: SUCCESS
FV-4b required proofs	Prove persisted metadata validation	2026-08-19T03:08:26.9579817Z 	 - Description: "dereference failure: dead object"
FV-4b required proofs	Prove persisted metadata validation	2026-08-19T03:08:26.9580650Z 	 - Location: ../../../.rustup/toolchains/nightly-2025-11-21-x86_64-unknown-linux-gnu/lib/rustlib/src/rust/library/core/src/alloc/layout.rs:28:16 in function <std::alloc::Layout as std::clone::Clone>::clone
FV-4b required proofs	Prove persisted metadata validation	2026-08-19T03:08:26.9581363Z 
FV-4b required proofs	Prove persisted metadata validation	2026-08-19T03:08:26.9581557Z Check 175: <std::alloc::Layout as std::clone::Clone>::clone.pointer_dereference.5
FV-4b required proofs	Prove persisted metadata validation	2026-08-19T03:08:26.9581928Z 	 - Status: SUCCESS
FV-4b required proofs	Prove persisted metadata validation	2026-08-19T03:08:26.9582215Z 	 - Description: "dereference failure: pointer outside object bounds"
FV-4b required proofs	Prove persisted metadata validation	2026-08-19T03:08:26.9583103Z 	 - Location: ../../../.rustup/toolchains/nightly-2025-11-21-x86_64-unknown-linux-gnu/lib/rustlib/src/rust/library/core/src/alloc/layout.rs:28:16 in function <std::alloc::Layout as std::clone::Clone>::clone
FV-4b required proofs	Prove persisted metadata validation	2026-08-19T03:08:26.9583820Z 
FV-4b required proofs	Prove persisted metadata validation	2026-08-19T03:08:26.9584013Z Check 176: <std::alloc::Layout as std::clone::Clone>::clone.pointer_dereference.6
FV-4b required proofs	Prove persisted metadata validation	2026-08-19T03:08:26.9584383Z 	 - Status: SUCCESS
FV-4b required proofs	Prove persisted metadata validation	2026-08-19T03:08:26.9584651Z 	 - Description: "dereference failure: invalid integer address"
FV-4b required proofs	Prove persisted metadata validation	2026-08-19T03:08:26.9585530Z 	 - Location: ../../../.rustup/toolchains/nightly-2025-11-21-x86_64-unknown-linux-gnu/lib/rustlib/src/rust/library/core/src/alloc/layout.rs:28:16 in function <std::alloc::Layout as std::clone::Clone>::clone
FV-4b required proofs	Prove persisted metadata validation	2026-08-19T03:08:26.9586369Z 
FV-4b required proofs	Prove persisted metadata validation	2026-08-19T03:08:26.9586555Z Check 177: core::ub_checks::is_valid_allocation_size.division-by-zero.1
FV-4b required proofs	Prove persisted metadata validation	2026-08-19T03:08:26.9586907Z 	 - Status: SUCCESS
FV-4b required proofs	Prove persisted metadata validation	2026-08-19T03:08:26.9587115Z 	 - Description: "division by zero"
FV-4b required proofs	Prove persisted metadata validation	2026-08-19T03:08:26.9588022Z 	 - Location: ../../../.rustup/toolchains/nightly-2025-11-21-x86_64-unknown-linux-gnu/lib/rustlib/src/rust/library/core/src/ub_checks.rs:149:54 in function core::ub_checks::is_valid_allocation_size
FV-4b required proofs	Prove persisted metadata validation	2026-08-19T03:08:26.9588708Z 
FV-4b required proofs	Prove persisted metadata validation	2026-08-19T03:08:26.9588905Z Check 178: std::result::Result::<(), EdisonError>::is_ok.pointer_dereference.1
FV-4b required proofs	Prove persisted metadata validation	2026-08-19T03:08:26.9589269Z 	 - Status: SUCCESS
FV-4b required proofs	Prove persisted metadata validation	2026-08-19T03:08:26.9589507Z 	 - Description: "dereference failure: pointer NULL"
FV-4b required proofs	Prove persisted metadata validation	2026-08-19T03:08:26.9590362Z 	 - Location: ../../../.rustup/toolchains/nightly-2025-11-21-x86_64-unknown-linux-gnu/lib/rustlib/src/rust/library/core/src/result.rs:594:18 in function std::result::Result::<(), EdisonError>::is_ok
FV-4b required proofs	Prove persisted metadata validation	2026-08-19T03:08:26.9591047Z 
FV-4b required proofs	Prove persisted metadata validation	2026-08-19T03:08:26.9591231Z Check 179: std::result::Result::<(), EdisonError>::is_ok.pointer_dereference.2
FV-4b required proofs	Prove persisted metadata validation	2026-08-19T03:08:26.9591590Z 	 - Status: SUCCESS
FV-4b required proofs	Prove persisted metadata validation	2026-08-19T03:08:26.9591833Z 	 - Description: "dereference failure: pointer invalid"
FV-4b required proofs	Prove persisted metadata validation	2026-08-19T03:08:26.9592640Z 	 - Location: ../../../.rustup/toolchains/nightly-2025-11-21-x86_64-unknown-linux-gnu/lib/rustlib/src/rust/library/core/src/result.rs:594:18 in function std::result::Result::<(), EdisonError>::is_ok
FV-4b required proofs	Prove persisted metadata validation	2026-08-19T03:08:26.9593328Z 
FV-4b required proofs	Prove persisted metadata validation	2026-08-19T03:08:26.9593515Z Check 180: std::result::Result::<(), EdisonError>::is_ok.pointer_dereference.3
FV-4b required proofs	Prove persisted metadata validation	2026-08-19T03:08:26.9593874Z 	 - Status: SUCCESS
FV-4b required proofs	Prove persisted metadata validation	2026-08-19T03:08:26.9594154Z 	 - Description: "dereference failure: deallocated dynamic object"
FV-4b required proofs	Prove persisted metadata validation	2026-08-19T03:08:26.9595004Z 	 - Location: ../../../.rustup/toolchains/nightly-2025-11-21-x86_64-unknown-linux-gnu/lib/rustlib/src/rust/library/core/src/result.rs:594:18 in function std::result::Result::<(), EdisonError>::is_ok
FV-4b required proofs	Prove persisted metadata validation	2026-08-19T03:08:26.9595682Z 
FV-4b required proofs	Prove persisted metadata validation	2026-08-19T03:08:26.9595991Z Check 181: std::result::Result::<(), EdisonError>::is_ok.pointer_dereference.4
FV-4b required proofs	Prove persisted metadata validation	2026-08-19T03:08:26.9596343Z 	 - Status: SUCCESS
FV-4b required proofs	Prove persisted metadata validation	2026-08-19T03:08:26.9596570Z 	 - Description: "dereference failure: dead object"
FV-4b required proofs	Prove persisted metadata validation	2026-08-19T03:08:26.9597361Z 	 - Location: ../../../.rustup/toolchains/nightly-2025-11-21-x86_64-unknown-linux-gnu/lib/rustlib/src/rust/library/core/src/result.rs:594:18 in function std::result::Result::<(), EdisonError>::is_ok
FV-4b required proofs	Prove persisted metadata validation	2026-08-19T03:08:26.9598042Z 
FV-4b required proofs	Prove persisted metadata validation	2026-08-19T03:08:26.9598365Z Check 182: std::result::Result::<(), EdisonError>::is_ok.pointer_dereference.5
FV-4b required proofs	Prove persisted metadata validation	2026-08-19T03:08:26.9598717Z 	 - Status: SUCCESS
FV-4b required proofs	Prove persisted metadata validation	2026-08-19T03:08:26.9599003Z 	 - Description: "dereference failure: pointer outside object bounds"
FV-4b required proofs	Prove persisted metadata validation	2026-08-19T03:08:26.9599859Z 	 - Location: ../../../.rustup/toolchains/nightly-2025-11-21-x86_64-unknown-linux-gnu/lib/rustlib/src/rust/library/core/src/result.rs:594:18 in function std::result::Result::<(), EdisonError>::is_ok
FV-4b required proofs	Prove persisted metadata validation	2026-08-19T03:08:26.9600542Z 
FV-4b required proofs	Prove persisted metadata validation	2026-08-19T03:08:26.9600724Z Check 183: std::result::Result::<(), EdisonError>::is_ok.pointer_dereference.6
FV-4b required proofs	Prove persisted metadata validation	2026-08-19T03:08:26.9601074Z 	 - Status: SUCCESS
FV-4b required proofs	Prove persisted metadata validation	2026-08-19T03:08:26.9601339Z 	 - Description: "dereference failure: invalid integer address"
FV-4b required proofs	Prove persisted metadata validation	2026-08-19T03:08:26.9602225Z 	 - Location: ../../../.rustup/toolchains/nightly-2025-11-21-x86_64-unknown-linux-gnu/lib/rustlib/src/rust/library/core/src/result.rs:594:18 in function std::result::Result::<(), EdisonError>::is_ok
FV-4b required proofs	Prove persisted metadata validation	2026-08-19T03:08:26.9602913Z 
FV-4b required proofs	Prove persisted metadata validation	2026-08-19T03:08:26.9603060Z Check 184: std::alloc::Layout::size.pointer_dereference.1
FV-4b required proofs	Prove persisted metadata validation	2026-08-19T03:08:26.9603364Z 	 - Status: SUCCESS
FV-4b required proofs	Prove persisted metadata validation	2026-08-19T03:08:26.9603597Z 	 - Description: "dereference failure: pointer NULL"
FV-4b required proofs	Prove persisted metadata validation	2026-08-19T03:08:26.9604368Z 	 - Location: ../../../.rustup/toolchains/nightly-2025-11-21-x86_64-unknown-linux-gnu/lib/rustlib/src/rust/library/core/src/alloc/layout.rs:140:9 in function std::alloc::Layout::size
FV-4b required proofs	Prove persisted metadata validation	2026-08-19T03:08:26.9605017Z 
FV-4b required proofs	Prove persisted metadata validation	2026-08-19T03:08:26.9605155Z Check 185: std::alloc::Layout::size.pointer_dereference.2
FV-4b required proofs	Prove persisted metadata validation	2026-08-19T03:08:26.9605457Z 	 - Status: SUCCESS
FV-4b required proofs	Prove persisted metadata validation	2026-08-19T03:08:26.9605822Z 	 - Description: "dereference failure: pointer invalid"
FV-4b required proofs	Prove persisted metadata validation	2026-08-19T03:08:26.9606595Z 	 - Location: ../../../.rustup/toolchains/nightly-2025-11-21-x86_64-unknown-linux-gnu/lib/rustlib/src/rust/library/core/src/alloc/layout.rs:140:9 in function std::alloc::Layout::size
FV-4b required proofs	Prove persisted metadata validation	2026-08-19T03:08:26.9607380Z 
FV-4b required proofs	Prove persisted metadata validation	2026-08-19T03:08:26.9607518Z Check 186: std::alloc::Layout::size.pointer_dereference.3
FV-4b required proofs	Prove persisted metadata validation	2026-08-19T03:08:26.9607813Z 	 - Status: SUCCESS
FV-4b required proofs	Prove persisted metadata validation	2026-08-19T03:08:26.9608336Z 	 - Description: "dereference failure: deallocated dynamic object"
FV-4b required proofs	Prove persisted metadata validation	2026-08-19T03:08:26.9609207Z 	 - Location: ../../../.rustup/toolchains/nightly-2025-11-21-x86_64-unknown-linux-gnu/lib/rustlib/src/rust/library/core/src/alloc/layout.rs:140:9 in function std::alloc::Layout::size
FV-4b required proofs	Prove persisted metadata validation	2026-08-19T03:08:26.9609856Z 
FV-4b required proofs	Prove persisted metadata validation	2026-08-19T03:08:26.9609987Z Check 187: std::alloc::Layout::size.pointer_dereference.4
FV-4b required proofs	Prove persisted metadata validation	2026-08-19T03:08:26.9610282Z 	 - Status: SUCCESS
FV-4b required proofs	Prove persisted metadata validation	2026-08-19T03:08:26.9610506Z 	 - Description: "dereference failure: dead object"
FV-4b required proofs	Prove persisted metadata validation	2026-08-19T03:08:26.9611268Z 	 - Location: ../../../.rustup/toolchains/nightly-2025-11-21-x86_64-unknown-linux-gnu/lib/rustlib/src/rust/library/core/src/alloc/layout.rs:140:9 in function std::alloc::Layout::size
FV-4b required proofs	Prove persisted metadata validation	2026-08-19T03:08:26.9611914Z 
FV-4b required proofs	Prove persisted metadata validation	2026-08-19T03:08:26.9612054Z Check 188: std::alloc::Layout::size.pointer_dereference.5
FV-4b required proofs	Prove persisted metadata validation	2026-08-19T03:08:26.9612360Z 	 - Status: SUCCESS
FV-4b required proofs	Prove persisted metadata validation	2026-08-19T03:08:26.9612642Z 	 - Description: "dereference failure: pointer outside object bounds"
FV-4b required proofs	Prove persisted metadata validation	2026-08-19T03:08:26.9613456Z 	 - Location: ../../../.rustup/toolchains/nightly-2025-11-21-x86_64-unknown-linux-gnu/lib/rustlib/src/rust/library/core/src/alloc/layout.rs:140:9 in function std::alloc::Layout::size
FV-4b required proofs	Prove persisted metadata validation	2026-08-19T03:08:26.9614104Z 
FV-4b required proofs	Prove persisted metadata validation	2026-08-19T03:08:26.9614233Z Check 189: std::alloc::Layout::size.pointer_dereference.6
FV-4b required proofs	Prove persisted metadata validation	2026-08-19T03:08:26.9614524Z 	 - Status: SUCCESS
FV-4b required proofs	Prove persisted metadata validation	2026-08-19T03:08:26.9614786Z 	 - Description: "dereference failure: invalid integer address"
FV-4b required proofs	Prove persisted metadata validation	2026-08-19T03:08:26.9615575Z 	 - Location: ../../../.rustup/toolchains/nightly-2025-11-21-x86_64-unknown-linux-gnu/lib/rustlib/src/rust/library/core/src/alloc/layout.rs:140:9 in function std::alloc::Layout::size
FV-4b required proofs	Prove persisted metadata validation	2026-08-19T03:08:26.9616475Z 
FV-4b required proofs	Prove persisted metadata validation	2026-08-19T03:08:26.9616675Z Check 190: alloc::raw_vec::RawVecInner::current_memory.pointer_dereference.1
FV-4b required proofs	Prove persisted metadata validation	2026-08-19T03:08:26.9617050Z 	 - Status: SUCCESS
FV-4b required proofs	Prove persisted metadata validation	2026-08-19T03:08:26.9617288Z 	 - Description: "dereference failure: pointer NULL"
FV-4b required proofs	Prove persisted metadata validation	2026-08-19T03:08:26.9618110Z 	 - Location: ../../../.rustup/toolchains/nightly-2025-11-21-x86_64-unknown-linux-gnu/lib/rustlib/src/rust/library/alloc/src/raw_vec/mod.rs:523:39 in function alloc::raw_vec::RawVecInner::current_memory
FV-4b required proofs	Prove persisted metadata validation	2026-08-19T03:08:26.9619143Z 
FV-4b required proofs	Prove persisted metadata validation	2026-08-19T03:08:26.9619455Z Check 191: alloc::raw_vec::RawVecInner::current_memory.pointer_dereference.2
FV-4b required proofs	Prove persisted metadata validation	2026-08-19T03:08:26.9619915Z 	 - Status: SUCCESS
FV-4b required proofs	Prove persisted metadata validation	2026-08-19T03:08:26.9620159Z 	 - Description: "dereference failure: pointer invalid"
FV-4b required proofs	Prove persisted metadata validation	2026-08-19T03:08:26.9620975Z 	 - Location: ../../../.rustup/toolchains/nightly-2025-11-21-x86_64-unknown-linux-gnu/lib/rustlib/src/rust/library/alloc/src/raw_vec/mod.rs:523:39 in function alloc::raw_vec::RawVecInner::current_memory
FV-4b required proofs	Prove persisted metadata validation	2026-08-19T03:08:26.9621669Z 
FV-4b required proofs	Prove persisted metadata validation	2026-08-19T03:08:26.9621857Z Check 192: alloc::raw_vec::RawVecInner::current_memory.pointer_dereference.3
FV-4b required proofs	Prove persisted metadata validation	2026-08-19T03:08:26.9622222Z 	 - Status: SUCCESS
FV-4b required proofs	Prove persisted metadata validation	2026-08-19T03:08:26.9622505Z 	 - Description: "dereference failure: deallocated dynamic object"
FV-4b required proofs	Prove persisted metadata validation	2026-08-19T03:08:26.9623361Z 	 - Location: ../../../.rustup/toolchains/nightly-2025-11-21-x86_64-unknown-linux-gnu/lib/rustlib/src/rust/library/alloc/src/raw_vec/mod.rs:523:39 in function alloc::raw_vec::RawVecInner::current_memory
FV-4b required proofs	Prove persisted metadata validation	2026-08-19T03:08:26.9624062Z 
FV-4b required proofs	Prove persisted metadata validation	2026-08-19T03:08:26.9624249Z Check 193: alloc::raw_vec::RawVecInner::current_memory.pointer_dereference.4
FV-4b required proofs	Prove persisted metadata validation	2026-08-19T03:08:26.9624604Z 	 - Status: SUCCESS
FV-4b required proofs	Prove persisted metadata validation	2026-08-19T03:08:26.9624826Z 	 - Description: "dereference failure: dead object"
FV-4b required proofs	Prove persisted metadata validation	2026-08-19T03:08:26.9625632Z 	 - Location: ../../../.rustup/toolchains/nightly-2025-11-21-x86_64-unknown-linux-gnu/lib/rustlib/src/rust/library/alloc/src/raw_vec/mod.rs:523:39 in function alloc::raw_vec::RawVecInner::current_memory
FV-4b required proofs	Prove persisted metadata validation	2026-08-19T03:08:26.9626592Z 
FV-4b required proofs	Prove persisted metadata validation	2026-08-19T03:08:26.9626780Z Check 194: alloc::raw_vec::RawVecInner::current_memory.pointer_dereference.5
FV-4b required proofs	Prove persisted metadata validation	2026-08-19T03:08:26.9627349Z 	 - Status: SUCCESS
FV-4b required proofs	Prove persisted metadata validation	2026-08-19T03:08:26.9627651Z 	 - Description: "dereference failure: pointer outside object bounds"
FV-4b required proofs	Prove persisted metadata validation	2026-08-19T03:08:26.9628536Z 	 - Location: ../../../.rustup/toolchains/nightly-2025-11-21-x86_64-unknown-linux-gnu/lib/rustlib/src/rust/library/alloc/src/raw_vec/mod.rs:523:39 in function alloc::raw_vec::RawVecInner::current_memory
FV-4b required proofs	Prove persisted metadata validation	2026-08-19T03:08:26.9629241Z 
FV-4b required proofs	Prove persisted metadata validation	2026-08-19T03:08:26.9629442Z Check 195: alloc::raw_vec::RawVecInner::current_memory.pointer_dereference.6
FV-4b required proofs	Prove persisted metadata validation	2026-08-19T03:08:26.9629813Z 	 - Status: SUCCESS
FV-4b required proofs	Prove persisted metadata validation	2026-08-19T03:08:26.9630088Z 	 - Description: "dereference failure: invalid integer address"
FV-4b required proofs	Prove persisted metadata validation	2026-08-19T03:08:26.9630950Z 	 - Location: ../../../.rustup/toolchains/nightly-2025-11-21-x86_64-unknown-linux-gnu/lib/rustlib/src/rust/library/alloc/src/raw_vec/mod.rs:523:39 in function alloc::raw_vec::RawVecInner::current_memory
FV-4b required proofs	Prove persisted metadata validation	2026-08-19T03:08:26.9631645Z 
FV-4b required proofs	Prove persisted metadata validation	2026-08-19T03:08:26.9631842Z Check 196: alloc::raw_vec::RawVecInner::current_memory.pointer_dereference.7
FV-4b required proofs	Prove persisted metadata validation	2026-08-19T03:08:26.9632208Z 	 - Status: SUCCESS
FV-4b required proofs	Prove persisted metadata validation	2026-08-19T03:08:26.9632447Z 	 - Description: "dereference failure: pointer NULL"
FV-4b required proofs	Prove persisted metadata validation	2026-08-19T03:08:26.9633265Z 	 - Location: ../../../.rustup/toolchains/nightly-2025-11-21-x86_64-unknown-linux-gnu/lib/rustlib/src/rust/library/alloc/src/raw_vec/mod.rs:531:67 in function alloc::raw_vec::RawVecInner::current_memory
FV-4b required proofs	Prove persisted metadata validation	2026-08-19T03:08:26.9633966Z 
FV-4b required proofs	Prove persisted metadata validation	2026-08-19T03:08:26.9634154Z Check 197: alloc::raw_vec::RawVecInner::current_memory.pointer_dereference.8
FV-4b required proofs	Prove persisted metadata validation	2026-08-19T03:08:26.9634512Z 	 - Status: SUCCESS
FV-4b required proofs	Prove persisted metadata validation	2026-08-19T03:08:26.9634753Z 	 - Description: "dereference failure: pointer invalid"
FV-4b required proofs	Prove persisted metadata validation	2026-08-19T03:08:26.9635581Z 	 - Location: ../../../.rustup/toolchains/nightly-2025-11-21-x86_64-unknown-linux-gnu/lib/rustlib/src/rust/library/alloc/src/raw_vec/mod.rs:531:67 in function alloc::raw_vec::RawVecInner::current_memory
FV-4b required proofs	Prove persisted metadata validation	2026-08-19T03:08:26.9636429Z 
FV-4b required proofs	Prove persisted metadata validation	2026-08-19T03:08:26.9636626Z Check 198: alloc::raw_vec::RawVecInner::current_memory.pointer_dereference.9
FV-4b required proofs	Prove persisted metadata validation	2026-08-19T03:08:26.9637001Z 	 - Status: SUCCESS
FV-4b required proofs	Prove persisted metadata validation	2026-08-19T03:08:26.9637287Z 	 - Description: "dereference failure: deallocated dynamic object"
FV-4b required proofs	Prove persisted metadata validation	2026-08-19T03:08:26.9638165Z 	 - Location: ../../../.rustup/toolchains/nightly-2025-11-21-x86_64-unknown-linux-gnu/lib/rustlib/src/rust/library/alloc/src/raw_vec/mod.rs:531:67 in function alloc::raw_vec::RawVecInner::current_memory
FV-4b required proofs	Prove persisted metadata validation	2026-08-19T03:08:26.9639019Z 
FV-4b required proofs	Prove persisted metadata validation	2026-08-19T03:08:26.9639225Z Check 199: alloc::raw_vec::RawVecInner::current_memory.pointer_dereference.10
FV-4b required proofs	Prove persisted metadata validation	2026-08-19T03:08:26.9639597Z 	 - Status: SUCCESS
FV-4b required proofs	Prove persisted metadata validation	2026-08-19T03:08:26.9639832Z 	 - Description: "dereference failure: dead object"
FV-4b required proofs	Prove persisted metadata validation	2026-08-19T03:08:26.9640651Z 	 - Location: ../../../.rustup/toolchains/nightly-2025-11-21-x86_64-unknown-linux-gnu/lib/rustlib/src/rust/library/alloc/src/raw_vec/mod.rs:531:67 in function alloc::raw_vec::RawVecInner::current_memory
FV-4b required proofs	Prove persisted metadata validation	2026-08-19T03:08:26.9641348Z 
FV-4b required proofs	Prove persisted metadata validation	2026-08-19T03:08:26.9641552Z Check 200: alloc::raw_vec::RawVecInner::current_memory.pointer_dereference.11
FV-4b required proofs	Prove persisted metadata validation	2026-08-19T03:08:26.9641915Z 	 - Status: SUCCESS
FV-4b required proofs	Prove persisted metadata validation	2026-08-19T03:08:26.9642210Z 	 - Description: "dereference failure: pointer outside object bounds"
FV-4b required proofs	Prove persisted metadata validation	2026-08-19T03:08:26.9643081Z 	 - Location: ../../../.rustup/toolchains/nightly-2025-11-21-x86_64-unknown-linux-gnu/lib/rustlib/src/rust/library/alloc/src/raw_vec/mod.rs:531:67 in function alloc::raw_vec::RawVecInner::current_memory
FV-4b required proofs	Prove persisted metadata validation	2026-08-19T03:08:26.9643781Z 
FV-4b required proofs	Prove persisted metadata validation	2026-08-19T03:08:26.9643970Z Check 201: alloc::raw_vec::RawVecInner::current_memory.pointer_dereference.12
FV-4b required proofs	Prove persisted metadata validation	2026-08-19T03:08:26.9644332Z 	 - Status: SUCCESS
FV-4b required proofs	Prove persisted metadata validation	2026-08-19T03:08:26.9644599Z 	 - Description: "dereference failure: invalid integer address"
FV-4b required proofs	Prove persisted metadata validation	2026-08-19T03:08:26.9645447Z 	 - Location: ../../../.rustup/toolchains/nightly-2025-11-21-x86_64-unknown-linux-gnu/lib/rustlib/src/rust/library/alloc/src/raw_vec/mod.rs:531:67 in function alloc::raw_vec::RawVecInner::current_memory
FV-4b required proofs	Prove persisted metadata validation	2026-08-19T03:08:26.9646281Z 
FV-4b required proofs	Prove persisted metadata validation	2026-08-19T03:08:26.9646470Z Check 202: alloc::raw_vec::RawVecInner::current_memory.pointer_dereference.13
FV-4b required proofs	Prove persisted metadata validation	2026-08-19T03:08:26.9646836Z 	 - Status: SUCCESS
FV-4b required proofs	Prove persisted metadata validation	2026-08-19T03:08:26.9647211Z 	 - Description: "dereference failure: pointer NULL"
FV-4b required proofs	Prove persisted metadata validation	2026-08-19T03:08:26.9648024Z 	 - Location: ../../../.rustup/toolchains/nightly-2025-11-21-x86_64-unknown-linux-gnu/lib/rustlib/src/rust/library/alloc/src/raw_vec/mod.rs:533:23 in function alloc::raw_vec::RawVecInner::current_memory
FV-4b required proofs	Prove persisted metadata validation	2026-08-19T03:08:26.9648721Z 
FV-4b required proofs	Prove persisted metadata validation	2026-08-19T03:08:26.9648912Z Check 203: alloc::raw_vec::RawVecInner::current_memory.pointer_dereference.14
FV-4b required proofs	Prove persisted metadata validation	2026-08-19T03:08:26.9649267Z 	 - Status: SUCCESS
FV-4b required proofs	Prove persisted metadata validation	2026-08-19T03:08:26.9649508Z 	 - Description: "dereference failure: pointer invalid"
FV-4b required proofs	Prove persisted metadata validation	2026-08-19T03:08:26.9650322Z 	 - Location: ../../../.rustup/toolchains/nightly-2025-11-21-x86_64-unknown-linux-gnu/lib/rustlib/src/rust/library/alloc/src/raw_vec/mod.rs:533:23 in function alloc::raw_vec::RawVecInner::current_memory
FV-4b required proofs	Prove persisted metadata validation	2026-08-19T03:08:26.9651013Z 
FV-4b required proofs	Prove persisted metadata validation	2026-08-19T03:08:26.9651203Z Check 204: alloc::raw_vec::RawVecInner::current_memory.pointer_dereference.15
FV-4b required proofs	Prove persisted metadata validation	2026-08-19T03:08:26.9651561Z 	 - Status: SUCCESS
FV-4b required proofs	Prove persisted metadata validation	2026-08-19T03:08:26.9651843Z 	 - Description: "dereference failure: deallocated dynamic object"
FV-4b required proofs	Prove persisted metadata validation	2026-08-19T03:08:26.9652704Z 	 - Location: ../../../.rustup/toolchains/nightly-2025-11-21-x86_64-unknown-linux-gnu/lib/rustlib/src/rust/library/alloc/src/raw_vec/mod.rs:533:23 in function alloc::raw_vec::RawVecInner::current_memory
FV-4b required proofs	Prove persisted metadata validation	2026-08-19T03:08:26.9653407Z 
FV-4b required proofs	Prove persisted metadata validation	2026-08-19T03:08:26.9653592Z Check 205: alloc::raw_vec::RawVecInner::current_memory.pointer_dereference.16
FV-4b required proofs	Prove persisted metadata validation	2026-08-19T03:08:26.9653950Z 	 - Status: SUCCESS
FV-4b required proofs	Prove persisted metadata validation	2026-08-19T03:08:26.9654179Z 	 - Description: "dereference failure: dead object"
FV-4b required proofs	Prove persisted metadata validation	2026-08-19T03:08:26.9654983Z 	 - Location: ../../../.rustup/toolchains/nightly-2025-11-21-x86_64-unknown-linux-gnu/lib/rustlib/src/rust/library/alloc/src/raw_vec/mod.rs:533:23 in function alloc::raw_vec::RawVecInner::current_memory
FV-4b required proofs	Prove persisted metadata validation	2026-08-19T03:08:26.9655683Z 
FV-4b required proofs	Prove persisted metadata validation	2026-08-19T03:08:26.9655995Z Check 206: alloc::raw_vec::RawVecInner::current_memory.pointer_dereference.17
FV-4b required proofs	Prove persisted metadata validation	2026-08-19T03:08:26.9656353Z 	 - Status: SUCCESS
FV-4b required proofs	Prove persisted metadata validation	2026-08-19T03:08:26.9656641Z 	 - Description: "dereference failure: pointer outside object bounds"
FV-4b required proofs	Prove persisted metadata validation	2026-08-19T03:08:26.9657508Z 	 - Location: ../../../.rustup/toolchains/nightly-2025-11-21-x86_64-unknown-linux-gnu/lib/rustlib/src/rust/library/alloc/src/raw_vec/mod.rs:533:23 in function alloc::raw_vec::RawVecInner::current_memory
FV-4b required proofs	Prove persisted metadata validation	2026-08-19T03:08:26.9658333Z 
FV-4b required proofs	Prove persisted metadata validation	2026-08-19T03:08:26.9658526Z Check 207: alloc::raw_vec::RawVecInner::current_memory.pointer_dereference.18
FV-4b required proofs	Prove persisted metadata validation	2026-08-19T03:08:26.9658882Z 	 - Status: SUCCESS
FV-4b required proofs	Prove persisted metadata validation	2026-08-19T03:08:26.9659147Z 	 - Description: "dereference failure: invalid integer address"
FV-4b required proofs	Prove persisted metadata validation	2026-08-19T03:08:26.9659990Z 	 - Location: ../../../.rustup/toolchains/nightly-2025-11-21-x86_64-unknown-linux-gnu/lib/rustlib/src/rust/library/alloc/src/raw_vec/mod.rs:533:23 in function alloc::raw_vec::RawVecInner::current_memory
FV-4b required proofs	Prove persisted metadata validation	2026-08-19T03:08:26.9660690Z 
FV-4b required proofs	Prove persisted metadata validation	2026-08-19T03:08:26.9660873Z Check 208: alloc::raw_vec::RawVecInner::current_memory.pointer_dereference.19
FV-4b required proofs	Prove persisted metadata validation	2026-08-19T03:08:26.9661230Z 	 - Status: SUCCESS
FV-4b required proofs	Prove persisted metadata validation	2026-08-19T03:08:26.9661462Z 	 - Description: "dereference failure: dead object"
FV-4b required proofs	Prove persisted metadata validation	2026-08-19T03:08:26.9662260Z 	 - Location: ../../../.rustup/toolchains/nightly-2025-11-21-x86_64-unknown-linux-gnu/lib/rustlib/src/rust/library/alloc/src/raw_vec/mod.rs:524:13 in function alloc::raw_vec::RawVecInner::current_memory
FV-4b required proofs	Prove persisted metadata validation	2026-08-19T03:08:26.9662963Z 
FV-4b required proofs	Prove persisted metadata validation	2026-08-19T03:08:26.9663148Z Check 209: alloc::raw_vec::RawVecInner::try_allocate_in.pointer_dereference.1
FV-4b required proofs	Prove persisted metadata validation	2026-08-19T03:08:26.9663503Z 	 - Status: SUCCESS
FV-4b required proofs	Prove persisted metadata validation	2026-08-19T03:08:26.9663728Z 	 - Description: "dereference failure: dead object"
FV-4b required proofs	Prove persisted metadata validation	2026-08-19T03:08:26.9664536Z 	 - Location: ../../../.rustup/toolchains/nightly-2025-11-21-x86_64-unknown-linux-gnu/lib/rustlib/src/rust/library/alloc/src/raw_vec/mod.rs:459:34 in function alloc::raw_vec::RawVecInner::try_allocate_in
FV-4b required proofs	Prove persisted metadata validation	2026-08-19T03:08:26.9665248Z 
FV-4b required proofs	Prove persisted metadata validation	2026-08-19T03:08:26.9665446Z Check 210: alloc::raw_vec::RawVecInner::try_allocate_in.pointer_dereference.2
FV-4b required proofs	Prove persisted metadata validation	2026-08-19T03:08:26.9665929Z 	 - Status: SUCCESS
FV-4b required proofs	Prove persisted metadata validation	2026-08-19T03:08:26.9666154Z 	 - Description: "dereference failure: dead object"
FV-4b required proofs	Prove persisted metadata validation	2026-08-19T03:08:26.9667115Z 	 - Location: ../../../.rustup/toolchains/nightly-2025-11-21-x86_64-unknown-linux-gnu/lib/rustlib/src/rust/library/alloc/src/raw_vec/mod.rs:472:25 in function alloc::raw_vec::RawVecInner::try_allocate_in
FV-4b required proofs	Prove persisted metadata validation	2026-08-19T03:08:26.9667818Z 
FV-4b required proofs	Prove persisted metadata validation	2026-08-19T03:08:26.9668002Z Check 211: alloc::raw_vec::RawVecInner::capacity.pointer_dereference.1
FV-4b required proofs	Prove persisted metadata validation	2026-08-19T03:08:26.9668345Z 	 - Status: SUCCESS
FV-4b required proofs	Prove persisted metadata validation	2026-08-19T03:08:26.9668578Z 	 - Description: "dereference failure: pointer NULL"
FV-4b required proofs	Prove persisted metadata validation	2026-08-19T03:08:26.9669386Z 	 - Location: ../../../.rustup/toolchains/nightly-2025-11-21-x86_64-unknown-linux-gnu/lib/rustlib/src/rust/library/alloc/src/raw_vec/mod.rs:509:49 in function alloc::raw_vec::RawVecInner::capacity
FV-4b required proofs	Prove persisted metadata validation	2026-08-19T03:08:26.9670072Z 
FV-4b required proofs	Prove persisted metadata validation	2026-08-19T03:08:26.9670244Z Check 212: alloc::raw_vec::RawVecInner::capacity.pointer_dereference.2
FV-4b required proofs	Prove persisted metadata validation	2026-08-19T03:08:26.9670581Z 	 - Status: SUCCESS
FV-4b required proofs	Prove persisted metadata validation	2026-08-19T03:08:26.9670818Z 	 - Description: "dereference failure: pointer invalid"
FV-4b required proofs	Prove persisted metadata validation	2026-08-19T03:08:26.9671628Z 	 - Location: ../../../.rustup/toolchains/nightly-2025-11-21-x86_64-unknown-linux-gnu/lib/rustlib/src/rust/library/alloc/src/raw_vec/mod.rs:509:49 in function alloc::raw_vec::RawVecInner::capacity
FV-4b required proofs	Prove persisted metadata validation	2026-08-19T03:08:26.9672321Z 
FV-4b required proofs	Prove persisted metadata validation	2026-08-19T03:08:26.9672489Z Check 213: alloc::raw_vec::RawVecInner::capacity.pointer_dereference.3
FV-4b required proofs	Prove persisted metadata validation	2026-08-19T03:08:26.9672830Z 	 - Status: SUCCESS
FV-4b required proofs	Prove persisted metadata validation	2026-08-19T03:08:26.9673104Z 	 - Description: "dereference failure: deallocated dynamic object"
FV-4b required proofs	Prove persisted metadata validation	2026-08-19T03:08:26.9673943Z 	 - Location: ../../../.rustup/toolchains/nightly-2025-11-21-x86_64-unknown-linux-gnu/lib/rustlib/src/rust/library/alloc/src/raw_vec/mod.rs:509:49 in function alloc::raw_vec::RawVecInner::capacity
FV-4b required proofs	Prove persisted metadata validation	2026-08-19T03:08:26.9674626Z 
FV-4b required proofs	Prove persisted metadata validation	2026-08-19T03:08:26.9674797Z Check 214: alloc::raw_vec::RawVecInner::capacity.pointer_dereference.4
FV-4b required proofs	Prove persisted metadata validation	2026-08-19T03:08:26.9675135Z 	 - Status: SUCCESS
FV-4b required proofs	Prove persisted metadata validation	2026-08-19T03:08:26.9675362Z 	 - Description: "dereference failure: dead object"
FV-4b required proofs	Prove persisted metadata validation	2026-08-19T03:08:26.9676267Z 	 - Location: ../../../.rustup/toolchains/nightly-2025-11-21-x86_64-unknown-linux-gnu/lib/rustlib/src/rust/library/alloc/src/raw_vec/mod.rs:509:49 in function alloc::raw_vec::RawVecInner::capacity
FV-4b required proofs	Prove persisted metadata validation	2026-08-19T03:08:26.9677085Z 
FV-4b required proofs	Prove persisted metadata validation	2026-08-19T03:08:26.9677258Z Check 215: alloc::raw_vec::RawVecInner::capacity.pointer_dereference.5
FV-4b required proofs	Prove persisted metadata validation	2026-08-19T03:08:26.9677596Z 	 - Status: SUCCESS
FV-4b required proofs	Prove persisted metadata validation	2026-08-19T03:08:26.9677877Z 	 - Description: "dereference failure: pointer outside object bounds"
FV-4b required proofs	Prove persisted metadata validation	2026-08-19T03:08:26.9678729Z 	 - Location: ../../../.rustup/toolchains/nightly-2025-11-21-x86_64-unknown-linux-gnu/lib/rustlib/src/rust/library/alloc/src/raw_vec/mod.rs:509:49 in function alloc::raw_vec::RawVecInner::capacity
FV-4b required proofs	Prove persisted metadata validation	2026-08-19T03:08:26.9679415Z 
FV-4b required proofs	Prove persisted metadata validation	2026-08-19T03:08:26.9679581Z Check 216: alloc::raw_vec::RawVecInner::capacity.pointer_dereference.6
FV-4b required proofs	Prove persisted metadata validation	2026-08-19T03:08:26.9679923Z 	 - Status: SUCCESS
FV-4b required proofs	Prove persisted metadata validation	2026-08-19T03:08:26.9680186Z 	 - Description: "dereference failure: invalid integer address"
FV-4b required proofs	Prove persisted metadata validation	2026-08-19T03:08:26.9681015Z 	 - Location: ../../../.rustup/toolchains/nightly-2025-11-21-x86_64-unknown-linux-gnu/lib/rustlib/src/rust/library/alloc/src/raw_vec/mod.rs:509:49 in function alloc::raw_vec::RawVecInner::capacity
FV-4b required proofs	Prove persisted metadata validation	2026-08-19T03:08:26.9681705Z 
FV-4b required proofs	Prove persisted metadata validation	2026-08-19T03:08:26.9681885Z Check 217: std::alloc::Layout::from_size_alignment.pointer_dereference.1
FV-4b required proofs	Prove persisted metadata validation	2026-08-19T03:08:26.9682229Z 	 - Status: SUCCESS
FV-4b required proofs	Prove persisted metadata validation	2026-08-19T03:08:26.9682460Z 	 - Description: "dereference failure: dead object"
FV-4b required proofs	Prove persisted metadata validation	2026-08-19T03:08:26.9683270Z 	 - Location: ../../../.rustup/toolchains/nightly-2025-11-21-x86_64-unknown-linux-gnu/lib/rustlib/src/rust/library/core/src/alloc/layout.rs:102:20 in function std::alloc::Layout::from_size_alignment
FV-4b required proofs	Prove persisted metadata validation	2026-08-19T03:08:26.9683967Z 
FV-4b required proofs	Prove persisted metadata validation	2026-08-19T03:08:26.9684248Z Check 218: <std::collections::TryReserveErrorKind as std::clone::Clone>::clone.pointer_dereference.1
FV-4b required proofs	Prove persisted metadata validation	2026-08-19T03:08:26.9684701Z 	 - Status: SUCCESS
FV-4b required proofs	Prove persisted metadata validation	2026-08-19T03:08:26.9684939Z 	 - Description: "dereference failure: pointer NULL"
FV-4b required proofs	Prove persisted metadata validation	2026-08-19T03:08:26.9685983Z 	 - Location: ../../../.rustup/toolchains/nightly-2025-11-21-x86_64-unknown-linux-gnu/lib/rustlib/src/rust/library/alloc/src/collections/mod.rs:93:10 in function <std::collections::TryReserveErrorKind as std::clone::Clone>::clone
FV-4b required proofs	Prove persisted metadata validation	2026-08-19T03:08:26.9686938Z 
FV-4b required proofs	Prove persisted metadata validation	2026-08-19T03:08:26.9687218Z Check 219: <std::collections::TryReserveErrorKind as std::clone::Clone>::clone.pointer_dereference.2
FV-4b required proofs	Prove persisted metadata validation	2026-08-19T03:08:26.9687668Z 	 - Status: SUCCESS
FV-4b required proofs	Prove persisted metadata validation	2026-08-19T03:08:26.9687911Z 	 - Description: "dereference failure: pointer invalid"
FV-4b required proofs	Prove persisted metadata validation	2026-08-19T03:08:26.9688832Z 	 - Location: ../../../.rustup/toolchains/nightly-2025-11-21-x86_64-unknown-linux-gnu/lib/rustlib/src/rust/library/alloc/src/collections/mod.rs:93:10 in function <std::collections::TryReserveErrorKind as std::clone::Clone>::clone
FV-4b required proofs	Prove persisted metadata validation	2026-08-19T03:08:26.9689634Z 
FV-4b required proofs	Prove persisted metadata validation	2026-08-19T03:08:26.9689903Z Check 220: <std::collections::TryReserveErrorKind as std::clone::Clone>::clone.pointer_dereference.3
FV-4b required proofs	Prove persisted metadata validation	2026-08-19T03:08:26.9690348Z 	 - Status: SUCCESS
FV-4b required proofs	Prove persisted metadata validation	2026-08-19T03:08:26.9690626Z 	 - Description: "dereference failure: deallocated dynamic object"
FV-4b required proofs	Prove persisted metadata validation	2026-08-19T03:08:26.9691586Z 	 - Location: ../../../.rustup/toolchains/nightly-2025-11-21-x86_64-unknown-linux-gnu/lib/rustlib/src/rust/library/alloc/src/collections/mod.rs:93:10 in function <std::collections::TryReserveErrorKind as std::clone::Clone>::clone
FV-4b required proofs	Prove persisted metadata validation	2026-08-19T03:08:26.9692385Z 
FV-4b required proofs	Prove persisted metadata validation	2026-08-19T03:08:26.9692651Z Check 221: <std::collections::TryReserveErrorKind as std::clone::Clone>::clone.pointer_dereference.4
FV-4b required proofs	Prove persisted metadata validation	2026-08-19T03:08:26.9693094Z 	 - Status: SUCCESS
FV-4b required proofs	Prove persisted metadata validation	2026-08-19T03:08:26.9693321Z 	 - Description: "dereference failure: dead object"
FV-4b required proofs	Prove persisted metadata validation	2026-08-19T03:08:26.9694234Z 	 - Location: ../../../.rustup/toolchains/nightly-2025-11-21-x86_64-unknown-linux-gnu/lib/rustlib/src/rust/library/alloc/src/collections/mod.rs:93:10 in function <std::collections::TryReserveErrorKind as std::clone::Clone>::clone
FV-4b required proofs	Prove persisted metadata validation	2026-08-19T03:08:26.9695028Z 
FV-4b required proofs	Prove persisted metadata validation	2026-08-19T03:08:26.9695300Z Check 222: <std::collections::TryReserveErrorKind as std::clone::Clone>::clone.pointer_dereference.5
FV-4b required proofs	Prove persisted metadata validation	2026-08-19T03:08:26.9695855Z 	 - Status: SUCCESS
FV-4b required proofs	Prove persisted metadata validation	2026-08-19T03:08:26.9696156Z 	 - Description: "dereference failure: pointer outside object bounds"
FV-4b required proofs	Prove persisted metadata validation	2026-08-19T03:08:26.9697129Z 	 - Location: ../../../.rustup/toolchains/nightly-2025-11-21-x86_64-unknown-linux-gnu/lib/rustlib/src/rust/library/alloc/src/collections/mod.rs:93:10 in function <std::collections::TryReserveErrorKind as std::clone::Clone>::clone
FV-4b required proofs	Prove persisted metadata validation	2026-08-19T03:08:26.9698089Z 
FV-4b required proofs	Prove persisted metadata validation	2026-08-19T03:08:26.9698363Z Check 223: <std::collections::TryReserveErrorKind as std::clone::Clone>::clone.pointer_dereference.6
FV-4b required proofs	Prove persisted metadata validation	2026-08-19T03:08:26.9698809Z 	 - Status: SUCCESS
FV-4b required proofs	Prove persisted metadata validation	2026-08-19T03:08:26.9699078Z 	 - Description: "dereference failure: invalid integer address"
FV-4b required proofs	Prove persisted metadata validation	2026-08-19T03:08:26.9700024Z 	 - Location: ../../../.rustup/toolchains/nightly-2025-11-21-x86_64-unknown-linux-gnu/lib/rustlib/src/rust/library/alloc/src/collections/mod.rs:93:10 in function <std::collections::TryReserveErrorKind as std::clone::Clone>::clone
FV-4b required proofs	Prove persisted metadata validation	2026-08-19T03:08:26.9700825Z 
FV-4b required proofs	Prove persisted metadata validation	2026-08-19T03:08:26.9701094Z Check 224: <std::collections::TryReserveErrorKind as std::clone::Clone>::clone.pointer_dereference.7
FV-4b required proofs	Prove persisted metadata validation	2026-08-19T03:08:26.9701547Z 	 - Status: SUCCESS
FV-4b required proofs	Prove persisted metadata validation	2026-08-19T03:08:26.9701777Z 	 - Description: "dereference failure: dead object"
FV-4b required proofs	Prove persisted metadata validation	2026-08-19T03:08:26.9702724Z 	 - Location: ../../../.rustup/toolchains/nightly-2025-11-21-x86_64-unknown-linux-gnu/lib/rustlib/src/rust/library/alloc/src/collections/mod.rs:93:10 in function <std::collections::TryReserveErrorKind as std::clone::Clone>::clone
FV-4b required proofs	Prove persisted metadata validation	2026-08-19T03:08:26.9703522Z 
FV-4b required proofs	Prove persisted metadata validation	2026-08-19T03:08:26.9703751Z Check 225: std::cmp::impls::<impl std::cmp::PartialEq for &[u8]>::ne.pointer_dereference.1
FV-4b required proofs	Prove persisted metadata validation	2026-08-19T03:08:26.9704150Z 	 - Status: SUCCESS
FV-4b required proofs	Prove persisted metadata validation	2026-08-19T03:08:26.9704386Z 	 - Description: "dereference failure: pointer NULL"
FV-4b required proofs	Prove persisted metadata validation	2026-08-19T03:08:26.9705229Z 	 - Location: ../../../.rustup/toolchains/nightly-2025-11-21-x86_64-unknown-linux-gnu/lib/rustlib/src/rust/library/core/src/cmp.rs:2094:27 in function std::cmp::impls::<impl std::cmp::PartialEq for &[u8]>::ne
FV-4b required proofs	Prove persisted metadata validation	2026-08-19T03:08:26.9706066Z 
FV-4b required proofs	Prove persisted metadata validation	2026-08-19T03:08:26.9706434Z Check 226: std::cmp::impls::<impl std::cmp::PartialEq for &[u8]>::ne.pointer_dereference.2
FV-4b required proofs	Prove persisted metadata validation	2026-08-19T03:08:26.9706830Z 	 - Status: SUCCESS
FV-4b required proofs	Prove persisted metadata validation	2026-08-19T03:08:26.9707070Z 	 - Description: "dereference failure: pointer invalid"
FV-4b required proofs	Prove persisted metadata validation	2026-08-19T03:08:26.9707919Z 	 - Location: ../../../.rustup/toolchains/nightly-2025-11-21-x86_64-unknown-linux-gnu/lib/rustlib/src/rust/library/core/src/cmp.rs:2094:27 in function std::cmp::impls::<impl std::cmp::PartialEq for &[u8]>::ne
FV-4b required proofs	Prove persisted metadata validation	2026-08-19T03:08:26.9708640Z 
FV-4b required proofs	Prove persisted metadata validation	2026-08-19T03:08:26.9708854Z Check 227: std::cmp::impls::<impl std::cmp::PartialEq for &[u8]>::ne.pointer_dereference.3
FV-4b required proofs	Prove persisted metadata validation	2026-08-19T03:08:26.9709242Z 	 - Status: SUCCESS
FV-4b required proofs	Prove persisted metadata validation	2026-08-19T03:08:26.9709519Z 	 - Description: "dereference failure: deallocated dynamic object"
FV-4b required proofs	Prove persisted metadata validation	2026-08-19T03:08:26.9710400Z 	 - Location: ../../../.rustup/toolchains/nightly-2025-11-21-x86_64-unknown-linux-gnu/lib/rustlib/src/rust/library/core/src/cmp.rs:2094:27 in function std::cmp::impls::<impl std::cmp::PartialEq for &[u8]>::ne
FV-4b required proofs	Prove persisted metadata validation	2026-08-19T03:08:26.9711127Z 
FV-4b required proofs	Prove persisted metadata validation	2026-08-19T03:08:26.9711338Z Check 228: std::cmp::impls::<impl std::cmp::PartialEq for &[u8]>::ne.pointer_dereference.4
FV-4b required proofs	Prove persisted metadata validation	2026-08-19T03:08:26.9711728Z 	 - Status: SUCCESS
FV-4b required proofs	Prove persisted metadata validation	2026-08-19T03:08:26.9711958Z 	 - Description: "dereference failure: dead object"
FV-4b required proofs	Prove persisted metadata validation	2026-08-19T03:08:26.9712795Z 	 - Location: ../../../.rustup/toolchains/nightly-2025-11-21-x86_64-unknown-linux-gnu/lib/rustlib/src/rust/library/core/src/cmp.rs:2094:27 in function std::cmp::impls::<impl std::cmp::PartialEq for &[u8]>::ne
FV-4b required proofs	Prove persisted metadata validation	2026-08-19T03:08:26.9713508Z 
FV-4b required proofs	Prove persisted metadata validation	2026-08-19T03:08:26.9713723Z Check 229: std::cmp::impls::<impl std::cmp::PartialEq for &[u8]>::ne.pointer_dereference.5
FV-4b required proofs	Prove persisted metadata validation	2026-08-19T03:08:26.9714111Z 	 - Status: SUCCESS
FV-4b required proofs	Prove persisted metadata validation	2026-08-19T03:08:26.9714396Z 	 - Description: "dereference failure: pointer outside object bounds"
FV-4b required proofs	Prove persisted metadata validation	2026-08-19T03:08:26.9715282Z 	 - Location: ../../../.rustup/toolchains/nightly-2025-11-21-x86_64-unknown-linux-gnu/lib/rustlib/src/rust/library/core/src/cmp.rs:2094:27 in function std::cmp::impls::<impl std::cmp::PartialEq for &[u8]>::ne
FV-4b required proofs	Prove persisted metadata validation	2026-08-19T03:08:26.9716191Z 
FV-4b required proofs	Prove persisted metadata validation	2026-08-19T03:08:26.9716414Z Check 230: std::cmp::impls::<impl std::cmp::PartialEq for &[u8]>::ne.pointer_dereference.6
FV-4b required proofs	Prove persisted metadata validation	2026-08-19T03:08:26.9716808Z 	 - Status: SUCCESS
FV-4b required proofs	Prove persisted metadata validation	2026-08-19T03:08:26.9717211Z 	 - Description: "dereference failure: invalid integer address"
FV-4b required proofs	Prove persisted metadata validation	2026-08-19T03:08:26.9718081Z 	 - Location: ../../../.rustup/toolchains/nightly-2025-11-21-x86_64-unknown-linux-gnu/lib/rustlib/src/rust/library/core/src/cmp.rs:2094:27 in function std::cmp::impls::<impl std::cmp::PartialEq for &[u8]>::ne
FV-4b required proofs	Prove persisted metadata validation	2026-08-19T03:08:26.9718797Z 
FV-4b required proofs	Prove persisted metadata validation	2026-08-19T03:08:26.9719009Z Check 231: std::cmp::impls::<impl std::cmp::PartialEq for &[u8]>::ne.pointer_dereference.7
FV-4b required proofs	Prove persisted metadata validation	2026-08-19T03:08:26.9719394Z 	 - Status: SUCCESS
FV-4b required proofs	Prove persisted metadata validation	2026-08-19T03:08:26.9719631Z 	 - Description: "dereference failure: pointer NULL"
FV-4b required proofs	Prove persisted metadata validation	2026-08-19T03:08:26.9720461Z 	 - Location: ../../../.rustup/toolchains/nightly-2025-11-21-x86_64-unknown-linux-gnu/lib/rustlib/src/rust/library/core/src/cmp.rs:2094:34 in function std::cmp::impls::<impl std::cmp::PartialEq for &[u8]>::ne
FV-4b required proofs	Prove persisted metadata validation	2026-08-19T03:08:26.9721183Z 
FV-4b required proofs	Prove persisted metadata validation	2026-08-19T03:08:26.9721402Z Check 232: std::cmp::impls::<impl std::cmp::PartialEq for &[u8]>::ne.pointer_dereference.8
FV-4b required proofs	Prove persisted metadata validation	2026-08-19T03:08:26.9721802Z 	 - Status: SUCCESS
FV-4b required proofs	Prove persisted metadata validation	2026-08-19T03:08:26.9722049Z 	 - Description: "dereference failure: pointer invalid"
FV-4b required proofs	Prove persisted metadata validation	2026-08-19T03:08:26.9722890Z 	 - Location: ../../../.rustup/toolchains/nightly-2025-11-21-x86_64-unknown-linux-gnu/lib/rustlib/src/rust/library/core/src/cmp.rs:2094:34 in function std::cmp::impls::<impl std::cmp::PartialEq for &[u8]>::ne
FV-4b required proofs	Prove persisted metadata validation	2026-08-19T03:08:26.9723604Z 
FV-4b required proofs	Prove persisted metadata validation	2026-08-19T03:08:26.9723822Z Check 233: std::cmp::impls::<impl std::cmp::PartialEq for &[u8]>::ne.pointer_dereference.9
FV-4b required proofs	Prove persisted metadata validation	2026-08-19T03:08:26.9724213Z 	 - Status: SUCCESS
FV-4b required proofs	Prove persisted metadata validation	2026-08-19T03:08:26.9724490Z 	 - Description: "dereference failure: deallocated dynamic object"
FV-4b required proofs	Prove persisted metadata validation	2026-08-19T03:08:26.9725363Z 	 - Location: ../../../.rustup/toolchains/nightly-2025-11-21-x86_64-unknown-linux-gnu/lib/rustlib/src/rust/library/core/src/cmp.rs:2094:34 in function std::cmp::impls::<impl std::cmp::PartialEq for &[u8]>::ne
FV-4b required proofs	Prove persisted metadata validation	2026-08-19T03:08:26.9726344Z 
FV-4b required proofs	Prove persisted metadata validation	2026-08-19T03:08:26.9726568Z Check 234: std::cmp::impls::<impl std::cmp::PartialEq for &[u8]>::ne.pointer_dereference.10
FV-4b required proofs	Prove persisted metadata validation	2026-08-19T03:08:26.9726972Z 	 - Status: SUCCESS
FV-4b required proofs	Prove persisted metadata validation	2026-08-19T03:08:26.9727200Z 	 - Description: "dereference failure: dead object"
FV-4b required proofs	Prove persisted metadata validation	2026-08-19T03:08:26.9728028Z 	 - Location: ../../../.rustup/toolchains/nightly-2025-11-21-x86_64-unknown-linux-gnu/lib/rustlib/src/rust/library/core/src/cmp.rs:2094:34 in function std::cmp::impls::<impl std::cmp::PartialEq for &[u8]>::ne
FV-4b required proofs	Prove persisted metadata validation	2026-08-19T03:08:26.9728747Z 
FV-4b required proofs	Prove persisted metadata validation	2026-08-19T03:08:26.9728965Z Check 235: std::cmp::impls::<impl std::cmp::PartialEq for &[u8]>::ne.pointer_dereference.11
FV-4b required proofs	Prove persisted metadata validation	2026-08-19T03:08:26.9729361Z 	 - Status: SUCCESS
FV-4b required proofs	Prove persisted metadata validation	2026-08-19T03:08:26.9729643Z 	 - Description: "dereference failure: pointer outside object bounds"
FV-4b required proofs	Prove persisted metadata validation	2026-08-19T03:08:26.9730533Z 	 - Location: ../../../.rustup/toolchains/nightly-2025-11-21-x86_64-unknown-linux-gnu/lib/rustlib/src/rust/library/core/src/cmp.rs:2094:34 in function std::cmp::impls::<impl std::cmp::PartialEq for &[u8]>::ne
FV-4b required proofs	Prove persisted metadata validation	2026-08-19T03:08:26.9731252Z 
FV-4b required proofs	Prove persisted metadata validation	2026-08-19T03:08:26.9731471Z Check 236: std::cmp::impls::<impl std::cmp::PartialEq for &[u8]>::ne.pointer_dereference.12
FV-4b required proofs	Prove persisted metadata validation	2026-08-19T03:08:26.9731869Z 	 - Status: SUCCESS
FV-4b required proofs	Prove persisted metadata validation	2026-08-19T03:08:26.9732133Z 	 - Description: "dereference failure: invalid integer address"
FV-4b required proofs	Prove persisted metadata validation	2026-08-19T03:08:26.9732995Z 	 - Location: ../../../.rustup/toolchains/nightly-2025-11-21-x86_64-unknown-linux-gnu/lib/rustlib/src/rust/library/core/src/cmp.rs:2094:34 in function std::cmp::impls::<impl std::cmp::PartialEq for &[u8]>::ne
FV-4b required proofs	Prove persisted metadata validation	2026-08-19T03:08:26.9733704Z 
FV-4b required proofs	Prove persisted metadata validation	2026-08-19T03:08:26.9733867Z Check 237: std::alloc::Layout::pad_to_align.pointer_dereference.1
FV-4b required proofs	Prove persisted metadata validation	2026-08-19T03:08:26.9734191Z 	 - Status: SUCCESS
FV-4b required proofs	Prove persisted metadata validation	2026-08-19T03:08:26.9734427Z 	 - Description: "dereference failure: pointer NULL"
FV-4b required proofs	Prove persisted metadata validation	2026-08-19T03:08:26.9735230Z 	 - Location: ../../../.rustup/toolchains/nightly-2025-11-21-x86_64-unknown-linux-gnu/lib/rustlib/src/rust/library/core/src/alloc/layout.rs:324:61 in function std::alloc::Layout::pad_to_align
FV-4b required proofs	Prove persisted metadata validation	2026-08-19T03:08:26.9736041Z 
FV-4b required proofs	Prove persisted metadata validation	2026-08-19T03:08:26.9736199Z Check 238: std::alloc::Layout::pad_to_align.pointer_dereference.2
FV-4b required proofs	Prove persisted metadata validation	2026-08-19T03:08:26.9736662Z 	 - Status: SUCCESS
FV-4b required proofs	Prove persisted metadata validation	2026-08-19T03:08:26.9736904Z 	 - Description: "dereference failure: pointer invalid"
FV-4b required proofs	Prove persisted metadata validation	2026-08-19T03:08:26.9737704Z 	 - Location: ../../../.rustup/toolchains/nightly-2025-11-21-x86_64-unknown-linux-gnu/lib/rustlib/src/rust/library/core/src/alloc/layout.rs:324:61 in function std::alloc::Layout::pad_to_align
FV-4b required proofs	Prove persisted metadata validation	2026-08-19T03:08:26.9738387Z 
FV-4b required proofs	Prove persisted metadata validation	2026-08-19T03:08:26.9738541Z Check 239: std::alloc::Layout::pad_to_align.pointer_dereference.3
FV-4b required proofs	Prove persisted metadata validation	2026-08-19T03:08:26.9738861Z 	 - Status: SUCCESS
FV-4b required proofs	Prove persisted metadata validation	2026-08-19T03:08:26.9739137Z 	 - Description: "dereference failure: deallocated dynamic object"
FV-4b required proofs	Prove persisted metadata validation	2026-08-19T03:08:26.9739969Z 	 - Location: ../../../.rustup/toolchains/nightly-2025-11-21-x86_64-unknown-linux-gnu/lib/rustlib/src/rust/library/core/src/alloc/layout.rs:324:61 in function std::alloc::Layout::pad_to_align
FV-4b required proofs	Prove persisted metadata validation	2026-08-19T03:08:26.9740646Z 
FV-4b required proofs	Prove persisted metadata validation	2026-08-19T03:08:26.9740806Z Check 240: std::alloc::Layout::pad_to_align.pointer_dereference.4
FV-4b required proofs	Prove persisted metadata validation	2026-08-19T03:08:26.9741126Z 	 - Status: SUCCESS
FV-4b required proofs	Prove persisted metadata validation	2026-08-19T03:08:26.9741357Z 	 - Description: "dereference failure: dead object"
FV-4b required proofs	Prove persisted metadata validation	2026-08-19T03:08:26.9742148Z 	 - Location: ../../../.rustup/toolchains/nightly-2025-11-21-x86_64-unknown-linux-gnu/lib/rustlib/src/rust/library/core/src/alloc/layout.rs:324:61 in function std::alloc::Layout::pad_to_align
FV-4b required proofs	Prove persisted metadata validation	2026-08-19T03:08:26.9742819Z 
FV-4b required proofs	Prove persisted metadata validation	2026-08-19T03:08:26.9742980Z Check 241: std::alloc::Layout::pad_to_align.pointer_dereference.5
FV-4b required proofs	Prove persisted metadata validation	2026-08-19T03:08:26.9743293Z 	 - Status: SUCCESS
FV-4b required proofs	Prove persisted metadata validation	2026-08-19T03:08:26.9743578Z 	 - Description: "dereference failure: pointer outside object bounds"
FV-4b required proofs	Prove persisted metadata validation	2026-08-19T03:08:26.9744423Z 	 - Location: ../../../.rustup/toolchains/nightly-2025-11-21-x86_64-unknown-linux-gnu/lib/rustlib/src/rust/library/core/src/alloc/layout.rs:324:61 in function std::alloc::Layout::pad_to_align
FV-4b required proofs	Prove persisted metadata validation	2026-08-19T03:08:26.9745244Z 
FV-4b required proofs	Prove persisted metadata validation	2026-08-19T03:08:26.9745397Z Check 242: std::alloc::Layout::pad_to_align.pointer_dereference.6
FV-4b required proofs	Prove persisted metadata validation	2026-08-19T03:08:26.9745834Z 	 - Status: SUCCESS
FV-4b required proofs	Prove persisted metadata validation	2026-08-19T03:08:26.9746105Z 	 - Description: "dereference failure: invalid integer address"
FV-4b required proofs	Prove persisted metadata validation	2026-08-19T03:08:26.9746938Z 	 - Location: ../../../.rustup/toolchains/nightly-2025-11-21-x86_64-unknown-linux-gnu/lib/rustlib/src/rust/library/core/src/alloc/layout.rs:324:61 in function std::alloc::Layout::pad_to_align
FV-4b required proofs	Prove persisted metadata validation	2026-08-19T03:08:26.9747608Z 
FV-4b required proofs	Prove persisted metadata validation	2026-08-19T03:08:26.9748131Z Check 243: std::result::Result::<(std::alloc::Layout, usize), std::alloc::LayoutError>::map::<std::alloc::Layout, {closure@alloc::raw_vec::layout_array::{closure#0}}>.pointer_dereference.1
FV-4b required proofs	Prove persisted metadata validation	2026-08-19T03:08:26.9748812Z 	 - Status: SUCCESS
FV-4b required proofs	Prove persisted metadata validation	2026-08-19T03:08:26.9749036Z 	 - Description: "dereference failure: dead object"
FV-4b required proofs	Prove persisted metadata validation	2026-08-19T03:08:26.9750165Z 	 - Location: ../../../.rustup/toolchains/nightly-2025-11-21-x86_64-unknown-linux-gnu/lib/rustlib/src/rust/library/core/src/result.rs:835:15 in function std::result::Result::<(std::alloc::Layout, usize), std::alloc::LayoutError>::map::<std::alloc::Layout, {closure@alloc::raw_vec::layout_array::{closure#0}}>
FV-4b required proofs	Prove persisted metadata validation	2026-08-19T03:08:26.9751194Z 
FV-4b required proofs	Prove persisted metadata validation	2026-08-19T03:08:26.9751715Z Check 244: std::result::Result::<(std::alloc::Layout, usize), std::alloc::LayoutError>::map::<std::alloc::Layout, {closure@alloc::raw_vec::layout_array::{closure#0}}>.pointer_dereference.2
FV-4b required proofs	Prove persisted metadata validation	2026-08-19T03:08:26.9752397Z 	 - Status: SUCCESS
FV-4b required proofs	Prove persisted metadata validation	2026-08-19T03:08:26.9752618Z 	 - Description: "dereference failure: dead object"
FV-4b required proofs	Prove persisted metadata validation	2026-08-19T03:08:26.9753744Z 	 - Location: ../../../.rustup/toolchains/nightly-2025-11-21-x86_64-unknown-linux-gnu/lib/rustlib/src/rust/library/core/src/result.rs:837:23 in function std::result::Result::<(std::alloc::Layout, usize), std::alloc::LayoutError>::map::<std::alloc::Layout, {closure@alloc::raw_vec::layout_array::{closure#0}}>
FV-4b required proofs	Prove persisted metadata validation	2026-08-19T03:08:26.9754761Z 
FV-4b required proofs	Prove persisted metadata validation	2026-08-19T03:08:26.9754912Z Check 245: std::alloc::Global::alloc_impl.pointer_dereference.1
FV-4b required proofs	Prove persisted metadata validation	2026-08-19T03:08:26.9755232Z 	 - Status: SUCCESS
FV-4b required proofs	Prove persisted metadata validation	2026-08-19T03:08:26.9755453Z 	 - Description: "dereference failure: dead object"
FV-4b required proofs	Prove persisted metadata validation	2026-08-19T03:08:26.9756334Z 	 - Location: ../../../.rustup/toolchains/nightly-2025-11-21-x86_64-unknown-linux-gnu/lib/rustlib/src/rust/library/alloc/src/alloc.rs:191:27 in function std::alloc::Global::alloc_impl
FV-4b required proofs	Prove persisted metadata validation	2026-08-19T03:08:26.9757130Z 
FV-4b required proofs	Prove persisted metadata validation	2026-08-19T03:08:26.9757702Z Check 246: std::result::Result::<std::alloc::Layout, std::alloc::LayoutError>::map_err::<std::collections::TryReserveError, {closure@alloc::raw_vec::layout_array::{closure#1}}>.pointer_dereference.1
FV-4b required proofs	Prove persisted metadata validation	2026-08-19T03:08:26.9758446Z 	 - Status: SUCCESS
FV-4b required proofs	Prove persisted metadata validation	2026-08-19T03:08:26.9758672Z 	 - Description: "dereference failure: dead object"
FV-4b required proofs	Prove persisted metadata validation	2026-08-19T03:08:26.9759844Z 	 - Location: ../../../.rustup/toolchains/nightly-2025-11-21-x86_64-unknown-linux-gnu/lib/rustlib/src/rust/library/core/src/result.rs:966:15 in function std::result::Result::<std::alloc::Layout, std::alloc::LayoutError>::map_err::<std::collections::TryReserveError, {closure@alloc::raw_vec::layout_array::{closure#1}}>
FV-4b required proofs	Prove persisted metadata validation	2026-08-19T03:08:26.9760908Z 
FV-4b required proofs	Prove persisted metadata validation	2026-08-19T03:08:26.9761257Z Check 247: <std::result::Result<std::ptr::NonNull<u8>, std::alloc::AllocError> as std::ops::Try>::branch.pointer_dereference.1
FV-4b required proofs	Prove persisted metadata validation	2026-08-19T03:08:26.9761771Z 	 - Status: SUCCESS
FV-4b required proofs	Prove persisted metadata validation	2026-08-19T03:08:26.9762000Z 	 - Description: "dereference failure: dead object"
FV-4b required proofs	Prove persisted metadata validation	2026-08-19T03:08:26.9762946Z 	 - Location: ../../../.rustup/toolchains/nightly-2025-11-21-x86_64-unknown-linux-gnu/lib/rustlib/src/rust/library/core/src/result.rs:2173:15 in function <std::result::Result<std::ptr::NonNull<u8>, std::alloc::AllocError> as std::ops::Try>::branch
FV-4b required proofs	Prove persisted metadata validation	2026-08-19T03:08:26.9763787Z 
FV-4b required proofs	Prove persisted metadata validation	2026-08-19T03:08:26.9764120Z Check 248: <std::result::Result<std::ptr::NonNull<u8>, std::alloc::AllocError> as std::ops::Try>::branch.pointer_dereference.2
FV-4b required proofs	Prove persisted metadata validation	2026-08-19T03:08:26.9764623Z 	 - Status: SUCCESS
FV-4b required proofs	Prove persisted metadata validation	2026-08-19T03:08:26.9764848Z 	 - Description: "dereference failure: dead object"
FV-4b required proofs	Prove persisted metadata validation	2026-08-19T03:08:26.9765914Z 	 - Location: ../../../.rustup/toolchains/nightly-2025-11-21-x86_64-unknown-linux-gnu/lib/rustlib/src/rust/library/core/src/result.rs:2175:23 in function <std::result::Result<std::ptr::NonNull<u8>, std::alloc::AllocError> as std::ops::Try>::branch
FV-4b required proofs	Prove persisted metadata validation	2026-08-19T03:08:26.9766936Z 
FV-4b required proofs	Prove persisted metadata validation	2026-08-19T03:08:26.9767169Z Check 249: std::cmp::impls::<impl std::cmp::PartialEq for &[u8]>::eq.pointer_dereference.1
FV-4b required proofs	Prove persisted metadata validation	2026-08-19T03:08:26.9767566Z 	 - Status: SUCCESS
FV-4b required proofs	Prove persisted metadata validation	2026-08-19T03:08:26.9767801Z 	 - Description: "dereference failure: pointer NULL"
FV-4b required proofs	Prove persisted metadata validation	2026-08-19T03:08:26.9768638Z 	 - Location: ../../../.rustup/toolchains/nightly-2025-11-21-x86_64-unknown-linux-gnu/lib/rustlib/src/rust/library/core/src/cmp.rs:2090:27 in function std::cmp::impls::<impl std::cmp::PartialEq for &[u8]>::eq
FV-4b required proofs	Prove persisted metadata validation	2026-08-19T03:08:26.9769355Z 
FV-4b required proofs	Prove persisted metadata validation	2026-08-19T03:08:26.9769576Z Check 250: std::cmp::impls::<impl std::cmp::PartialEq for &[u8]>::eq.pointer_dereference.2
FV-4b required proofs	Prove persisted metadata validation	2026-08-19T03:08:26.9769968Z 	 - Status: SUCCESS
FV-4b required proofs	Prove persisted metadata validation	2026-08-19T03:08:26.9770206Z 	 - Description: "dereference failure: pointer invalid"
FV-4b required proofs	Prove persisted metadata validation	2026-08-19T03:08:26.9771039Z 	 - Location: ../../../.rustup/toolchains/nightly-2025-11-21-x86_64-unknown-linux-gnu/lib/rustlib/src/rust/library/core/src/cmp.rs:2090:27 in function std::cmp::impls::<impl std::cmp::PartialEq for &[u8]>::eq
FV-4b required proofs	Prove persisted metadata validation	2026-08-19T03:08:26.9771779Z 
FV-4b required proofs	Prove persisted metadata validation	2026-08-19T03:08:26.9771990Z Check 251: std::cmp::impls::<impl std::cmp::PartialEq for &[u8]>::eq.pointer_dereference.3
FV-4b required proofs	Prove persisted metadata validation	2026-08-19T03:08:26.9772379Z 	 - Status: SUCCESS
FV-4b required proofs	Prove persisted metadata validation	2026-08-19T03:08:26.9772658Z 	 - Description: "dereference failure: deallocated dynamic object"
FV-4b required proofs	Prove persisted metadata validation	2026-08-19T03:08:26.9773531Z 	 - Location: ../../../.rustup/toolchains/nightly-2025-11-21-x86_64-unknown-linux-gnu/lib/rustlib/src/rust/library/core/src/cmp.rs:2090:27 in function std::cmp::impls::<impl std::cmp::PartialEq for &[u8]>::eq
FV-4b required proofs	Prove persisted metadata validation	2026-08-19T03:08:26.9774248Z 
FV-4b required proofs	Prove persisted metadata validation	2026-08-19T03:08:26.9774462Z Check 252: std::cmp::impls::<impl std::cmp::PartialEq for &[u8]>::eq.pointer_dereference.4
FV-4b required proofs	Prove persisted metadata validation	2026-08-19T03:08:26.9774851Z 	 - Status: SUCCESS
FV-4b required proofs	Prove persisted metadata validation	2026-08-19T03:08:26.9775075Z 	 - Description: "dereference failure: dead object"
FV-4b required proofs	Prove persisted metadata validation	2026-08-19T03:08:26.9776037Z 	 - Location: ../../../.rustup/toolchains/nightly-2025-11-21-x86_64-unknown-linux-gnu/lib/rustlib/src/rust/library/core/src/cmp.rs:2090:27 in function std::cmp::impls::<impl std::cmp::PartialEq for &[u8]>::eq
FV-4b required proofs	Prove persisted metadata validation	2026-08-19T03:08:26.9776997Z 
FV-4b required proofs	Prove persisted metadata validation	2026-08-19T03:08:26.9777221Z Check 253: std::cmp::impls::<impl std::cmp::PartialEq for &[u8]>::eq.pointer_dereference.5
FV-4b required proofs	Prove persisted metadata validation	2026-08-19T03:08:26.9777615Z 	 - Status: SUCCESS
FV-4b required proofs	Prove persisted metadata validation	2026-08-19T03:08:26.9777901Z 	 - Description: "dereference failure: pointer outside object bounds"
FV-4b required proofs	Prove persisted metadata validation	2026-08-19T03:08:26.9778794Z 	 - Location: ../../../.rustup/toolchains/nightly-2025-11-21-x86_64-unknown-linux-gnu/lib/rustlib/src/rust/library/core/src/cmp.rs:2090:27 in function std::cmp::impls::<impl std::cmp::PartialEq for &[u8]>::eq
FV-4b required proofs	Prove persisted metadata validation	2026-08-19T03:08:26.9779508Z 
FV-4b required proofs	Prove persisted metadata validation	2026-08-19T03:08:26.9779722Z Check 254: std::cmp::impls::<impl std::cmp::PartialEq for &[u8]>::eq.pointer_dereference.6
FV-4b required proofs	Prove persisted metadata validation	2026-08-19T03:08:26.9780111Z 	 - Status: SUCCESS
FV-4b required proofs	Prove persisted metadata validation	2026-08-19T03:08:26.9780374Z 	 - Description: "dereference failure: invalid integer address"
FV-4b required proofs	Prove persisted metadata validation	2026-08-19T03:08:26.9781245Z 	 - Location: ../../../.rustup/toolchains/nightly-2025-11-21-x86_64-unknown-linux-gnu/lib/rustlib/src/rust/library/core/src/cmp.rs:2090:27 in function std::cmp::impls::<impl std::cmp::PartialEq for &[u8]>::eq
FV-4b required proofs	Prove persisted metadata validation	2026-08-19T03:08:26.9781970Z 
FV-4b required proofs	Prove persisted metadata validation	2026-08-19T03:08:26.9782183Z Check 255: std::cmp::impls::<impl std::cmp::PartialEq for &[u8]>::eq.pointer_dereference.7
FV-4b required proofs	Prove persisted metadata validation	2026-08-19T03:08:26.9782570Z 	 - Status: SUCCESS
FV-4b required proofs	Prove persisted metadata validation	2026-08-19T03:08:26.9782806Z 	 - Description: "dereference failure: pointer NULL"
FV-4b required proofs	Prove persisted metadata validation	2026-08-19T03:08:26.9783638Z 	 - Location: ../../../.rustup/toolchains/nightly-2025-11-21-x86_64-unknown-linux-gnu/lib/rustlib/src/rust/library/core/src/cmp.rs:2090:34 in function std::cmp::impls::<impl std::cmp::PartialEq for &[u8]>::eq
FV-4b required proofs	Prove persisted metadata validation	2026-08-19T03:08:26.9784355Z 
FV-4b required proofs	Prove persisted metadata validation	2026-08-19T03:08:26.9784565Z Check 256: std::cmp::impls::<impl std::cmp::PartialEq for &[u8]>::eq.pointer_dereference.8
FV-4b required proofs	Prove persisted metadata validation	2026-08-19T03:08:26.9784955Z 	 - Status: SUCCESS
FV-4b required proofs	Prove persisted metadata validation	2026-08-19T03:08:26.9785195Z 	 - Description: "dereference failure: pointer invalid"
FV-4b required proofs	Prove persisted metadata validation	2026-08-19T03:08:26.9786297Z 	 - Location: ../../../.rustup/toolchains/nightly-2025-11-21-x86_64-unknown-linux-gnu/lib/rustlib/src/rust/library/core/src/cmp.rs:2090:34 in function std::cmp::impls::<impl std::cmp::PartialEq for &[u8]>::eq
FV-4b required proofs	Prove persisted metadata validation	2026-08-19T03:08:26.9786308Z 
FV-4b required proofs	Prove persisted metadata validation	2026-08-19T03:08:26.9786520Z Check 257: std::cmp::impls::<impl std::cmp::PartialEq for &[u8]>::eq.pointer_dereference.9
FV-4b required proofs	Prove persisted metadata validation	2026-08-19T03:08:26.9786601Z 	 - Status: SUCCESS
FV-4b required proofs	Prove persisted metadata validation	2026-08-19T03:08:26.9786765Z 	 - Description: "dereference failure: deallocated dynamic object"
FV-4b required proofs	Prove persisted metadata validation	2026-08-19T03:08:26.9787384Z 	 - Location: ../../../.rustup/toolchains/nightly-2025-11-21-x86_64-unknown-linux-gnu/lib/rustlib/src/rust/library/core/src/cmp.rs:2090:34 in function std::cmp::impls::<impl std::cmp::PartialEq for &[u8]>::eq
FV-4b required proofs	Prove persisted metadata validation	2026-08-19T03:08:26.9787389Z 
FV-4b required proofs	Prove persisted metadata validation	2026-08-19T03:08:26.9787605Z Check 258: std::cmp::impls::<impl std::cmp::PartialEq for &[u8]>::eq.pointer_dereference.10
FV-4b required proofs	Prove persisted metadata validation	2026-08-19T03:08:26.9787684Z 	 - Status: SUCCESS
FV-4b required proofs	Prove persisted metadata validation	2026-08-19T03:08:26.9787801Z 	 - Description: "dereference failure: dead object"
FV-4b required proofs	Prove persisted metadata validation	2026-08-19T03:08:26.9788421Z 	 - Location: ../../../.rustup/toolchains/nightly-2025-11-21-x86_64-unknown-linux-gnu/lib/rustlib/src/rust/library/core/src/cmp.rs:2090:34 in function std::cmp::impls::<impl std::cmp::PartialEq for &[u8]>::eq
FV-4b required proofs	Prove persisted metadata validation	2026-08-19T03:08:26.9788429Z 
FV-4b required proofs	Prove persisted metadata validation	2026-08-19T03:08:26.9788650Z Check 259: std::cmp::impls::<impl std::cmp::PartialEq for &[u8]>::eq.pointer_dereference.11
FV-4b required proofs	Prove persisted metadata validation	2026-08-19T03:08:26.9788724Z 	 - Status: SUCCESS
FV-4b required proofs	Prove persisted metadata validation	2026-08-19T03:08:26.9788899Z 	 - Description: "dereference failure: pointer outside object bounds"
FV-4b required proofs	Prove persisted metadata validation	2026-08-19T03:08:26.9789515Z 	 - Location: ../../../.rustup/toolchains/nightly-2025-11-21-x86_64-unknown-linux-gnu/lib/rustlib/src/rust/library/core/src/cmp.rs:2090:34 in function std::cmp::impls::<impl std::cmp::PartialEq for &[u8]>::eq
FV-4b required proofs	Prove persisted metadata validation	2026-08-19T03:08:26.9789520Z 
FV-4b required proofs	Prove persisted metadata validation	2026-08-19T03:08:26.9789738Z Check 260: std::cmp::impls::<impl std::cmp::PartialEq for &[u8]>::eq.pointer_dereference.12
FV-4b required proofs	Prove persisted metadata validation	2026-08-19T03:08:26.9789820Z 	 - Status: SUCCESS
FV-4b required proofs	Prove persisted metadata validation	2026-08-19T03:08:26.9789971Z 	 - Description: "dereference failure: invalid integer address"
FV-4b required proofs	Prove persisted metadata validation	2026-08-19T03:08:26.9790588Z 	 - Location: ../../../.rustup/toolchains/nightly-2025-11-21-x86_64-unknown-linux-gnu/lib/rustlib/src/rust/library/core/src/cmp.rs:2090:34 in function std::cmp::impls::<impl std::cmp::PartialEq for &[u8]>::eq
FV-4b required proofs	Prove persisted metadata validation	2026-08-19T03:08:26.9790825Z 
FV-4b required proofs	Prove persisted metadata validation	2026-08-19T03:08:26.9790974Z Check 261: std::vec::Vec::<u8>::set_len.pointer_dereference.1
FV-4b required proofs	Prove persisted metadata validation	2026-08-19T03:08:26.9791054Z 	 - Status: SUCCESS
FV-4b required proofs	Prove persisted metadata validation	2026-08-19T03:08:26.9791174Z 	 - Description: "dereference failure: pointer NULL"
FV-4b required proofs	Prove persisted metadata validation	2026-08-19T03:08:26.9791742Z 	 - Location: ../../../.rustup/toolchains/nightly-2025-11-21-x86_64-unknown-linux-gnu/lib/rustlib/src/rust/library/alloc/src/vec/mod.rs:1945:9 in function std::vec::Vec::<u8>::set_len
FV-4b required proofs	Prove persisted metadata validation	2026-08-19T03:08:26.9791747Z 
FV-4b required proofs	Prove persisted metadata validation	2026-08-19T03:08:26.9791885Z Check 262: std::vec::Vec::<u8>::set_len.pointer_dereference.2
FV-4b required proofs	Prove persisted metadata validation	2026-08-19T03:08:26.9791964Z 	 - Status: SUCCESS
FV-4b required proofs	Prove persisted metadata validation	2026-08-19T03:08:26.9792100Z 	 - Description: "dereference failure: pointer invalid"
FV-4b required proofs	Prove persisted metadata validation	2026-08-19T03:08:26.9792646Z 	 - Location: ../../../.rustup/toolchains/nightly-2025-11-21-x86_64-unknown-linux-gnu/lib/rustlib/src/rust/library/alloc/src/vec/mod.rs:1945:9 in function std::vec::Vec::<u8>::set_len
FV-4b required proofs	Prove persisted metadata validation	2026-08-19T03:08:26.9792654Z 
FV-4b required proofs	Prove persisted metadata validation	2026-08-19T03:08:26.9792795Z Check 263: std::vec::Vec::<u8>::set_len.pointer_dereference.3
FV-4b required proofs	Prove persisted metadata validation	2026-08-19T03:08:26.9792869Z 	 - Status: SUCCESS
FV-4b required proofs	Prove persisted metadata validation	2026-08-19T03:08:26.9793037Z 	 - Description: "dereference failure: deallocated dynamic object"
FV-4b required proofs	Prove persisted metadata validation	2026-08-19T03:08:26.9793579Z 	 - Location: ../../../.rustup/toolchains/nightly-2025-11-21-x86_64-unknown-linux-gnu/lib/rustlib/src/rust/library/alloc/src/vec/mod.rs:1945:9 in function std::vec::Vec::<u8>::set_len
FV-4b required proofs	Prove persisted metadata validation	2026-08-19T03:08:26.9793583Z 
FV-4b required proofs	Prove persisted metadata validation	2026-08-19T03:08:26.9793723Z Check 264: std::vec::Vec::<u8>::set_len.pointer_dereference.4
FV-4b required proofs	Prove persisted metadata validation	2026-08-19T03:08:26.9793796Z 	 - Status: SUCCESS
FV-4b required proofs	Prove persisted metadata validation	2026-08-19T03:08:26.9793917Z 	 - Description: "dereference failure: dead object"
FV-4b required proofs	Prove persisted metadata validation	2026-08-19T03:08:26.9794645Z 	 - Location: ../../../.rustup/toolchains/nightly-2025-11-21-x86_64-unknown-linux-gnu/lib/rustlib/src/rust/library/alloc/src/vec/mod.rs:1945:9 in function std::vec::Vec::<u8>::set_len
FV-4b required proofs	Prove persisted metadata validation	2026-08-19T03:08:26.9794653Z 
FV-4b required proofs	Prove persisted metadata validation	2026-08-19T03:08:26.9794790Z Check 265: std::vec::Vec::<u8>::set_len.pointer_dereference.5
FV-4b required proofs	Prove persisted metadata validation	2026-08-19T03:08:26.9794870Z 	 - Status: SUCCESS
FV-4b required proofs	Prove persisted metadata validation	2026-08-19T03:08:26.9795040Z 	 - Description: "dereference failure: pointer outside object bounds"
FV-4b required proofs	Prove persisted metadata validation	2026-08-19T03:08:26.9795585Z 	 - Location: ../../../.rustup/toolchains/nightly-2025-11-21-x86_64-unknown-linux-gnu/lib/rustlib/src/rust/library/alloc/src/vec/mod.rs:1945:9 in function std::vec::Vec::<u8>::set_len
FV-4b required proofs	Prove persisted metadata validation	2026-08-19T03:08:26.9795590Z 
FV-4b required proofs	Prove persisted metadata validation	2026-08-19T03:08:26.9795927Z Check 266: std::vec::Vec::<u8>::set_len.pointer_dereference.6
FV-4b required proofs	Prove persisted metadata validation	2026-08-19T03:08:26.9796013Z 	 - Status: SUCCESS
FV-4b required proofs	Prove persisted metadata validation	2026-08-19T03:08:26.9796162Z 	 - Description: "dereference failure: invalid integer address"
FV-4b required proofs	Prove persisted metadata validation	2026-08-19T03:08:26.9796704Z 	 - Location: ../../../.rustup/toolchains/nightly-2025-11-21-x86_64-unknown-linux-gnu/lib/rustlib/src/rust/library/alloc/src/vec/mod.rs:1945:9 in function std::vec::Vec::<u8>::set_len
FV-4b required proofs	Prove persisted metadata validation	2026-08-19T03:08:26.9796713Z 
FV-4b required proofs	Prove persisted metadata validation	2026-08-19T03:08:26.9796984Z Check 267: <std::result::Result<(), EdisonError> as std::cmp::PartialEq>::eq.pointer_dereference.1
FV-4b required proofs	Prove persisted metadata validation	2026-08-19T03:08:26.9797082Z 	 - Status: SUCCESS
FV-4b required proofs	Prove persisted metadata validation	2026-08-19T03:08:26.9797212Z 	 - Description: "dereference failure: pointer NULL"
FV-4b required proofs	Prove persisted metadata validation	2026-08-19T03:08:26.9797874Z 	 - Location: ../../../.rustup/toolchains/nightly-2025-11-21-x86_64-unknown-linux-gnu/lib/rustlib/src/rust/library/core/src/result.rs:553:16 in function <std::result::Result<(), EdisonError> as std::cmp::PartialEq>::eq
FV-4b required proofs	Prove persisted metadata validation	2026-08-19T03:08:26.9797880Z 
FV-4b required proofs	Prove persisted metadata validation	2026-08-19T03:08:26.9798132Z Check 268: <std::result::Result<(), EdisonError> as std::cmp::PartialEq>::eq.pointer_dereference.2
FV-4b required proofs	Prove persisted metadata validation	2026-08-19T03:08:26.9798218Z 	 - Status: SUCCESS
FV-4b required proofs	Prove persisted metadata validation	2026-08-19T03:08:26.9798342Z 	 - Description: "dereference failure: pointer invalid"
FV-4b required proofs	Prove persisted metadata validation	2026-08-19T03:08:26.9799001Z 	 - Location: ../../../.rustup/toolchains/nightly-2025-11-21-x86_64-unknown-linux-gnu/lib/rustlib/src/rust/library/core/src/result.rs:553:16 in function <std::result::Result<(), EdisonError> as std::cmp::PartialEq>::eq
FV-4b required proofs	Prove persisted metadata validation	2026-08-19T03:08:26.9799009Z 
FV-4b required proofs	Prove persisted metadata validation	2026-08-19T03:08:26.9799394Z Check 269: <std::result::Result<(), EdisonError> as std::cmp::PartialEq>::eq.pointer_dereference.3
FV-4b required proofs	Prove persisted metadata validation	2026-08-19T03:08:26.9799475Z 	 - Status: SUCCESS
FV-4b required proofs	Prove persisted metadata validation	2026-08-19T03:08:26.9799637Z 	 - Description: "dereference failure: deallocated dynamic object"
FV-4b required proofs	Prove persisted metadata validation	2026-08-19T03:08:26.9800289Z 	 - Location: ../../../.rustup/toolchains/nightly-2025-11-21-x86_64-unknown-linux-gnu/lib/rustlib/src/rust/library/core/src/result.rs:553:16 in function <std::result::Result<(), EdisonError> as std::cmp::PartialEq>::eq
FV-4b required proofs	Prove persisted metadata validation	2026-08-19T03:08:26.9800294Z 
FV-4b required proofs	Prove persisted metadata validation	2026-08-19T03:08:26.9800536Z Check 270: <std::result::Result<(), EdisonError> as std::cmp::PartialEq>::eq.pointer_dereference.4
FV-4b required proofs	Prove persisted metadata validation	2026-08-19T03:08:26.9800613Z 	 - Status: SUCCESS
FV-4b required proofs	Prove persisted metadata validation	2026-08-19T03:08:26.9800731Z 	 - Description: "dereference failure: dead object"
FV-4b required proofs	Prove persisted metadata validation	2026-08-19T03:08:26.9801378Z 	 - Location: ../../../.rustup/toolchains/nightly-2025-11-21-x86_64-unknown-linux-gnu/lib/rustlib/src/rust/library/core/src/result.rs:553:16 in function <std::result::Result<(), EdisonError> as std::cmp::PartialEq>::eq
FV-4b required proofs	Prove persisted metadata validation	2026-08-19T03:08:26.9801386Z 
FV-4b required proofs	Prove persisted metadata validation	2026-08-19T03:08:26.9801628Z Check 271: <std::result::Result<(), EdisonError> as std::cmp::PartialEq>::eq.pointer_dereference.5
FV-4b required proofs	Prove persisted metadata validation	2026-08-19T03:08:26.9801701Z 	 - Status: SUCCESS
FV-4b required proofs	Prove persisted metadata validation	2026-08-19T03:08:26.9801883Z 	 - Description: "dereference failure: pointer outside object bounds"
FV-4b required proofs	Prove persisted metadata validation	2026-08-19T03:08:26.9802564Z 	 - Location: ../../../.rustup/toolchains/nightly-2025-11-21-x86_64-unknown-linux-gnu/lib/rustlib/src/rust/library/core/src/result.rs:553:16 in function <std::result::Result<(), EdisonError> as std::cmp::PartialEq>::eq
FV-4b required proofs	Prove persisted metadata validation	2026-08-19T03:08:26.9802574Z 
FV-4b required proofs	Prove persisted metadata validation	2026-08-19T03:08:26.9802813Z Check 272: <std::result::Result<(), EdisonError> as std::cmp::PartialEq>::eq.pointer_dereference.6
FV-4b required proofs	Prove persisted metadata validation	2026-08-19T03:08:26.9802889Z 	 - Status: SUCCESS
FV-4b required proofs	Prove persisted metadata validation	2026-08-19T03:08:26.9803167Z 	 - Description: "dereference failure: invalid integer address"
FV-4b required proofs	Prove persisted metadata validation	2026-08-19T03:08:26.9803817Z 	 - Location: ../../../.rustup/toolchains/nightly-2025-11-21-x86_64-unknown-linux-gnu/lib/rustlib/src/rust/library/core/src/result.rs:553:16 in function <std::result::Result<(), EdisonError> as std::cmp::PartialEq>::eq
FV-4b required proofs	Prove persisted metadata validation	2026-08-19T03:08:26.9803825Z 
FV-4b required proofs	Prove persisted metadata validation	2026-08-19T03:08:26.9804064Z Check 273: <std::result::Result<(), EdisonError> as std::cmp::PartialEq>::eq.pointer_dereference.7
FV-4b required proofs	Prove persisted metadata validation	2026-08-19T03:08:26.9804143Z 	 - Status: SUCCESS
FV-4b required proofs	Prove persisted metadata validation	2026-08-19T03:08:26.9804260Z 	 - Description: "dereference failure: pointer NULL"
FV-4b required proofs	Prove persisted metadata validation	2026-08-19T03:08:26.9804908Z 	 - Location: ../../../.rustup/toolchains/nightly-2025-11-21-x86_64-unknown-linux-gnu/lib/rustlib/src/rust/library/core/src/result.rs:553:16 in function <std::result::Result<(), EdisonError> as std::cmp::PartialEq>::eq
FV-4b required proofs	Prove persisted metadata validation	2026-08-19T03:08:26.9804913Z 
FV-4b required proofs	Prove persisted metadata validation	2026-08-19T03:08:26.9805158Z Check 274: <std::result::Result<(), EdisonError> as std::cmp::PartialEq>::eq.pointer_dereference.8
FV-4b required proofs	Prove persisted metadata validation	2026-08-19T03:08:26.9805236Z 	 - Status: SUCCESS
FV-4b required proofs	Prove persisted metadata validation	2026-08-19T03:08:26.9805363Z 	 - Description: "dereference failure: pointer invalid"
FV-4b required proofs	Prove persisted metadata validation	2026-08-19T03:08:26.9806620Z 	 - Location: ../../../.rustup/toolchains/nightly-2025-11-21-x86_64-unknown-linux-gnu/lib/rustlib/src/rust/library/core/src/result.rs:553:16 in function <std::result::Result<(), EdisonError> as std::cmp::PartialEq>::eq
FV-4b required proofs	Prove persisted metadata validation	2026-08-19T03:08:26.9806673Z 
FV-4b required proofs	Prove persisted metadata validation	2026-08-19T03:08:26.9806965Z Check 275: <std::result::Result<(), EdisonError> as std::cmp::PartialEq>::eq.pointer_dereference.9
FV-4b required proofs	Prove persisted metadata validation	2026-08-19T03:08:26.9807047Z 	 - Status: SUCCESS
FV-4b required proofs	Prove persisted metadata validation	2026-08-19T03:08:26.9807225Z 	 - Description: "dereference failure: deallocated dynamic object"
FV-4b required proofs	Prove persisted metadata validation	2026-08-19T03:08:26.9807901Z 	 - Location: ../../../.rustup/toolchains/nightly-2025-11-21-x86_64-unknown-linux-gnu/lib/rustlib/src/rust/library/core/src/result.rs:553:16 in function <std::result::Result<(), EdisonError> as std::cmp::PartialEq>::eq
FV-4b required proofs	Prove persisted metadata validation	2026-08-19T03:08:26.9807906Z 
FV-4b required proofs	Prove persisted metadata validation	2026-08-19T03:08:26.9808163Z Check 276: <std::result::Result<(), EdisonError> as std::cmp::PartialEq>::eq.pointer_dereference.10
FV-4b required proofs	Prove persisted metadata validation	2026-08-19T03:08:26.9808250Z 	 - Status: SUCCESS
FV-4b required proofs	Prove persisted metadata validation	2026-08-19T03:08:26.9808371Z 	 - Description: "dereference failure: dead object"
FV-4b required proofs	Prove persisted metadata validation	2026-08-19T03:08:26.9809240Z 	 - Location: ../../../.rustup/toolchains/nightly-2025-11-21-x86_64-unknown-linux-gnu/lib/rustlib/src/rust/library/core/src/result.rs:553:16 in function <std::result::Result<(), EdisonError> as std::cmp::PartialEq>::eq
FV-4b required proofs	Prove persisted metadata validation	2026-08-19T03:08:26.9809246Z 
FV-4b required proofs	Prove persisted metadata validation	2026-08-19T03:08:26.9809497Z Check 277: <std::result::Result<(), EdisonError> as std::cmp::PartialEq>::eq.pointer_dereference.11
FV-4b required proofs	Prove persisted metadata validation	2026-08-19T03:08:26.9809572Z 	 - Status: SUCCESS
FV-4b required proofs	Prove persisted metadata validation	2026-08-19T03:08:26.9809751Z 	 - Description: "dereference failure: pointer outside object bounds"
FV-4b required proofs	Prove persisted metadata validation	2026-08-19T03:08:26.9810396Z 	 - Location: ../../../.rustup/toolchains/nightly-2025-11-21-x86_64-unknown-linux-gnu/lib/rustlib/src/rust/library/core/src/result.rs:553:16 in function <std::result::Result<(), EdisonError> as std::cmp::PartialEq>::eq
FV-4b required proofs	Prove persisted metadata validation	2026-08-19T03:08:26.9810401Z 
FV-4b required proofs	Prove persisted metadata validation	2026-08-19T03:08:26.9810652Z Check 278: <std::result::Result<(), EdisonError> as std::cmp::PartialEq>::eq.pointer_dereference.12
FV-4b required proofs	Prove persisted metadata validation	2026-08-19T03:08:26.9810727Z 	 - Status: SUCCESS
FV-4b required proofs	Prove persisted metadata validation	2026-08-19T03:08:26.9810890Z 	 - Description: "dereference failure: invalid integer address"
FV-4b required proofs	Prove persisted metadata validation	2026-08-19T03:08:26.9811546Z 	 - Location: ../../../.rustup/toolchains/nightly-2025-11-21-x86_64-unknown-linux-gnu/lib/rustlib/src/rust/library/core/src/result.rs:553:16 in function <std::result::Result<(), EdisonError> as std::cmp::PartialEq>::eq
FV-4b required proofs	Prove persisted metadata validation	2026-08-19T03:08:26.9811559Z 
FV-4b required proofs	Prove persisted metadata validation	2026-08-19T03:08:26.9811812Z Check 279: <std::result::Result<(), EdisonError> as std::cmp::PartialEq>::eq.pointer_dereference.13
FV-4b required proofs	Prove persisted metadata validation	2026-08-19T03:08:26.9811892Z 	 - Status: SUCCESS
FV-4b required proofs	Prove persisted metadata validation	2026-08-19T03:08:26.9812015Z 	 - Description: "dereference failure: pointer NULL"
FV-4b required proofs	Prove persisted metadata validation	2026-08-19T03:08:26.9812669Z 	 - Location: ../../../.rustup/toolchains/nightly-2025-11-21-x86_64-unknown-linux-gnu/lib/rustlib/src/rust/library/core/src/result.rs:553:16 in function <std::result::Result<(), EdisonError> as std::cmp::PartialEq>::eq
FV-4b required proofs	Prove persisted metadata validation	2026-08-19T03:08:26.9812808Z 
FV-4b required proofs	Prove persisted metadata validation	2026-08-19T03:08:26.9813053Z Check 280: <std::result::Result<(), EdisonError> as std::cmp::PartialEq>::eq.pointer_dereference.14
FV-4b required proofs	Prove persisted metadata validation	2026-08-19T03:08:26.9813140Z 	 - Status: SUCCESS
FV-4b required proofs	Prove persisted metadata validation	2026-08-19T03:08:26.9813267Z 	 - Description: "dereference failure: pointer invalid"
FV-4b required proofs	Prove persisted metadata validation	2026-08-19T03:08:26.9813917Z 	 - Location: ../../../.rustup/toolchains/nightly-2025-11-21-x86_64-unknown-linux-gnu/lib/rustlib/src/rust/library/core/src/result.rs:553:16 in function <std::result::Result<(), EdisonError> as std::cmp::PartialEq>::eq
FV-4b required proofs	Prove persisted metadata validation	2026-08-19T03:08:26.9813922Z 
FV-4b required proofs	Prove persisted metadata validation	2026-08-19T03:08:26.9814166Z Check 281: <std::result::Result<(), EdisonError> as std::cmp::PartialEq>::eq.pointer_dereference.15
FV-4b required proofs	Prove persisted metadata validation	2026-08-19T03:08:26.9814242Z 	 - Status: SUCCESS
FV-4b required proofs	Prove persisted metadata validation	2026-08-19T03:08:26.9814410Z 	 - Description: "dereference failure: deallocated dynamic object"
FV-4b required proofs	Prove persisted metadata validation	2026-08-19T03:08:26.9815052Z 	 - Location: ../../../.rustup/toolchains/nightly-2025-11-21-x86_64-unknown-linux-gnu/lib/rustlib/src/rust/library/core/src/result.rs:553:16 in function <std::result::Result<(), EdisonError> as std::cmp::PartialEq>::eq
FV-4b required proofs	Prove persisted metadata validation	2026-08-19T03:08:26.9815061Z 
FV-4b required proofs	Prove persisted metadata validation	2026-08-19T03:08:26.9815310Z Check 282: <std::result::Result<(), EdisonError> as std::cmp::PartialEq>::eq.pointer_dereference.16
FV-4b required proofs	Prove persisted metadata validation	2026-08-19T03:08:26.9815388Z 	 - Status: SUCCESS
FV-4b required proofs	Prove persisted metadata validation	2026-08-19T03:08:26.9815510Z 	 - Description: "dereference failure: dead object"
FV-4b required proofs	Prove persisted metadata validation	2026-08-19T03:08:26.9818695Z 	 - Location: ../../../.rustup/toolchains/nightly-2025-11-21-x86_64-unknown-linux-gnu/lib/rustlib/src/rust/library/core/src/result.rs:553:16 in function <std::result::Result<(), EdisonError> as std::cmp::PartialEq>::eq
FV-4b required proofs	Prove persisted metadata validation	2026-08-19T03:08:26.9818705Z 
FV-4b required proofs	Prove persisted metadata validation	2026-08-19T03:08:26.9818981Z Check 283: <std::result::Result<(), EdisonError> as std::cmp::PartialEq>::eq.pointer_dereference.17
FV-4b required proofs	Prove persisted metadata validation	2026-08-19T03:08:26.9819069Z 	 - Status: SUCCESS
FV-4b required proofs	Prove persisted metadata validation	2026-08-19T03:08:26.9819250Z 	 - Description: "dereference failure: pointer outside object bounds"
FV-4b required proofs	Prove persisted metadata validation	2026-08-19T03:08:26.9819928Z 	 - Location: ../../../.rustup/toolchains/nightly-2025-11-21-x86_64-unknown-linux-gnu/lib/rustlib/src/rust/library/core/src/result.rs:553:16 in function <std::result::Result<(), EdisonError> as std::cmp::PartialEq>::eq
FV-4b required proofs	Prove persisted metadata validation	2026-08-19T03:08:26.9819940Z 
FV-4b required proofs	Prove persisted metadata validation	2026-08-19T03:08:26.9820347Z Check 284: <std::result::Result<(), EdisonError> as std::cmp::PartialEq>::eq.pointer_dereference.18
FV-4b required proofs	Prove persisted metadata validation	2026-08-19T03:08:26.9820430Z 	 - Status: SUCCESS
FV-4b required proofs	Prove persisted metadata validation	2026-08-19T03:08:26.9820594Z 	 - Description: "dereference failure: invalid integer address"
FV-4b required proofs	Prove persisted metadata validation	2026-08-19T03:08:26.9821248Z 	 - Location: ../../../.rustup/toolchains/nightly-2025-11-21-x86_64-unknown-linux-gnu/lib/rustlib/src/rust/library/core/src/result.rs:553:16 in function <std::result::Result<(), EdisonError> as std::cmp::PartialEq>::eq
FV-4b required proofs	Prove persisted metadata validation	2026-08-19T03:08:26.9821253Z 
FV-4b required proofs	Prove persisted metadata validation	2026-08-19T03:08:26.9821508Z Check 285: <std::result::Result<(), EdisonError> as std::cmp::PartialEq>::eq.pointer_dereference.19
FV-4b required proofs	Prove persisted metadata validation	2026-08-19T03:08:26.9821586Z 	 - Status: SUCCESS
FV-4b required proofs	Prove persisted metadata validation	2026-08-19T03:08:26.9821732Z 	 - Description: "dereference failure: pointer NULL"
FV-4b required proofs	Prove persisted metadata validation	2026-08-19T03:08:26.9822400Z 	 - Location: ../../../.rustup/toolchains/nightly-2025-11-21-x86_64-unknown-linux-gnu/lib/rustlib/src/rust/library/core/src/result.rs:553:16 in function <std::result::Result<(), EdisonError> as std::cmp::PartialEq>::eq
FV-4b required proofs	Prove persisted metadata validation	2026-08-19T03:08:26.9822415Z 
FV-4b required proofs	Prove persisted metadata validation	2026-08-19T03:08:26.9822662Z Check 286: <std::result::Result<(), EdisonError> as std::cmp::PartialEq>::eq.pointer_dereference.20
FV-4b required proofs	Prove persisted metadata validation	2026-08-19T03:08:26.9822743Z 	 - Status: SUCCESS
FV-4b required proofs	Prove persisted metadata validation	2026-08-19T03:08:26.9822873Z 	 - Description: "dereference failure: pointer invalid"
FV-4b required proofs	Prove persisted metadata validation	2026-08-19T03:08:26.9823530Z 	 - Location: ../../../.rustup/toolchains/nightly-2025-11-21-x86_64-unknown-linux-gnu/lib/rustlib/src/rust/library/core/src/result.rs:553:16 in function <std::result::Result<(), EdisonError> as std::cmp::PartialEq>::eq
FV-4b required proofs	Prove persisted metadata validation	2026-08-19T03:08:26.9823535Z 
FV-4b required proofs	Prove persisted metadata validation	2026-08-19T03:08:26.9823775Z Check 287: <std::result::Result<(), EdisonError> as std::cmp::PartialEq>::eq.pointer_dereference.21
FV-4b required proofs	Prove persisted metadata validation	2026-08-19T03:08:26.9823856Z 	 - Status: SUCCESS
FV-4b required proofs	Prove persisted metadata validation	2026-08-19T03:08:26.9824021Z 	 - Description: "dereference failure: deallocated dynamic object"
FV-4b required proofs	Prove persisted metadata validation	2026-08-19T03:08:26.9824809Z 	 - Location: ../../../.rustup/toolchains/nightly-2025-11-21-x86_64-unknown-linux-gnu/lib/rustlib/src/rust/library/core/src/result.rs:553:16 in function <std::result::Result<(), EdisonError> as std::cmp::PartialEq>::eq
FV-4b required proofs	Prove persisted metadata validation	2026-08-19T03:08:26.9824818Z 
FV-4b required proofs	Prove persisted metadata validation	2026-08-19T03:08:26.9825068Z Check 288: <std::result::Result<(), EdisonError> as std::cmp::PartialEq>::eq.pointer_dereference.22
FV-4b required proofs	Prove persisted metadata validation	2026-08-19T03:08:26.9825143Z 	 - Status: SUCCESS
FV-4b required proofs	Prove persisted metadata validation	2026-08-19T03:08:26.9825269Z 	 - Description: "dereference failure: dead object"
FV-4b required proofs	Prove persisted metadata validation	2026-08-19T03:08:26.9826189Z 	 - Location: ../../../.rustup/toolchains/nightly-2025-11-21-x86_64-unknown-linux-gnu/lib/rustlib/src/rust/library/core/src/result.rs:553:16 in function <std::result::Result<(), EdisonError> as std::cmp::PartialEq>::eq
FV-4b required proofs	Prove persisted metadata validation	2026-08-19T03:08:26.9826197Z 
FV-4b required proofs	Prove persisted metadata validation	2026-08-19T03:08:26.9826452Z Check 289: <std::result::Result<(), EdisonError> as std::cmp::PartialEq>::eq.pointer_dereference.23
FV-4b required proofs	Prove persisted metadata validation	2026-08-19T03:08:26.9826534Z 	 - Status: SUCCESS
FV-4b required proofs	Prove persisted metadata validation	2026-08-19T03:08:26.9826715Z 	 - Description: "dereference failure: pointer outside object bounds"
FV-4b required proofs	Prove persisted metadata validation	2026-08-19T03:08:26.9827382Z 	 - Location: ../../../.rustup/toolchains/nightly-2025-11-21-x86_64-unknown-linux-gnu/lib/rustlib/src/rust/library/core/src/result.rs:553:16 in function <std::result::Result<(), EdisonError> as std::cmp::PartialEq>::eq
FV-4b required proofs	Prove persisted metadata validation	2026-08-19T03:08:26.9827392Z 
FV-4b required proofs	Prove persisted metadata validation	2026-08-19T03:08:26.9827636Z Check 290: <std::result::Result<(), EdisonError> as std::cmp::PartialEq>::eq.pointer_dereference.24
FV-4b required proofs	Prove persisted metadata validation	2026-08-19T03:08:26.9827717Z 	 - Status: SUCCESS
FV-4b required proofs	Prove persisted metadata validation	2026-08-19T03:08:26.9827867Z 	 - Description: "dereference failure: invalid integer address"
FV-4b required proofs	Prove persisted metadata validation	2026-08-19T03:08:26.9828520Z 	 - Location: ../../../.rustup/toolchains/nightly-2025-11-21-x86_64-unknown-linux-gnu/lib/rustlib/src/rust/library/core/src/result.rs:553:16 in function <std::result::Result<(), EdisonError> as std::cmp::PartialEq>::eq
FV-4b required proofs	Prove persisted metadata validation	2026-08-19T03:08:26.9828525Z 
FV-4b required proofs	Prove persisted metadata validation	2026-08-19T03:08:26.9828766Z Check 291: <std::result::Result<(), EdisonError> as std::cmp::PartialEq>::eq.pointer_dereference.25
FV-4b required proofs	Prove persisted metadata validation	2026-08-19T03:08:26.9828850Z 	 - Status: SUCCESS
FV-4b required proofs	Prove persisted metadata validation	2026-08-19T03:08:26.9828976Z 	 - Description: "dereference failure: pointer NULL"
FV-4b required proofs	Prove persisted metadata validation	2026-08-19T03:08:26.9829621Z 	 - Location: ../../../.rustup/toolchains/nightly-2025-11-21-x86_64-unknown-linux-gnu/lib/rustlib/src/rust/library/core/src/result.rs:553:16 in function <std::result::Result<(), EdisonError> as std::cmp::PartialEq>::eq
FV-4b required proofs	Prove persisted metadata validation	2026-08-19T03:08:26.9829773Z 
FV-4b required proofs	Prove persisted metadata validation	2026-08-19T03:08:26.9830024Z Check 292: <std::result::Result<(), EdisonError> as std::cmp::PartialEq>::eq.pointer_dereference.26
FV-4b required proofs	Prove persisted metadata validation	2026-08-19T03:08:26.9830104Z 	 - Status: SUCCESS
FV-4b required proofs	Prove persisted metadata validation	2026-08-19T03:08:26.9830233Z 	 - Description: "dereference failure: pointer invalid"
FV-4b required proofs	Prove persisted metadata validation	2026-08-19T03:08:26.9830875Z 	 - Location: ../../../.rustup/toolchains/nightly-2025-11-21-x86_64-unknown-linux-gnu/lib/rustlib/src/rust/library/core/src/result.rs:553:16 in function <std::result::Result<(), EdisonError> as std::cmp::PartialEq>::eq
FV-4b required proofs	Prove persisted metadata validation	2026-08-19T03:08:26.9830885Z 
FV-4b required proofs	Prove persisted metadata validation	2026-08-19T03:08:26.9831132Z Check 293: <std::result::Result<(), EdisonError> as std::cmp::PartialEq>::eq.pointer_dereference.27
FV-4b required proofs	Prove persisted metadata validation	2026-08-19T03:08:26.9831215Z 	 - Status: SUCCESS
FV-4b required proofs	Prove persisted metadata validation	2026-08-19T03:08:26.9831374Z 	 - Description: "dereference failure: deallocated dynamic object"
FV-4b required proofs	Prove persisted metadata validation	2026-08-19T03:08:26.9832026Z 	 - Location: ../../../.rustup/toolchains/nightly-2025-11-21-x86_64-unknown-linux-gnu/lib/rustlib/src/rust/library/core/src/result.rs:553:16 in function <std::result::Result<(), EdisonError> as std::cmp::PartialEq>::eq
FV-4b required proofs	Prove persisted metadata validation	2026-08-19T03:08:26.9832031Z 
FV-4b required proofs	Prove persisted metadata validation	2026-08-19T03:08:26.9832274Z Check 294: <std::result::Result<(), EdisonError> as std::cmp::PartialEq>::eq.pointer_dereference.28
FV-4b required proofs	Prove persisted metadata validation	2026-08-19T03:08:26.9832356Z 	 - Status: SUCCESS
FV-4b required proofs	Prove persisted metadata validation	2026-08-19T03:08:26.9832472Z 	 - Description: "dereference failure: dead object"
FV-4b required proofs	Prove persisted metadata validation	2026-08-19T03:08:26.9833121Z 	 - Location: ../../../.rustup/toolchains/nightly-2025-11-21-x86_64-unknown-linux-gnu/lib/rustlib/src/rust/library/core/src/result.rs:553:16 in function <std::result::Result<(), EdisonError> as std::cmp::PartialEq>::eq
FV-4b required proofs	Prove persisted metadata validation	2026-08-19T03:08:26.9833255Z 
FV-4b required proofs	Prove persisted metadata validation	2026-08-19T03:08:26.9833507Z Check 295: <std::result::Result<(), EdisonError> as std::cmp::PartialEq>::eq.pointer_dereference.29
FV-4b required proofs	Prove persisted metadata validation	2026-08-19T03:08:26.9833580Z 	 - Status: SUCCESS
FV-4b required proofs	Prove persisted metadata validation	2026-08-19T03:08:26.9833759Z 	 - Description: "dereference failure: pointer outside object bounds"
FV-4b required proofs	Prove persisted metadata validation	2026-08-19T03:08:26.9834412Z 	 - Location: ../../../.rustup/toolchains/nightly-2025-11-21-x86_64-unknown-linux-gnu/lib/rustlib/src/rust/library/core/src/result.rs:553:16 in function <std::result::Result<(), EdisonError> as std::cmp::PartialEq>::eq
FV-4b required proofs	Prove persisted metadata validation	2026-08-19T03:08:26.9834416Z 
FV-4b required proofs	Prove persisted metadata validation	2026-08-19T03:08:26.9834662Z Check 296: <std::result::Result<(), EdisonError> as std::cmp::PartialEq>::eq.pointer_dereference.30
FV-4b required proofs	Prove persisted metadata validation	2026-08-19T03:08:26.9834736Z 	 - Status: SUCCESS
FV-4b required proofs	Prove persisted metadata validation	2026-08-19T03:08:26.9834890Z 	 - Description: "dereference failure: invalid integer address"
FV-4b required proofs	Prove persisted metadata validation	2026-08-19T03:08:26.9835541Z 	 - Location: ../../../.rustup/toolchains/nightly-2025-11-21-x86_64-unknown-linux-gnu/lib/rustlib/src/rust/library/core/src/result.rs:553:16 in function <std::result::Result<(), EdisonError> as std::cmp::PartialEq>::eq
FV-4b required proofs	Prove persisted metadata validation	2026-08-19T03:08:26.9835553Z 
FV-4b required proofs	Prove persisted metadata validation	2026-08-19T03:08:26.9835690Z Check 297: std::ptr::Alignment::new.pointer_dereference.1
FV-4b required proofs	Prove persisted metadata validation	2026-08-19T03:08:26.9835910Z 	 - Status: SUCCESS
FV-4b required proofs	Prove persisted metadata validation	2026-08-19T03:08:26.9836028Z 	 - Description: "dereference failure: dead object"
FV-4b required proofs	Prove persisted metadata validation	2026-08-19T03:08:26.9836600Z 	 - Location: ../../../.rustup/toolchains/nightly-2025-11-21-x86_64-unknown-linux-gnu/lib/rustlib/src/rust/library/core/src/ptr/alignment.rs:64:13 in function std::ptr::Alignment::new
FV-4b required proofs	Prove persisted metadata validation	2026-08-19T03:08:26.9836605Z 
FV-4b required proofs	Prove persisted metadata validation	2026-08-19T03:08:26.9836890Z Check 298: std::option::Option::<std::ptr::NonNull<u8>>::ok_or::<std::alloc::AllocError>.pointer_dereference.1
FV-4b required proofs	Prove persisted metadata validation	2026-08-19T03:08:26.9836969Z 	 - Status: SUCCESS
FV-4b required proofs	Prove persisted metadata validation	2026-08-19T03:08:26.9837082Z 	 - Description: "dereference failure: dead object"
FV-4b required proofs	Prove persisted metadata validation	2026-08-19T03:08:26.9837792Z 	 - Location: ../../../.rustup/toolchains/nightly-2025-11-21-x86_64-unknown-linux-gnu/lib/rustlib/src/rust/library/core/src/option.rs:1338:15 in function std::option::Option::<std::ptr::NonNull<u8>>::ok_or::<std::alloc::AllocError>
FV-4b required proofs	Prove persisted metadata validation	2026-08-19T03:08:26.9837803Z 
FV-4b required proofs	Prove persisted metadata validation	2026-08-19T03:08:26.9838081Z Check 299: std::option::Option::<std::ptr::NonNull<u8>>::ok_or::<std::alloc::AllocError>.pointer_dereference.2
FV-4b required proofs	Prove persisted metadata validation	2026-08-19T03:08:26.9838293Z 	 - Status: SUCCESS
FV-4b required proofs	Prove persisted metadata validation	2026-08-19T03:08:26.9838412Z 	 - Description: "dereference failure: dead object"
FV-4b required proofs	Prove persisted metadata validation	2026-08-19T03:08:26.9839103Z 	 - Location: ../../../.rustup/toolchains/nightly-2025-11-21-x86_64-unknown-linux-gnu/lib/rustlib/src/rust/library/core/src/option.rs:1340:21 in function std::option::Option::<std::ptr::NonNull<u8>>::ok_or::<std::alloc::AllocError>
FV-4b required proofs	Prove persisted metadata validation	2026-08-19T03:08:26.9839115Z 
FV-4b required proofs	Prove persisted metadata validation	2026-08-19T03:08:26.9839331Z Check 300: std::alloc::Layout::size_rounded_up_to_custom_align.pointer_dereference.1
FV-4b required proofs	Prove persisted metadata validation	2026-08-19T03:08:26.9839411Z 	 - Status: SUCCESS
FV-4b required proofs	Prove persisted metadata validation	2026-08-19T03:08:26.9839537Z 	 - Description: "dereference failure: pointer NULL"
FV-4b required proofs	Prove persisted metadata validation	2026-08-19T03:08:26.9840177Z 	 - Location: ../../../.rustup/toolchains/nightly-2025-11-21-x86_64-unknown-linux-gnu/lib/rustlib/src/rust/library/core/src/alloc/layout.rs:305:27 in function std::alloc::Layout::size_rounded_up_to_custom_align
FV-4b required proofs	Prove persisted metadata validation	2026-08-19T03:08:26.9840187Z 
FV-4b required proofs	Prove persisted metadata validation	2026-08-19T03:08:26.9840399Z Check 301: std::alloc::Layout::size_rounded_up_to_custom_align.pointer_dereference.2
FV-4b required proofs	Prove persisted metadata validation	2026-08-19T03:08:26.9840484Z 	 - Status: SUCCESS
FV-4b required proofs	Prove persisted metadata validation	2026-08-19T03:08:26.9840611Z 	 - Description: "dereference failure: pointer invalid"
FV-4b required proofs	Prove persisted metadata validation	2026-08-19T03:08:26.9841247Z 	 - Location: ../../../.rustup/toolchains/nightly-2025-11-21-x86_64-unknown-linux-gnu/lib/rustlib/src/rust/library/core/src/alloc/layout.rs:305:27 in function std::alloc::Layout::size_rounded_up_to_custom_align
FV-4b required proofs	Prove persisted metadata validation	2026-08-19T03:08:26.9841252Z 
FV-4b required proofs	Prove persisted metadata validation	2026-08-19T03:08:26.9841463Z Check 302: std::alloc::Layout::size_rounded_up_to_custom_align.pointer_dereference.3
FV-4b required proofs	Prove persisted metadata validation	2026-08-19T03:08:26.9841536Z 	 - Status: SUCCESS
FV-4b required proofs	Prove persisted metadata validation	2026-08-19T03:08:26.9841707Z 	 - Description: "dereference failure: deallocated dynamic object"
FV-4b required proofs	Prove persisted metadata validation	2026-08-19T03:08:26.9842332Z 	 - Location: ../../../.rustup/toolchains/nightly-2025-11-21-x86_64-unknown-linux-gnu/lib/rustlib/src/rust/library/core/src/alloc/layout.rs:305:27 in function std::alloc::Layout::size_rounded_up_to_custom_align
FV-4b required proofs	Prove persisted metadata validation	2026-08-19T03:08:26.9842484Z 
FV-4b required proofs	Prove persisted metadata validation	2026-08-19T03:08:26.9842706Z Check 303: std::alloc::Layout::size_rounded_up_to_custom_align.pointer_dereference.4
FV-4b required proofs	Prove persisted metadata validation	2026-08-19T03:08:26.9842780Z 	 - Status: SUCCESS
FV-4b required proofs	Prove persisted metadata validation	2026-08-19T03:08:26.9842903Z 	 - Description: "dereference failure: dead object"
FV-4b required proofs	Prove persisted metadata validation	2026-08-19T03:08:26.9843530Z 	 - Location: ../../../.rustup/toolchains/nightly-2025-11-21-x86_64-unknown-linux-gnu/lib/rustlib/src/rust/library/core/src/alloc/layout.rs:305:27 in function std::alloc::Layout::size_rounded_up_to_custom_align
FV-4b required proofs	Prove persisted metadata validation	2026-08-19T03:08:26.9843541Z 
FV-4b required proofs	Prove persisted metadata validation	2026-08-19T03:08:26.9843745Z Check 304: std::alloc::Layout::size_rounded_up_to_custom_align.pointer_dereference.5
FV-4b required proofs	Prove persisted metadata validation	2026-08-19T03:08:26.9843822Z 	 - Status: SUCCESS
FV-4b required proofs	Prove persisted metadata validation	2026-08-19T03:08:26.9843993Z 	 - Description: "dereference failure: pointer outside object bounds"
FV-4b required proofs	Prove persisted metadata validation	2026-08-19T03:08:26.9844624Z 	 - Location: ../../../.rustup/toolchains/nightly-2025-11-21-x86_64-unknown-linux-gnu/lib/rustlib/src/rust/library/core/src/alloc/layout.rs:305:27 in function std::alloc::Layout::size_rounded_up_to_custom_align
FV-4b required proofs	Prove persisted metadata validation	2026-08-19T03:08:26.9844638Z 
FV-4b required proofs	Prove persisted metadata validation	2026-08-19T03:08:26.9844846Z Check 305: std::alloc::Layout::size_rounded_up_to_custom_align.pointer_dereference.6
FV-4b required proofs	Prove persisted metadata validation	2026-08-19T03:08:26.9844925Z 	 - Status: SUCCESS
FV-4b required proofs	Prove persisted metadata validation	2026-08-19T03:08:26.9845077Z 	 - Description: "dereference failure: invalid integer address"
FV-4b required proofs	Prove persisted metadata validation	2026-08-19T03:08:26.9845827Z 	 - Location: ../../../.rustup/toolchains/nightly-2025-11-21-x86_64-unknown-linux-gnu/lib/rustlib/src/rust/library/core/src/alloc/layout.rs:305:27 in function std::alloc::Layout::size_rounded_up_to_custom_align
FV-4b required proofs	Prove persisted metadata validation	2026-08-19T03:08:26.9845833Z 
FV-4b required proofs	Prove persisted metadata validation	2026-08-19T03:08:26.9845988Z Check 306: std::ptr::NonNull::<u8>::new.pointer_dereference.1
FV-4b required proofs	Prove persisted metadata validation	2026-08-19T03:08:26.9846064Z 	 - Status: SUCCESS
FV-4b required proofs	Prove persisted metadata validation	2026-08-19T03:08:26.9846185Z 	 - Description: "dereference failure: dead object"
FV-4b required proofs	Prove persisted metadata validation	2026-08-19T03:08:26.9846752Z 	 - Location: ../../../.rustup/toolchains/nightly-2025-11-21-x86_64-unknown-linux-gnu/lib/rustlib/src/rust/library/core/src/ptr/non_null.rs:275:13 in function std::ptr::NonNull::<u8>::new
FV-4b required proofs	Prove persisted metadata validation	2026-08-19T03:08:26.9846763Z 
FV-4b required proofs	Prove persisted metadata validation	2026-08-19T03:08:26.9847002Z Check 307: memcpy.pointer.1
FV-4b required proofs	Prove persisted metadata validation	2026-08-19T03:08:26.9847078Z 	 - Status: SUCCESS
FV-4b required proofs	Prove persisted metadata validation	2026-08-19T03:08:26.9847505Z 	 - Description: "same object violation in (const char *)(void *)src >= (const char *)(void *)dst + (signed long int)(count * sizeof(unsigned char) /*1*/ )"
FV-4b required proofs	Prove persisted metadata validation	2026-08-19T03:08:26.9847661Z 	 - Location: <builtin-library-memcpy>:33 in function memcpy
FV-4b required proofs	Prove persisted metadata validation	2026-08-19T03:08:26.9847672Z 
FV-4b required proofs	Prove persisted metadata validation	2026-08-19T03:08:26.9847757Z Check 308: memcpy.pointer.2
FV-4b required proofs	Prove persisted metadata validation	2026-08-19T03:08:26.9847840Z 	 - Status: SUCCESS
FV-4b required proofs	Prove persisted metadata validation	2026-08-19T03:08:26.9848244Z 	 - Description: "same object violation in (const char *)(void *)dst >= (const char *)(void *)src + (signed long int)(count * sizeof(unsigned char) /*1*/ )"
FV-4b required proofs	Prove persisted metadata validation	2026-08-19T03:08:26.9848395Z 	 - Location: <builtin-library-memcpy>:34 in function memcpy
FV-4b required proofs	Prove persisted metadata validation	2026-08-19T03:08:26.9848399Z 
FV-4b required proofs	Prove persisted metadata validation	2026-08-19T03:08:26.9848581Z Check 309: std::ptr::copy_nonoverlapping::<u8>.precondition_instance.1
FV-4b required proofs	Prove persisted metadata validation	2026-08-19T03:08:26.9848659Z 	 - Status: SUCCESS
FV-4b required proofs	Prove persisted metadata validation	2026-08-19T03:08:26.9848757Z 	 - Description: "memcpy src/dst overlap"
FV-4b required proofs	Prove persisted metadata validation	2026-08-19T03:08:26.9849352Z 	 - Location: ../../../.rustup/toolchains/nightly-2025-11-21-x86_64-unknown-linux-gnu/lib/rustlib/src/rust/library/core/src/ptr/mod.rs:547:14 in function std::ptr::copy_nonoverlapping::<u8>
FV-4b required proofs	Prove persisted metadata validation	2026-08-19T03:08:26.9849358Z 
FV-4b required proofs	Prove persisted metadata validation	2026-08-19T03:08:26.9849522Z Check 310: std::ptr::copy_nonoverlapping::<u8>.precondition_instance.2
FV-4b required proofs	Prove persisted metadata validation	2026-08-19T03:08:26.9849604Z 	 - Status: SUCCESS
FV-4b required proofs	Prove persisted metadata validation	2026-08-19T03:08:26.9849718Z 	 - Description: "memcpy source region readable"
FV-4b required proofs	Prove persisted metadata validation	2026-08-19T03:08:26.9850295Z 	 - Location: ../../../.rustup/toolchains/nightly-2025-11-21-x86_64-unknown-linux-gnu/lib/rustlib/src/rust/library/core/src/ptr/mod.rs:547:14 in function std::ptr::copy_nonoverlapping::<u8>
FV-4b required proofs	Prove persisted metadata validation	2026-08-19T03:08:26.9850300Z 
FV-4b required proofs	Prove persisted metadata validation	2026-08-19T03:08:26.9850467Z Check 311: std::ptr::copy_nonoverlapping::<u8>.precondition_instance.3
FV-4b required proofs	Prove persisted metadata validation	2026-08-19T03:08:26.9850674Z 	 - Status: SUCCESS
FV-4b required proofs	Prove persisted metadata validation	2026-08-19T03:08:26.9850806Z 	 - Description: "memcpy destination region writeable"
FV-4b required proofs	Prove persisted metadata validation	2026-08-19T03:08:26.9851374Z 	 - Location: ../../../.rustup/toolchains/nightly-2025-11-21-x86_64-unknown-linux-gnu/lib/rustlib/src/rust/library/core/src/ptr/mod.rs:547:14 in function std::ptr::copy_nonoverlapping::<u8>
FV-4b required proofs	Prove persisted metadata validation	2026-08-19T03:08:26.9851383Z 
FV-4b required proofs	Prove persisted metadata validation	2026-08-19T03:08:26.9851551Z Check 312: std::alloc::Layout::repeat_packed.pointer_dereference.1
FV-4b required proofs	Prove persisted metadata validation	2026-08-19T03:08:26.9851625Z 	 - Status: SUCCESS
FV-4b required proofs	Prove persisted metadata validation	2026-08-19T03:08:26.9851751Z 	 - Description: "dereference failure: pointer NULL"
FV-4b required proofs	Prove persisted metadata validation	2026-08-19T03:08:26.9852344Z 	 - Location: ../../../.rustup/toolchains/nightly-2025-11-21-x86_64-unknown-linux-gnu/lib/rustlib/src/rust/library/core/src/alloc/layout.rs:448:29 in function std::alloc::Layout::repeat_packed
FV-4b required proofs	Prove persisted metadata validation	2026-08-19T03:08:26.9852349Z 
FV-4b required proofs	Prove persisted metadata validation	2026-08-19T03:08:26.9852506Z Check 313: std::alloc::Layout::repeat_packed.pointer_dereference.2
FV-4b required proofs	Prove persisted metadata validation	2026-08-19T03:08:26.9852583Z 	 - Status: SUCCESS
FV-4b required proofs	Prove persisted metadata validation	2026-08-19T03:08:26.9852717Z 	 - Description: "dereference failure: pointer invalid"
FV-4b required proofs	Prove persisted metadata validation	2026-08-19T03:08:26.9853303Z 	 - Location: ../../../.rustup/toolchains/nightly-2025-11-21-x86_64-unknown-linux-gnu/lib/rustlib/src/rust/library/core/src/alloc/layout.rs:448:29 in function std::alloc::Layout::repeat_packed
FV-4b required proofs	Prove persisted metadata validation	2026-08-19T03:08:26.9853313Z 
FV-4b required proofs	Prove persisted metadata validation	2026-08-19T03:08:26.9853466Z Check 314: std::alloc::Layout::repeat_packed.pointer_dereference.3
FV-4b required proofs	Prove persisted metadata validation	2026-08-19T03:08:26.9853545Z 	 - Status: SUCCESS
FV-4b required proofs	Prove persisted metadata validation	2026-08-19T03:08:26.9853702Z 	 - Description: "dereference failure: deallocated dynamic object"
FV-4b required proofs	Prove persisted metadata validation	2026-08-19T03:08:26.9854278Z 	 - Location: ../../../.rustup/toolchains/nightly-2025-11-21-x86_64-unknown-linux-gnu/lib/rustlib/src/rust/library/core/src/alloc/layout.rs:448:29 in function std::alloc::Layout::repeat_packed
FV-4b required proofs	Prove persisted metadata validation	2026-08-19T03:08:26.9854283Z 
FV-4b required proofs	Prove persisted metadata validation	2026-08-19T03:08:26.9854440Z Check 315: std::alloc::Layout::repeat_packed.pointer_dereference.4
FV-4b required proofs	Prove persisted metadata validation	2026-08-19T03:08:26.9854513Z 	 - Status: SUCCESS
FV-4b required proofs	Prove persisted metadata validation	2026-08-19T03:08:26.9854632Z 	 - Description: "dereference failure: dead object"
FV-4b required proofs	Prove persisted metadata validation	2026-08-19T03:08:26.9855209Z 	 - Location: ../../../.rustup/toolchains/nightly-2025-11-21-x86_64-unknown-linux-gnu/lib/rustlib/src/rust/library/core/src/alloc/layout.rs:448:29 in function std::alloc::Layout::repeat_packed
FV-4b required proofs	Prove persisted metadata validation	2026-08-19T03:08:26.9855310Z 
FV-4b required proofs	Prove persisted metadata validation	2026-08-19T03:08:26.9855473Z Check 316: std::alloc::Layout::repeat_packed.pointer_dereference.5
FV-4b required proofs	Prove persisted metadata validation	2026-08-19T03:08:26.9855547Z 	 - Status: SUCCESS
FV-4b required proofs	Prove persisted metadata validation	2026-08-19T03:08:26.9855913Z 	 - Description: "dereference failure: pointer outside object bounds"
FV-4b required proofs	Prove persisted metadata validation	2026-08-19T03:08:26.9856496Z 	 - Location: ../../../.rustup/toolchains/nightly-2025-11-21-x86_64-unknown-linux-gnu/lib/rustlib/src/rust/library/core/src/alloc/layout.rs:448:29 in function std::alloc::Layout::repeat_packed
FV-4b required proofs	Prove persisted metadata validation	2026-08-19T03:08:26.9856501Z 
FV-4b required proofs	Prove persisted metadata validation	2026-08-19T03:08:26.9856653Z Check 317: std::alloc::Layout::repeat_packed.pointer_dereference.6
FV-4b required proofs	Prove persisted metadata validation	2026-08-19T03:08:26.9856734Z 	 - Status: SUCCESS
FV-4b required proofs	Prove persisted metadata validation	2026-08-19T03:08:26.9856883Z 	 - Description: "dereference failure: invalid integer address"
FV-4b required proofs	Prove persisted metadata validation	2026-08-19T03:08:26.9857464Z 	 - Location: ../../../.rustup/toolchains/nightly-2025-11-21-x86_64-unknown-linux-gnu/lib/rustlib/src/rust/library/core/src/alloc/layout.rs:448:29 in function std::alloc::Layout::repeat_packed
FV-4b required proofs	Prove persisted metadata validation	2026-08-19T03:08:26.9857472Z 
FV-4b required proofs	Prove persisted metadata validation	2026-08-19T03:08:26.9857623Z Check 318: std::alloc::Layout::repeat_packed.pointer_dereference.7
FV-4b required proofs	Prove persisted metadata validation	2026-08-19T03:08:26.9857700Z 	 - Status: SUCCESS
FV-4b required proofs	Prove persisted metadata validation	2026-08-19T03:08:26.9857815Z 	 - Description: "dereference failure: dead object"
FV-4b required proofs	Prove persisted metadata validation	2026-08-19T03:08:26.9858397Z 	 - Location: ../../../.rustup/toolchains/nightly-2025-11-21-x86_64-unknown-linux-gnu/lib/rustlib/src/rust/library/core/src/alloc/layout.rs:452:13 in function std::alloc::Layout::repeat_packed
FV-4b required proofs	Prove persisted metadata validation	2026-08-19T03:08:26.9858403Z 
FV-4b required proofs	Prove persisted metadata validation	2026-08-19T03:08:26.9858559Z Check 319: std::alloc::Layout::repeat_packed.pointer_dereference.8
FV-4b required proofs	Prove persisted metadata validation	2026-08-19T03:08:26.9858632Z 	 - Status: SUCCESS
FV-4b required proofs	Prove persisted metadata validation	2026-08-19T03:08:26.9858759Z 	 - Description: "dereference failure: pointer NULL"
FV-4b required proofs	Prove persisted metadata validation	2026-08-19T03:08:26.9859330Z 	 - Location: ../../../.rustup/toolchains/nightly-2025-11-21-x86_64-unknown-linux-gnu/lib/rustlib/src/rust/library/core/src/alloc/layout.rs:450:47 in function std::alloc::Layout::repeat_packed
FV-4b required proofs	Prove persisted metadata validation	2026-08-19T03:08:26.9859468Z 
FV-4b required proofs	Prove persisted metadata validation	2026-08-19T03:08:26.9859630Z Check 320: std::alloc::Layout::repeat_packed.pointer_dereference.9
FV-4b required proofs	Prove persisted metadata validation	2026-08-19T03:08:26.9859711Z 	 - Status: SUCCESS
FV-4b required proofs	Prove persisted metadata validation	2026-08-19T03:08:26.9859843Z 	 - Description: "dereference failure: pointer invalid"
FV-4b required proofs	Prove persisted metadata validation	2026-08-19T03:08:26.9860416Z 	 - Location: ../../../.rustup/toolchains/nightly-2025-11-21-x86_64-unknown-linux-gnu/lib/rustlib/src/rust/library/core/src/alloc/layout.rs:450:47 in function std::alloc::Layout::repeat_packed
FV-4b required proofs	Prove persisted metadata validation	2026-08-19T03:08:26.9860426Z 
FV-4b required proofs	Prove persisted metadata validation	2026-08-19T03:08:26.9860589Z Check 321: std::alloc::Layout::repeat_packed.pointer_dereference.10
FV-4b required proofs	Prove persisted metadata validation	2026-08-19T03:08:26.9860670Z 	 - Status: SUCCESS
FV-4b required proofs	Prove persisted metadata validation	2026-08-19T03:08:26.9860826Z 	 - Description: "dereference failure: deallocated dynamic object"
FV-4b required proofs	Prove persisted metadata validation	2026-08-19T03:08:26.9861399Z 	 - Location: ../../../.rustup/toolchains/nightly-2025-11-21-x86_64-unknown-linux-gnu/lib/rustlib/src/rust/library/core/src/alloc/layout.rs:450:47 in function std::alloc::Layout::repeat_packed
FV-4b required proofs	Prove persisted metadata validation	2026-08-19T03:08:26.9861408Z 
FV-4b required proofs	Prove persisted metadata validation	2026-08-19T03:08:26.9861564Z Check 322: std::alloc::Layout::repeat_packed.pointer_dereference.11
FV-4b required proofs	Prove persisted metadata validation	2026-08-19T03:08:26.9861650Z 	 - Status: SUCCESS
FV-4b required proofs	Prove persisted metadata validation	2026-08-19T03:08:26.9861765Z 	 - Description: "dereference failure: dead object"
FV-4b required proofs	Prove persisted metadata validation	2026-08-19T03:08:26.9862344Z 	 - Location: ../../../.rustup/toolchains/nightly-2025-11-21-x86_64-unknown-linux-gnu/lib/rustlib/src/rust/library/core/src/alloc/layout.rs:450:47 in function std::alloc::Layout::repeat_packed
FV-4b required proofs	Prove persisted metadata validation	2026-08-19T03:08:26.9862349Z 
FV-4b required proofs	Prove persisted metadata validation	2026-08-19T03:08:26.9862510Z Check 323: std::alloc::Layout::repeat_packed.pointer_dereference.12
FV-4b required proofs	Prove persisted metadata validation	2026-08-19T03:08:26.9862584Z 	 - Status: SUCCESS
FV-4b required proofs	Prove persisted metadata validation	2026-08-19T03:08:26.9862757Z 	 - Description: "dereference failure: pointer outside object bounds"
FV-4b required proofs	Prove persisted metadata validation	2026-08-19T03:08:26.9863326Z 	 - Location: ../../../.rustup/toolchains/nightly-2025-11-21-x86_64-unknown-linux-gnu/lib/rustlib/src/rust/library/core/src/alloc/layout.rs:450:47 in function std::alloc::Layout::repeat_packed
FV-4b required proofs	Prove persisted metadata validation	2026-08-19T03:08:26.9863334Z 
FV-4b required proofs	Prove persisted metadata validation	2026-08-19T03:08:26.9863493Z Check 324: std::alloc::Layout::repeat_packed.pointer_dereference.13
FV-4b required proofs	Prove persisted metadata validation	2026-08-19T03:08:26.9863566Z 	 - Status: SUCCESS
FV-4b required proofs	Prove persisted metadata validation	2026-08-19T03:08:26.9863855Z 	 - Description: "dereference failure: invalid integer address"
FV-4b required proofs	Prove persisted metadata validation	2026-08-19T03:08:26.9864425Z 	 - Location: ../../../.rustup/toolchains/nightly-2025-11-21-x86_64-unknown-linux-gnu/lib/rustlib/src/rust/library/core/src/alloc/layout.rs:450:47 in function std::alloc::Layout::repeat_packed
FV-4b required proofs	Prove persisted metadata validation	2026-08-19T03:08:26.9864435Z 
FV-4b required proofs	Prove persisted metadata validation	2026-08-19T03:08:26.9865051Z Check 325: <std::result::Result<std::ptr::NonNull<[u8]>, std::alloc::AllocError> as std::ops::FromResidual<std::result::Result<std::convert::Infallible, std::alloc::AllocError>>>::from_residual.pointer_dereference.1
FV-4b required proofs	Prove persisted metadata validation	2026-08-19T03:08:26.9865132Z 	 - Status: SUCCESS
FV-4b required proofs	Prove persisted metadata validation	2026-08-19T03:08:26.9865247Z 	 - Description: "dereference failure: dead object"
FV-4b required proofs	Prove persisted metadata validation	2026-08-19T03:08:26.9866390Z 	 - Location: ../../../.rustup/toolchains/nightly-2025-11-21-x86_64-unknown-linux-gnu/lib/rustlib/src/rust/library/core/src/result.rs:2189:23 in function <std::result::Result<std::ptr::NonNull<[u8]>, std::alloc::AllocError> as std::ops::FromResidual<std::result::Result<std::convert::Infallible, std::alloc::AllocError>>>::from_residual
FV-4b required proofs	Prove persisted metadata validation	2026-08-19T03:08:26.9866406Z 
FV-4b required proofs	Prove persisted metadata validation	2026-08-19T03:08:26.9866559Z Check 326: std::alloc::Layout::repeat.pointer_dereference.1
FV-4b required proofs	Prove persisted metadata validation	2026-08-19T03:08:26.9866633Z 	 - Status: SUCCESS
FV-4b required proofs	Prove persisted metadata validation	2026-08-19T03:08:26.9866753Z 	 - Description: "dereference failure: dead object"
FV-4b required proofs	Prove persisted metadata validation	2026-08-19T03:08:26.9867321Z 	 - Location: ../../../.rustup/toolchains/nightly-2025-11-21-x86_64-unknown-linux-gnu/lib/rustlib/src/rust/library/core/src/alloc/layout.rs:361:31 in function std::alloc::Layout::repeat
FV-4b required proofs	Prove persisted metadata validation	2026-08-19T03:08:26.9867326Z 
FV-4b required proofs	Prove persisted metadata validation	2026-08-19T03:08:26.9867472Z Check 327: std::alloc::Layout::repeat.pointer_dereference.2
FV-4b required proofs	Prove persisted metadata validation	2026-08-19T03:08:26.9867547Z 	 - Status: SUCCESS
FV-4b required proofs	Prove persisted metadata validation	2026-08-19T03:08:26.9867665Z 	 - Description: "dereference failure: dead object"
FV-4b required proofs	Prove persisted metadata validation	2026-08-19T03:08:26.9868227Z 	 - Location: ../../../.rustup/toolchains/nightly-2025-11-21-x86_64-unknown-linux-gnu/lib/rustlib/src/rust/library/core/src/alloc/layout.rs:364:13 in function std::alloc::Layout::repeat
FV-4b required proofs	Prove persisted metadata validation	2026-08-19T03:08:26.9868379Z 
FV-4b required proofs	Prove persisted metadata validation	2026-08-19T03:08:26.9868633Z Check 328: std::cmp::impls::<impl std::cmp::PartialEq for &EdisonError>::eq.pointer_dereference.1
FV-4b required proofs	Prove persisted metadata validation	2026-08-19T03:08:26.9868714Z 	 - Status: SUCCESS
FV-4b required proofs	Prove persisted metadata validation	2026-08-19T03:08:26.9868835Z 	 - Description: "dereference failure: pointer NULL"
FV-4b required proofs	Prove persisted metadata validation	2026-08-19T03:08:26.9869484Z 	 - Location: ../../../.rustup/toolchains/nightly-2025-11-21-x86_64-unknown-linux-gnu/lib/rustlib/src/rust/library/core/src/cmp.rs:2090:27 in function std::cmp::impls::<impl std::cmp::PartialEq for &EdisonError>::eq
FV-4b required proofs	Prove persisted metadata validation	2026-08-19T03:08:26.9869490Z 
FV-4b required proofs	Prove persisted metadata validation	2026-08-19T03:08:26.9869722Z Check 329: std::cmp::impls::<impl std::cmp::PartialEq for &EdisonError>::eq.pointer_dereference.2
FV-4b required proofs	Prove persisted metadata validation	2026-08-19T03:08:26.9869802Z 	 - Status: SUCCESS
FV-4b required proofs	Prove persisted metadata validation	2026-08-19T03:08:26.9869926Z 	 - Description: "dereference failure: pointer invalid"
FV-4b required proofs	Prove persisted metadata validation	2026-08-19T03:08:26.9870585Z 	 - Location: ../../../.rustup/toolchains/nightly-2025-11-21-x86_64-unknown-linux-gnu/lib/rustlib/src/rust/library/core/src/cmp.rs:2090:27 in function std::cmp::impls::<impl std::cmp::PartialEq for &EdisonError>::eq
FV-4b required proofs	Prove persisted metadata validation	2026-08-19T03:08:26.9870595Z 
FV-4b required proofs	Prove persisted metadata validation	2026-08-19T03:08:26.9870835Z Check 330: std::cmp::impls::<impl std::cmp::PartialEq for &EdisonError>::eq.pointer_dereference.3
FV-4b required proofs	Prove persisted metadata validation	2026-08-19T03:08:26.9870910Z 	 - Status: SUCCESS
FV-4b required proofs	Prove persisted metadata validation	2026-08-19T03:08:26.9871077Z 	 - Description: "dereference failure: deallocated dynamic object"
FV-4b required proofs	Prove persisted metadata validation	2026-08-19T03:08:26.9871714Z 	 - Location: ../../../.rustup/toolchains/nightly-2025-11-21-x86_64-unknown-linux-gnu/lib/rustlib/src/rust/library/core/src/cmp.rs:2090:27 in function std::cmp::impls::<impl std::cmp::PartialEq for &EdisonError>::eq
FV-4b required proofs	Prove persisted metadata validation	2026-08-19T03:08:26.9871719Z 
FV-4b required proofs	Prove persisted metadata validation	2026-08-19T03:08:26.9871955Z Check 331: std::cmp::impls::<impl std::cmp::PartialEq for &EdisonError>::eq.pointer_dereference.4
FV-4b required proofs	Prove persisted metadata validation	2026-08-19T03:08:26.9872035Z 	 - Status: SUCCESS
FV-4b required proofs	Prove persisted metadata validation	2026-08-19T03:08:26.9872153Z 	 - Description: "dereference failure: dead object"
FV-4b required proofs	Prove persisted metadata validation	2026-08-19T03:08:26.9872791Z 	 - Location: ../../../.rustup/toolchains/nightly-2025-11-21-x86_64-unknown-linux-gnu/lib/rustlib/src/rust/library/core/src/cmp.rs:2090:27 in function std::cmp::impls::<impl std::cmp::PartialEq for &EdisonError>::eq
FV-4b required proofs	Prove persisted metadata validation	2026-08-19T03:08:26.9872949Z 
FV-4b required proofs	Prove persisted metadata validation	2026-08-19T03:08:26.9873185Z Check 332: std::cmp::impls::<impl std::cmp::PartialEq for &EdisonError>::eq.pointer_dereference.5
FV-4b required proofs	Prove persisted metadata validation	2026-08-19T03:08:26.9873264Z 	 - Status: SUCCESS
FV-4b required proofs	Prove persisted metadata validation	2026-08-19T03:08:26.9873433Z 	 - Description: "dereference failure: pointer outside object bounds"
FV-4b required proofs	Prove persisted metadata validation	2026-08-19T03:08:26.9874072Z 	 - Location: ../../../.rustup/toolchains/nightly-2025-11-21-x86_64-unknown-linux-gnu/lib/rustlib/src/rust/library/core/src/cmp.rs:2090:27 in function std::cmp::impls::<impl std::cmp::PartialEq for &EdisonError>::eq
FV-4b required proofs	Prove persisted metadata validation	2026-08-19T03:08:26.9874078Z 
FV-4b required proofs	Prove persisted metadata validation	2026-08-19T03:08:26.9874308Z Check 333: std::cmp::impls::<impl std::cmp::PartialEq for &EdisonError>::eq.pointer_dereference.6
FV-4b required proofs	Prove persisted metadata validation	2026-08-19T03:08:26.9874388Z 	 - Status: SUCCESS
FV-4b required proofs	Prove persisted metadata validation	2026-08-19T03:08:26.9874546Z 	 - Description: "dereference failure: invalid integer address"
FV-4b required proofs	Prove persisted metadata validation	2026-08-19T03:08:26.9875187Z 	 - Location: ../../../.rustup/toolchains/nightly-2025-11-21-x86_64-unknown-linux-gnu/lib/rustlib/src/rust/library/core/src/cmp.rs:2090:27 in function std::cmp::impls::<impl std::cmp::PartialEq for &EdisonError>::eq
FV-4b required proofs	Prove persisted metadata validation	2026-08-19T03:08:26.9875196Z 
FV-4b required proofs	Prove persisted metadata validation	2026-08-19T03:08:26.9875429Z Check 334: std::cmp::impls::<impl std::cmp::PartialEq for &EdisonError>::eq.pointer_dereference.7
FV-4b required proofs	Prove persisted metadata validation	2026-08-19T03:08:26.9875503Z 	 - Status: SUCCESS
FV-4b required proofs	Prove persisted metadata validation	2026-08-19T03:08:26.9875631Z 	 - Description: "dereference failure: pointer NULL"
FV-4b required proofs	Prove persisted metadata validation	2026-08-19T03:08:26.9876405Z 	 - Location: ../../../.rustup/toolchains/nightly-2025-11-21-x86_64-unknown-linux-gnu/lib/rustlib/src/rust/library/core/src/cmp.rs:2090:34 in function std::cmp::impls::<impl std::cmp::PartialEq for &EdisonError>::eq
FV-4b required proofs	Prove persisted metadata validation	2026-08-19T03:08:26.9876411Z 
FV-4b required proofs	Prove persisted metadata validation	2026-08-19T03:08:26.9876647Z Check 335: std::cmp::impls::<impl std::cmp::PartialEq for &EdisonError>::eq.pointer_dereference.8
FV-4b required proofs	Prove persisted metadata validation	2026-08-19T03:08:26.9876862Z 	 - Status: SUCCESS
FV-4b required proofs	Prove persisted metadata validation	2026-08-19T03:08:26.9876987Z 	 - Description: "dereference failure: pointer invalid"
FV-4b required proofs	Prove persisted metadata validation	2026-08-19T03:08:26.9877626Z 	 - Location: ../../../.rustup/toolchains/nightly-2025-11-21-x86_64-unknown-linux-gnu/lib/rustlib/src/rust/library/core/src/cmp.rs:2090:34 in function std::cmp::impls::<impl std::cmp::PartialEq for &EdisonError>::eq
FV-4b required proofs	Prove persisted metadata validation	2026-08-19T03:08:26.9877636Z 
FV-4b required proofs	Prove persisted metadata validation	2026-08-19T03:08:26.9877868Z Check 336: std::cmp::impls::<impl std::cmp::PartialEq for &EdisonError>::eq.pointer_dereference.9
FV-4b required proofs	Prove persisted metadata validation	2026-08-19T03:08:26.9877948Z 	 - Status: SUCCESS
FV-4b required proofs	Prove persisted metadata validation	2026-08-19T03:08:26.9878107Z 	 - Description: "dereference failure: deallocated dynamic object"
FV-4b required proofs	Prove persisted metadata validation	2026-08-19T03:08:26.9878746Z 	 - Location: ../../../.rustup/toolchains/nightly-2025-11-21-x86_64-unknown-linux-gnu/lib/rustlib/src/rust/library/core/src/cmp.rs:2090:34 in function std::cmp::impls::<impl std::cmp::PartialEq for &EdisonError>::eq
FV-4b required proofs	Prove persisted metadata validation	2026-08-19T03:08:26.9878751Z 
FV-4b required proofs	Prove persisted metadata validation	2026-08-19T03:08:26.9878995Z Check 337: std::cmp::impls::<impl std::cmp::PartialEq for &EdisonError>::eq.pointer_dereference.10
FV-4b required proofs	Prove persisted metadata validation	2026-08-19T03:08:26.9879073Z 	 - Status: SUCCESS
FV-4b required proofs	Prove persisted metadata validation	2026-08-19T03:08:26.9879193Z 	 - Description: "dereference failure: dead object"
FV-4b required proofs	Prove persisted metadata validation	2026-08-19T03:08:26.9879829Z 	 - Location: ../../../.rustup/toolchains/nightly-2025-11-21-x86_64-unknown-linux-gnu/lib/rustlib/src/rust/library/core/src/cmp.rs:2090:34 in function std::cmp::impls::<impl std::cmp::PartialEq for &EdisonError>::eq
FV-4b required proofs	Prove persisted metadata validation	2026-08-19T03:08:26.9879834Z 
FV-4b required proofs	Prove persisted metadata validation	2026-08-19T03:08:26.9880092Z Check 338: std::cmp::impls::<impl std::cmp::PartialEq for &EdisonError>::eq.pointer_dereference.11
FV-4b required proofs	Prove persisted metadata validation	2026-08-19T03:08:26.9880166Z 	 - Status: SUCCESS
FV-4b required proofs	Prove persisted metadata validation	2026-08-19T03:08:26.9880340Z 	 - Description: "dereference failure: pointer outside object bounds"
FV-4b required proofs	Prove persisted metadata validation	2026-08-19T03:08:26.9880974Z 	 - Location: ../../../.rustup/toolchains/nightly-2025-11-21-x86_64-unknown-linux-gnu/lib/rustlib/src/rust/library/core/src/cmp.rs:2090:34 in function std::cmp::impls::<impl std::cmp::PartialEq for &EdisonError>::eq
FV-4b required proofs	Prove persisted metadata validation	2026-08-19T03:08:26.9880989Z 
FV-4b required proofs	Prove persisted metadata validation	2026-08-19T03:08:26.9881226Z Check 339: std::cmp::impls::<impl std::cmp::PartialEq for &EdisonError>::eq.pointer_dereference.12
FV-4b required proofs	Prove persisted metadata validation	2026-08-19T03:08:26.9881304Z 	 - Status: SUCCESS
FV-4b required proofs	Prove persisted metadata validation	2026-08-19T03:08:26.9881592Z 	 - Description: "dereference failure: invalid integer address"
FV-4b required proofs	Prove persisted metadata validation	2026-08-19T03:08:26.9882234Z 	 - Location: ../../../.rustup/toolchains/nightly-2025-11-21-x86_64-unknown-linux-gnu/lib/rustlib/src/rust/library/core/src/cmp.rs:2090:34 in function std::cmp::impls::<impl std::cmp::PartialEq for &EdisonError>::eq
FV-4b required proofs	Prove persisted metadata validation	2026-08-19T03:08:26.9882239Z 
FV-4b required proofs	Prove persisted metadata validation	2026-08-19T03:08:26.9882385Z Check 340: std::vec::Vec::<u8>::as_slice.pointer_dereference.1
FV-4b required proofs	Prove persisted metadata validation	2026-08-19T03:08:26.9882465Z 	 - Status: SUCCESS
FV-4b required proofs	Prove persisted metadata validation	2026-08-19T03:08:26.9882584Z 	 - Description: "dereference failure: pointer NULL"
FV-4b required proofs	Prove persisted metadata validation	2026-08-19T03:08:26.9883153Z 	 - Location: ../../../.rustup/toolchains/nightly-2025-11-21-x86_64-unknown-linux-gnu/lib/rustlib/src/rust/library/alloc/src/vec/mod.rs:1597:55 in function std::vec::Vec::<u8>::as_slice
FV-4b required proofs	Prove persisted metadata validation	2026-08-19T03:08:26.9883163Z 
FV-4b required proofs	Prove persisted metadata validation	2026-08-19T03:08:26.9883309Z Check 341: std::vec::Vec::<u8>::as_slice.pointer_dereference.2
FV-4b required proofs	Prove persisted metadata validation	2026-08-19T03:08:26.9883385Z 	 - Status: SUCCESS
FV-4b required proofs	Prove persisted metadata validation	2026-08-19T03:08:26.9883514Z 	 - Description: "dereference failure: pointer invalid"
FV-4b required proofs	Prove persisted metadata validation	2026-08-19T03:08:26.9884064Z 	 - Location: ../../../.rustup/toolchains/nightly-2025-11-21-x86_64-unknown-linux-gnu/lib/rustlib/src/rust/library/alloc/src/vec/mod.rs:1597:55 in function std::vec::Vec::<u8>::as_slice
FV-4b required proofs	Prove persisted metadata validation	2026-08-19T03:08:26.9884068Z 
FV-4b required proofs	Prove persisted metadata validation	2026-08-19T03:08:26.9884211Z Check 342: std::vec::Vec::<u8>::as_slice.pointer_dereference.3
FV-4b required proofs	Prove persisted metadata validation	2026-08-19T03:08:26.9884284Z 	 - Status: SUCCESS
FV-4b required proofs	Prove persisted metadata validation	2026-08-19T03:08:26.9884450Z 	 - Description: "dereference failure: deallocated dynamic object"
FV-4b required proofs	Prove persisted metadata validation	2026-08-19T03:08:26.9884997Z 	 - Location: ../../../.rustup/toolchains/nightly-2025-11-21-x86_64-unknown-linux-gnu/lib/rustlib/src/rust/library/alloc/src/vec/mod.rs:1597:55 in function std::vec::Vec::<u8>::as_slice
FV-4b required proofs	Prove persisted metadata validation	2026-08-19T03:08:26.9885009Z 
FV-4b required proofs	Prove persisted metadata validation	2026-08-19T03:08:26.9885149Z Check 343: std::vec::Vec::<u8>::as_slice.pointer_dereference.4
FV-4b required proofs	Prove persisted metadata validation	2026-08-19T03:08:26.9885324Z 	 - Status: SUCCESS
FV-4b required proofs	Prove persisted metadata validation	2026-08-19T03:08:26.9885439Z 	 - Description: "dereference failure: dead object"
FV-4b required proofs	Prove persisted metadata validation	2026-08-19T03:08:26.9886123Z 	 - Location: ../../../.rustup/toolchains/nightly-2025-11-21-x86_64-unknown-linux-gnu/lib/rustlib/src/rust/library/alloc/src/vec/mod.rs:1597:55 in function std::vec::Vec::<u8>::as_slice
FV-4b required proofs	Prove persisted metadata validation	2026-08-19T03:08:26.9886134Z 
FV-4b required proofs	Prove persisted metadata validation	2026-08-19T03:08:26.9886272Z Check 344: std::vec::Vec::<u8>::as_slice.pointer_dereference.5
FV-4b required proofs	Prove persisted metadata validation	2026-08-19T03:08:26.9886351Z 	 - Status: SUCCESS
FV-4b required proofs	Prove persisted metadata validation	2026-08-19T03:08:26.9886521Z 	 - Description: "dereference failure: pointer outside object bounds"
FV-4b required proofs	Prove persisted metadata validation	2026-08-19T03:08:26.9887075Z 	 - Location: ../../../.rustup/toolchains/nightly-2025-11-21-x86_64-unknown-linux-gnu/lib/rustlib/src/rust/library/alloc/src/vec/mod.rs:1597:55 in function std::vec::Vec::<u8>::as_slice
FV-4b required proofs	Prove persisted metadata validation	2026-08-19T03:08:26.9887080Z 
FV-4b required proofs	Prove persisted metadata validation	2026-08-19T03:08:26.9887224Z Check 345: std::vec::Vec::<u8>::as_slice.pointer_dereference.6
FV-4b required proofs	Prove persisted metadata validation	2026-08-19T03:08:26.9887297Z 	 - Status: SUCCESS
FV-4b required proofs	Prove persisted metadata validation	2026-08-19T03:08:26.9887456Z 	 - Description: "dereference failure: invalid integer address"
FV-4b required proofs	Prove persisted metadata validation	2026-08-19T03:08:26.9888002Z 	 - Location: ../../../.rustup/toolchains/nightly-2025-11-21-x86_64-unknown-linux-gnu/lib/rustlib/src/rust/library/alloc/src/vec/mod.rs:1597:55 in function std::vec::Vec::<u8>::as_slice
FV-4b required proofs	Prove persisted metadata validation	2026-08-19T03:08:26.9888012Z 
FV-4b required proofs	Prove persisted metadata validation	2026-08-19T03:08:26.9888184Z Check 346: validate_persisted_record_metadata.pointer_dereference.1
FV-4b required proofs	Prove persisted metadata validation	2026-08-19T03:08:26.9888257Z 	 - Status: SUCCESS
FV-4b required proofs	Prove persisted metadata validation	2026-08-19T03:08:26.9888379Z 	 - Description: "dereference failure: dead object"
FV-4b required proofs	Prove persisted metadata validation	2026-08-19T03:08:26.9888569Z 	 - Location: src/lib.rs:136:5 in function validate_persisted_record_metadata
FV-4b required proofs	Prove persisted metadata validation	2026-08-19T03:08:26.9888574Z 
FV-4b required proofs	Prove persisted metadata validation	2026-08-19T03:08:26.9888722Z Check 347: std::alloc::Layout::align.pointer_dereference.1
FV-4b required proofs	Prove persisted metadata validation	2026-08-19T03:08:26.9888803Z 	 - Status: SUCCESS
FV-4b required proofs	Prove persisted metadata validation	2026-08-19T03:08:26.9888924Z 	 - Description: "dereference failure: pointer NULL"
FV-4b required proofs	Prove persisted metadata validation	2026-08-19T03:08:26.9889487Z 	 - Location: ../../../.rustup/toolchains/nightly-2025-11-21-x86_64-unknown-linux-gnu/lib/rustlib/src/rust/library/core/src/alloc/layout.rs:152:9 in function std::alloc::Layout::align
FV-4b required proofs	Prove persisted metadata validation	2026-08-19T03:08:26.9889496Z 
FV-4b required proofs	Prove persisted metadata validation	2026-08-19T03:08:26.9889634Z Check 348: std::alloc::Layout::align.pointer_dereference.2
FV-4b required proofs	Prove persisted metadata validation	2026-08-19T03:08:26.9889849Z 	 - Status: SUCCESS
FV-4b required proofs	Prove persisted metadata validation	2026-08-19T03:08:26.9889973Z 	 - Description: "dereference failure: pointer invalid"
FV-4b required proofs	Prove persisted metadata validation	2026-08-19T03:08:26.9890533Z 	 - Location: ../../../.rustup/toolchains/nightly-2025-11-21-x86_64-unknown-linux-gnu/lib/rustlib/src/rust/library/core/src/alloc/layout.rs:152:9 in function std::alloc::Layout::align
FV-4b required proofs	Prove persisted metadata validation	2026-08-19T03:08:26.9890539Z 
FV-4b required proofs	Prove persisted metadata validation	2026-08-19T03:08:26.9890672Z Check 349: std::alloc::Layout::align.pointer_dereference.3
FV-4b required proofs	Prove persisted metadata validation	2026-08-19T03:08:26.9890753Z 	 - Status: SUCCESS
FV-4b required proofs	Prove persisted metadata validation	2026-08-19T03:08:26.9890915Z 	 - Description: "dereference failure: deallocated dynamic object"
FV-4b required proofs	Prove persisted metadata validation	2026-08-19T03:08:26.9891467Z 	 - Location: ../../../.rustup/toolchains/nightly-2025-11-21-x86_64-unknown-linux-gnu/lib/rustlib/src/rust/library/core/src/alloc/layout.rs:152:9 in function std::alloc::Layout::align
FV-4b required proofs	Prove persisted metadata validation	2026-08-19T03:08:26.9891477Z 
FV-4b required proofs	Prove persisted metadata validation	2026-08-19T03:08:26.9891620Z Check 350: std::alloc::Layout::align.pointer_dereference.4
FV-4b required proofs	Prove persisted metadata validation	2026-08-19T03:08:26.9891693Z 	 - Status: SUCCESS
FV-4b required proofs	Prove persisted metadata validation	2026-08-19T03:08:26.9891816Z 	 - Description: "dereference failure: dead object"
FV-4b required proofs	Prove persisted metadata validation	2026-08-19T03:08:26.9892370Z 	 - Location: ../../../.rustup/toolchains/nightly-2025-11-21-x86_64-unknown-linux-gnu/lib/rustlib/src/rust/library/core/src/alloc/layout.rs:152:9 in function std::alloc::Layout::align
FV-4b required proofs	Prove persisted metadata validation	2026-08-19T03:08:26.9892375Z 
FV-4b required proofs	Prove persisted metadata validation	2026-08-19T03:08:26.9892514Z Check 351: std::alloc::Layout::align.pointer_dereference.5
FV-4b required proofs	Prove persisted metadata validation	2026-08-19T03:08:26.9892586Z 	 - Status: SUCCESS
FV-4b required proofs	Prove persisted metadata validation	2026-08-19T03:08:26.9892758Z 	 - Description: "dereference failure: pointer outside object bounds"
FV-4b required proofs	Prove persisted metadata validation	2026-08-19T03:08:26.9893308Z 	 - Location: ../../../.rustup/toolchains/nightly-2025-11-21-x86_64-unknown-linux-gnu/lib/rustlib/src/rust/library/core/src/alloc/layout.rs:152:9 in function std::alloc::Layout::align
FV-4b required proofs	Prove persisted metadata validation	2026-08-19T03:08:26.9893313Z 
FV-4b required proofs	Prove persisted metadata validation	2026-08-19T03:08:26.9893571Z Check 352: std::alloc::Layout::align.pointer_dereference.6
FV-4b required proofs	Prove persisted metadata validation	2026-08-19T03:08:26.9893651Z 	 - Status: SUCCESS
FV-4b required proofs	Prove persisted metadata validation	2026-08-19T03:08:26.9893798Z 	 - Description: "dereference failure: invalid integer address"
FV-4b required proofs	Prove persisted metadata validation	2026-08-19T03:08:26.9894355Z 	 - Location: ../../../.rustup/toolchains/nightly-2025-11-21-x86_64-unknown-linux-gnu/lib/rustlib/src/rust/library/core/src/alloc/layout.rs:152:9 in function std::alloc::Layout::align
FV-4b required proofs	Prove persisted metadata validation	2026-08-19T03:08:26.9894360Z 
FV-4b required proofs	Prove persisted metadata validation	2026-08-19T03:08:26.9894443Z Check 353: memcmp.unwind.0
FV-4b required proofs	Prove persisted metadata validation	2026-08-19T03:08:26.9894523Z 	 - Status: SUCCESS
FV-4b required proofs	Prove persisted metadata validation	2026-08-19T03:08:26.9894631Z 	 - Description: "unwinding assertion loop 0"
FV-4b required proofs	Prove persisted metadata validation	2026-08-19T03:08:26.9894782Z 	 - Location: <builtin-library-memcmp>:25 in function memcmp
FV-4b required proofs	Prove persisted metadata validation	2026-08-19T03:08:26.9894786Z 
FV-4b required proofs	Prove persisted metadata validation	2026-08-19T03:08:26.9894789Z 
FV-4b required proofs	Prove persisted metadata validation	2026-08-19T03:08:26.9894868Z SUMMARY:
FV-4b required proofs	Prove persisted metadata validation	2026-08-19T03:08:26.9894955Z  ** 0 of 353 failed (5 unreachable)
FV-4b required proofs	Prove persisted metadata validation	2026-08-19T03:08:26.9894960Z 
FV-4b required proofs	Prove persisted metadata validation	2026-08-19T03:08:26.9895049Z VERIFICATION:- SUCCESSFUL
FV-4b required proofs	Prove persisted metadata validation	2026-08-19T03:08:26.9895137Z Verification Time: 1.0052768s
FV-4b required proofs	Prove persisted metadata validation	2026-08-19T03:08:26.9895147Z 
FV-4b required proofs	Prove persisted metadata validation	2026-08-19T03:08:26.9895279Z Manual Harness Summary:
FV-4b required proofs	Prove persisted metadata validation	2026-08-19T03:08:26.9895447Z Complete - 1 successfully verified harnesses, 0 failures, 1 total.
FV-4b required proofs	Verify Kani did not modify dependency lock	﻿2026-08-19T03:08:26.9923794Z ##[group]Run set -euo pipefail
FV-4b required proofs	Verify Kani did not modify dependency lock	2026-08-19T03:08:26.9923970Z [36;1mset -euo pipefail[0m
FV-4b required proofs	Verify Kani did not modify dependency lock	2026-08-19T03:08:26.9924092Z [36;1mgit diff --exit-code -- Cargo.lock[0m
FV-4b required proofs	Verify Kani did not modify dependency lock	2026-08-19T03:08:26.9994689Z shell: /usr/bin/bash --noprofile --norc -e -o pipefail {0}
FV-4b required proofs	Verify Kani did not modify dependency lock	2026-08-19T03:08:26.9994783Z ##[endgroup]
FV-4b required proofs	Record workflow provenance	﻿2026-08-19T03:08:27.0151149Z ##[group]Run mkdir -p kani-artifacts
FV-4b required proofs	Record workflow provenance	2026-08-19T03:08:27.0151315Z [36;1mmkdir -p kani-artifacts[0m
FV-4b required proofs	Record workflow provenance	2026-08-19T03:08:27.0151387Z [36;1m{[0m
FV-4b required proofs	Record workflow provenance	2026-08-19T03:08:27.0151492Z [36;1m  echo "run_id=${GITHUB_RUN_ID}"[0m
FV-4b required proofs	Record workflow provenance	2026-08-19T03:08:27.0151622Z [36;1m  echo "run_attempt=${GITHUB_RUN_ATTEMPT}"[0m
FV-4b required proofs	Record workflow provenance	2026-08-19T03:08:27.0151746Z [36;1m  echo "repository=${GITHUB_REPOSITORY}"[0m
FV-4b required proofs	Record workflow provenance	2026-08-19T03:08:27.0151836Z [36;1m  echo "commit=${GITHUB_SHA}"[0m
FV-4b required proofs	Record workflow provenance	2026-08-19T03:08:27.0151930Z [36;1m  echo "ref=${GITHUB_REF}"[0m
FV-4b required proofs	Record workflow provenance	2026-08-19T03:08:27.0152079Z [36;1m} > kani-artifacts/workflow-provenance.txt[0m
FV-4b required proofs	Record workflow provenance	2026-08-19T03:08:27.0220425Z shell: /usr/bin/bash --noprofile --norc -e -o pipefail {0}
FV-4b required proofs	Record workflow provenance	2026-08-19T03:08:27.0220514Z ##[endgroup]
FV-4b required proofs	Upload raw Kani evidence	﻿2026-08-19T03:08:27.0407944Z Node 20 is being deprecated. This workflow is running with Node 24 by default. If you need to temporarily use Node 20, you can set the ACTIONS_ALLOW_USE_UNSECURE_NODE_VERSION=true environment variable. For more information see: https://github.blog/changelog/2025-09-19-deprecation-of-node-20-on-github-actions-runners/
FV-4b required proofs	Upload raw Kani evidence	2026-08-19T03:08:27.0408683Z ##[group]Run actions/upload-artifact@v4
FV-4b required proofs	Upload raw Kani evidence	2026-08-19T03:08:27.0408769Z with:
FV-4b required proofs	Upload raw Kani evidence	2026-08-19T03:08:27.0408869Z   name: fv4b-kani-32210859833-1
FV-4b required proofs	Upload raw Kani evidence	2026-08-19T03:08:27.0408964Z   path: kani-artifacts/
FV-4b required proofs	Upload raw Kani evidence	2026-08-19T03:08:27.0409051Z   if-no-files-found: error
FV-4b required proofs	Upload raw Kani evidence	2026-08-19T03:08:27.0409140Z   retention-days: 90
FV-4b required proofs	Upload raw Kani evidence	2026-08-19T03:08:27.0409222Z   compression-level: 6
FV-4b required proofs	Upload raw Kani evidence	2026-08-19T03:08:27.0409302Z   overwrite: false
FV-4b required proofs	Upload raw Kani evidence	2026-08-19T03:08:27.0409410Z   include-hidden-files: false
FV-4b required proofs	Upload raw Kani evidence	2026-08-19T03:08:27.0409495Z ##[endgroup]
FV-4b required proofs	Upload raw Kani evidence	2026-08-19T03:08:27.2253027Z (node:10301) [DEP0040] DeprecationWarning: The `punycode` module is deprecated. Please use a userland alternative instead.
FV-4b required proofs	Upload raw Kani evidence	2026-08-19T03:08:27.2253568Z (Use `node --trace-deprecation ...` to show where the warning was created)
FV-4b required proofs	Upload raw Kani evidence	2026-08-19T03:08:27.2358946Z With the provided path, there will be 8 files uploaded
FV-4b required proofs	Upload raw Kani evidence	2026-08-19T03:08:27.2367297Z Artifact name is valid!
FV-4b required proofs	Upload raw Kani evidence	2026-08-19T03:08:27.2367626Z Root directory input is valid!
FV-4b required proofs	Upload raw Kani evidence	2026-08-19T03:08:27.5373039Z Beginning upload of artifact content to blob storage
FV-4b required proofs	Upload raw Kani evidence	2026-08-19T03:08:27.5735062Z (node:10301) [DEP0169] DeprecationWarning: `url.parse()` behavior is not standardized and prone to errors that have security implications. Use the WHATWG URL API instead. CVEs are not issued for `url.parse()` vulnerabilities.
FV-4b required proofs	Upload raw Kani evidence	2026-08-19T03:08:27.8163611Z Uploaded bytes 29953
FV-4b required proofs	Upload raw Kani evidence	2026-08-19T03:08:27.8745867Z Finished uploading artifact content to blob storage!
FV-4b required proofs	Upload raw Kani evidence	2026-08-19T03:08:27.8747750Z SHA256 digest of uploaded artifact zip is 06f4c10bb75698883ebd2a33354cdd39fc3dbaef85b78ecf472d025a3ad5ef46
FV-4b required proofs	Upload raw Kani evidence	2026-08-19T03:08:27.8749431Z Finalizing artifact upload
FV-4b required proofs	Upload raw Kani evidence	2026-08-19T03:08:28.1051142Z Artifact fv4b-kani-32210859833-1.zip successfully finalized. Artifact ID 9350760389
FV-4b required proofs	Upload raw Kani evidence	2026-08-19T03:08:28.1052305Z Artifact fv4b-kani-32210859833-1 has been successfully uploaded! Final size is 29953 bytes. Artifact ID is 9350760389
FV-4b required proofs	Upload raw Kani evidence	2026-08-19T03:08:28.1060839Z Artifact download URL: https://github.com/aieonyx/edisondb-fv/actions/runs/32210859833/artifacts/9350760389
FV-4b required proofs	Post Checkout repository	﻿2026-08-19T03:08:28.1289476Z Node 20 is being deprecated. This workflow is running with Node 24 by default. If you need to temporarily use Node 20, you can set the ACTIONS_ALLOW_USE_UNSECURE_NODE_VERSION=true environment variable. For more information see: https://github.blog/changelog/2025-09-19-deprecation-of-node-20-on-github-actions-runners/
FV-4b required proofs	Post Checkout repository	2026-08-19T03:08:28.1290781Z Post job cleanup.
FV-4b required proofs	Post Checkout repository	2026-08-19T03:08:28.2216647Z [command]/usr/bin/git version
FV-4b required proofs	Post Checkout repository	2026-08-19T03:08:28.2263215Z git version 2.55.0
FV-4b required proofs	Post Checkout repository	2026-08-19T03:08:28.2339972Z Temporarily overriding HOME='/home/runner/work/_temp/fdddc103-25ac-4ef0-b6e8-084e8552a2de' before making global git config changes
FV-4b required proofs	Post Checkout repository	2026-08-19T03:08:28.2341364Z Adding repository directory to the temporary git global config as a safe directory
FV-4b required proofs	Post Checkout repository	2026-08-19T03:08:28.2345559Z [command]/usr/bin/git config --global --add safe.directory /home/runner/work/edisondb-fv/edisondb-fv
FV-4b required proofs	Post Checkout repository	2026-08-19T03:08:28.2396131Z [command]/usr/bin/git config --local --name-only --get-regexp core\.sshCommand
FV-4b required proofs	Post Checkout repository	2026-08-19T03:08:28.2438369Z [command]/usr/bin/git submodule foreach --recursive sh -c "git config --local --name-only --get-regexp 'core\.sshCommand' && git config --local --unset-all 'core.sshCommand' || :"
FV-4b required proofs	Post Checkout repository	2026-08-19T03:08:28.2888118Z [command]/usr/bin/git config --local --name-only --get-regexp http\.https\:\/\/github\.com\/\.extraheader
FV-4b required proofs	Post Checkout repository	2026-08-19T03:08:28.2919706Z http.https://github.com/.extraheader
FV-4b required proofs	Post Checkout repository	2026-08-19T03:08:28.2934140Z [command]/usr/bin/git config --local --unset-all http.https://github.com/.extraheader
FV-4b required proofs	Post Checkout repository	2026-08-19T03:08:28.2978285Z [command]/usr/bin/git submodule foreach --recursive sh -c "git config --local --name-only --get-regexp 'http\.https\:\/\/github\.com\/\.extraheader' && git config --local --unset-all 'http.https://github.com/.extraheader' || :"
FV-4b required proofs	Post Checkout repository	2026-08-19T03:08:28.3318535Z [command]/usr/bin/git config --local --name-only --get-regexp ^includeIf\.gitdir:
FV-4b required proofs	Post Checkout repository	2026-08-19T03:08:28.3382013Z [command]/usr/bin/git submodule foreach --recursive git config --local --show-origin --name-only --get-regexp remote.origin.url
FV-4b required proofs	Complete job	﻿2026-08-19T03:08:28.3860556Z Cleaning up orphan processes
FV-4b required proofs	Complete job	2026-08-19T03:08:28.4224815Z ##[warning]Node.js 20 is deprecated. The following actions target Node.js 20 but are being forced to run on Node.js 24: actions/checkout@v4, actions/upload-artifact@v4. For more information see: https://github.blog/changelog/2025-09-19-deprecation-of-node-20-on-github-actions-runners/
