Kani Rust Verifier 0.67.0 (cargo plugin)
   Compiling lsm-tree v3.1.9
   Compiling fjall v3.1.8
   Compiling edisondb v0.6.0-p3m9 (/home/edisonbl/Documents/AIEONYX/edisondb-fv)
warning: Found the following unsupported constructs:
             - caller_location (1)
             - foreign function (2)
         
         Verification will fail if one or more of these constructs is reachable.
         See https://model-checking.github.io/kani/rust-feature-support.html for more details.

    Finished `dev` profile [unoptimized + debuginfo] target(s) in 6.54s
   Compiling edisondb v0.6.0-p3m9 (/home/edisonbl/Documents/AIEONYX/edisondb-fv)
    Finished `dev` profile [unoptimized + debuginfo] target(s) in 1.95s
   Compiling edisondb v0.6.0-p3m9 (/home/edisonbl/Documents/AIEONYX/edisondb-fv)
    Finished `dev` profile [unoptimized + debuginfo] target(s) in 1.14s
Checking harness verification::kani_harnesses::kani_audit_digest_model_single_bit_tamper_changes_digest...
CBMC 6.8.0 (cbmc-6.8.0)
CBMC version 6.8.0 (cbmc-6.8.0) 64-bit x86_64 linux
Reading GOTO program from file /home/edisonbl/Documents/AIEONYX/edisondb-fv/target/kani/x86_64-unknown-linux-gnu/debug/deps/edisondb__RNvNtNtCs8zVKvWqpudH_8edisondb12verification14kani_harnesses56kani_audit_digest_model_single_bit_tamper_changes_digest.out
Generating GOTO Program
Adding CPROVER library (x86_64)
Removal of function pointers and virtual functions
Generic Property Instrumentation
Running with 16 object bits, 48 offset bits (user-specified)
Starting Bounded Model Checking
aborting path on assume(false) at file /home/runner/work/kani/kani/library/kani/src/lib.rs line 57 column 1 function kani::mem::cbmc::same_allocation thread 0
aborting path on assume(false) at file /home/runner/work/kani/kani/library/kani/src/lib.rs line 57 column 1 function kani::mem::cbmc::same_allocation thread 0
aborting path on assume(false) at file /home/runner/.rustup/toolchains/nightly-2025-11-21-x86_64-unknown-linux-gnu/lib/rustlib/src/rust/library/core/src/option.rs line 1338 column 15 function std::option::Option::<usize>::ok_or::<std::collections::TryReserveErrorKind> thread 0
aborting path on assume(false) at file /home/runner/.rustup/toolchains/nightly-2025-11-21-x86_64-unknown-linux-gnu/lib/rustlib/src/rust/library/core/src/result.rs line 2173 column 15 function <std::result::Result<usize, std::collections::TryReserveErrorKind> as std::ops::Try>::branch thread 0
aborting path on assume(false) at file /home/runner/.rustup/toolchains/nightly-2025-11-21-x86_64-unknown-linux-gnu/lib/rustlib/src/rust/library/core/src/alloc/layout.rs line 359 column 5 function std::alloc::Layout::repeat thread 0
aborting path on assume(false) at file /home/runner/.rustup/toolchains/nightly-2025-11-21-x86_64-unknown-linux-gnu/lib/rustlib/src/rust/library/core/src/result.rs line 835 column 15 function std::result::Result::<(std::alloc::Layout, usize), std::alloc::LayoutError>::map::<std::alloc::Layout, {closure@alloc::raw_vec::layout_array::{closure#0}}> thread 0
aborting path on assume(false) at file /home/runner/.rustup/toolchains/nightly-2025-11-21-x86_64-unknown-linux-gnu/lib/rustlib/src/rust/library/core/src/result.rs line 966 column 15 function std::result::Result::<std::alloc::Layout, std::alloc::LayoutError>::map_err::<std::collections::TryReserveError, {closure@alloc::raw_vec::layout_array::{closure#1}}> thread 0
aborting path on assume(false) at file /home/runner/.rustup/toolchains/nightly-2025-11-21-x86_64-unknown-linux-gnu/lib/rustlib/src/rust/library/core/src/result.rs line 2173 column 15 function <std::result::Result<std::alloc::Layout, std::collections::TryReserveError> as std::ops::Try>::branch thread 0
aborting path on assume(false) at file /home/runner/.rustup/toolchains/nightly-2025-11-21-x86_64-unknown-linux-gnu/lib/rustlib/src/rust/library/alloc/src/raw_vec/mod.rs line 745 column 26 function alloc::raw_vec::RawVecInner::finish_grow thread 0
aborting path on assume(false) at file /home/runner/.rustup/toolchains/nightly-2025-11-21-x86_64-unknown-linux-gnu/lib/rustlib/src/rust/library/core/src/result.rs line 2173 column 15 function <std::result::Result<std::ptr::NonNull<[u8]>, std::alloc::AllocError> as std::ops::Try>::branch thread 0
aborting path on assume(false) at file src/lib.rs line 0 column 0 function std::alloc::Global::grow_impl thread 0
aborting path on assume(false) at file /home/runner/.rustup/toolchains/nightly-2025-11-21-x86_64-unknown-linux-gnu/lib/rustlib/src/rust/library/core/src/result.rs line 966 column 15 function std::result::Result::<std::ptr::NonNull<[u8]>, std::alloc::AllocError>::map_err::<std::collections::TryReserveError, {closure@alloc::raw_vec::RawVecInner::finish_grow::{closure#0}}> thread 0
aborting path on assume(false) at file /home/runner/.rustup/toolchains/nightly-2025-11-21-x86_64-unknown-linux-gnu/lib/rustlib/src/rust/library/core/src/result.rs line 2173 column 15 function <std::result::Result<std::ptr::NonNull<[u8]>, std::collections::TryReserveError> as std::ops::Try>::branch thread 0
aborting path on assume(false) at file src/lib.rs line 0 column 0 function alloc::raw_vec::RawVecInner::grow_amortized thread 0
aborting path on assume(false) at file /home/runner/.rustup/toolchains/nightly-2025-11-21-x86_64-unknown-linux-gnu/lib/rustlib/src/rust/library/alloc/src/raw_vec/mod.rs line 550 column 9 function alloc::raw_vec::RawVecInner::<A>::reserve::do_reserve_and_handle::<std::alloc::Global> thread 0
aborting path on assume(false) at file /home/runner/.rustup/toolchains/nightly-2025-11-21-x86_64-unknown-linux-gnu/lib/rustlib/src/rust/library/alloc/src/collections/mod.rs line 93 column 10 function <std::collections::TryReserveErrorKind as std::clone::Clone>::clone thread 0
aborting path on assume(false) at file /home/runner/.rustup/toolchains/nightly-2025-11-21-x86_64-unknown-linux-gnu/lib/rustlib/src/rust/library/alloc/src/raw_vec/mod.rs line 845 column 11 function alloc::raw_vec::handle_error thread 0
aborting path on assume(false) at file /home/runner/.rustup/toolchains/nightly-2025-11-21-x86_64-unknown-linux-gnu/lib/rustlib/src/rust/library/alloc/src/alloc.rs line 366 column 5 function std::alloc::handle_alloc_error::rt_error thread 0
aborting path on assume(false) at file /home/runner/.rustup/toolchains/nightly-2025-11-21-x86_64-unknown-linux-gnu/lib/rustlib/src/rust/library/alloc/src/alloc.rs line 407 column 13 function std::alloc::handle_alloc_error::rt_error thread 0
aborting path on assume(false) at file /home/runner/.rustup/toolchains/nightly-2025-11-21-x86_64-unknown-linux-gnu/lib/rustlib/src/rust/library/alloc/src/alloc.rs line 413 column 9 function std::alloc::handle_alloc_error thread 0
aborting path on assume(false) at file /home/runner/.rustup/toolchains/nightly-2025-11-21-x86_64-unknown-linux-gnu/lib/rustlib/src/rust/library/alloc/src/raw_vec/mod.rs line 847 column 38 function alloc::raw_vec::handle_error thread 0
aborting path on assume(false) at file /home/runner/.rustup/toolchains/nightly-2025-11-21-x86_64-unknown-linux-gnu/lib/rustlib/src/rust/library/alloc/src/raw_vec/mod.rs line 28 column 5 function alloc::raw_vec::capacity_overflow thread 0
aborting path on assume(false) at file /home/runner/.rustup/toolchains/nightly-2025-11-21-x86_64-unknown-linux-gnu/lib/rustlib/src/rust/library/alloc/src/raw_vec/mod.rs line 846 column 29 function alloc::raw_vec::handle_error thread 0
aborting path on assume(false) at file /home/runner/.rustup/toolchains/nightly-2025-11-21-x86_64-unknown-linux-gnu/lib/rustlib/src/rust/library/alloc/src/raw_vec/mod.rs line 558 column 17 function alloc::raw_vec::RawVecInner::<A>::reserve::do_reserve_and_handle::<std::alloc::Global> thread 0
aborting path on assume(false) at file /home/runner/work/kani/kani/library/kani/src/lib.rs line 57 column 1 function kani::mem::cbmc::same_allocation thread 0
aborting path on assume(false) at file /home/runner/.rustup/toolchains/nightly-2025-11-21-x86_64-unknown-linux-gnu/lib/rustlib/src/rust/library/core/src/option.rs line 1338 column 15 function std::option::Option::<usize>::ok_or::<std::collections::TryReserveErrorKind> thread 0
aborting path on assume(false) at file /home/runner/.rustup/toolchains/nightly-2025-11-21-x86_64-unknown-linux-gnu/lib/rustlib/src/rust/library/core/src/result.rs line 2173 column 15 function <std::result::Result<usize, std::collections::TryReserveErrorKind> as std::ops::Try>::branch thread 0
aborting path on assume(false) at file /home/runner/.rustup/toolchains/nightly-2025-11-21-x86_64-unknown-linux-gnu/lib/rustlib/src/rust/library/core/src/alloc/layout.rs line 359 column 5 function std::alloc::Layout::repeat thread 0
aborting path on assume(false) at file /home/runner/.rustup/toolchains/nightly-2025-11-21-x86_64-unknown-linux-gnu/lib/rustlib/src/rust/library/core/src/result.rs line 835 column 15 function std::result::Result::<(std::alloc::Layout, usize), std::alloc::LayoutError>::map::<std::alloc::Layout, {closure@alloc::raw_vec::layout_array::{closure#0}}> thread 0
aborting path on assume(false) at file /home/runner/.rustup/toolchains/nightly-2025-11-21-x86_64-unknown-linux-gnu/lib/rustlib/src/rust/library/core/src/result.rs line 966 column 15 function std::result::Result::<std::alloc::Layout, std::alloc::LayoutError>::map_err::<std::collections::TryReserveError, {closure@alloc::raw_vec::layout_array::{closure#1}}> thread 0
aborting path on assume(false) at file /home/runner/.rustup/toolchains/nightly-2025-11-21-x86_64-unknown-linux-gnu/lib/rustlib/src/rust/library/core/src/result.rs line 2173 column 15 function <std::result::Result<std::alloc::Layout, std::collections::TryReserveError> as std::ops::Try>::branch thread 0
aborting path on assume(false) at file /home/runner/.rustup/toolchains/nightly-2025-11-21-x86_64-unknown-linux-gnu/lib/rustlib/src/rust/library/alloc/src/raw_vec/mod.rs line 745 column 26 function alloc::raw_vec::RawVecInner::finish_grow thread 0
aborting path on assume(false) at file /home/runner/.rustup/toolchains/nightly-2025-11-21-x86_64-unknown-linux-gnu/lib/rustlib/src/rust/library/core/src/result.rs line 2173 column 15 function <std::result::Result<std::ptr::NonNull<[u8]>, std::alloc::AllocError> as std::ops::Try>::branch thread 0
aborting path on assume(false) at file src/lib.rs line 0 column 0 function std::alloc::Global::grow_impl thread 0
aborting path on assume(false) at file /home/runner/.rustup/toolchains/nightly-2025-11-21-x86_64-unknown-linux-gnu/lib/rustlib/src/rust/library/core/src/result.rs line 966 column 15 function std::result::Result::<std::ptr::NonNull<[u8]>, std::alloc::AllocError>::map_err::<std::collections::TryReserveError, {closure@alloc::raw_vec::RawVecInner::finish_grow::{closure#0}}> thread 0
aborting path on assume(false) at file /home/runner/.rustup/toolchains/nightly-2025-11-21-x86_64-unknown-linux-gnu/lib/rustlib/src/rust/library/core/src/result.rs line 2173 column 15 function <std::result::Result<std::ptr::NonNull<[u8]>, std::collections::TryReserveError> as std::ops::Try>::branch thread 0
aborting path on assume(false) at file src/lib.rs line 0 column 0 function alloc::raw_vec::RawVecInner::grow_amortized thread 0
aborting path on assume(false) at file /home/runner/.rustup/toolchains/nightly-2025-11-21-x86_64-unknown-linux-gnu/lib/rustlib/src/rust/library/alloc/src/raw_vec/mod.rs line 550 column 9 function alloc::raw_vec::RawVecInner::<A>::reserve::do_reserve_and_handle::<std::alloc::Global> thread 0
aborting path on assume(false) at file /home/runner/.rustup/toolchains/nightly-2025-11-21-x86_64-unknown-linux-gnu/lib/rustlib/src/rust/library/alloc/src/collections/mod.rs line 93 column 10 function <std::collections::TryReserveErrorKind as std::clone::Clone>::clone thread 0
aborting path on assume(false) at file /home/runner/.rustup/toolchains/nightly-2025-11-21-x86_64-unknown-linux-gnu/lib/rustlib/src/rust/library/alloc/src/raw_vec/mod.rs line 845 column 11 function alloc::raw_vec::handle_error thread 0
aborting path on assume(false) at file /home/runner/.rustup/toolchains/nightly-2025-11-21-x86_64-unknown-linux-gnu/lib/rustlib/src/rust/library/alloc/src/alloc.rs line 366 column 5 function std::alloc::handle_alloc_error::rt_error thread 0
aborting path on assume(false) at file /home/runner/.rustup/toolchains/nightly-2025-11-21-x86_64-unknown-linux-gnu/lib/rustlib/src/rust/library/alloc/src/alloc.rs line 407 column 13 function std::alloc::handle_alloc_error::rt_error thread 0
aborting path on assume(false) at file /home/runner/.rustup/toolchains/nightly-2025-11-21-x86_64-unknown-linux-gnu/lib/rustlib/src/rust/library/alloc/src/alloc.rs line 413 column 9 function std::alloc::handle_alloc_error thread 0
aborting path on assume(false) at file /home/runner/.rustup/toolchains/nightly-2025-11-21-x86_64-unknown-linux-gnu/lib/rustlib/src/rust/library/alloc/src/raw_vec/mod.rs line 847 column 38 function alloc::raw_vec::handle_error thread 0
aborting path on assume(false) at file /home/runner/.rustup/toolchains/nightly-2025-11-21-x86_64-unknown-linux-gnu/lib/rustlib/src/rust/library/alloc/src/raw_vec/mod.rs line 28 column 5 function alloc::raw_vec::capacity_overflow thread 0
aborting path on assume(false) at file /home/runner/.rustup/toolchains/nightly-2025-11-21-x86_64-unknown-linux-gnu/lib/rustlib/src/rust/library/alloc/src/raw_vec/mod.rs line 846 column 29 function alloc::raw_vec::handle_error thread 0
aborting path on assume(false) at file /home/runner/.rustup/toolchains/nightly-2025-11-21-x86_64-unknown-linux-gnu/lib/rustlib/src/rust/library/alloc/src/raw_vec/mod.rs line 558 column 17 function alloc::raw_vec::RawVecInner::<A>::reserve::do_reserve_and_handle::<std::alloc::Global> thread 0
aborting path on assume(false) at file /home/runner/work/kani/kani/library/kani_core/src/models.rs line 176 column 17 function <usize as kani::rustc_intrinsics::ToISize>::to_isize thread 0
aborting path on assume(false) at file /home/runner/work/kani/kani/library/kani/src/lib.rs line 57 column 1 function <usize as kani::rustc_intrinsics::ToISize>::to_isize thread 0
aborting path on assume(false) at file /home/runner/work/kani/kani/library/kani/src/lib.rs line 57 column 1 function <usize as kani::rustc_intrinsics::ToISize>::to_isize thread 0
aborting path on assume(false) at file /home/runner/work/kani/kani/library/kani/src/lib.rs line 57 column 1 function kani::mem::cbmc::same_allocation thread 0
aborting path on assume(false) at file /home/runner/work/kani/kani/library/kani/src/lib.rs line 57 column 1 function kani::mem::cbmc::same_allocation thread 0
aborting path on assume(false) at file /home/runner/work/kani/kani/library/kani/src/lib.rs line 57 column 1 function kani::mem::cbmc::same_allocation thread 0
aborting path on assume(false) at file /home/runner/.rustup/toolchains/nightly-2025-11-21-x86_64-unknown-linux-gnu/lib/rustlib/src/rust/library/core/src/option.rs line 1338 column 15 function std::option::Option::<usize>::ok_or::<std::collections::TryReserveErrorKind> thread 0
aborting path on assume(false) at file /home/runner/.rustup/toolchains/nightly-2025-11-21-x86_64-unknown-linux-gnu/lib/rustlib/src/rust/library/core/src/result.rs line 2173 column 15 function <std::result::Result<usize, std::collections::TryReserveErrorKind> as std::ops::Try>::branch thread 0
aborting path on assume(false) at file /home/runner/.rustup/toolchains/nightly-2025-11-21-x86_64-unknown-linux-gnu/lib/rustlib/src/rust/library/core/src/alloc/layout.rs line 359 column 5 function std::alloc::Layout::repeat thread 0
aborting path on assume(false) at file /home/runner/.rustup/toolchains/nightly-2025-11-21-x86_64-unknown-linux-gnu/lib/rustlib/src/rust/library/core/src/result.rs line 835 column 15 function std::result::Result::<(std::alloc::Layout, usize), std::alloc::LayoutError>::map::<std::alloc::Layout, {closure@alloc::raw_vec::layout_array::{closure#0}}> thread 0
aborting path on assume(false) at file /home/runner/.rustup/toolchains/nightly-2025-11-21-x86_64-unknown-linux-gnu/lib/rustlib/src/rust/library/core/src/result.rs line 966 column 15 function std::result::Result::<std::alloc::Layout, std::alloc::LayoutError>::map_err::<std::collections::TryReserveError, {closure@alloc::raw_vec::layout_array::{closure#1}}> thread 0
aborting path on assume(false) at file /home/runner/.rustup/toolchains/nightly-2025-11-21-x86_64-unknown-linux-gnu/lib/rustlib/src/rust/library/core/src/result.rs line 2173 column 15 function <std::result::Result<std::alloc::Layout, std::collections::TryReserveError> as std::ops::Try>::branch thread 0
aborting path on assume(false) at file /home/runner/.rustup/toolchains/nightly-2025-11-21-x86_64-unknown-linux-gnu/lib/rustlib/src/rust/library/alloc/src/raw_vec/mod.rs line 745 column 26 function alloc::raw_vec::RawVecInner::finish_grow thread 0
aborting path on assume(false) at file /home/runner/.rustup/toolchains/nightly-2025-11-21-x86_64-unknown-linux-gnu/lib/rustlib/src/rust/library/core/src/result.rs line 2173 column 15 function <std::result::Result<std::ptr::NonNull<[u8]>, std::alloc::AllocError> as std::ops::Try>::branch thread 0
aborting path on assume(false) at file src/lib.rs line 0 column 0 function std::alloc::Global::grow_impl thread 0
aborting path on assume(false) at file /home/runner/.rustup/toolchains/nightly-2025-11-21-x86_64-unknown-linux-gnu/lib/rustlib/src/rust/library/core/src/result.rs line 966 column 15 function std::result::Result::<std::ptr::NonNull<[u8]>, std::alloc::AllocError>::map_err::<std::collections::TryReserveError, {closure@alloc::raw_vec::RawVecInner::finish_grow::{closure#0}}> thread 0
aborting path on assume(false) at file /home/runner/.rustup/toolchains/nightly-2025-11-21-x86_64-unknown-linux-gnu/lib/rustlib/src/rust/library/core/src/result.rs line 2173 column 15 function <std::result::Result<std::ptr::NonNull<[u8]>, std::collections::TryReserveError> as std::ops::Try>::branch thread 0
aborting path on assume(false) at file src/lib.rs line 0 column 0 function alloc::raw_vec::RawVecInner::grow_amortized thread 0
aborting path on assume(false) at file /home/runner/.rustup/toolchains/nightly-2025-11-21-x86_64-unknown-linux-gnu/lib/rustlib/src/rust/library/alloc/src/raw_vec/mod.rs line 550 column 9 function alloc::raw_vec::RawVecInner::<A>::reserve::do_reserve_and_handle::<std::alloc::Global> thread 0
aborting path on assume(false) at file /home/runner/.rustup/toolchains/nightly-2025-11-21-x86_64-unknown-linux-gnu/lib/rustlib/src/rust/library/alloc/src/collections/mod.rs line 93 column 10 function <std::collections::TryReserveErrorKind as std::clone::Clone>::clone thread 0
aborting path on assume(false) at file /home/runner/.rustup/toolchains/nightly-2025-11-21-x86_64-unknown-linux-gnu/lib/rustlib/src/rust/library/alloc/src/raw_vec/mod.rs line 845 column 11 function alloc::raw_vec::handle_error thread 0
aborting path on assume(false) at file /home/runner/.rustup/toolchains/nightly-2025-11-21-x86_64-unknown-linux-gnu/lib/rustlib/src/rust/library/alloc/src/alloc.rs line 366 column 5 function std::alloc::handle_alloc_error::rt_error thread 0
aborting path on assume(false) at file /home/runner/.rustup/toolchains/nightly-2025-11-21-x86_64-unknown-linux-gnu/lib/rustlib/src/rust/library/alloc/src/alloc.rs line 407 column 13 function std::alloc::handle_alloc_error::rt_error thread 0
aborting path on assume(false) at file /home/runner/.rustup/toolchains/nightly-2025-11-21-x86_64-unknown-linux-gnu/lib/rustlib/src/rust/library/alloc/src/alloc.rs line 413 column 9 function std::alloc::handle_alloc_error thread 0
aborting path on assume(false) at file /home/runner/.rustup/toolchains/nightly-2025-11-21-x86_64-unknown-linux-gnu/lib/rustlib/src/rust/library/alloc/src/raw_vec/mod.rs line 847 column 38 function alloc::raw_vec::handle_error thread 0
aborting path on assume(false) at file /home/runner/.rustup/toolchains/nightly-2025-11-21-x86_64-unknown-linux-gnu/lib/rustlib/src/rust/library/alloc/src/raw_vec/mod.rs line 28 column 5 function alloc::raw_vec::capacity_overflow thread 0
aborting path on assume(false) at file /home/runner/.rustup/toolchains/nightly-2025-11-21-x86_64-unknown-linux-gnu/lib/rustlib/src/rust/library/alloc/src/raw_vec/mod.rs line 846 column 29 function alloc::raw_vec::handle_error thread 0
aborting path on assume(false) at file /home/runner/.rustup/toolchains/nightly-2025-11-21-x86_64-unknown-linux-gnu/lib/rustlib/src/rust/library/alloc/src/raw_vec/mod.rs line 558 column 17 function alloc::raw_vec::RawVecInner::<A>::reserve::do_reserve_and_handle::<std::alloc::Global> thread 0
aborting path on assume(false) at file /home/runner/work/kani/kani/library/kani_core/src/models.rs line 176 column 17 function <usize as kani::rustc_intrinsics::ToISize>::to_isize thread 0
aborting path on assume(false) at file /home/runner/work/kani/kani/library/kani/src/lib.rs line 57 column 1 function <usize as kani::rustc_intrinsics::ToISize>::to_isize thread 0
aborting path on assume(false) at file /home/runner/work/kani/kani/library/kani/src/lib.rs line 57 column 1 function <usize as kani::rustc_intrinsics::ToISize>::to_isize thread 0
aborting path on assume(false) at file /home/runner/work/kani/kani/library/kani/src/lib.rs line 57 column 1 function kani::mem::cbmc::same_allocation thread 0
aborting path on assume(false) at file src/lib.rs line 294 column 15 function AuditAction::code thread 0
aborting path on assume(false) at file /home/runner/.rustup/toolchains/nightly-2025-11-21-x86_64-unknown-linux-gnu/lib/rustlib/src/rust/library/core/src/option.rs line 1338 column 15 function std::option::Option::<usize>::ok_or::<std::collections::TryReserveErrorKind> thread 0
aborting path on assume(false) at file /home/runner/.rustup/toolchains/nightly-2025-11-21-x86_64-unknown-linux-gnu/lib/rustlib/src/rust/library/core/src/result.rs line 2173 column 15 function <std::result::Result<usize, std::collections::TryReserveErrorKind> as std::ops::Try>::branch thread 0
aborting path on assume(false) at file /home/runner/.rustup/toolchains/nightly-2025-11-21-x86_64-unknown-linux-gnu/lib/rustlib/src/rust/library/core/src/alloc/layout.rs line 359 column 5 function std::alloc::Layout::repeat thread 0
aborting path on assume(false) at file /home/runner/.rustup/toolchains/nightly-2025-11-21-x86_64-unknown-linux-gnu/lib/rustlib/src/rust/library/core/src/result.rs line 835 column 15 function std::result::Result::<(std::alloc::Layout, usize), std::alloc::LayoutError>::map::<std::alloc::Layout, {closure@alloc::raw_vec::layout_array::{closure#0}}> thread 0
aborting path on assume(false) at file /home/runner/.rustup/toolchains/nightly-2025-11-21-x86_64-unknown-linux-gnu/lib/rustlib/src/rust/library/core/src/result.rs line 966 column 15 function std::result::Result::<std::alloc::Layout, std::alloc::LayoutError>::map_err::<std::collections::TryReserveError, {closure@alloc::raw_vec::layout_array::{closure#1}}> thread 0
aborting path on assume(false) at file /home/runner/.rustup/toolchains/nightly-2025-11-21-x86_64-unknown-linux-gnu/lib/rustlib/src/rust/library/core/src/result.rs line 2173 column 15 function <std::result::Result<std::alloc::Layout, std::collections::TryReserveError> as std::ops::Try>::branch thread 0
aborting path on assume(false) at file /home/runner/.rustup/toolchains/nightly-2025-11-21-x86_64-unknown-linux-gnu/lib/rustlib/src/rust/library/alloc/src/raw_vec/mod.rs line 745 column 26 function alloc::raw_vec::RawVecInner::finish_grow thread 0
aborting path on assume(false) at file /home/runner/.rustup/toolchains/nightly-2025-11-21-x86_64-unknown-linux-gnu/lib/rustlib/src/rust/library/core/src/result.rs line 2173 column 15 function <std::result::Result<std::ptr::NonNull<[u8]>, std::alloc::AllocError> as std::ops::Try>::branch thread 0
aborting path on assume(false) at file src/lib.rs line 0 column 0 function std::alloc::Global::grow_impl thread 0
aborting path on assume(false) at file /home/runner/.rustup/toolchains/nightly-2025-11-21-x86_64-unknown-linux-gnu/lib/rustlib/src/rust/library/core/src/result.rs line 966 column 15 function std::result::Result::<std::ptr::NonNull<[u8]>, std::alloc::AllocError>::map_err::<std::collections::TryReserveError, {closure@alloc::raw_vec::RawVecInner::finish_grow::{closure#0}}> thread 0
aborting path on assume(false) at file /home/runner/.rustup/toolchains/nightly-2025-11-21-x86_64-unknown-linux-gnu/lib/rustlib/src/rust/library/core/src/result.rs line 2173 column 15 function <std::result::Result<std::ptr::NonNull<[u8]>, std::collections::TryReserveError> as std::ops::Try>::branch thread 0
aborting path on assume(false) at file src/lib.rs line 0 column 0 function alloc::raw_vec::RawVecInner::grow_amortized thread 0
aborting path on assume(false) at file /home/runner/.rustup/toolchains/nightly-2025-11-21-x86_64-unknown-linux-gnu/lib/rustlib/src/rust/library/alloc/src/raw_vec/mod.rs line 575 column 5 function alloc::raw_vec::RawVecInner::grow_one thread 0
aborting path on assume(false) at file /home/runner/.rustup/toolchains/nightly-2025-11-21-x86_64-unknown-linux-gnu/lib/rustlib/src/rust/library/alloc/src/collections/mod.rs line 93 column 10 function <std::collections::TryReserveErrorKind as std::clone::Clone>::clone thread 0
aborting path on assume(false) at file /home/runner/.rustup/toolchains/nightly-2025-11-21-x86_64-unknown-linux-gnu/lib/rustlib/src/rust/library/alloc/src/raw_vec/mod.rs line 845 column 11 function alloc::raw_vec::handle_error thread 0
aborting path on assume(false) at file /home/runner/.rustup/toolchains/nightly-2025-11-21-x86_64-unknown-linux-gnu/lib/rustlib/src/rust/library/alloc/src/alloc.rs line 366 column 5 function std::alloc::handle_alloc_error::rt_error thread 0
aborting path on assume(false) at file /home/runner/.rustup/toolchains/nightly-2025-11-21-x86_64-unknown-linux-gnu/lib/rustlib/src/rust/library/alloc/src/alloc.rs line 407 column 13 function std::alloc::handle_alloc_error::rt_error thread 0
aborting path on assume(false) at file /home/runner/.rustup/toolchains/nightly-2025-11-21-x86_64-unknown-linux-gnu/lib/rustlib/src/rust/library/alloc/src/alloc.rs line 413 column 9 function std::alloc::handle_alloc_error thread 0
aborting path on assume(false) at file /home/runner/.rustup/toolchains/nightly-2025-11-21-x86_64-unknown-linux-gnu/lib/rustlib/src/rust/library/alloc/src/raw_vec/mod.rs line 847 column 38 function alloc::raw_vec::handle_error thread 0
aborting path on assume(false) at file /home/runner/.rustup/toolchains/nightly-2025-11-21-x86_64-unknown-linux-gnu/lib/rustlib/src/rust/library/alloc/src/raw_vec/mod.rs line 28 column 5 function alloc::raw_vec::capacity_overflow thread 0
aborting path on assume(false) at file /home/runner/.rustup/toolchains/nightly-2025-11-21-x86_64-unknown-linux-gnu/lib/rustlib/src/rust/library/alloc/src/raw_vec/mod.rs line 846 column 29 function alloc::raw_vec::handle_error thread 0
aborting path on assume(false) at file /home/runner/.rustup/toolchains/nightly-2025-11-21-x86_64-unknown-linux-gnu/lib/rustlib/src/rust/library/alloc/src/raw_vec/mod.rs line 578 column 13 function alloc::raw_vec::RawVecInner::grow_one thread 0
aborting path on assume(false) at file /home/runner/work/kani/kani/library/kani_core/src/models.rs line 176 column 17 function <usize as kani::rustc_intrinsics::ToISize>::to_isize thread 0
aborting path on assume(false) at file /home/runner/work/kani/kani/library/kani/src/lib.rs line 57 column 1 function <usize as kani::rustc_intrinsics::ToISize>::to_isize thread 0
aborting path on assume(false) at file /home/runner/work/kani/kani/library/kani/src/lib.rs line 57 column 1 function <usize as kani::rustc_intrinsics::ToISize>::to_isize thread 0
aborting path on assume(false) at file /home/runner/work/kani/kani/library/kani/src/lib.rs line 57 column 1 function kani::mem::cbmc::same_allocation thread 0
aborting path on assume(false) at file /home/runner/work/kani/kani/library/kani/src/lib.rs line 57 column 1 function kani::mem::cbmc::same_allocation thread 0
aborting path on assume(false) at file /home/runner/work/kani/kani/library/kani/src/lib.rs line 57 column 1 function kani::mem::cbmc::same_allocation thread 0
aborting path on assume(false) at file /home/runner/.rustup/toolchains/nightly-2025-11-21-x86_64-unknown-linux-gnu/lib/rustlib/src/rust/library/core/src/option.rs line 1338 column 15 function std::option::Option::<usize>::ok_or::<std::collections::TryReserveErrorKind> thread 0
aborting path on assume(false) at file /home/runner/.rustup/toolchains/nightly-2025-11-21-x86_64-unknown-linux-gnu/lib/rustlib/src/rust/library/core/src/result.rs line 2173 column 15 function <std::result::Result<usize, std::collections::TryReserveErrorKind> as std::ops::Try>::branch thread 0
aborting path on assume(false) at file /home/runner/.rustup/toolchains/nightly-2025-11-21-x86_64-unknown-linux-gnu/lib/rustlib/src/rust/library/core/src/alloc/layout.rs line 359 column 5 function std::alloc::Layout::repeat thread 0
aborting path on assume(false) at file /home/runner/.rustup/toolchains/nightly-2025-11-21-x86_64-unknown-linux-gnu/lib/rustlib/src/rust/library/core/src/result.rs line 835 column 15 function std::result::Result::<(std::alloc::Layout, usize), std::alloc::LayoutError>::map::<std::alloc::Layout, {closure@alloc::raw_vec::layout_array::{closure#0}}> thread 0
aborting path on assume(false) at file /home/runner/.rustup/toolchains/nightly-2025-11-21-x86_64-unknown-linux-gnu/lib/rustlib/src/rust/library/core/src/result.rs line 966 column 15 function std::result::Result::<std::alloc::Layout, std::alloc::LayoutError>::map_err::<std::collections::TryReserveError, {closure@alloc::raw_vec::layout_array::{closure#1}}> thread 0
aborting path on assume(false) at file /home/runner/.rustup/toolchains/nightly-2025-11-21-x86_64-unknown-linux-gnu/lib/rustlib/src/rust/library/core/src/result.rs line 2173 column 15 function <std::result::Result<std::alloc::Layout, std::collections::TryReserveError> as std::ops::Try>::branch thread 0
aborting path on assume(false) at file /home/runner/.rustup/toolchains/nightly-2025-11-21-x86_64-unknown-linux-gnu/lib/rustlib/src/rust/library/alloc/src/raw_vec/mod.rs line 745 column 26 function alloc::raw_vec::RawVecInner::finish_grow thread 0
aborting path on assume(false) at file /home/runner/.rustup/toolchains/nightly-2025-11-21-x86_64-unknown-linux-gnu/lib/rustlib/src/rust/library/core/src/result.rs line 2173 column 15 function <std::result::Result<std::ptr::NonNull<[u8]>, std::alloc::AllocError> as std::ops::Try>::branch thread 0
aborting path on assume(false) at file src/lib.rs line 0 column 0 function std::alloc::Global::grow_impl thread 0
aborting path on assume(false) at file /home/runner/.rustup/toolchains/nightly-2025-11-21-x86_64-unknown-linux-gnu/lib/rustlib/src/rust/library/core/src/result.rs line 966 column 15 function std::result::Result::<std::ptr::NonNull<[u8]>, std::alloc::AllocError>::map_err::<std::collections::TryReserveError, {closure@alloc::raw_vec::RawVecInner::finish_grow::{closure#0}}> thread 0
aborting path on assume(false) at file /home/runner/.rustup/toolchains/nightly-2025-11-21-x86_64-unknown-linux-gnu/lib/rustlib/src/rust/library/core/src/result.rs line 2173 column 15 function <std::result::Result<std::ptr::NonNull<[u8]>, std::collections::TryReserveError> as std::ops::Try>::branch thread 0
aborting path on assume(false) at file src/lib.rs line 0 column 0 function alloc::raw_vec::RawVecInner::grow_amortized thread 0
aborting path on assume(false) at file /home/runner/.rustup/toolchains/nightly-2025-11-21-x86_64-unknown-linux-gnu/lib/rustlib/src/rust/library/alloc/src/raw_vec/mod.rs line 550 column 9 function alloc::raw_vec::RawVecInner::<A>::reserve::do_reserve_and_handle::<std::alloc::Global> thread 0
aborting path on assume(false) at file /home/runner/.rustup/toolchains/nightly-2025-11-21-x86_64-unknown-linux-gnu/lib/rustlib/src/rust/library/alloc/src/collections/mod.rs line 93 column 10 function <std::collections::TryReserveErrorKind as std::clone::Clone>::clone thread 0
aborting path on assume(false) at file /home/runner/.rustup/toolchains/nightly-2025-11-21-x86_64-unknown-linux-gnu/lib/rustlib/src/rust/library/alloc/src/raw_vec/mod.rs line 845 column 11 function alloc::raw_vec::handle_error thread 0
aborting path on assume(false) at file /home/runner/.rustup/toolchains/nightly-2025-11-21-x86_64-unknown-linux-gnu/lib/rustlib/src/rust/library/alloc/src/alloc.rs line 366 column 5 function std::alloc::handle_alloc_error::rt_error thread 0
aborting path on assume(false) at file /home/runner/.rustup/toolchains/nightly-2025-11-21-x86_64-unknown-linux-gnu/lib/rustlib/src/rust/library/alloc/src/alloc.rs line 407 column 13 function std::alloc::handle_alloc_error::rt_error thread 0
aborting path on assume(false) at file /home/runner/.rustup/toolchains/nightly-2025-11-21-x86_64-unknown-linux-gnu/lib/rustlib/src/rust/library/alloc/src/alloc.rs line 413 column 9 function std::alloc::handle_alloc_error thread 0
aborting path on assume(false) at file /home/runner/.rustup/toolchains/nightly-2025-11-21-x86_64-unknown-linux-gnu/lib/rustlib/src/rust/library/alloc/src/raw_vec/mod.rs line 847 column 38 function alloc::raw_vec::handle_error thread 0
aborting path on assume(false) at file /home/runner/.rustup/toolchains/nightly-2025-11-21-x86_64-unknown-linux-gnu/lib/rustlib/src/rust/library/alloc/src/raw_vec/mod.rs line 28 column 5 function alloc::raw_vec::capacity_overflow thread 0
aborting path on assume(false) at file /home/runner/.rustup/toolchains/nightly-2025-11-21-x86_64-unknown-linux-gnu/lib/rustlib/src/rust/library/alloc/src/raw_vec/mod.rs line 846 column 29 function alloc::raw_vec::handle_error thread 0
aborting path on assume(false) at file /home/runner/.rustup/toolchains/nightly-2025-11-21-x86_64-unknown-linux-gnu/lib/rustlib/src/rust/library/alloc/src/raw_vec/mod.rs line 558 column 17 function alloc::raw_vec::RawVecInner::<A>::reserve::do_reserve_and_handle::<std::alloc::Global> thread 0
aborting path on assume(false) at file /home/runner/work/kani/kani/library/kani_core/src/models.rs line 176 column 17 function <usize as kani::rustc_intrinsics::ToISize>::to_isize thread 0
aborting path on assume(false) at file /home/runner/work/kani/kani/library/kani/src/lib.rs line 57 column 1 function <usize as kani::rustc_intrinsics::ToISize>::to_isize thread 0
aborting path on assume(false) at file /home/runner/work/kani/kani/library/kani/src/lib.rs line 57 column 1 function <usize as kani::rustc_intrinsics::ToISize>::to_isize thread 0
aborting path on assume(false) at file /home/runner/work/kani/kani/library/kani/src/lib.rs line 57 column 1 function kani::mem::cbmc::same_allocation thread 0
aborting path on assume(false) at file /home/runner/work/kani/kani/library/kani/src/lib.rs line 57 column 1 function kani::mem::cbmc::same_allocation thread 0
aborting path on assume(false) at file /home/runner/work/kani/kani/library/kani/src/lib.rs line 57 column 1 function kani::mem::cbmc::same_allocation thread 0
aborting path on assume(false) at file /home/runner/.rustup/toolchains/nightly-2025-11-21-x86_64-unknown-linux-gnu/lib/rustlib/src/rust/library/core/src/option.rs line 1338 column 15 function std::option::Option::<usize>::ok_or::<std::collections::TryReserveErrorKind> thread 0
aborting path on assume(false) at file /home/runner/.rustup/toolchains/nightly-2025-11-21-x86_64-unknown-linux-gnu/lib/rustlib/src/rust/library/core/src/result.rs line 2173 column 15 function <std::result::Result<usize, std::collections::TryReserveErrorKind> as std::ops::Try>::branch thread 0
aborting path on assume(false) at file /home/runner/.rustup/toolchains/nightly-2025-11-21-x86_64-unknown-linux-gnu/lib/rustlib/src/rust/library/core/src/alloc/layout.rs line 359 column 5 function std::alloc::Layout::repeat thread 0
aborting path on assume(false) at file /home/runner/.rustup/toolchains/nightly-2025-11-21-x86_64-unknown-linux-gnu/lib/rustlib/src/rust/library/core/src/result.rs line 835 column 15 function std::result::Result::<(std::alloc::Layout, usize), std::alloc::LayoutError>::map::<std::alloc::Layout, {closure@alloc::raw_vec::layout_array::{closure#0}}> thread 0
aborting path on assume(false) at file /home/runner/.rustup/toolchains/nightly-2025-11-21-x86_64-unknown-linux-gnu/lib/rustlib/src/rust/library/core/src/result.rs line 966 column 15 function std::result::Result::<std::alloc::Layout, std::alloc::LayoutError>::map_err::<std::collections::TryReserveError, {closure@alloc::raw_vec::layout_array::{closure#1}}> thread 0
aborting path on assume(false) at file /home/runner/.rustup/toolchains/nightly-2025-11-21-x86_64-unknown-linux-gnu/lib/rustlib/src/rust/library/core/src/result.rs line 2173 column 15 function <std::result::Result<std::alloc::Layout, std::collections::TryReserveError> as std::ops::Try>::branch thread 0
aborting path on assume(false) at file /home/runner/.rustup/toolchains/nightly-2025-11-21-x86_64-unknown-linux-gnu/lib/rustlib/src/rust/library/alloc/src/raw_vec/mod.rs line 745 column 26 function alloc::raw_vec::RawVecInner::finish_grow thread 0
aborting path on assume(false) at file /home/runner/.rustup/toolchains/nightly-2025-11-21-x86_64-unknown-linux-gnu/lib/rustlib/src/rust/library/core/src/result.rs line 2173 column 15 function <std::result::Result<std::ptr::NonNull<[u8]>, std::alloc::AllocError> as std::ops::Try>::branch thread 0
aborting path on assume(false) at file src/lib.rs line 0 column 0 function std::alloc::Global::grow_impl thread 0
aborting path on assume(false) at file /home/runner/.rustup/toolchains/nightly-2025-11-21-x86_64-unknown-linux-gnu/lib/rustlib/src/rust/library/core/src/result.rs line 966 column 15 function std::result::Result::<std::ptr::NonNull<[u8]>, std::alloc::AllocError>::map_err::<std::collections::TryReserveError, {closure@alloc::raw_vec::RawVecInner::finish_grow::{closure#0}}> thread 0
aborting path on assume(false) at file /home/runner/.rustup/toolchains/nightly-2025-11-21-x86_64-unknown-linux-gnu/lib/rustlib/src/rust/library/core/src/result.rs line 2173 column 15 function <std::result::Result<std::ptr::NonNull<[u8]>, std::collections::TryReserveError> as std::ops::Try>::branch thread 0
aborting path on assume(false) at file src/lib.rs line 0 column 0 function alloc::raw_vec::RawVecInner::grow_amortized thread 0
aborting path on assume(false) at file /home/runner/.rustup/toolchains/nightly-2025-11-21-x86_64-unknown-linux-gnu/lib/rustlib/src/rust/library/alloc/src/raw_vec/mod.rs line 550 column 9 function alloc::raw_vec::RawVecInner::<A>::reserve::do_reserve_and_handle::<std::alloc::Global> thread 0
aborting path on assume(false) at file /home/runner/.rustup/toolchains/nightly-2025-11-21-x86_64-unknown-linux-gnu/lib/rustlib/src/rust/library/alloc/src/collections/mod.rs line 93 column 10 function <std::collections::TryReserveErrorKind as std::clone::Clone>::clone thread 0
aborting path on assume(false) at file /home/runner/.rustup/toolchains/nightly-2025-11-21-x86_64-unknown-linux-gnu/lib/rustlib/src/rust/library/alloc/src/raw_vec/mod.rs line 845 column 11 function alloc::raw_vec::handle_error thread 0
aborting path on assume(false) at file /home/runner/.rustup/toolchains/nightly-2025-11-21-x86_64-unknown-linux-gnu/lib/rustlib/src/rust/library/alloc/src/alloc.rs line 366 column 5 function std::alloc::handle_alloc_error::rt_error thread 0
aborting path on assume(false) at file /home/runner/.rustup/toolchains/nightly-2025-11-21-x86_64-unknown-linux-gnu/lib/rustlib/src/rust/library/alloc/src/alloc.rs line 407 column 13 function std::alloc::handle_alloc_error::rt_error thread 0
aborting path on assume(false) at file /home/runner/.rustup/toolchains/nightly-2025-11-21-x86_64-unknown-linux-gnu/lib/rustlib/src/rust/library/alloc/src/alloc.rs line 413 column 9 function std::alloc::handle_alloc_error thread 0
aborting path on assume(false) at file /home/runner/.rustup/toolchains/nightly-2025-11-21-x86_64-unknown-linux-gnu/lib/rustlib/src/rust/library/alloc/src/raw_vec/mod.rs line 847 column 38 function alloc::raw_vec::handle_error thread 0
aborting path on assume(false) at file /home/runner/.rustup/toolchains/nightly-2025-11-21-x86_64-unknown-linux-gnu/lib/rustlib/src/rust/library/alloc/src/raw_vec/mod.rs line 28 column 5 function alloc::raw_vec::capacity_overflow thread 0
aborting path on assume(false) at file /home/runner/.rustup/toolchains/nightly-2025-11-21-x86_64-unknown-linux-gnu/lib/rustlib/src/rust/library/alloc/src/raw_vec/mod.rs line 846 column 29 function alloc::raw_vec::handle_error thread 0
aborting path on assume(false) at file /home/runner/.rustup/toolchains/nightly-2025-11-21-x86_64-unknown-linux-gnu/lib/rustlib/src/rust/library/alloc/src/raw_vec/mod.rs line 558 column 17 function alloc::raw_vec::RawVecInner::<A>::reserve::do_reserve_and_handle::<std::alloc::Global> thread 0
aborting path on assume(false) at file /home/runner/work/kani/kani/library/kani_core/src/models.rs line 176 column 17 function <usize as kani::rustc_intrinsics::ToISize>::to_isize thread 0
aborting path on assume(false) at file /home/runner/work/kani/kani/library/kani/src/lib.rs line 57 column 1 function <usize as kani::rustc_intrinsics::ToISize>::to_isize thread 0
aborting path on assume(false) at file /home/runner/work/kani/kani/library/kani/src/lib.rs line 57 column 1 function <usize as kani::rustc_intrinsics::ToISize>::to_isize thread 0
aborting path on assume(false) at file /home/runner/work/kani/kani/library/kani/src/lib.rs line 57 column 1 function kani::mem::cbmc::same_allocation thread 0
Unwinding loop _RNvNtNtCs8zVKvWqpudH_8edisondb12verification14kani_harnesses25bounded_audit_model_input.0 iteration 1 file src/verification.rs line 399 column 9 function verification::kani_harnesses::bounded_audit_model_input thread 0
Unwinding loop _RNvNtNtCs8zVKvWqpudH_8edisondb12verification14kani_harnesses25bounded_audit_model_input.0 iteration 2 file src/verification.rs line 399 column 9 function verification::kani_harnesses::bounded_audit_model_input thread 0
Unwinding loop _RNvNtNtCs8zVKvWqpudH_8edisondb12verification14kani_harnesses25bounded_audit_model_input.0 iteration 3 file src/verification.rs line 399 column 9 function verification::kani_harnesses::bounded_audit_model_input thread 0
Unwinding loop _RNvNtNtCs8zVKvWqpudH_8edisondb12verification14kani_harnesses25bounded_audit_model_input.0 iteration 4 file src/verification.rs line 399 column 9 function verification::kani_harnesses::bounded_audit_model_input thread 0
Unwinding loop _RNvNtNtCs8zVKvWqpudH_8edisondb12verification14kani_harnesses25bounded_audit_model_input.0 iteration 5 file src/verification.rs line 399 column 9 function verification::kani_harnesses::bounded_audit_model_input thread 0
Unwinding loop _RNvNtNtCs8zVKvWqpudH_8edisondb12verification14kani_harnesses25bounded_audit_model_input.0 iteration 6 file src/verification.rs line 399 column 9 function verification::kani_harnesses::bounded_audit_model_input thread 0
Unwinding loop _RNvNtNtCs8zVKvWqpudH_8edisondb12verification14kani_harnesses25bounded_audit_model_input.0 iteration 7 file src/verification.rs line 399 column 9 function verification::kani_harnesses::bounded_audit_model_input thread 0
Unwinding loop _RNvNtNtCs8zVKvWqpudH_8edisondb12verification14kani_harnesses25bounded_audit_model_input.0 iteration 8 file src/verification.rs line 399 column 9 function verification::kani_harnesses::bounded_audit_model_input thread 0
Unwinding loop _RNvNtNtCs8zVKvWqpudH_8edisondb12verification14kani_harnesses25bounded_audit_model_input.0 iteration 9 file src/verification.rs line 399 column 9 function verification::kani_harnesses::bounded_audit_model_input thread 0
Unwinding loop _RNvNtNtCs8zVKvWqpudH_8edisondb12verification14kani_harnesses25bounded_audit_model_input.0 iteration 10 file src/verification.rs line 399 column 9 function verification::kani_harnesses::bounded_audit_model_input thread 0
Unwinding loop _RNvNtNtCs8zVKvWqpudH_8edisondb12verification14kani_harnesses25bounded_audit_model_input.0 iteration 11 file src/verification.rs line 399 column 9 function verification::kani_harnesses::bounded_audit_model_input thread 0
Unwinding loop _RNvNtNtCs8zVKvWqpudH_8edisondb12verification14kani_harnesses25bounded_audit_model_input.0 iteration 12 file src/verification.rs line 399 column 9 function verification::kani_harnesses::bounded_audit_model_input thread 0
Unwinding loop _RNvNtNtCs8zVKvWqpudH_8edisondb12verification14kani_harnesses25bounded_audit_model_input.0 iteration 13 file src/verification.rs line 399 column 9 function verification::kani_harnesses::bounded_audit_model_input thread 0
Unwinding loop _RNvNtNtCs8zVKvWqpudH_8edisondb12verification14kani_harnesses25bounded_audit_model_input.0 iteration 14 file src/verification.rs line 399 column 9 function verification::kani_harnesses::bounded_audit_model_input thread 0
Unwinding loop _RNvNtNtCs8zVKvWqpudH_8edisondb12verification14kani_harnesses25bounded_audit_model_input.0 iteration 15 file src/verification.rs line 399 column 9 function verification::kani_harnesses::bounded_audit_model_input thread 0
Unwinding loop _RNvNtNtCs8zVKvWqpudH_8edisondb12verification14kani_harnesses25bounded_audit_model_input.0 iteration 16 file src/verification.rs line 399 column 9 function verification::kani_harnesses::bounded_audit_model_input thread 0
Unwinding loop _RNvNtNtCs8zVKvWqpudH_8edisondb12verification14kani_harnesses25bounded_audit_model_input.0 iteration 17 file src/verification.rs line 399 column 9 function verification::kani_harnesses::bounded_audit_model_input thread 0
Unwinding loop _RNvNtNtCs8zVKvWqpudH_8edisondb12verification14kani_harnesses25bounded_audit_model_input.0 iteration 18 file src/verification.rs line 399 column 9 function verification::kani_harnesses::bounded_audit_model_input thread 0
Unwinding loop _RNvNtNtCs8zVKvWqpudH_8edisondb12verification14kani_harnesses25bounded_audit_model_input.0 iteration 19 file src/verification.rs line 399 column 9 function verification::kani_harnesses::bounded_audit_model_input thread 0
Unwinding loop _RNvNtNtCs8zVKvWqpudH_8edisondb12verification14kani_harnesses25bounded_audit_model_input.0 iteration 20 file src/verification.rs line 399 column 9 function verification::kani_harnesses::bounded_audit_model_input thread 0
Unwinding loop _RNvNtNtCs8zVKvWqpudH_8edisondb12verification14kani_harnesses25bounded_audit_model_input.0 iteration 21 file src/verification.rs line 399 column 9 function verification::kani_harnesses::bounded_audit_model_input thread 0
Unwinding loop _RNvNtNtCs8zVKvWqpudH_8edisondb12verification14kani_harnesses25bounded_audit_model_input.0 iteration 22 file src/verification.rs line 399 column 9 function verification::kani_harnesses::bounded_audit_model_input thread 0
Unwinding loop _RNvNtNtCs8zVKvWqpudH_8edisondb12verification14kani_harnesses25bounded_audit_model_input.0 iteration 23 file src/verification.rs line 399 column 9 function verification::kani_harnesses::bounded_audit_model_input thread 0
Unwinding loop _RNvNtNtCs8zVKvWqpudH_8edisondb12verification14kani_harnesses25bounded_audit_model_input.0 iteration 24 file src/verification.rs line 399 column 9 function verification::kani_harnesses::bounded_audit_model_input thread 0
Unwinding loop _RNvNtNtCs8zVKvWqpudH_8edisondb12verification14kani_harnesses25bounded_audit_model_input.0 iteration 25 file src/verification.rs line 399 column 9 function verification::kani_harnesses::bounded_audit_model_input thread 0
Unwinding loop _RNvNtNtCs8zVKvWqpudH_8edisondb12verification14kani_harnesses25bounded_audit_model_input.0 iteration 26 file src/verification.rs line 399 column 9 function verification::kani_harnesses::bounded_audit_model_input thread 0
Unwinding loop _RNvNtNtCs8zVKvWqpudH_8edisondb12verification14kani_harnesses25bounded_audit_model_input.0 iteration 27 file src/verification.rs line 399 column 9 function verification::kani_harnesses::bounded_audit_model_input thread 0
Unwinding loop _RNvNtNtCs8zVKvWqpudH_8edisondb12verification14kani_harnesses25bounded_audit_model_input.0 iteration 28 file src/verification.rs line 399 column 9 function verification::kani_harnesses::bounded_audit_model_input thread 0
Unwinding loop _RNvNtNtCs8zVKvWqpudH_8edisondb12verification14kani_harnesses25bounded_audit_model_input.0 iteration 29 file src/verification.rs line 399 column 9 function verification::kani_harnesses::bounded_audit_model_input thread 0
Unwinding loop _RNvNtNtCs8zVKvWqpudH_8edisondb12verification14kani_harnesses25bounded_audit_model_input.0 iteration 30 file src/verification.rs line 399 column 9 function verification::kani_harnesses::bounded_audit_model_input thread 0
Unwinding loop _RNvNtNtCs8zVKvWqpudH_8edisondb12verification14kani_harnesses25bounded_audit_model_input.0 iteration 31 file src/verification.rs line 399 column 9 function verification::kani_harnesses::bounded_audit_model_input thread 0
Unwinding loop _RNvNtNtCs8zVKvWqpudH_8edisondb12verification14kani_harnesses25bounded_audit_model_input.0 iteration 32 file src/verification.rs line 399 column 9 function verification::kani_harnesses::bounded_audit_model_input thread 0
Unwinding loop _RNvNtNtCs8zVKvWqpudH_8edisondb12verification14kani_harnesses25bounded_audit_model_input.0 iteration 33 file src/verification.rs line 399 column 9 function verification::kani_harnesses::bounded_audit_model_input thread 0
Unwinding loop _RNvNtNtCs8zVKvWqpudH_8edisondb12verification14kani_harnesses25bounded_audit_model_input.0 iteration 34 file src/verification.rs line 399 column 9 function verification::kani_harnesses::bounded_audit_model_input thread 0
Unwinding loop _RNvNtNtCs8zVKvWqpudH_8edisondb12verification14kani_harnesses25bounded_audit_model_input.0 iteration 35 file src/verification.rs line 399 column 9 function verification::kani_harnesses::bounded_audit_model_input thread 0
Unwinding loop _RNvNtNtCs8zVKvWqpudH_8edisondb12verification14kani_harnesses25bounded_audit_model_input.0 iteration 36 file src/verification.rs line 399 column 9 function verification::kani_harnesses::bounded_audit_model_input thread 0
Unwinding loop _RNvNtNtCs8zVKvWqpudH_8edisondb12verification14kani_harnesses25bounded_audit_model_input.0 iteration 37 file src/verification.rs line 399 column 9 function verification::kani_harnesses::bounded_audit_model_input thread 0
Unwinding loop _RNvNtNtCs8zVKvWqpudH_8edisondb12verification14kani_harnesses25bounded_audit_model_input.0 iteration 38 file src/verification.rs line 399 column 9 function verification::kani_harnesses::bounded_audit_model_input thread 0
Unwinding loop _RNvNtNtCs8zVKvWqpudH_8edisondb12verification14kani_harnesses25bounded_audit_model_input.0 iteration 39 file src/verification.rs line 399 column 9 function verification::kani_harnesses::bounded_audit_model_input thread 0
Unwinding loop _RNvNtNtCs8zVKvWqpudH_8edisondb12verification14kani_harnesses25bounded_audit_model_input.0 iteration 40 file src/verification.rs line 399 column 9 function verification::kani_harnesses::bounded_audit_model_input thread 0
Unwinding loop _RNvNtNtCs8zVKvWqpudH_8edisondb12verification14kani_harnesses25bounded_audit_model_input.0 iteration 41 file src/verification.rs line 399 column 9 function verification::kani_harnesses::bounded_audit_model_input thread 0
Unwinding loop _RNvNtNtCs8zVKvWqpudH_8edisondb12verification14kani_harnesses25bounded_audit_model_input.0 iteration 42 file src/verification.rs line 399 column 9 function verification::kani_harnesses::bounded_audit_model_input thread 0
Unwinding loop _RNvNtNtCs8zVKvWqpudH_8edisondb12verification14kani_harnesses25bounded_audit_model_input.0 iteration 43 file src/verification.rs line 399 column 9 function verification::kani_harnesses::bounded_audit_model_input thread 0
Unwinding loop _RNvNtNtCs8zVKvWqpudH_8edisondb12verification14kani_harnesses25bounded_audit_model_input.0 iteration 44 file src/verification.rs line 399 column 9 function verification::kani_harnesses::bounded_audit_model_input thread 0
Unwinding loop _RNvNtNtCs8zVKvWqpudH_8edisondb12verification14kani_harnesses25bounded_audit_model_input.0 iteration 45 file src/verification.rs line 399 column 9 function verification::kani_harnesses::bounded_audit_model_input thread 0
Unwinding loop _RNvNtNtCs8zVKvWqpudH_8edisondb12verification14kani_harnesses25bounded_audit_model_input.0 iteration 46 file src/verification.rs line 399 column 9 function verification::kani_harnesses::bounded_audit_model_input thread 0
Unwinding loop _RNvNtNtCs8zVKvWqpudH_8edisondb12verification14kani_harnesses25bounded_audit_model_input.0 iteration 47 file src/verification.rs line 399 column 9 function verification::kani_harnesses::bounded_audit_model_input thread 0
Unwinding loop _RNvNtNtCs8zVKvWqpudH_8edisondb12verification14kani_harnesses25bounded_audit_model_input.0 iteration 48 file src/verification.rs line 399 column 9 function verification::kani_harnesses::bounded_audit_model_input thread 0
Unwinding loop _RNvNtNtCs8zVKvWqpudH_8edisondb12verification14kani_harnesses25bounded_audit_model_input.0 iteration 49 file src/verification.rs line 399 column 9 function verification::kani_harnesses::bounded_audit_model_input thread 0
Unwinding loop _RNvNtNtCs8zVKvWqpudH_8edisondb12verification14kani_harnesses25bounded_audit_model_input.0 iteration 50 file src/verification.rs line 399 column 9 function verification::kani_harnesses::bounded_audit_model_input thread 0
Unwinding loop _RNvNtNtCs8zVKvWqpudH_8edisondb12verification14kani_harnesses25bounded_audit_model_input.0 iteration 51 file src/verification.rs line 399 column 9 function verification::kani_harnesses::bounded_audit_model_input thread 0
Unwinding loop _RNvNtNtCs8zVKvWqpudH_8edisondb12verification14kani_harnesses25bounded_audit_model_input.0 iteration 52 file src/verification.rs line 399 column 9 function verification::kani_harnesses::bounded_audit_model_input thread 0
Unwinding loop _RNvNtNtCs8zVKvWqpudH_8edisondb12verification14kani_harnesses25bounded_audit_model_input.0 iteration 53 file src/verification.rs line 399 column 9 function verification::kani_harnesses::bounded_audit_model_input thread 0
Unwinding loop _RNvNtNtCs8zVKvWqpudH_8edisondb12verification14kani_harnesses25bounded_audit_model_input.0 iteration 54 file src/verification.rs line 399 column 9 function verification::kani_harnesses::bounded_audit_model_input thread 0
Unwinding loop _RNvNtNtCs8zVKvWqpudH_8edisondb12verification14kani_harnesses25bounded_audit_model_input.0 iteration 55 file src/verification.rs line 399 column 9 function verification::kani_harnesses::bounded_audit_model_input thread 0
Unwinding loop _RNvNtNtCs8zVKvWqpudH_8edisondb12verification14kani_harnesses25bounded_audit_model_input.0 iteration 56 file src/verification.rs line 399 column 9 function verification::kani_harnesses::bounded_audit_model_input thread 0
Unwinding loop _RNvNtNtCs8zVKvWqpudH_8edisondb12verification14kani_harnesses25bounded_audit_model_input.0 iteration 57 file src/verification.rs line 399 column 9 function verification::kani_harnesses::bounded_audit_model_input thread 0
Unwinding loop _RNvNtNtCs8zVKvWqpudH_8edisondb12verification14kani_harnesses25bounded_audit_model_input.0 iteration 58 file src/verification.rs line 399 column 9 function verification::kani_harnesses::bounded_audit_model_input thread 0
Unwinding loop _RNvNtNtCs8zVKvWqpudH_8edisondb12verification14kani_harnesses25bounded_audit_model_input.0 iteration 59 file src/verification.rs line 399 column 9 function verification::kani_harnesses::bounded_audit_model_input thread 0
Unwinding loop _RNvNtNtCs8zVKvWqpudH_8edisondb12verification14kani_harnesses25bounded_audit_model_input.0 iteration 60 file src/verification.rs line 399 column 9 function verification::kani_harnesses::bounded_audit_model_input thread 0
Unwinding loop _RNvNtNtCs8zVKvWqpudH_8edisondb12verification14kani_harnesses25bounded_audit_model_input.0 iteration 61 file src/verification.rs line 399 column 9 function verification::kani_harnesses::bounded_audit_model_input thread 0
Unwinding loop _RNvNtNtCs8zVKvWqpudH_8edisondb12verification14kani_harnesses25bounded_audit_model_input.0 iteration 62 file src/verification.rs line 399 column 9 function verification::kani_harnesses::bounded_audit_model_input thread 0
Unwinding loop _RNvNtNtCs8zVKvWqpudH_8edisondb12verification14kani_harnesses25bounded_audit_model_input.0 iteration 63 file src/verification.rs line 399 column 9 function verification::kani_harnesses::bounded_audit_model_input thread 0
Unwinding loop _RNvNtNtCs8zVKvWqpudH_8edisondb12verification14kani_harnesses25bounded_audit_model_input.0 iteration 64 file src/verification.rs line 399 column 9 function verification::kani_harnesses::bounded_audit_model_input thread 0
Unwinding loop _RNvNtNtCs8zVKvWqpudH_8edisondb12verification14kani_harnesses25bounded_audit_model_input.0 iteration 65 file src/verification.rs line 399 column 9 function verification::kani_harnesses::bounded_audit_model_input thread 0
Unwinding loop _RNvNtNtCs8zVKvWqpudH_8edisondb12verification14kani_harnesses25bounded_audit_model_input.0 iteration 66 file src/verification.rs line 399 column 9 function verification::kani_harnesses::bounded_audit_model_input thread 0
Unwinding loop _RNvNtNtCs8zVKvWqpudH_8edisondb12verification14kani_harnesses25bounded_audit_model_input.0 iteration 67 file src/verification.rs line 399 column 9 function verification::kani_harnesses::bounded_audit_model_input thread 0
Unwinding loop _RNvNtNtCs8zVKvWqpudH_8edisondb12verification14kani_harnesses25bounded_audit_model_input.0 iteration 68 file src/verification.rs line 399 column 9 function verification::kani_harnesses::bounded_audit_model_input thread 0
Unwinding loop _RNvNtNtCs8zVKvWqpudH_8edisondb12verification14kani_harnesses25bounded_audit_model_input.0 iteration 69 file src/verification.rs line 399 column 9 function verification::kani_harnesses::bounded_audit_model_input thread 0
Unwinding loop _RNvNtNtCs8zVKvWqpudH_8edisondb12verification14kani_harnesses25bounded_audit_model_input.0 iteration 70 file src/verification.rs line 399 column 9 function verification::kani_harnesses::bounded_audit_model_input thread 0
Unwinding loop _RNvNtNtCs8zVKvWqpudH_8edisondb12verification14kani_harnesses25bounded_audit_model_input.0 iteration 71 file src/verification.rs line 399 column 9 function verification::kani_harnesses::bounded_audit_model_input thread 0
Unwinding loop _RNvNtNtCs8zVKvWqpudH_8edisondb12verification14kani_harnesses25bounded_audit_model_input.0 iteration 72 file src/verification.rs line 399 column 9 function verification::kani_harnesses::bounded_audit_model_input thread 0
Unwinding loop _RNvNtNtCs8zVKvWqpudH_8edisondb12verification14kani_harnesses25bounded_audit_model_input.0 iteration 73 file src/verification.rs line 399 column 9 function verification::kani_harnesses::bounded_audit_model_input thread 0
Unwinding loop _RNvNtNtCs8zVKvWqpudH_8edisondb12verification14kani_harnesses25bounded_audit_model_input.0 iteration 74 file src/verification.rs line 399 column 9 function verification::kani_harnesses::bounded_audit_model_input thread 0
Unwinding loop _RNvNtNtCs8zVKvWqpudH_8edisondb12verification14kani_harnesses25bounded_audit_model_input.0 iteration 75 file src/verification.rs line 399 column 9 function verification::kani_harnesses::bounded_audit_model_input thread 0
Unwinding loop _RNvNtNtCs8zVKvWqpudH_8edisondb12verification14kani_harnesses25bounded_audit_model_input.0 iteration 76 file src/verification.rs line 399 column 9 function verification::kani_harnesses::bounded_audit_model_input thread 0
Unwinding loop _RNvNtNtCs8zVKvWqpudH_8edisondb12verification14kani_harnesses25bounded_audit_model_input.0 iteration 77 file src/verification.rs line 399 column 9 function verification::kani_harnesses::bounded_audit_model_input thread 0
Unwinding loop _RNvNtNtCs8zVKvWqpudH_8edisondb12verification14kani_harnesses25bounded_audit_model_input.0 iteration 78 file src/verification.rs line 399 column 9 function verification::kani_harnesses::bounded_audit_model_input thread 0
Unwinding loop _RNvNtNtCs8zVKvWqpudH_8edisondb12verification14kani_harnesses25bounded_audit_model_input.0 iteration 79 file src/verification.rs line 399 column 9 function verification::kani_harnesses::bounded_audit_model_input thread 0
Unwinding loop _RNvNtNtCs8zVKvWqpudH_8edisondb12verification14kani_harnesses25bounded_audit_model_input.0 iteration 80 file src/verification.rs line 399 column 9 function verification::kani_harnesses::bounded_audit_model_input thread 0
Unwinding loop _RNvNtNtCs8zVKvWqpudH_8edisondb12verification14kani_harnesses25bounded_audit_model_input.0 iteration 81 file src/verification.rs line 399 column 9 function verification::kani_harnesses::bounded_audit_model_input thread 0
Unwinding loop _RNvNtNtCs8zVKvWqpudH_8edisondb12verification14kani_harnesses25bounded_audit_model_input.0 iteration 82 file src/verification.rs line 399 column 9 function verification::kani_harnesses::bounded_audit_model_input thread 0
Unwinding loop _RNvNtNtCs8zVKvWqpudH_8edisondb12verification14kani_harnesses25bounded_audit_model_input.0 iteration 83 file src/verification.rs line 399 column 9 function verification::kani_harnesses::bounded_audit_model_input thread 0
Unwinding loop _RNvNtNtCs8zVKvWqpudH_8edisondb12verification14kani_harnesses25bounded_audit_model_input.0 iteration 84 file src/verification.rs line 399 column 9 function verification::kani_harnesses::bounded_audit_model_input thread 0
aborting path on assume(false) at file /home/runner/.rustup/toolchains/nightly-2025-11-21-x86_64-unknown-linux-gnu/lib/rustlib/src/rust/library/alloc/src/raw_vec/mod.rs line 830 column 5 function alloc::raw_vec::RawVecInner::deallocate thread 0
aborting path on assume(false) at file /home/runner/work/kani/kani/library/kani/src/lib.rs line 57 column 1 function kani::mem::cbmc::same_allocation thread 0
aborting path on assume(false) at file /home/runner/work/kani/kani/library/kani/src/lib.rs line 57 column 1 function kani::mem::cbmc::same_allocation thread 0
aborting path on assume(false) at file /home/runner/work/kani/kani/library/kani/src/lib.rs line 57 column 1 function kani::mem::cbmc::same_allocation thread 0
aborting path on assume(false) at file /home/runner/work/kani/kani/library/kani/src/lib.rs line 57 column 1 function kani::mem::cbmc::same_allocation thread 0
aborting path on assume(false) at file /home/runner/work/kani/kani/library/kani/src/lib.rs line 57 column 1 function kani::mem::cbmc::same_allocation thread 0
aborting path on assume(false) at file /home/runner/work/kani/kani/library/kani/src/lib.rs line 57 column 1 function kani::mem::cbmc::same_allocation thread 0
aborting path on assume(false) at file /home/runner/work/kani/kani/library/kani/src/lib.rs line 57 column 1 function kani::mem::cbmc::same_allocation thread 0
aborting path on assume(false) at file /home/runner/work/kani/kani/library/kani/src/lib.rs line 57 column 1 function kani::mem::cbmc::same_allocation thread 0
aborting path on assume(false) at file /home/runner/work/kani/kani/library/kani/src/lib.rs line 57 column 1 function kani::mem::cbmc::same_allocation thread 0
aborting path on assume(false) at file /home/runner/work/kani/kani/library/kani/src/lib.rs line 57 column 1 function kani::mem::cbmc::same_allocation thread 0
aborting path on assume(false) at file /home/runner/work/kani/kani/library/kani/src/lib.rs line 57 column 1 function kani::mem::cbmc::same_allocation thread 0
aborting path on assume(false) at file /home/runner/work/kani/kani/library/kani/src/lib.rs line 57 column 1 function kani::mem::cbmc::same_allocation thread 0
aborting path on assume(false) at file /home/runner/work/kani/kani/library/kani/src/lib.rs line 57 column 1 function kani::mem::cbmc::same_allocation thread 0
aborting path on assume(false) at file /home/runner/work/kani/kani/library/kani/src/lib.rs line 57 column 1 function kani::mem::cbmc::same_allocation thread 0
aborting path on assume(false) at file /home/runner/work/kani/kani/library/kani/src/lib.rs line 57 column 1 function kani::mem::cbmc::same_allocation thread 0
aborting path on assume(false) at file /home/runner/work/kani/kani/library/kani/src/lib.rs line 57 column 1 function kani::mem::cbmc::same_allocation thread 0
aborting path on assume(false) at file /home/runner/work/kani/kani/library/kani/src/lib.rs line 57 column 1 function kani::mem::cbmc::same_allocation thread 0
aborting path on assume(false) at file /home/runner/work/kani/kani/library/kani/src/lib.rs line 57 column 1 function kani::mem::cbmc::same_allocation thread 0
aborting path on assume(false) at file /home/runner/work/kani/kani/library/kani/src/lib.rs line 57 column 1 function kani::mem::cbmc::same_allocation thread 0
aborting path on assume(false) at file /home/runner/work/kani/kani/library/kani/src/lib.rs line 57 column 1 function kani::mem::cbmc::same_allocation thread 0
aborting path on assume(false) at file /home/runner/work/kani/kani/library/kani/src/lib.rs line 57 column 1 function kani::mem::cbmc::same_allocation thread 0
aborting path on assume(false) at file /home/runner/work/kani/kani/library/kani/src/lib.rs line 57 column 1 function kani::mem::cbmc::same_allocation thread 0
aborting path on assume(false) at file /home/runner/work/kani/kani/library/kani/src/lib.rs line 57 column 1 function kani::mem::cbmc::same_allocation thread 0
aborting path on assume(false) at file /home/runner/work/kani/kani/library/kani/src/lib.rs line 57 column 1 function kani::mem::cbmc::same_allocation thread 0
aborting path on assume(false) at file /home/runner/work/kani/kani/library/kani/src/lib.rs line 57 column 1 function kani::mem::cbmc::same_allocation thread 0
aborting path on assume(false) at file /home/runner/work/kani/kani/library/kani/src/lib.rs line 57 column 1 function kani::mem::cbmc::same_allocation thread 0
aborting path on assume(false) at file /home/runner/work/kani/kani/library/kani/src/lib.rs line 57 column 1 function kani::mem::cbmc::same_allocation thread 0
aborting path on assume(false) at file /home/runner/work/kani/kani/library/kani/src/lib.rs line 57 column 1 function kani::mem::cbmc::same_allocation thread 0
aborting path on assume(false) at file /home/runner/work/kani/kani/library/kani/src/lib.rs line 57 column 1 function kani::mem::cbmc::same_allocation thread 0
aborting path on assume(false) at file /home/runner/work/kani/kani/library/kani/src/lib.rs line 57 column 1 function kani::mem::cbmc::same_allocation thread 0
aborting path on assume(false) at file /home/runner/work/kani/kani/library/kani/src/lib.rs line 57 column 1 function kani::mem::cbmc::same_allocation thread 0
aborting path on assume(false) at file /home/runner/work/kani/kani/library/kani/src/lib.rs line 57 column 1 function kani::mem::cbmc::same_allocation thread 0
aborting path on assume(false) at file /home/runner/work/kani/kani/library/kani/src/lib.rs line 57 column 1 function kani::mem::cbmc::same_allocation thread 0
aborting path on assume(false) at file /home/runner/work/kani/kani/library/kani/src/lib.rs line 57 column 1 function kani::mem::cbmc::same_allocation thread 0
aborting path on assume(false) at file /home/runner/work/kani/kani/library/kani/src/lib.rs line 57 column 1 function kani::mem::cbmc::same_allocation thread 0
aborting path on assume(false) at file /home/runner/work/kani/kani/library/kani/src/lib.rs line 57 column 1 function kani::mem::cbmc::same_allocation thread 0
aborting path on assume(false) at file /home/runner/work/kani/kani/library/kani/src/lib.rs line 57 column 1 function kani::mem::cbmc::same_allocation thread 0
aborting path on assume(false) at file /home/runner/work/kani/kani/library/kani/src/lib.rs line 57 column 1 function kani::mem::cbmc::same_allocation thread 0
aborting path on assume(false) at file /home/runner/work/kani/kani/library/kani/src/lib.rs line 57 column 1 function kani::mem::cbmc::same_allocation thread 0
aborting path on assume(false) at file /home/runner/work/kani/kani/library/kani/src/lib.rs line 57 column 1 function kani::mem::cbmc::same_allocation thread 0
aborting path on assume(false) at file /home/runner/work/kani/kani/library/kani/src/lib.rs line 57 column 1 function kani::mem::cbmc::same_allocation thread 0
aborting path on assume(false) at file /home/runner/work/kani/kani/library/kani/src/lib.rs line 57 column 1 function kani::mem::cbmc::same_allocation thread 0
aborting path on assume(false) at file /home/runner/work/kani/kani/library/kani/src/lib.rs line 57 column 1 function kani::mem::cbmc::same_allocation thread 0
aborting path on assume(false) at file /home/runner/work/kani/kani/library/kani/src/lib.rs line 57 column 1 function kani::mem::cbmc::same_allocation thread 0
aborting path on assume(false) at file /home/runner/work/kani/kani/library/kani/src/lib.rs line 57 column 1 function kani::mem::cbmc::same_allocation thread 0
aborting path on assume(false) at file /home/runner/work/kani/kani/library/kani/src/lib.rs line 57 column 1 function kani::mem::cbmc::same_allocation thread 0
aborting path on assume(false) at file /home/runner/work/kani/kani/library/kani/src/lib.rs line 57 column 1 function kani::mem::cbmc::same_allocation thread 0
aborting path on assume(false) at file /home/runner/work/kani/kani/library/kani/src/lib.rs line 57 column 1 function kani::mem::cbmc::same_allocation thread 0
aborting path on assume(false) at file /home/runner/work/kani/kani/library/kani/src/lib.rs line 57 column 1 function kani::mem::cbmc::same_allocation thread 0
aborting path on assume(false) at file /home/runner/work/kani/kani/library/kani/src/lib.rs line 57 column 1 function kani::mem::cbmc::same_allocation thread 0
aborting path on assume(false) at file /home/runner/work/kani/kani/library/kani/src/lib.rs line 57 column 1 function kani::mem::cbmc::same_allocation thread 0
aborting path on assume(false) at file /home/runner/work/kani/kani/library/kani/src/lib.rs line 57 column 1 function kani::mem::cbmc::same_allocation thread 0
aborting path on assume(false) at file /home/runner/work/kani/kani/library/kani/src/lib.rs line 57 column 1 function kani::mem::cbmc::same_allocation thread 0
aborting path on assume(false) at file /home/runner/work/kani/kani/library/kani/src/lib.rs line 57 column 1 function kani::mem::cbmc::same_allocation thread 0
aborting path on assume(false) at file /home/runner/work/kani/kani/library/kani/src/lib.rs line 57 column 1 function kani::mem::cbmc::same_allocation thread 0
aborting path on assume(false) at file /home/runner/work/kani/kani/library/kani/src/lib.rs line 57 column 1 function kani::mem::cbmc::same_allocation thread 0
aborting path on assume(false) at file /home/runner/work/kani/kani/library/kani/src/lib.rs line 57 column 1 function kani::mem::cbmc::same_allocation thread 0
aborting path on assume(false) at file /home/runner/work/kani/kani/library/kani/src/lib.rs line 57 column 1 function kani::mem::cbmc::same_allocation thread 0
aborting path on assume(false) at file /home/runner/work/kani/kani/library/kani/src/lib.rs line 57 column 1 function kani::mem::cbmc::same_allocation thread 0
aborting path on assume(false) at file /home/runner/work/kani/kani/library/kani/src/lib.rs line 57 column 1 function kani::mem::cbmc::same_allocation thread 0
aborting path on assume(false) at file /home/runner/work/kani/kani/library/kani/src/lib.rs line 57 column 1 function kani::mem::cbmc::same_allocation thread 0
aborting path on assume(false) at file /home/runner/work/kani/kani/library/kani/src/lib.rs line 57 column 1 function kani::mem::cbmc::same_allocation thread 0
aborting path on assume(false) at file /home/runner/work/kani/kani/library/kani/src/lib.rs line 57 column 1 function kani::mem::cbmc::same_allocation thread 0
aborting path on assume(false) at file /home/runner/work/kani/kani/library/kani/src/lib.rs line 57 column 1 function kani::mem::cbmc::same_allocation thread 0
aborting path on assume(false) at file /home/runner/work/kani/kani/library/kani/src/lib.rs line 57 column 1 function kani::mem::cbmc::same_allocation thread 0
aborting path on assume(false) at file /home/runner/work/kani/kani/library/kani/src/lib.rs line 57 column 1 function kani::mem::cbmc::same_allocation thread 0
aborting path on assume(false) at file /home/runner/work/kani/kani/library/kani/src/lib.rs line 57 column 1 function kani::mem::cbmc::same_allocation thread 0
aborting path on assume(false) at file /home/runner/work/kani/kani/library/kani/src/lib.rs line 57 column 1 function kani::mem::cbmc::same_allocation thread 0
aborting path on assume(false) at file /home/runner/work/kani/kani/library/kani/src/lib.rs line 57 column 1 function kani::mem::cbmc::same_allocation thread 0
aborting path on assume(false) at file /home/runner/work/kani/kani/library/kani/src/lib.rs line 57 column 1 function kani::mem::cbmc::same_allocation thread 0
aborting path on assume(false) at file /home/runner/.rustup/toolchains/nightly-2025-11-21-x86_64-unknown-linux-gnu/lib/rustlib/src/rust/library/core/src/option.rs line 1338 column 15 function std::option::Option::<usize>::ok_or::<std::collections::TryReserveErrorKind> thread 0
aborting path on assume(false) at file /home/runner/.rustup/toolchains/nightly-2025-11-21-x86_64-unknown-linux-gnu/lib/rustlib/src/rust/library/core/src/result.rs line 2173 column 15 function <std::result::Result<usize, std::collections::TryReserveErrorKind> as std::ops::Try>::branch thread 0
aborting path on assume(false) at file /home/runner/.rustup/toolchains/nightly-2025-11-21-x86_64-unknown-linux-gnu/lib/rustlib/src/rust/library/core/src/alloc/layout.rs line 359 column 5 function std::alloc::Layout::repeat thread 0
aborting path on assume(false) at file /home/runner/.rustup/toolchains/nightly-2025-11-21-x86_64-unknown-linux-gnu/lib/rustlib/src/rust/library/core/src/result.rs line 835 column 15 function std::result::Result::<(std::alloc::Layout, usize), std::alloc::LayoutError>::map::<std::alloc::Layout, {closure@alloc::raw_vec::layout_array::{closure#0}}> thread 0
aborting path on assume(false) at file /home/runner/.rustup/toolchains/nightly-2025-11-21-x86_64-unknown-linux-gnu/lib/rustlib/src/rust/library/core/src/result.rs line 966 column 15 function std::result::Result::<std::alloc::Layout, std::alloc::LayoutError>::map_err::<std::collections::TryReserveError, {closure@alloc::raw_vec::layout_array::{closure#1}}> thread 0
aborting path on assume(false) at file /home/runner/.rustup/toolchains/nightly-2025-11-21-x86_64-unknown-linux-gnu/lib/rustlib/src/rust/library/core/src/result.rs line 2173 column 15 function <std::result::Result<std::alloc::Layout, std::collections::TryReserveError> as std::ops::Try>::branch thread 0
aborting path on assume(false) at file /home/runner/.rustup/toolchains/nightly-2025-11-21-x86_64-unknown-linux-gnu/lib/rustlib/src/rust/library/alloc/src/raw_vec/mod.rs line 745 column 26 function alloc::raw_vec::RawVecInner::finish_grow thread 0
aborting path on assume(false) at file /home/runner/.rustup/toolchains/nightly-2025-11-21-x86_64-unknown-linux-gnu/lib/rustlib/src/rust/library/core/src/result.rs line 2173 column 15 function <std::result::Result<std::ptr::NonNull<[u8]>, std::alloc::AllocError> as std::ops::Try>::branch thread 0
aborting path on assume(false) at file src/lib.rs line 0 column 0 function std::alloc::Global::grow_impl thread 0
aborting path on assume(false) at file /home/runner/.rustup/toolchains/nightly-2025-11-21-x86_64-unknown-linux-gnu/lib/rustlib/src/rust/library/core/src/result.rs line 966 column 15 function std::result::Result::<std::ptr::NonNull<[u8]>, std::alloc::AllocError>::map_err::<std::collections::TryReserveError, {closure@alloc::raw_vec::RawVecInner::finish_grow::{closure#0}}> thread 0
aborting path on assume(false) at file /home/runner/.rustup/toolchains/nightly-2025-11-21-x86_64-unknown-linux-gnu/lib/rustlib/src/rust/library/core/src/result.rs line 2173 column 15 function <std::result::Result<std::ptr::NonNull<[u8]>, std::collections::TryReserveError> as std::ops::Try>::branch thread 0
aborting path on assume(false) at file src/lib.rs line 0 column 0 function alloc::raw_vec::RawVecInner::grow_amortized thread 0
aborting path on assume(false) at file /home/runner/.rustup/toolchains/nightly-2025-11-21-x86_64-unknown-linux-gnu/lib/rustlib/src/rust/library/alloc/src/raw_vec/mod.rs line 550 column 9 function alloc::raw_vec::RawVecInner::<A>::reserve::do_reserve_and_handle::<std::alloc::Global> thread 0
aborting path on assume(false) at file /home/runner/.rustup/toolchains/nightly-2025-11-21-x86_64-unknown-linux-gnu/lib/rustlib/src/rust/library/alloc/src/collections/mod.rs line 93 column 10 function <std::collections::TryReserveErrorKind as std::clone::Clone>::clone thread 0
aborting path on assume(false) at file /home/runner/.rustup/toolchains/nightly-2025-11-21-x86_64-unknown-linux-gnu/lib/rustlib/src/rust/library/alloc/src/raw_vec/mod.rs line 845 column 11 function alloc::raw_vec::handle_error thread 0
aborting path on assume(false) at file /home/runner/.rustup/toolchains/nightly-2025-11-21-x86_64-unknown-linux-gnu/lib/rustlib/src/rust/library/alloc/src/alloc.rs line 366 column 5 function std::alloc::handle_alloc_error::rt_error thread 0
aborting path on assume(false) at file /home/runner/.rustup/toolchains/nightly-2025-11-21-x86_64-unknown-linux-gnu/lib/rustlib/src/rust/library/alloc/src/alloc.rs line 407 column 13 function std::alloc::handle_alloc_error::rt_error thread 0
aborting path on assume(false) at file /home/runner/.rustup/toolchains/nightly-2025-11-21-x86_64-unknown-linux-gnu/lib/rustlib/src/rust/library/alloc/src/alloc.rs line 413 column 9 function std::alloc::handle_alloc_error thread 0
aborting path on assume(false) at file /home/runner/.rustup/toolchains/nightly-2025-11-21-x86_64-unknown-linux-gnu/lib/rustlib/src/rust/library/alloc/src/raw_vec/mod.rs line 847 column 38 function alloc::raw_vec::handle_error thread 0
aborting path on assume(false) at file /home/runner/.rustup/toolchains/nightly-2025-11-21-x86_64-unknown-linux-gnu/lib/rustlib/src/rust/library/alloc/src/raw_vec/mod.rs line 28 column 5 function alloc::raw_vec::capacity_overflow thread 0
aborting path on assume(false) at file /home/runner/.rustup/toolchains/nightly-2025-11-21-x86_64-unknown-linux-gnu/lib/rustlib/src/rust/library/alloc/src/raw_vec/mod.rs line 846 column 29 function alloc::raw_vec::handle_error thread 0
aborting path on assume(false) at file /home/runner/.rustup/toolchains/nightly-2025-11-21-x86_64-unknown-linux-gnu/lib/rustlib/src/rust/library/alloc/src/raw_vec/mod.rs line 558 column 17 function alloc::raw_vec::RawVecInner::<A>::reserve::do_reserve_and_handle::<std::alloc::Global> thread 0
aborting path on assume(false) at file /home/runner/work/kani/kani/library/kani/src/lib.rs line 57 column 1 function kani::mem::cbmc::same_allocation thread 0
aborting path on assume(false) at file /home/runner/work/kani/kani/library/kani/src/lib.rs line 57 column 1 function kani::mem::cbmc::same_allocation thread 0
aborting path on assume(false) at file /home/runner/work/kani/kani/library/kani/src/lib.rs line 57 column 1 function kani::mem::cbmc::same_allocation thread 0
aborting path on assume(false) at file /home/runner/.rustup/toolchains/nightly-2025-11-21-x86_64-unknown-linux-gnu/lib/rustlib/src/rust/library/core/src/option.rs line 1338 column 15 function std::option::Option::<usize>::ok_or::<std::collections::TryReserveErrorKind> thread 0
aborting path on assume(false) at file /home/runner/.rustup/toolchains/nightly-2025-11-21-x86_64-unknown-linux-gnu/lib/rustlib/src/rust/library/core/src/result.rs line 2173 column 15 function <std::result::Result<usize, std::collections::TryReserveErrorKind> as std::ops::Try>::branch thread 0
aborting path on assume(false) at file /home/runner/.rustup/toolchains/nightly-2025-11-21-x86_64-unknown-linux-gnu/lib/rustlib/src/rust/library/core/src/alloc/layout.rs line 359 column 5 function std::alloc::Layout::repeat thread 0
aborting path on assume(false) at file /home/runner/.rustup/toolchains/nightly-2025-11-21-x86_64-unknown-linux-gnu/lib/rustlib/src/rust/library/core/src/result.rs line 835 column 15 function std::result::Result::<(std::alloc::Layout, usize), std::alloc::LayoutError>::map::<std::alloc::Layout, {closure@alloc::raw_vec::layout_array::{closure#0}}> thread 0
aborting path on assume(false) at file /home/runner/.rustup/toolchains/nightly-2025-11-21-x86_64-unknown-linux-gnu/lib/rustlib/src/rust/library/core/src/result.rs line 966 column 15 function std::result::Result::<std::alloc::Layout, std::alloc::LayoutError>::map_err::<std::collections::TryReserveError, {closure@alloc::raw_vec::layout_array::{closure#1}}> thread 0
aborting path on assume(false) at file /home/runner/.rustup/toolchains/nightly-2025-11-21-x86_64-unknown-linux-gnu/lib/rustlib/src/rust/library/core/src/result.rs line 2173 column 15 function <std::result::Result<std::alloc::Layout, std::collections::TryReserveError> as std::ops::Try>::branch thread 0
aborting path on assume(false) at file /home/runner/.rustup/toolchains/nightly-2025-11-21-x86_64-unknown-linux-gnu/lib/rustlib/src/rust/library/alloc/src/raw_vec/mod.rs line 745 column 26 function alloc::raw_vec::RawVecInner::finish_grow thread 0
aborting path on assume(false) at file /home/runner/.rustup/toolchains/nightly-2025-11-21-x86_64-unknown-linux-gnu/lib/rustlib/src/rust/library/core/src/result.rs line 2173 column 15 function <std::result::Result<std::ptr::NonNull<[u8]>, std::alloc::AllocError> as std::ops::Try>::branch thread 0
aborting path on assume(false) at file src/lib.rs line 0 column 0 function std::alloc::Global::grow_impl thread 0
aborting path on assume(false) at file /home/runner/.rustup/toolchains/nightly-2025-11-21-x86_64-unknown-linux-gnu/lib/rustlib/src/rust/library/core/src/result.rs line 966 column 15 function std::result::Result::<std::ptr::NonNull<[u8]>, std::alloc::AllocError>::map_err::<std::collections::TryReserveError, {closure@alloc::raw_vec::RawVecInner::finish_grow::{closure#0}}> thread 0
aborting path on assume(false) at file /home/runner/.rustup/toolchains/nightly-2025-11-21-x86_64-unknown-linux-gnu/lib/rustlib/src/rust/library/core/src/result.rs line 2173 column 15 function <std::result::Result<std::ptr::NonNull<[u8]>, std::collections::TryReserveError> as std::ops::Try>::branch thread 0
aborting path on assume(false) at file src/lib.rs line 0 column 0 function alloc::raw_vec::RawVecInner::grow_amortized thread 0
aborting path on assume(false) at file /home/runner/.rustup/toolchains/nightly-2025-11-21-x86_64-unknown-linux-gnu/lib/rustlib/src/rust/library/alloc/src/raw_vec/mod.rs line 550 column 9 function alloc::raw_vec::RawVecInner::<A>::reserve::do_reserve_and_handle::<std::alloc::Global> thread 0
aborting path on assume(false) at file /home/runner/.rustup/toolchains/nightly-2025-11-21-x86_64-unknown-linux-gnu/lib/rustlib/src/rust/library/alloc/src/collections/mod.rs line 93 column 10 function <std::collections::TryReserveErrorKind as std::clone::Clone>::clone thread 0
aborting path on assume(false) at file /home/runner/.rustup/toolchains/nightly-2025-11-21-x86_64-unknown-linux-gnu/lib/rustlib/src/rust/library/alloc/src/raw_vec/mod.rs line 845 column 11 function alloc::raw_vec::handle_error thread 0
aborting path on assume(false) at file /home/runner/.rustup/toolchains/nightly-2025-11-21-x86_64-unknown-linux-gnu/lib/rustlib/src/rust/library/alloc/src/alloc.rs line 366 column 5 function std::alloc::handle_alloc_error::rt_error thread 0
aborting path on assume(false) at file /home/runner/.rustup/toolchains/nightly-2025-11-21-x86_64-unknown-linux-gnu/lib/rustlib/src/rust/library/alloc/src/alloc.rs line 407 column 13 function std::alloc::handle_alloc_error::rt_error thread 0
aborting path on assume(false) at file /home/runner/.rustup/toolchains/nightly-2025-11-21-x86_64-unknown-linux-gnu/lib/rustlib/src/rust/library/alloc/src/alloc.rs line 413 column 9 function std::alloc::handle_alloc_error thread 0
aborting path on assume(false) at file /home/runner/.rustup/toolchains/nightly-2025-11-21-x86_64-unknown-linux-gnu/lib/rustlib/src/rust/library/alloc/src/raw_vec/mod.rs line 847 column 38 function alloc::raw_vec::handle_error thread 0
aborting path on assume(false) at file /home/runner/.rustup/toolchains/nightly-2025-11-21-x86_64-unknown-linux-gnu/lib/rustlib/src/rust/library/alloc/src/raw_vec/mod.rs line 28 column 5 function alloc::raw_vec::capacity_overflow thread 0
aborting path on assume(false) at file /home/runner/.rustup/toolchains/nightly-2025-11-21-x86_64-unknown-linux-gnu/lib/rustlib/src/rust/library/alloc/src/raw_vec/mod.rs line 846 column 29 function alloc::raw_vec::handle_error thread 0
aborting path on assume(false) at file /home/runner/.rustup/toolchains/nightly-2025-11-21-x86_64-unknown-linux-gnu/lib/rustlib/src/rust/library/alloc/src/raw_vec/mod.rs line 558 column 17 function alloc::raw_vec::RawVecInner::<A>::reserve::do_reserve_and_handle::<std::alloc::Global> thread 0
aborting path on assume(false) at file /home/runner/work/kani/kani/library/kani_core/src/models.rs line 176 column 17 function <usize as kani::rustc_intrinsics::ToISize>::to_isize thread 0
aborting path on assume(false) at file /home/runner/work/kani/kani/library/kani/src/lib.rs line 57 column 1 function <usize as kani::rustc_intrinsics::ToISize>::to_isize thread 0
aborting path on assume(false) at file /home/runner/work/kani/kani/library/kani/src/lib.rs line 57 column 1 function <usize as kani::rustc_intrinsics::ToISize>::to_isize thread 0
aborting path on assume(false) at file /home/runner/work/kani/kani/library/kani/src/lib.rs line 57 column 1 function kani::mem::cbmc::same_allocation thread 0
aborting path on assume(false) at file /home/runner/work/kani/kani/library/kani/src/lib.rs line 57 column 1 function kani::mem::cbmc::same_allocation thread 0
aborting path on assume(false) at file /home/runner/work/kani/kani/library/kani/src/lib.rs line 57 column 1 function kani::mem::cbmc::same_allocation thread 0
aborting path on assume(false) at file /home/runner/.rustup/toolchains/nightly-2025-11-21-x86_64-unknown-linux-gnu/lib/rustlib/src/rust/library/core/src/option.rs line 1338 column 15 function std::option::Option::<usize>::ok_or::<std::collections::TryReserveErrorKind> thread 0
aborting path on assume(false) at file /home/runner/.rustup/toolchains/nightly-2025-11-21-x86_64-unknown-linux-gnu/lib/rustlib/src/rust/library/core/src/result.rs line 2173 column 15 function <std::result::Result<usize, std::collections::TryReserveErrorKind> as std::ops::Try>::branch thread 0
aborting path on assume(false) at file /home/runner/.rustup/toolchains/nightly-2025-11-21-x86_64-unknown-linux-gnu/lib/rustlib/src/rust/library/core/src/alloc/layout.rs line 359 column 5 function std::alloc::Layout::repeat thread 0
aborting path on assume(false) at file /home/runner/.rustup/toolchains/nightly-2025-11-21-x86_64-unknown-linux-gnu/lib/rustlib/src/rust/library/core/src/result.rs line 835 column 15 function std::result::Result::<(std::alloc::Layout, usize), std::alloc::LayoutError>::map::<std::alloc::Layout, {closure@alloc::raw_vec::layout_array::{closure#0}}> thread 0
aborting path on assume(false) at file /home/runner/.rustup/toolchains/nightly-2025-11-21-x86_64-unknown-linux-gnu/lib/rustlib/src/rust/library/core/src/result.rs line 966 column 15 function std::result::Result::<std::alloc::Layout, std::alloc::LayoutError>::map_err::<std::collections::TryReserveError, {closure@alloc::raw_vec::layout_array::{closure#1}}> thread 0
aborting path on assume(false) at file /home/runner/.rustup/toolchains/nightly-2025-11-21-x86_64-unknown-linux-gnu/lib/rustlib/src/rust/library/core/src/result.rs line 2173 column 15 function <std::result::Result<std::alloc::Layout, std::collections::TryReserveError> as std::ops::Try>::branch thread 0
aborting path on assume(false) at file /home/runner/.rustup/toolchains/nightly-2025-11-21-x86_64-unknown-linux-gnu/lib/rustlib/src/rust/library/alloc/src/raw_vec/mod.rs line 745 column 26 function alloc::raw_vec::RawVecInner::finish_grow thread 0
aborting path on assume(false) at file /home/runner/.rustup/toolchains/nightly-2025-11-21-x86_64-unknown-linux-gnu/lib/rustlib/src/rust/library/core/src/result.rs line 2173 column 15 function <std::result::Result<std::ptr::NonNull<[u8]>, std::alloc::AllocError> as std::ops::Try>::branch thread 0
aborting path on assume(false) at file src/lib.rs line 0 column 0 function std::alloc::Global::grow_impl thread 0
aborting path on assume(false) at file /home/runner/.rustup/toolchains/nightly-2025-11-21-x86_64-unknown-linux-gnu/lib/rustlib/src/rust/library/core/src/result.rs line 966 column 15 function std::result::Result::<std::ptr::NonNull<[u8]>, std::alloc::AllocError>::map_err::<std::collections::TryReserveError, {closure@alloc::raw_vec::RawVecInner::finish_grow::{closure#0}}> thread 0
aborting path on assume(false) at file /home/runner/.rustup/toolchains/nightly-2025-11-21-x86_64-unknown-linux-gnu/lib/rustlib/src/rust/library/core/src/result.rs line 2173 column 15 function <std::result::Result<std::ptr::NonNull<[u8]>, std::collections::TryReserveError> as std::ops::Try>::branch thread 0
aborting path on assume(false) at file src/lib.rs line 0 column 0 function alloc::raw_vec::RawVecInner::grow_amortized thread 0
aborting path on assume(false) at file /home/runner/.rustup/toolchains/nightly-2025-11-21-x86_64-unknown-linux-gnu/lib/rustlib/src/rust/library/alloc/src/raw_vec/mod.rs line 550 column 9 function alloc::raw_vec::RawVecInner::<A>::reserve::do_reserve_and_handle::<std::alloc::Global> thread 0
aborting path on assume(false) at file /home/runner/.rustup/toolchains/nightly-2025-11-21-x86_64-unknown-linux-gnu/lib/rustlib/src/rust/library/alloc/src/collections/mod.rs line 93 column 10 function <std::collections::TryReserveErrorKind as std::clone::Clone>::clone thread 0
aborting path on assume(false) at file /home/runner/.rustup/toolchains/nightly-2025-11-21-x86_64-unknown-linux-gnu/lib/rustlib/src/rust/library/alloc/src/raw_vec/mod.rs line 845 column 11 function alloc::raw_vec::handle_error thread 0
aborting path on assume(false) at file /home/runner/.rustup/toolchains/nightly-2025-11-21-x86_64-unknown-linux-gnu/lib/rustlib/src/rust/library/alloc/src/alloc.rs line 366 column 5 function std::alloc::handle_alloc_error::rt_error thread 0
aborting path on assume(false) at file /home/runner/.rustup/toolchains/nightly-2025-11-21-x86_64-unknown-linux-gnu/lib/rustlib/src/rust/library/alloc/src/alloc.rs line 407 column 13 function std::alloc::handle_alloc_error::rt_error thread 0
aborting path on assume(false) at file /home/runner/.rustup/toolchains/nightly-2025-11-21-x86_64-unknown-linux-gnu/lib/rustlib/src/rust/library/alloc/src/alloc.rs line 413 column 9 function std::alloc::handle_alloc_error thread 0
aborting path on assume(false) at file /home/runner/.rustup/toolchains/nightly-2025-11-21-x86_64-unknown-linux-gnu/lib/rustlib/src/rust/library/alloc/src/raw_vec/mod.rs line 847 column 38 function alloc::raw_vec::handle_error thread 0
aborting path on assume(false) at file /home/runner/.rustup/toolchains/nightly-2025-11-21-x86_64-unknown-linux-gnu/lib/rustlib/src/rust/library/alloc/src/raw_vec/mod.rs line 28 column 5 function alloc::raw_vec::capacity_overflow thread 0
aborting path on assume(false) at file /home/runner/.rustup/toolchains/nightly-2025-11-21-x86_64-unknown-linux-gnu/lib/rustlib/src/rust/library/alloc/src/raw_vec/mod.rs line 846 column 29 function alloc::raw_vec::handle_error thread 0
aborting path on assume(false) at file /home/runner/.rustup/toolchains/nightly-2025-11-21-x86_64-unknown-linux-gnu/lib/rustlib/src/rust/library/alloc/src/raw_vec/mod.rs line 558 column 17 function alloc::raw_vec::RawVecInner::<A>::reserve::do_reserve_and_handle::<std::alloc::Global> thread 0
aborting path on assume(false) at file /home/runner/work/kani/kani/library/kani_core/src/models.rs line 176 column 17 function <usize as kani::rustc_intrinsics::ToISize>::to_isize thread 0
aborting path on assume(false) at file /home/runner/work/kani/kani/library/kani/src/lib.rs line 57 column 1 function <usize as kani::rustc_intrinsics::ToISize>::to_isize thread 0
aborting path on assume(false) at file /home/runner/work/kani/kani/library/kani/src/lib.rs line 57 column 1 function <usize as kani::rustc_intrinsics::ToISize>::to_isize thread 0
aborting path on assume(false) at file /home/runner/work/kani/kani/library/kani/src/lib.rs line 57 column 1 function kani::mem::cbmc::same_allocation thread 0
aborting path on assume(false) at file src/lib.rs line 294 column 15 function AuditAction::code thread 0
aborting path on assume(false) at file /home/runner/.rustup/toolchains/nightly-2025-11-21-x86_64-unknown-linux-gnu/lib/rustlib/src/rust/library/core/src/option.rs line 1338 column 15 function std::option::Option::<usize>::ok_or::<std::collections::TryReserveErrorKind> thread 0
aborting path on assume(false) at file /home/runner/.rustup/toolchains/nightly-2025-11-21-x86_64-unknown-linux-gnu/lib/rustlib/src/rust/library/core/src/result.rs line 2173 column 15 function <std::result::Result<usize, std::collections::TryReserveErrorKind> as std::ops::Try>::branch thread 0
aborting path on assume(false) at file /home/runner/.rustup/toolchains/nightly-2025-11-21-x86_64-unknown-linux-gnu/lib/rustlib/src/rust/library/core/src/alloc/layout.rs line 359 column 5 function std::alloc::Layout::repeat thread 0
aborting path on assume(false) at file /home/runner/.rustup/toolchains/nightly-2025-11-21-x86_64-unknown-linux-gnu/lib/rustlib/src/rust/library/core/src/result.rs line 835 column 15 function std::result::Result::<(std::alloc::Layout, usize), std::alloc::LayoutError>::map::<std::alloc::Layout, {closure@alloc::raw_vec::layout_array::{closure#0}}> thread 0
aborting path on assume(false) at file /home/runner/.rustup/toolchains/nightly-2025-11-21-x86_64-unknown-linux-gnu/lib/rustlib/src/rust/library/core/src/result.rs line 966 column 15 function std::result::Result::<std::alloc::Layout, std::alloc::LayoutError>::map_err::<std::collections::TryReserveError, {closure@alloc::raw_vec::layout_array::{closure#1}}> thread 0
aborting path on assume(false) at file /home/runner/.rustup/toolchains/nightly-2025-11-21-x86_64-unknown-linux-gnu/lib/rustlib/src/rust/library/core/src/result.rs line 2173 column 15 function <std::result::Result<std::alloc::Layout, std::collections::TryReserveError> as std::ops::Try>::branch thread 0
aborting path on assume(false) at file /home/runner/.rustup/toolchains/nightly-2025-11-21-x86_64-unknown-linux-gnu/lib/rustlib/src/rust/library/alloc/src/raw_vec/mod.rs line 745 column 26 function alloc::raw_vec::RawVecInner::finish_grow thread 0
aborting path on assume(false) at file /home/runner/.rustup/toolchains/nightly-2025-11-21-x86_64-unknown-linux-gnu/lib/rustlib/src/rust/library/core/src/result.rs line 2173 column 15 function <std::result::Result<std::ptr::NonNull<[u8]>, std::alloc::AllocError> as std::ops::Try>::branch thread 0
aborting path on assume(false) at file src/lib.rs line 0 column 0 function std::alloc::Global::grow_impl thread 0
aborting path on assume(false) at file /home/runner/.rustup/toolchains/nightly-2025-11-21-x86_64-unknown-linux-gnu/lib/rustlib/src/rust/library/core/src/result.rs line 966 column 15 function std::result::Result::<std::ptr::NonNull<[u8]>, std::alloc::AllocError>::map_err::<std::collections::TryReserveError, {closure@alloc::raw_vec::RawVecInner::finish_grow::{closure#0}}> thread 0
aborting path on assume(false) at file /home/runner/.rustup/toolchains/nightly-2025-11-21-x86_64-unknown-linux-gnu/lib/rustlib/src/rust/library/core/src/result.rs line 2173 column 15 function <std::result::Result<std::ptr::NonNull<[u8]>, std::collections::TryReserveError> as std::ops::Try>::branch thread 0
aborting path on assume(false) at file src/lib.rs line 0 column 0 function alloc::raw_vec::RawVecInner::grow_amortized thread 0
aborting path on assume(false) at file /home/runner/.rustup/toolchains/nightly-2025-11-21-x86_64-unknown-linux-gnu/lib/rustlib/src/rust/library/alloc/src/raw_vec/mod.rs line 575 column 5 function alloc::raw_vec::RawVecInner::grow_one thread 0
aborting path on assume(false) at file /home/runner/.rustup/toolchains/nightly-2025-11-21-x86_64-unknown-linux-gnu/lib/rustlib/src/rust/library/alloc/src/collections/mod.rs line 93 column 10 function <std::collections::TryReserveErrorKind as std::clone::Clone>::clone thread 0
aborting path on assume(false) at file /home/runner/.rustup/toolchains/nightly-2025-11-21-x86_64-unknown-linux-gnu/lib/rustlib/src/rust/library/alloc/src/raw_vec/mod.rs line 845 column 11 function alloc::raw_vec::handle_error thread 0
aborting path on assume(false) at file /home/runner/.rustup/toolchains/nightly-2025-11-21-x86_64-unknown-linux-gnu/lib/rustlib/src/rust/library/alloc/src/alloc.rs line 366 column 5 function std::alloc::handle_alloc_error::rt_error thread 0
aborting path on assume(false) at file /home/runner/.rustup/toolchains/nightly-2025-11-21-x86_64-unknown-linux-gnu/lib/rustlib/src/rust/library/alloc/src/alloc.rs line 407 column 13 function std::alloc::handle_alloc_error::rt_error thread 0
aborting path on assume(false) at file /home/runner/.rustup/toolchains/nightly-2025-11-21-x86_64-unknown-linux-gnu/lib/rustlib/src/rust/library/alloc/src/alloc.rs line 413 column 9 function std::alloc::handle_alloc_error thread 0
aborting path on assume(false) at file /home/runner/.rustup/toolchains/nightly-2025-11-21-x86_64-unknown-linux-gnu/lib/rustlib/src/rust/library/alloc/src/raw_vec/mod.rs line 847 column 38 function alloc::raw_vec::handle_error thread 0
aborting path on assume(false) at file /home/runner/.rustup/toolchains/nightly-2025-11-21-x86_64-unknown-linux-gnu/lib/rustlib/src/rust/library/alloc/src/raw_vec/mod.rs line 28 column 5 function alloc::raw_vec::capacity_overflow thread 0
aborting path on assume(false) at file /home/runner/.rustup/toolchains/nightly-2025-11-21-x86_64-unknown-linux-gnu/lib/rustlib/src/rust/library/alloc/src/raw_vec/mod.rs line 846 column 29 function alloc::raw_vec::handle_error thread 0
aborting path on assume(false) at file /home/runner/.rustup/toolchains/nightly-2025-11-21-x86_64-unknown-linux-gnu/lib/rustlib/src/rust/library/alloc/src/raw_vec/mod.rs line 578 column 13 function alloc::raw_vec::RawVecInner::grow_one thread 0
aborting path on assume(false) at file /home/runner/work/kani/kani/library/kani_core/src/models.rs line 176 column 17 function <usize as kani::rustc_intrinsics::ToISize>::to_isize thread 0
aborting path on assume(false) at file /home/runner/work/kani/kani/library/kani/src/lib.rs line 57 column 1 function <usize as kani::rustc_intrinsics::ToISize>::to_isize thread 0
aborting path on assume(false) at file /home/runner/work/kani/kani/library/kani/src/lib.rs line 57 column 1 function <usize as kani::rustc_intrinsics::ToISize>::to_isize thread 0
aborting path on assume(false) at file /home/runner/work/kani/kani/library/kani/src/lib.rs line 57 column 1 function kani::mem::cbmc::same_allocation thread 0
aborting path on assume(false) at file /home/runner/work/kani/kani/library/kani/src/lib.rs line 57 column 1 function kani::mem::cbmc::same_allocation thread 0
aborting path on assume(false) at file /home/runner/work/kani/kani/library/kani/src/lib.rs line 57 column 1 function kani::mem::cbmc::same_allocation thread 0
aborting path on assume(false) at file /home/runner/.rustup/toolchains/nightly-2025-11-21-x86_64-unknown-linux-gnu/lib/rustlib/src/rust/library/core/src/option.rs line 1338 column 15 function std::option::Option::<usize>::ok_or::<std::collections::TryReserveErrorKind> thread 0
aborting path on assume(false) at file /home/runner/.rustup/toolchains/nightly-2025-11-21-x86_64-unknown-linux-gnu/lib/rustlib/src/rust/library/core/src/result.rs line 2173 column 15 function <std::result::Result<usize, std::collections::TryReserveErrorKind> as std::ops::Try>::branch thread 0
aborting path on assume(false) at file /home/runner/.rustup/toolchains/nightly-2025-11-21-x86_64-unknown-linux-gnu/lib/rustlib/src/rust/library/core/src/alloc/layout.rs line 359 column 5 function std::alloc::Layout::repeat thread 0
aborting path on assume(false) at file /home/runner/.rustup/toolchains/nightly-2025-11-21-x86_64-unknown-linux-gnu/lib/rustlib/src/rust/library/core/src/result.rs line 835 column 15 function std::result::Result::<(std::alloc::Layout, usize), std::alloc::LayoutError>::map::<std::alloc::Layout, {closure@alloc::raw_vec::layout_array::{closure#0}}> thread 0
aborting path on assume(false) at file /home/runner/.rustup/toolchains/nightly-2025-11-21-x86_64-unknown-linux-gnu/lib/rustlib/src/rust/library/core/src/result.rs line 966 column 15 function std::result::Result::<std::alloc::Layout, std::alloc::LayoutError>::map_err::<std::collections::TryReserveError, {closure@alloc::raw_vec::layout_array::{closure#1}}> thread 0
aborting path on assume(false) at file /home/runner/.rustup/toolchains/nightly-2025-11-21-x86_64-unknown-linux-gnu/lib/rustlib/src/rust/library/core/src/result.rs line 2173 column 15 function <std::result::Result<std::alloc::Layout, std::collections::TryReserveError> as std::ops::Try>::branch thread 0
aborting path on assume(false) at file /home/runner/.rustup/toolchains/nightly-2025-11-21-x86_64-unknown-linux-gnu/lib/rustlib/src/rust/library/alloc/src/raw_vec/mod.rs line 745 column 26 function alloc::raw_vec::RawVecInner::finish_grow thread 0
aborting path on assume(false) at file /home/runner/.rustup/toolchains/nightly-2025-11-21-x86_64-unknown-linux-gnu/lib/rustlib/src/rust/library/core/src/result.rs line 2173 column 15 function <std::result::Result<std::ptr::NonNull<[u8]>, std::alloc::AllocError> as std::ops::Try>::branch thread 0
aborting path on assume(false) at file src/lib.rs line 0 column 0 function std::alloc::Global::grow_impl thread 0
aborting path on assume(false) at file /home/runner/.rustup/toolchains/nightly-2025-11-21-x86_64-unknown-linux-gnu/lib/rustlib/src/rust/library/core/src/result.rs line 966 column 15 function std::result::Result::<std::ptr::NonNull<[u8]>, std::alloc::AllocError>::map_err::<std::collections::TryReserveError, {closure@alloc::raw_vec::RawVecInner::finish_grow::{closure#0}}> thread 0
aborting path on assume(false) at file /home/runner/.rustup/toolchains/nightly-2025-11-21-x86_64-unknown-linux-gnu/lib/rustlib/src/rust/library/core/src/result.rs line 2173 column 15 function <std::result::Result<std::ptr::NonNull<[u8]>, std::collections::TryReserveError> as std::ops::Try>::branch thread 0
aborting path on assume(false) at file src/lib.rs line 0 column 0 function alloc::raw_vec::RawVecInner::grow_amortized thread 0
aborting path on assume(false) at file /home/runner/.rustup/toolchains/nightly-2025-11-21-x86_64-unknown-linux-gnu/lib/rustlib/src/rust/library/alloc/src/raw_vec/mod.rs line 550 column 9 function alloc::raw_vec::RawVecInner::<A>::reserve::do_reserve_and_handle::<std::alloc::Global> thread 0
aborting path on assume(false) at file /home/runner/.rustup/toolchains/nightly-2025-11-21-x86_64-unknown-linux-gnu/lib/rustlib/src/rust/library/alloc/src/collections/mod.rs line 93 column 10 function <std::collections::TryReserveErrorKind as std::clone::Clone>::clone thread 0
aborting path on assume(false) at file /home/runner/.rustup/toolchains/nightly-2025-11-21-x86_64-unknown-linux-gnu/lib/rustlib/src/rust/library/alloc/src/raw_vec/mod.rs line 845 column 11 function alloc::raw_vec::handle_error thread 0
aborting path on assume(false) at file /home/runner/.rustup/toolchains/nightly-2025-11-21-x86_64-unknown-linux-gnu/lib/rustlib/src/rust/library/alloc/src/alloc.rs line 366 column 5 function std::alloc::handle_alloc_error::rt_error thread 0
aborting path on assume(false) at file /home/runner/.rustup/toolchains/nightly-2025-11-21-x86_64-unknown-linux-gnu/lib/rustlib/src/rust/library/alloc/src/alloc.rs line 407 column 13 function std::alloc::handle_alloc_error::rt_error thread 0
aborting path on assume(false) at file /home/runner/.rustup/toolchains/nightly-2025-11-21-x86_64-unknown-linux-gnu/lib/rustlib/src/rust/library/alloc/src/alloc.rs line 413 column 9 function std::alloc::handle_alloc_error thread 0
aborting path on assume(false) at file /home/runner/.rustup/toolchains/nightly-2025-11-21-x86_64-unknown-linux-gnu/lib/rustlib/src/rust/library/alloc/src/raw_vec/mod.rs line 847 column 38 function alloc::raw_vec::handle_error thread 0
aborting path on assume(false) at file /home/runner/.rustup/toolchains/nightly-2025-11-21-x86_64-unknown-linux-gnu/lib/rustlib/src/rust/library/alloc/src/raw_vec/mod.rs line 28 column 5 function alloc::raw_vec::capacity_overflow thread 0
aborting path on assume(false) at file /home/runner/.rustup/toolchains/nightly-2025-11-21-x86_64-unknown-linux-gnu/lib/rustlib/src/rust/library/alloc/src/raw_vec/mod.rs line 846 column 29 function alloc::raw_vec::handle_error thread 0
aborting path on assume(false) at file /home/runner/.rustup/toolchains/nightly-2025-11-21-x86_64-unknown-linux-gnu/lib/rustlib/src/rust/library/alloc/src/raw_vec/mod.rs line 558 column 17 function alloc::raw_vec::RawVecInner::<A>::reserve::do_reserve_and_handle::<std::alloc::Global> thread 0
aborting path on assume(false) at file /home/runner/work/kani/kani/library/kani_core/src/models.rs line 176 column 17 function <usize as kani::rustc_intrinsics::ToISize>::to_isize thread 0
aborting path on assume(false) at file /home/runner/work/kani/kani/library/kani/src/lib.rs line 57 column 1 function <usize as kani::rustc_intrinsics::ToISize>::to_isize thread 0
aborting path on assume(false) at file /home/runner/work/kani/kani/library/kani/src/lib.rs line 57 column 1 function <usize as kani::rustc_intrinsics::ToISize>::to_isize thread 0
aborting path on assume(false) at file /home/runner/work/kani/kani/library/kani/src/lib.rs line 57 column 1 function kani::mem::cbmc::same_allocation thread 0
aborting path on assume(false) at file /home/runner/work/kani/kani/library/kani/src/lib.rs line 57 column 1 function kani::mem::cbmc::same_allocation thread 0
aborting path on assume(false) at file /home/runner/work/kani/kani/library/kani/src/lib.rs line 57 column 1 function kani::mem::cbmc::same_allocation thread 0
aborting path on assume(false) at file /home/runner/.rustup/toolchains/nightly-2025-11-21-x86_64-unknown-linux-gnu/lib/rustlib/src/rust/library/core/src/option.rs line 1338 column 15 function std::option::Option::<usize>::ok_or::<std::collections::TryReserveErrorKind> thread 0
aborting path on assume(false) at file /home/runner/.rustup/toolchains/nightly-2025-11-21-x86_64-unknown-linux-gnu/lib/rustlib/src/rust/library/core/src/result.rs line 2173 column 15 function <std::result::Result<usize, std::collections::TryReserveErrorKind> as std::ops::Try>::branch thread 0
aborting path on assume(false) at file /home/runner/.rustup/toolchains/nightly-2025-11-21-x86_64-unknown-linux-gnu/lib/rustlib/src/rust/library/core/src/alloc/layout.rs line 359 column 5 function std::alloc::Layout::repeat thread 0
aborting path on assume(false) at file /home/runner/.rustup/toolchains/nightly-2025-11-21-x86_64-unknown-linux-gnu/lib/rustlib/src/rust/library/core/src/result.rs line 835 column 15 function std::result::Result::<(std::alloc::Layout, usize), std::alloc::LayoutError>::map::<std::alloc::Layout, {closure@alloc::raw_vec::layout_array::{closure#0}}> thread 0
aborting path on assume(false) at file /home/runner/.rustup/toolchains/nightly-2025-11-21-x86_64-unknown-linux-gnu/lib/rustlib/src/rust/library/core/src/result.rs line 966 column 15 function std::result::Result::<std::alloc::Layout, std::alloc::LayoutError>::map_err::<std::collections::TryReserveError, {closure@alloc::raw_vec::layout_array::{closure#1}}> thread 0
aborting path on assume(false) at file /home/runner/.rustup/toolchains/nightly-2025-11-21-x86_64-unknown-linux-gnu/lib/rustlib/src/rust/library/core/src/result.rs line 2173 column 15 function <std::result::Result<std::alloc::Layout, std::collections::TryReserveError> as std::ops::Try>::branch thread 0
aborting path on assume(false) at file /home/runner/.rustup/toolchains/nightly-2025-11-21-x86_64-unknown-linux-gnu/lib/rustlib/src/rust/library/alloc/src/raw_vec/mod.rs line 745 column 26 function alloc::raw_vec::RawVecInner::finish_grow thread 0
aborting path on assume(false) at file /home/runner/.rustup/toolchains/nightly-2025-11-21-x86_64-unknown-linux-gnu/lib/rustlib/src/rust/library/core/src/result.rs line 2173 column 15 function <std::result::Result<std::ptr::NonNull<[u8]>, std::alloc::AllocError> as std::ops::Try>::branch thread 0
aborting path on assume(false) at file src/lib.rs line 0 column 0 function std::alloc::Global::grow_impl thread 0
aborting path on assume(false) at file /home/runner/.rustup/toolchains/nightly-2025-11-21-x86_64-unknown-linux-gnu/lib/rustlib/src/rust/library/core/src/result.rs line 966 column 15 function std::result::Result::<std::ptr::NonNull<[u8]>, std::alloc::AllocError>::map_err::<std::collections::TryReserveError, {closure@alloc::raw_vec::RawVecInner::finish_grow::{closure#0}}> thread 0
aborting path on assume(false) at file /home/runner/.rustup/toolchains/nightly-2025-11-21-x86_64-unknown-linux-gnu/lib/rustlib/src/rust/library/core/src/result.rs line 2173 column 15 function <std::result::Result<std::ptr::NonNull<[u8]>, std::collections::TryReserveError> as std::ops::Try>::branch thread 0
aborting path on assume(false) at file src/lib.rs line 0 column 0 function alloc::raw_vec::RawVecInner::grow_amortized thread 0
aborting path on assume(false) at file /home/runner/.rustup/toolchains/nightly-2025-11-21-x86_64-unknown-linux-gnu/lib/rustlib/src/rust/library/alloc/src/raw_vec/mod.rs line 550 column 9 function alloc::raw_vec::RawVecInner::<A>::reserve::do_reserve_and_handle::<std::alloc::Global> thread 0
aborting path on assume(false) at file /home/runner/.rustup/toolchains/nightly-2025-11-21-x86_64-unknown-linux-gnu/lib/rustlib/src/rust/library/alloc/src/collections/mod.rs line 93 column 10 function <std::collections::TryReserveErrorKind as std::clone::Clone>::clone thread 0
aborting path on assume(false) at file /home/runner/.rustup/toolchains/nightly-2025-11-21-x86_64-unknown-linux-gnu/lib/rustlib/src/rust/library/alloc/src/raw_vec/mod.rs line 845 column 11 function alloc::raw_vec::handle_error thread 0
aborting path on assume(false) at file /home/runner/.rustup/toolchains/nightly-2025-11-21-x86_64-unknown-linux-gnu/lib/rustlib/src/rust/library/alloc/src/alloc.rs line 366 column 5 function std::alloc::handle_alloc_error::rt_error thread 0
aborting path on assume(false) at file /home/runner/.rustup/toolchains/nightly-2025-11-21-x86_64-unknown-linux-gnu/lib/rustlib/src/rust/library/alloc/src/alloc.rs line 407 column 13 function std::alloc::handle_alloc_error::rt_error thread 0
aborting path on assume(false) at file /home/runner/.rustup/toolchains/nightly-2025-11-21-x86_64-unknown-linux-gnu/lib/rustlib/src/rust/library/alloc/src/alloc.rs line 413 column 9 function std::alloc::handle_alloc_error thread 0
aborting path on assume(false) at file /home/runner/.rustup/toolchains/nightly-2025-11-21-x86_64-unknown-linux-gnu/lib/rustlib/src/rust/library/alloc/src/raw_vec/mod.rs line 847 column 38 function alloc::raw_vec::handle_error thread 0
aborting path on assume(false) at file /home/runner/.rustup/toolchains/nightly-2025-11-21-x86_64-unknown-linux-gnu/lib/rustlib/src/rust/library/alloc/src/raw_vec/mod.rs line 28 column 5 function alloc::raw_vec::capacity_overflow thread 0
aborting path on assume(false) at file /home/runner/.rustup/toolchains/nightly-2025-11-21-x86_64-unknown-linux-gnu/lib/rustlib/src/rust/library/alloc/src/raw_vec/mod.rs line 846 column 29 function alloc::raw_vec::handle_error thread 0
aborting path on assume(false) at file /home/runner/.rustup/toolchains/nightly-2025-11-21-x86_64-unknown-linux-gnu/lib/rustlib/src/rust/library/alloc/src/raw_vec/mod.rs line 558 column 17 function alloc::raw_vec::RawVecInner::<A>::reserve::do_reserve_and_handle::<std::alloc::Global> thread 0
aborting path on assume(false) at file /home/runner/work/kani/kani/library/kani_core/src/models.rs line 176 column 17 function <usize as kani::rustc_intrinsics::ToISize>::to_isize thread 0
aborting path on assume(false) at file /home/runner/work/kani/kani/library/kani/src/lib.rs line 57 column 1 function <usize as kani::rustc_intrinsics::ToISize>::to_isize thread 0
aborting path on assume(false) at file /home/runner/work/kani/kani/library/kani/src/lib.rs line 57 column 1 function <usize as kani::rustc_intrinsics::ToISize>::to_isize thread 0
aborting path on assume(false) at file /home/runner/work/kani/kani/library/kani/src/lib.rs line 57 column 1 function kani::mem::cbmc::same_allocation thread 0
Unwinding loop _RNvNtNtCs8zVKvWqpudH_8edisondb12verification14kani_harnesses25bounded_audit_model_input.0 iteration 1 file src/verification.rs line 399 column 9 function verification::kani_harnesses::bounded_audit_model_input thread 0
Unwinding loop _RNvNtNtCs8zVKvWqpudH_8edisondb12verification14kani_harnesses25bounded_audit_model_input.0 iteration 2 file src/verification.rs line 399 column 9 function verification::kani_harnesses::bounded_audit_model_input thread 0
Unwinding loop _RNvNtNtCs8zVKvWqpudH_8edisondb12verification14kani_harnesses25bounded_audit_model_input.0 iteration 3 file src/verification.rs line 399 column 9 function verification::kani_harnesses::bounded_audit_model_input thread 0
Unwinding loop _RNvNtNtCs8zVKvWqpudH_8edisondb12verification14kani_harnesses25bounded_audit_model_input.0 iteration 4 file src/verification.rs line 399 column 9 function verification::kani_harnesses::bounded_audit_model_input thread 0
Unwinding loop _RNvNtNtCs8zVKvWqpudH_8edisondb12verification14kani_harnesses25bounded_audit_model_input.0 iteration 5 file src/verification.rs line 399 column 9 function verification::kani_harnesses::bounded_audit_model_input thread 0
Unwinding loop _RNvNtNtCs8zVKvWqpudH_8edisondb12verification14kani_harnesses25bounded_audit_model_input.0 iteration 6 file src/verification.rs line 399 column 9 function verification::kani_harnesses::bounded_audit_model_input thread 0
Unwinding loop _RNvNtNtCs8zVKvWqpudH_8edisondb12verification14kani_harnesses25bounded_audit_model_input.0 iteration 7 file src/verification.rs line 399 column 9 function verification::kani_harnesses::bounded_audit_model_input thread 0
Unwinding loop _RNvNtNtCs8zVKvWqpudH_8edisondb12verification14kani_harnesses25bounded_audit_model_input.0 iteration 8 file src/verification.rs line 399 column 9 function verification::kani_harnesses::bounded_audit_model_input thread 0
Unwinding loop _RNvNtNtCs8zVKvWqpudH_8edisondb12verification14kani_harnesses25bounded_audit_model_input.0 iteration 9 file src/verification.rs line 399 column 9 function verification::kani_harnesses::bounded_audit_model_input thread 0
Unwinding loop _RNvNtNtCs8zVKvWqpudH_8edisondb12verification14kani_harnesses25bounded_audit_model_input.0 iteration 10 file src/verification.rs line 399 column 9 function verification::kani_harnesses::bounded_audit_model_input thread 0
Unwinding loop _RNvNtNtCs8zVKvWqpudH_8edisondb12verification14kani_harnesses25bounded_audit_model_input.0 iteration 11 file src/verification.rs line 399 column 9 function verification::kani_harnesses::bounded_audit_model_input thread 0
Unwinding loop _RNvNtNtCs8zVKvWqpudH_8edisondb12verification14kani_harnesses25bounded_audit_model_input.0 iteration 12 file src/verification.rs line 399 column 9 function verification::kani_harnesses::bounded_audit_model_input thread 0
Unwinding loop _RNvNtNtCs8zVKvWqpudH_8edisondb12verification14kani_harnesses25bounded_audit_model_input.0 iteration 13 file src/verification.rs line 399 column 9 function verification::kani_harnesses::bounded_audit_model_input thread 0
Unwinding loop _RNvNtNtCs8zVKvWqpudH_8edisondb12verification14kani_harnesses25bounded_audit_model_input.0 iteration 14 file src/verification.rs line 399 column 9 function verification::kani_harnesses::bounded_audit_model_input thread 0
Unwinding loop _RNvNtNtCs8zVKvWqpudH_8edisondb12verification14kani_harnesses25bounded_audit_model_input.0 iteration 15 file src/verification.rs line 399 column 9 function verification::kani_harnesses::bounded_audit_model_input thread 0
Unwinding loop _RNvNtNtCs8zVKvWqpudH_8edisondb12verification14kani_harnesses25bounded_audit_model_input.0 iteration 16 file src/verification.rs line 399 column 9 function verification::kani_harnesses::bounded_audit_model_input thread 0
Unwinding loop _RNvNtNtCs8zVKvWqpudH_8edisondb12verification14kani_harnesses25bounded_audit_model_input.0 iteration 17 file src/verification.rs line 399 column 9 function verification::kani_harnesses::bounded_audit_model_input thread 0
Unwinding loop _RNvNtNtCs8zVKvWqpudH_8edisondb12verification14kani_harnesses25bounded_audit_model_input.0 iteration 18 file src/verification.rs line 399 column 9 function verification::kani_harnesses::bounded_audit_model_input thread 0
Unwinding loop _RNvNtNtCs8zVKvWqpudH_8edisondb12verification14kani_harnesses25bounded_audit_model_input.0 iteration 19 file src/verification.rs line 399 column 9 function verification::kani_harnesses::bounded_audit_model_input thread 0
Unwinding loop _RNvNtNtCs8zVKvWqpudH_8edisondb12verification14kani_harnesses25bounded_audit_model_input.0 iteration 20 file src/verification.rs line 399 column 9 function verification::kani_harnesses::bounded_audit_model_input thread 0
Unwinding loop _RNvNtNtCs8zVKvWqpudH_8edisondb12verification14kani_harnesses25bounded_audit_model_input.0 iteration 21 file src/verification.rs line 399 column 9 function verification::kani_harnesses::bounded_audit_model_input thread 0
Unwinding loop _RNvNtNtCs8zVKvWqpudH_8edisondb12verification14kani_harnesses25bounded_audit_model_input.0 iteration 22 file src/verification.rs line 399 column 9 function verification::kani_harnesses::bounded_audit_model_input thread 0
Unwinding loop _RNvNtNtCs8zVKvWqpudH_8edisondb12verification14kani_harnesses25bounded_audit_model_input.0 iteration 23 file src/verification.rs line 399 column 9 function verification::kani_harnesses::bounded_audit_model_input thread 0
Unwinding loop _RNvNtNtCs8zVKvWqpudH_8edisondb12verification14kani_harnesses25bounded_audit_model_input.0 iteration 24 file src/verification.rs line 399 column 9 function verification::kani_harnesses::bounded_audit_model_input thread 0
Unwinding loop _RNvNtNtCs8zVKvWqpudH_8edisondb12verification14kani_harnesses25bounded_audit_model_input.0 iteration 25 file src/verification.rs line 399 column 9 function verification::kani_harnesses::bounded_audit_model_input thread 0
Unwinding loop _RNvNtNtCs8zVKvWqpudH_8edisondb12verification14kani_harnesses25bounded_audit_model_input.0 iteration 26 file src/verification.rs line 399 column 9 function verification::kani_harnesses::bounded_audit_model_input thread 0
Unwinding loop _RNvNtNtCs8zVKvWqpudH_8edisondb12verification14kani_harnesses25bounded_audit_model_input.0 iteration 27 file src/verification.rs line 399 column 9 function verification::kani_harnesses::bounded_audit_model_input thread 0
Unwinding loop _RNvNtNtCs8zVKvWqpudH_8edisondb12verification14kani_harnesses25bounded_audit_model_input.0 iteration 28 file src/verification.rs line 399 column 9 function verification::kani_harnesses::bounded_audit_model_input thread 0
Unwinding loop _RNvNtNtCs8zVKvWqpudH_8edisondb12verification14kani_harnesses25bounded_audit_model_input.0 iteration 29 file src/verification.rs line 399 column 9 function verification::kani_harnesses::bounded_audit_model_input thread 0
Unwinding loop _RNvNtNtCs8zVKvWqpudH_8edisondb12verification14kani_harnesses25bounded_audit_model_input.0 iteration 30 file src/verification.rs line 399 column 9 function verification::kani_harnesses::bounded_audit_model_input thread 0
Unwinding loop _RNvNtNtCs8zVKvWqpudH_8edisondb12verification14kani_harnesses25bounded_audit_model_input.0 iteration 31 file src/verification.rs line 399 column 9 function verification::kani_harnesses::bounded_audit_model_input thread 0
Unwinding loop _RNvNtNtCs8zVKvWqpudH_8edisondb12verification14kani_harnesses25bounded_audit_model_input.0 iteration 32 file src/verification.rs line 399 column 9 function verification::kani_harnesses::bounded_audit_model_input thread 0
Unwinding loop _RNvNtNtCs8zVKvWqpudH_8edisondb12verification14kani_harnesses25bounded_audit_model_input.0 iteration 33 file src/verification.rs line 399 column 9 function verification::kani_harnesses::bounded_audit_model_input thread 0
Unwinding loop _RNvNtNtCs8zVKvWqpudH_8edisondb12verification14kani_harnesses25bounded_audit_model_input.0 iteration 34 file src/verification.rs line 399 column 9 function verification::kani_harnesses::bounded_audit_model_input thread 0
Unwinding loop _RNvNtNtCs8zVKvWqpudH_8edisondb12verification14kani_harnesses25bounded_audit_model_input.0 iteration 35 file src/verification.rs line 399 column 9 function verification::kani_harnesses::bounded_audit_model_input thread 0
Unwinding loop _RNvNtNtCs8zVKvWqpudH_8edisondb12verification14kani_harnesses25bounded_audit_model_input.0 iteration 36 file src/verification.rs line 399 column 9 function verification::kani_harnesses::bounded_audit_model_input thread 0
Unwinding loop _RNvNtNtCs8zVKvWqpudH_8edisondb12verification14kani_harnesses25bounded_audit_model_input.0 iteration 37 file src/verification.rs line 399 column 9 function verification::kani_harnesses::bounded_audit_model_input thread 0
Unwinding loop _RNvNtNtCs8zVKvWqpudH_8edisondb12verification14kani_harnesses25bounded_audit_model_input.0 iteration 38 file src/verification.rs line 399 column 9 function verification::kani_harnesses::bounded_audit_model_input thread 0
Unwinding loop _RNvNtNtCs8zVKvWqpudH_8edisondb12verification14kani_harnesses25bounded_audit_model_input.0 iteration 39 file src/verification.rs line 399 column 9 function verification::kani_harnesses::bounded_audit_model_input thread 0
Unwinding loop _RNvNtNtCs8zVKvWqpudH_8edisondb12verification14kani_harnesses25bounded_audit_model_input.0 iteration 40 file src/verification.rs line 399 column 9 function verification::kani_harnesses::bounded_audit_model_input thread 0
Unwinding loop _RNvNtNtCs8zVKvWqpudH_8edisondb12verification14kani_harnesses25bounded_audit_model_input.0 iteration 41 file src/verification.rs line 399 column 9 function verification::kani_harnesses::bounded_audit_model_input thread 0
Unwinding loop _RNvNtNtCs8zVKvWqpudH_8edisondb12verification14kani_harnesses25bounded_audit_model_input.0 iteration 42 file src/verification.rs line 399 column 9 function verification::kani_harnesses::bounded_audit_model_input thread 0
Unwinding loop _RNvNtNtCs8zVKvWqpudH_8edisondb12verification14kani_harnesses25bounded_audit_model_input.0 iteration 43 file src/verification.rs line 399 column 9 function verification::kani_harnesses::bounded_audit_model_input thread 0
Unwinding loop _RNvNtNtCs8zVKvWqpudH_8edisondb12verification14kani_harnesses25bounded_audit_model_input.0 iteration 44 file src/verification.rs line 399 column 9 function verification::kani_harnesses::bounded_audit_model_input thread 0
Unwinding loop _RNvNtNtCs8zVKvWqpudH_8edisondb12verification14kani_harnesses25bounded_audit_model_input.0 iteration 45 file src/verification.rs line 399 column 9 function verification::kani_harnesses::bounded_audit_model_input thread 0
Unwinding loop _RNvNtNtCs8zVKvWqpudH_8edisondb12verification14kani_harnesses25bounded_audit_model_input.0 iteration 46 file src/verification.rs line 399 column 9 function verification::kani_harnesses::bounded_audit_model_input thread 0
Unwinding loop _RNvNtNtCs8zVKvWqpudH_8edisondb12verification14kani_harnesses25bounded_audit_model_input.0 iteration 47 file src/verification.rs line 399 column 9 function verification::kani_harnesses::bounded_audit_model_input thread 0
Unwinding loop _RNvNtNtCs8zVKvWqpudH_8edisondb12verification14kani_harnesses25bounded_audit_model_input.0 iteration 48 file src/verification.rs line 399 column 9 function verification::kani_harnesses::bounded_audit_model_input thread 0
Unwinding loop _RNvNtNtCs8zVKvWqpudH_8edisondb12verification14kani_harnesses25bounded_audit_model_input.0 iteration 49 file src/verification.rs line 399 column 9 function verification::kani_harnesses::bounded_audit_model_input thread 0
Unwinding loop _RNvNtNtCs8zVKvWqpudH_8edisondb12verification14kani_harnesses25bounded_audit_model_input.0 iteration 50 file src/verification.rs line 399 column 9 function verification::kani_harnesses::bounded_audit_model_input thread 0
Unwinding loop _RNvNtNtCs8zVKvWqpudH_8edisondb12verification14kani_harnesses25bounded_audit_model_input.0 iteration 51 file src/verification.rs line 399 column 9 function verification::kani_harnesses::bounded_audit_model_input thread 0
Unwinding loop _RNvNtNtCs8zVKvWqpudH_8edisondb12verification14kani_harnesses25bounded_audit_model_input.0 iteration 52 file src/verification.rs line 399 column 9 function verification::kani_harnesses::bounded_audit_model_input thread 0
Unwinding loop _RNvNtNtCs8zVKvWqpudH_8edisondb12verification14kani_harnesses25bounded_audit_model_input.0 iteration 53 file src/verification.rs line 399 column 9 function verification::kani_harnesses::bounded_audit_model_input thread 0
Unwinding loop _RNvNtNtCs8zVKvWqpudH_8edisondb12verification14kani_harnesses25bounded_audit_model_input.0 iteration 54 file src/verification.rs line 399 column 9 function verification::kani_harnesses::bounded_audit_model_input thread 0
Unwinding loop _RNvNtNtCs8zVKvWqpudH_8edisondb12verification14kani_harnesses25bounded_audit_model_input.0 iteration 55 file src/verification.rs line 399 column 9 function verification::kani_harnesses::bounded_audit_model_input thread 0
Unwinding loop _RNvNtNtCs8zVKvWqpudH_8edisondb12verification14kani_harnesses25bounded_audit_model_input.0 iteration 56 file src/verification.rs line 399 column 9 function verification::kani_harnesses::bounded_audit_model_input thread 0
Unwinding loop _RNvNtNtCs8zVKvWqpudH_8edisondb12verification14kani_harnesses25bounded_audit_model_input.0 iteration 57 file src/verification.rs line 399 column 9 function verification::kani_harnesses::bounded_audit_model_input thread 0
Unwinding loop _RNvNtNtCs8zVKvWqpudH_8edisondb12verification14kani_harnesses25bounded_audit_model_input.0 iteration 58 file src/verification.rs line 399 column 9 function verification::kani_harnesses::bounded_audit_model_input thread 0
Unwinding loop _RNvNtNtCs8zVKvWqpudH_8edisondb12verification14kani_harnesses25bounded_audit_model_input.0 iteration 59 file src/verification.rs line 399 column 9 function verification::kani_harnesses::bounded_audit_model_input thread 0
Unwinding loop _RNvNtNtCs8zVKvWqpudH_8edisondb12verification14kani_harnesses25bounded_audit_model_input.0 iteration 60 file src/verification.rs line 399 column 9 function verification::kani_harnesses::bounded_audit_model_input thread 0
Unwinding loop _RNvNtNtCs8zVKvWqpudH_8edisondb12verification14kani_harnesses25bounded_audit_model_input.0 iteration 61 file src/verification.rs line 399 column 9 function verification::kani_harnesses::bounded_audit_model_input thread 0
Unwinding loop _RNvNtNtCs8zVKvWqpudH_8edisondb12verification14kani_harnesses25bounded_audit_model_input.0 iteration 62 file src/verification.rs line 399 column 9 function verification::kani_harnesses::bounded_audit_model_input thread 0
Unwinding loop _RNvNtNtCs8zVKvWqpudH_8edisondb12verification14kani_harnesses25bounded_audit_model_input.0 iteration 63 file src/verification.rs line 399 column 9 function verification::kani_harnesses::bounded_audit_model_input thread 0
Unwinding loop _RNvNtNtCs8zVKvWqpudH_8edisondb12verification14kani_harnesses25bounded_audit_model_input.0 iteration 64 file src/verification.rs line 399 column 9 function verification::kani_harnesses::bounded_audit_model_input thread 0
Unwinding loop _RNvNtNtCs8zVKvWqpudH_8edisondb12verification14kani_harnesses25bounded_audit_model_input.0 iteration 65 file src/verification.rs line 399 column 9 function verification::kani_harnesses::bounded_audit_model_input thread 0
Unwinding loop _RNvNtNtCs8zVKvWqpudH_8edisondb12verification14kani_harnesses25bounded_audit_model_input.0 iteration 66 file src/verification.rs line 399 column 9 function verification::kani_harnesses::bounded_audit_model_input thread 0
Unwinding loop _RNvNtNtCs8zVKvWqpudH_8edisondb12verification14kani_harnesses25bounded_audit_model_input.0 iteration 67 file src/verification.rs line 399 column 9 function verification::kani_harnesses::bounded_audit_model_input thread 0
Unwinding loop _RNvNtNtCs8zVKvWqpudH_8edisondb12verification14kani_harnesses25bounded_audit_model_input.0 iteration 68 file src/verification.rs line 399 column 9 function verification::kani_harnesses::bounded_audit_model_input thread 0
Unwinding loop _RNvNtNtCs8zVKvWqpudH_8edisondb12verification14kani_harnesses25bounded_audit_model_input.0 iteration 69 file src/verification.rs line 399 column 9 function verification::kani_harnesses::bounded_audit_model_input thread 0
Unwinding loop _RNvNtNtCs8zVKvWqpudH_8edisondb12verification14kani_harnesses25bounded_audit_model_input.0 iteration 70 file src/verification.rs line 399 column 9 function verification::kani_harnesses::bounded_audit_model_input thread 0
Unwinding loop _RNvNtNtCs8zVKvWqpudH_8edisondb12verification14kani_harnesses25bounded_audit_model_input.0 iteration 71 file src/verification.rs line 399 column 9 function verification::kani_harnesses::bounded_audit_model_input thread 0
Unwinding loop _RNvNtNtCs8zVKvWqpudH_8edisondb12verification14kani_harnesses25bounded_audit_model_input.0 iteration 72 file src/verification.rs line 399 column 9 function verification::kani_harnesses::bounded_audit_model_input thread 0
Unwinding loop _RNvNtNtCs8zVKvWqpudH_8edisondb12verification14kani_harnesses25bounded_audit_model_input.0 iteration 73 file src/verification.rs line 399 column 9 function verification::kani_harnesses::bounded_audit_model_input thread 0
Unwinding loop _RNvNtNtCs8zVKvWqpudH_8edisondb12verification14kani_harnesses25bounded_audit_model_input.0 iteration 74 file src/verification.rs line 399 column 9 function verification::kani_harnesses::bounded_audit_model_input thread 0
Unwinding loop _RNvNtNtCs8zVKvWqpudH_8edisondb12verification14kani_harnesses25bounded_audit_model_input.0 iteration 75 file src/verification.rs line 399 column 9 function verification::kani_harnesses::bounded_audit_model_input thread 0
Unwinding loop _RNvNtNtCs8zVKvWqpudH_8edisondb12verification14kani_harnesses25bounded_audit_model_input.0 iteration 76 file src/verification.rs line 399 column 9 function verification::kani_harnesses::bounded_audit_model_input thread 0
Unwinding loop _RNvNtNtCs8zVKvWqpudH_8edisondb12verification14kani_harnesses25bounded_audit_model_input.0 iteration 77 file src/verification.rs line 399 column 9 function verification::kani_harnesses::bounded_audit_model_input thread 0
Unwinding loop _RNvNtNtCs8zVKvWqpudH_8edisondb12verification14kani_harnesses25bounded_audit_model_input.0 iteration 78 file src/verification.rs line 399 column 9 function verification::kani_harnesses::bounded_audit_model_input thread 0
Unwinding loop _RNvNtNtCs8zVKvWqpudH_8edisondb12verification14kani_harnesses25bounded_audit_model_input.0 iteration 79 file src/verification.rs line 399 column 9 function verification::kani_harnesses::bounded_audit_model_input thread 0
Unwinding loop _RNvNtNtCs8zVKvWqpudH_8edisondb12verification14kani_harnesses25bounded_audit_model_input.0 iteration 80 file src/verification.rs line 399 column 9 function verification::kani_harnesses::bounded_audit_model_input thread 0
Unwinding loop _RNvNtNtCs8zVKvWqpudH_8edisondb12verification14kani_harnesses25bounded_audit_model_input.0 iteration 81 file src/verification.rs line 399 column 9 function verification::kani_harnesses::bounded_audit_model_input thread 0
Unwinding loop _RNvNtNtCs8zVKvWqpudH_8edisondb12verification14kani_harnesses25bounded_audit_model_input.0 iteration 82 file src/verification.rs line 399 column 9 function verification::kani_harnesses::bounded_audit_model_input thread 0
Unwinding loop _RNvNtNtCs8zVKvWqpudH_8edisondb12verification14kani_harnesses25bounded_audit_model_input.0 iteration 83 file src/verification.rs line 399 column 9 function verification::kani_harnesses::bounded_audit_model_input thread 0
Unwinding loop _RNvNtNtCs8zVKvWqpudH_8edisondb12verification14kani_harnesses25bounded_audit_model_input.0 iteration 84 file src/verification.rs line 399 column 9 function verification::kani_harnesses::bounded_audit_model_input thread 0
aborting path on assume(false) at file /home/runner/.rustup/toolchains/nightly-2025-11-21-x86_64-unknown-linux-gnu/lib/rustlib/src/rust/library/alloc/src/raw_vec/mod.rs line 830 column 5 function alloc::raw_vec::RawVecInner::deallocate thread 0
Runtime Symex: 39.1351s
size of program expression: 384502 steps
slicing removed 260223 assignments
Generated 34525 VCC(s), 6925 remaining after simplification
Runtime Postprocess Equation: 0.589804s
Passing problem to propositional reduction
converting SSA
Runtime Convert SSA: 2.73155s
