Kani Rust Verifier 0.67.0 (cargo plugin)
   Compiling edisondb v0.6.0-p3m9 (/home/edisonbl/Documents/AIEONYX/edisondb-fv)
warning: Found the following unsupported constructs:
             - caller_location (1)
             - foreign function (12)
         
         Verification will fail if one or more of these constructs is reachable.
         See https://model-checking.github.io/kani/rust-feature-support.html for more details.

warning: Kani currently does not support concurrency. The following constructs will be treated as sequential operations:
             - atomic_xchg (5)
             - atomic_store (3)
             - thread local (replaced by static variable) (1)
             - atomic_cxchgweak (15)
             - atomic_load (6)
         

    Finished `dev` profile [unoptimized + debuginfo] target(s) in 4.89s
   Compiling edisondb v0.6.0-p3m9 (/home/edisonbl/Documents/AIEONYX/edisondb-fv)
    Finished `dev` profile [unoptimized + debuginfo] target(s) in 2.65s
   Compiling edisondb v0.6.0-p3m9 (/home/edisonbl/Documents/AIEONYX/edisondb-fv)
    Finished `dev` profile [unoptimized + debuginfo] target(s) in 1.04s
Checking harness verification::kani_harnesses::kani_policy_tier_ceiling...
CBMC 6.8.0 (cbmc-6.8.0)
CBMC version 6.8.0 (cbmc-6.8.0) 64-bit x86_64 linux
Reading GOTO program from file /home/edisonbl/Documents/AIEONYX/edisondb-fv/target/kani/x86_64-unknown-linux-gnu/debug/deps/edisondb__RNvNtNtCsh53XPqpdbtl_8edisondb12verification14kani_harnesses24kani_policy_tier_ceiling.out
Generating GOTO Program
Adding CPROVER library (x86_64)
Removal of function pointers and virtual functions
Generic Property Instrumentation
Running with 16 object bits, 48 offset bits (user-specified)
Starting Bounded Model Checking
aborting path on assume(false) at file /home/runner/.rustup/toolchains/nightly-2025-11-21-x86_64-unknown-linux-gnu/lib/rustlib/src/rust/library/std/src/sys/pal/unix/weak/syscall.rs line 7 column 9 function std::sys::random::linux::getrandom::getrandom thread 0
aborting path on assume(false) at file /home/runner/.cargo/registry/src/index.crates.io-1949cf8c6b5b557f/libc-0.2.177/src/unix/linux_like/linux/mod.rs line 6372 column 5 function std::sys::random::linux::getrandom::getrandom thread 0
aborting path on assume(false) at  thread 0
aborting path on assume(false) at file /home/runner/work/kani/kani/library/kani/src/lib.rs line 57 column 1 function kani::mem::cbmc::same_allocation thread 0
aborting path on assume(false) at file /home/runner/work/kani/kani/library/kani/src/lib.rs line 57 column 1 function kani::mem::cbmc::same_allocation thread 0
Unwinding loop _RNvXs3_NtNtCsci0VKyKEi6N_4core4hash3sipINtB5_6HasherNtB5_11Sip13RoundsENtB7_6Hasher5writeCs27UYLqoUkb6_4redb.0 iteration 1 file /home/runner/.rustup/toolchains/nightly-2025-11-21-x86_64-unknown-linux-gnu/lib/rustlib/src/rust/library/core/src/hash/sip.rs line 281 column 9 function <core::hash::sip::Hasher<core::hash::sip::Sip13Rounds> as std::hash::Hasher>::write thread 0
aborting path on assume(false) at file /home/runner/work/kani/kani/library/kani/src/lib.rs line 57 column 1 function kani::mem::cbmc::same_allocation thread 0
Unwinding loop _RNvXs3_NtNtCsci0VKyKEi6N_4core4hash3sipINtB5_6HasherNtB5_11Sip13RoundsENtB7_6Hasher5writeCs27UYLqoUkb6_4redb.0 iteration 2 file /home/runner/.rustup/toolchains/nightly-2025-11-21-x86_64-unknown-linux-gnu/lib/rustlib/src/rust/library/core/src/hash/sip.rs line 281 column 9 function <core::hash::sip::Hasher<core::hash::sip::Sip13Rounds> as std::hash::Hasher>::write thread 0
aborting path on assume(false) at file /home/runner/work/kani/kani/library/kani/src/lib.rs line 57 column 1 function kani::mem::cbmc::same_allocation thread 0
Unwinding loop _RNvXs3_NtNtCsci0VKyKEi6N_4core4hash3sipINtB5_6HasherNtB5_11Sip13RoundsENtB7_6Hasher5writeCs27UYLqoUkb6_4redb.0 iteration 3 file /home/runner/.rustup/toolchains/nightly-2025-11-21-x86_64-unknown-linux-gnu/lib/rustlib/src/rust/library/core/src/hash/sip.rs line 281 column 9 function <core::hash::sip::Hasher<core::hash::sip::Sip13Rounds> as std::hash::Hasher>::write thread 0
aborting path on assume(false) at file /home/runner/work/kani/kani/library/kani/src/lib.rs line 57 column 1 function kani::mem::cbmc::same_allocation thread 0
Unwinding loop _RNvXs3_NtNtCsci0VKyKEi6N_4core4hash3sipINtB5_6HasherNtB5_11Sip13RoundsENtB7_6Hasher5writeCs27UYLqoUkb6_4redb.0 iteration 4 file /home/runner/.rustup/toolchains/nightly-2025-11-21-x86_64-unknown-linux-gnu/lib/rustlib/src/rust/library/core/src/hash/sip.rs line 281 column 9 function <core::hash::sip::Hasher<core::hash::sip::Sip13Rounds> as std::hash::Hasher>::write thread 0
aborting path on assume(false) at file /home/runner/work/kani/kani/library/kani/src/lib.rs line 57 column 1 function kani::mem::cbmc::same_allocation thread 0
Unwinding loop _RNvXs3_NtNtCsci0VKyKEi6N_4core4hash3sipINtB5_6HasherNtB5_11Sip13RoundsENtB7_6Hasher5writeCs27UYLqoUkb6_4redb.0 iteration 5 file /home/runner/.rustup/toolchains/nightly-2025-11-21-x86_64-unknown-linux-gnu/lib/rustlib/src/rust/library/core/src/hash/sip.rs line 281 column 9 function <core::hash::sip::Hasher<core::hash::sip::Sip13Rounds> as std::hash::Hasher>::write thread 0
aborting path on assume(false) at file /home/runner/work/kani/kani/library/kani/src/lib.rs line 57 column 1 function kani::mem::cbmc::same_allocation thread 0
Unwinding loop _RNvXs3_NtNtCsci0VKyKEi6N_4core4hash3sipINtB5_6HasherNtB5_11Sip13RoundsENtB7_6Hasher5writeCs27UYLqoUkb6_4redb.0 iteration 6 file /home/runner/.rustup/toolchains/nightly-2025-11-21-x86_64-unknown-linux-gnu/lib/rustlib/src/rust/library/core/src/hash/sip.rs line 281 column 9 function <core::hash::sip::Hasher<core::hash::sip::Sip13Rounds> as std::hash::Hasher>::write thread 0
aborting path on assume(false) at file /home/runner/work/kani/kani/library/kani/src/lib.rs line 57 column 1 function kani::mem::cbmc::same_allocation thread 0
Unwinding loop _RNvXs3_NtNtCsci0VKyKEi6N_4core4hash3sipINtB5_6HasherNtB5_11Sip13RoundsENtB7_6Hasher5writeCs27UYLqoUkb6_4redb.0 iteration 7 file /home/runner/.rustup/toolchains/nightly-2025-11-21-x86_64-unknown-linux-gnu/lib/rustlib/src/rust/library/core/src/hash/sip.rs line 281 column 9 function <core::hash::sip::Hasher<core::hash::sip::Sip13Rounds> as std::hash::Hasher>::write thread 0
aborting path on assume(false) at file /home/runner/work/kani/kani/library/kani/src/lib.rs line 57 column 1 function kani::mem::cbmc::same_allocation thread 0
Unwinding loop _RNvXs3_NtNtCsci0VKyKEi6N_4core4hash3sipINtB5_6HasherNtB5_11Sip13RoundsENtB7_6Hasher5writeCs27UYLqoUkb6_4redb.0 iteration 8 file /home/runner/.rustup/toolchains/nightly-2025-11-21-x86_64-unknown-linux-gnu/lib/rustlib/src/rust/library/core/src/hash/sip.rs line 281 column 9 function <core::hash::sip::Hasher<core::hash::sip::Sip13Rounds> as std::hash::Hasher>::write thread 0
aborting path on assume(false) at file /home/runner/work/kani/kani/library/kani/src/lib.rs line 57 column 1 function kani::mem::cbmc::same_allocation thread 0
Unwinding loop _RNvXs3_NtNtCsci0VKyKEi6N_4core4hash3sipINtB5_6HasherNtB5_11Sip13RoundsENtB7_6Hasher5writeCs27UYLqoUkb6_4redb.0 iteration 9 file /home/runner/.rustup/toolchains/nightly-2025-11-21-x86_64-unknown-linux-gnu/lib/rustlib/src/rust/library/core/src/hash/sip.rs line 281 column 9 function <core::hash::sip::Hasher<core::hash::sip::Sip13Rounds> as std::hash::Hasher>::write thread 0
aborting path on assume(false) at file /home/runner/work/kani/kani/library/kani/src/lib.rs line 57 column 1 function kani::mem::cbmc::same_allocation thread 0
Unwinding loop _RNvXs3_NtNtCsci0VKyKEi6N_4core4hash3sipINtB5_6HasherNtB5_11Sip13RoundsENtB7_6Hasher5writeCs27UYLqoUkb6_4redb.0 iteration 10 file /home/runner/.rustup/toolchains/nightly-2025-11-21-x86_64-unknown-linux-gnu/lib/rustlib/src/rust/library/core/src/hash/sip.rs line 281 column 9 function <core::hash::sip::Hasher<core::hash::sip::Sip13Rounds> as std::hash::Hasher>::write thread 0
aborting path on assume(false) at file /home/runner/work/kani/kani/library/kani/src/lib.rs line 57 column 1 function kani::mem::cbmc::same_allocation thread 0
Unwinding loop _RNvXs3_NtNtCsci0VKyKEi6N_4core4hash3sipINtB5_6HasherNtB5_11Sip13RoundsENtB7_6Hasher5writeCs27UYLqoUkb6_4redb.0 iteration 11 file /home/runner/.rustup/toolchains/nightly-2025-11-21-x86_64-unknown-linux-gnu/lib/rustlib/src/rust/library/core/src/hash/sip.rs line 281 column 9 function <core::hash::sip::Hasher<core::hash::sip::Sip13Rounds> as std::hash::Hasher>::write thread 0
aborting path on assume(false) at file /home/runner/work/kani/kani/library/kani/src/lib.rs line 57 column 1 function kani::mem::cbmc::same_allocation thread 0
Unwinding loop _RNvXs3_NtNtCsci0VKyKEi6N_4core4hash3sipINtB5_6HasherNtB5_11Sip13RoundsENtB7_6Hasher5writeCs27UYLqoUkb6_4redb.0 iteration 12 file /home/runner/.rustup/toolchains/nightly-2025-11-21-x86_64-unknown-linux-gnu/lib/rustlib/src/rust/library/core/src/hash/sip.rs line 281 column 9 function <core::hash::sip::Hasher<core::hash::sip::Sip13Rounds> as std::hash::Hasher>::write thread 0
aborting path on assume(false) at file /home/runner/work/kani/kani/library/kani/src/lib.rs line 57 column 1 function kani::mem::cbmc::same_allocation thread 0
Unwinding loop _RNvXs3_NtNtCsci0VKyKEi6N_4core4hash3sipINtB5_6HasherNtB5_11Sip13RoundsENtB7_6Hasher5writeCs27UYLqoUkb6_4redb.0 iteration 13 file /home/runner/.rustup/toolchains/nightly-2025-11-21-x86_64-unknown-linux-gnu/lib/rustlib/src/rust/library/core/src/hash/sip.rs line 281 column 9 function <core::hash::sip::Hasher<core::hash::sip::Sip13Rounds> as std::hash::Hasher>::write thread 0
aborting path on assume(false) at file /home/runner/work/kani/kani/library/kani/src/lib.rs line 57 column 1 function kani::mem::cbmc::same_allocation thread 0
Unwinding loop _RNvXs3_NtNtCsci0VKyKEi6N_4core4hash3sipINtB5_6HasherNtB5_11Sip13RoundsENtB7_6Hasher5writeCs27UYLqoUkb6_4redb.0 iteration 14 file /home/runner/.rustup/toolchains/nightly-2025-11-21-x86_64-unknown-linux-gnu/lib/rustlib/src/rust/library/core/src/hash/sip.rs line 281 column 9 function <core::hash::sip::Hasher<core::hash::sip::Sip13Rounds> as std::hash::Hasher>::write thread 0
aborting path on assume(false) at file /home/runner/work/kani/kani/library/kani/src/lib.rs line 57 column 1 function kani::mem::cbmc::same_allocation thread 0
Unwinding loop _RNvXs3_NtNtCsci0VKyKEi6N_4core4hash3sipINtB5_6HasherNtB5_11Sip13RoundsENtB7_6Hasher5writeCs27UYLqoUkb6_4redb.0 iteration 15 file /home/runner/.rustup/toolchains/nightly-2025-11-21-x86_64-unknown-linux-gnu/lib/rustlib/src/rust/library/core/src/hash/sip.rs line 281 column 9 function <core::hash::sip::Hasher<core::hash::sip::Sip13Rounds> as std::hash::Hasher>::write thread 0
aborting path on assume(false) at file /home/runner/work/kani/kani/library/kani/src/lib.rs line 57 column 1 function kani::mem::cbmc::same_allocation thread 0
Not unwinding loop _RNvXs3_NtNtCsci0VKyKEi6N_4core4hash3sipINtB5_6HasherNtB5_11Sip13RoundsENtB7_6Hasher5writeCs27UYLqoUkb6_4redb.0 iteration 16 file /home/runner/.rustup/toolchains/nightly-2025-11-21-x86_64-unknown-linux-gnu/lib/rustlib/src/rust/library/core/src/hash/sip.rs line 281 column 9 function <core::hash::sip::Hasher<core::hash::sip::Sip13Rounds> as std::hash::Hasher>::write thread 0
aborting path on assume(false) at file /home/runner/work/kani/kani/library/kani_core/src/models.rs line 176 column 17 function <usize as kani::rustc_intrinsics::ToISize>::to_isize thread 0
aborting path on assume(false) at file /home/runner/work/kani/kani/library/kani/src/lib.rs line 57 column 1 function <usize as kani::rustc_intrinsics::ToISize>::to_isize thread 0
aborting path on assume(false) at file /home/runner/work/kani/kani/library/kani/src/lib.rs line 57 column 1 function <usize as kani::rustc_intrinsics::ToISize>::to_isize thread 0
aborting path on assume(false) at file /home/runner/work/kani/kani/library/kani/src/lib.rs line 57 column 1 function kani::mem::cbmc::same_allocation thread 0
aborting path on assume(false) at file /home/runner/work/kani/kani/library/kani_core/src/models.rs line 176 column 17 function <usize as kani::rustc_intrinsics::ToISize>::to_isize thread 0
aborting path on assume(false) at file /home/runner/work/kani/kani/library/kani/src/lib.rs line 57 column 1 function <usize as kani::rustc_intrinsics::ToISize>::to_isize thread 0
aborting path on assume(false) at file /home/runner/work/kani/kani/library/kani/src/lib.rs line 57 column 1 function <usize as kani::rustc_intrinsics::ToISize>::to_isize thread 0
aborting path on assume(false) at file /home/runner/work/kani/kani/library/kani/src/lib.rs line 57 column 1 function kani::mem::cbmc::same_allocation thread 0
aborting path on assume(false) at file /home/runner/work/kani/kani/library/kani_core/src/models.rs line 176 column 17 function <usize as kani::rustc_intrinsics::ToISize>::to_isize thread 0
aborting path on assume(false) at file /home/runner/work/kani/kani/library/kani/src/lib.rs line 57 column 1 function <usize as kani::rustc_intrinsics::ToISize>::to_isize thread 0
aborting path on assume(false) at file /home/runner/work/kani/kani/library/kani/src/lib.rs line 57 column 1 function <usize as kani::rustc_intrinsics::ToISize>::to_isize thread 0
aborting path on assume(false) at file /home/runner/work/kani/kani/library/kani_core/src/models.rs line 176 column 17 function <usize as kani::rustc_intrinsics::ToISize>::to_isize thread 0
aborting path on assume(false) at file /home/runner/work/kani/kani/library/kani/src/lib.rs line 57 column 1 function <usize as kani::rustc_intrinsics::ToISize>::to_isize thread 0
aborting path on assume(false) at file /home/runner/work/kani/kani/library/kani/src/lib.rs line 57 column 1 function <usize as kani::rustc_intrinsics::ToISize>::to_isize thread 0
Unwinding loop _RNvXs3_NtNtCsci0VKyKEi6N_4core4hash3sipINtB5_6HasherNtB5_11Sip13RoundsENtB7_6Hasher5writeCs27UYLqoUkb6_4redb.0 iteration 1 file /home/runner/.rustup/toolchains/nightly-2025-11-21-x86_64-unknown-linux-gnu/lib/rustlib/src/rust/library/core/src/hash/sip.rs line 281 column 9 function <core::hash::sip::Hasher<core::hash::sip::Sip13Rounds> as std::hash::Hasher>::write thread 0
aborting path on assume(false) at file /home/runner/work/kani/kani/library/kani_core/src/models.rs line 176 column 17 function <usize as kani::rustc_intrinsics::ToISize>::to_isize thread 0
aborting path on assume(false) at file /home/runner/work/kani/kani/library/kani/src/lib.rs line 57 column 1 function <usize as kani::rustc_intrinsics::ToISize>::to_isize thread 0
aborting path on assume(false) at file /home/runner/work/kani/kani/library/kani/src/lib.rs line 57 column 1 function <usize as kani::rustc_intrinsics::ToISize>::to_isize thread 0
Unwinding loop _RNvXs3_NtNtCsci0VKyKEi6N_4core4hash3sipINtB5_6HasherNtB5_11Sip13RoundsENtB7_6Hasher5writeCs27UYLqoUkb6_4redb.0 iteration 2 file /home/runner/.rustup/toolchains/nightly-2025-11-21-x86_64-unknown-linux-gnu/lib/rustlib/src/rust/library/core/src/hash/sip.rs line 281 column 9 function <core::hash::sip::Hasher<core::hash::sip::Sip13Rounds> as std::hash::Hasher>::write thread 0
aborting path on assume(false) at file /home/runner/work/kani/kani/library/kani_core/src/models.rs line 176 column 17 function <usize as kani::rustc_intrinsics::ToISize>::to_isize thread 0
aborting path on assume(false) at file /home/runner/work/kani/kani/library/kani/src/lib.rs line 57 column 1 function <usize as kani::rustc_intrinsics::ToISize>::to_isize thread 0
aborting path on assume(false) at file /home/runner/work/kani/kani/library/kani/src/lib.rs line 57 column 1 function <usize as kani::rustc_intrinsics::ToISize>::to_isize thread 0
Unwinding loop _RNvXs3_NtNtCsci0VKyKEi6N_4core4hash3sipINtB5_6HasherNtB5_11Sip13RoundsENtB7_6Hasher5writeCs27UYLqoUkb6_4redb.0 iteration 3 file /home/runner/.rustup/toolchains/nightly-2025-11-21-x86_64-unknown-linux-gnu/lib/rustlib/src/rust/library/core/src/hash/sip.rs line 281 column 9 function <core::hash::sip::Hasher<core::hash::sip::Sip13Rounds> as std::hash::Hasher>::write thread 0
aborting path on assume(false) at file /home/runner/work/kani/kani/library/kani_core/src/models.rs line 176 column 17 function <usize as kani::rustc_intrinsics::ToISize>::to_isize thread 0
aborting path on assume(false) at file /home/runner/work/kani/kani/library/kani/src/lib.rs line 57 column 1 function <usize as kani::rustc_intrinsics::ToISize>::to_isize thread 0
aborting path on assume(false) at file /home/runner/work/kani/kani/library/kani/src/lib.rs line 57 column 1 function <usize as kani::rustc_intrinsics::ToISize>::to_isize thread 0
Unwinding loop _RNvXs3_NtNtCsci0VKyKEi6N_4core4hash3sipINtB5_6HasherNtB5_11Sip13RoundsENtB7_6Hasher5writeCs27UYLqoUkb6_4redb.0 iteration 4 file /home/runner/.rustup/toolchains/nightly-2025-11-21-x86_64-unknown-linux-gnu/lib/rustlib/src/rust/library/core/src/hash/sip.rs line 281 column 9 function <core::hash::sip::Hasher<core::hash::sip::Sip13Rounds> as std::hash::Hasher>::write thread 0
aborting path on assume(false) at file /home/runner/work/kani/kani/library/kani_core/src/models.rs line 176 column 17 function <usize as kani::rustc_intrinsics::ToISize>::to_isize thread 0
aborting path on assume(false) at file /home/runner/work/kani/kani/library/kani/src/lib.rs line 57 column 1 function <usize as kani::rustc_intrinsics::ToISize>::to_isize thread 0
aborting path on assume(false) at file /home/runner/work/kani/kani/library/kani/src/lib.rs line 57 column 1 function <usize as kani::rustc_intrinsics::ToISize>::to_isize thread 0
Unwinding loop _RNvXs3_NtNtCsci0VKyKEi6N_4core4hash3sipINtB5_6HasherNtB5_11Sip13RoundsENtB7_6Hasher5writeCs27UYLqoUkb6_4redb.0 iteration 5 file /home/runner/.rustup/toolchains/nightly-2025-11-21-x86_64-unknown-linux-gnu/lib/rustlib/src/rust/library/core/src/hash/sip.rs line 281 column 9 function <core::hash::sip::Hasher<core::hash::sip::Sip13Rounds> as std::hash::Hasher>::write thread 0
aborting path on assume(false) at file /home/runner/work/kani/kani/library/kani_core/src/models.rs line 176 column 17 function <usize as kani::rustc_intrinsics::ToISize>::to_isize thread 0
aborting path on assume(false) at file /home/runner/work/kani/kani/library/kani/src/lib.rs line 57 column 1 function <usize as kani::rustc_intrinsics::ToISize>::to_isize thread 0
aborting path on assume(false) at file /home/runner/work/kani/kani/library/kani/src/lib.rs line 57 column 1 function <usize as kani::rustc_intrinsics::ToISize>::to_isize thread 0
Unwinding loop _RNvXs3_NtNtCsci0VKyKEi6N_4core4hash3sipINtB5_6HasherNtB5_11Sip13RoundsENtB7_6Hasher5writeCs27UYLqoUkb6_4redb.0 iteration 6 file /home/runner/.rustup/toolchains/nightly-2025-11-21-x86_64-unknown-linux-gnu/lib/rustlib/src/rust/library/core/src/hash/sip.rs line 281 column 9 function <core::hash::sip::Hasher<core::hash::sip::Sip13Rounds> as std::hash::Hasher>::write thread 0
aborting path on assume(false) at file /home/runner/work/kani/kani/library/kani_core/src/models.rs line 176 column 17 function <usize as kani::rustc_intrinsics::ToISize>::to_isize thread 0
aborting path on assume(false) at file /home/runner/work/kani/kani/library/kani/src/lib.rs line 57 column 1 function <usize as kani::rustc_intrinsics::ToISize>::to_isize thread 0
aborting path on assume(false) at file /home/runner/work/kani/kani/library/kani/src/lib.rs line 57 column 1 function <usize as kani::rustc_intrinsics::ToISize>::to_isize thread 0
Unwinding loop _RNvXs3_NtNtCsci0VKyKEi6N_4core4hash3sipINtB5_6HasherNtB5_11Sip13RoundsENtB7_6Hasher5writeCs27UYLqoUkb6_4redb.0 iteration 7 file /home/runner/.rustup/toolchains/nightly-2025-11-21-x86_64-unknown-linux-gnu/lib/rustlib/src/rust/library/core/src/hash/sip.rs line 281 column 9 function <core::hash::sip::Hasher<core::hash::sip::Sip13Rounds> as std::hash::Hasher>::write thread 0
aborting path on assume(false) at file /home/runner/work/kani/kani/library/kani_core/src/models.rs line 176 column 17 function <usize as kani::rustc_intrinsics::ToISize>::to_isize thread 0
aborting path on assume(false) at file /home/runner/work/kani/kani/library/kani/src/lib.rs line 57 column 1 function <usize as kani::rustc_intrinsics::ToISize>::to_isize thread 0
aborting path on assume(false) at file /home/runner/work/kani/kani/library/kani/src/lib.rs line 57 column 1 function <usize as kani::rustc_intrinsics::ToISize>::to_isize thread 0
Unwinding loop _RNvXs3_NtNtCsci0VKyKEi6N_4core4hash3sipINtB5_6HasherNtB5_11Sip13RoundsENtB7_6Hasher5writeCs27UYLqoUkb6_4redb.0 iteration 8 file /home/runner/.rustup/toolchains/nightly-2025-11-21-x86_64-unknown-linux-gnu/lib/rustlib/src/rust/library/core/src/hash/sip.rs line 281 column 9 function <core::hash::sip::Hasher<core::hash::sip::Sip13Rounds> as std::hash::Hasher>::write thread 0
aborting path on assume(false) at file /home/runner/work/kani/kani/library/kani_core/src/models.rs line 176 column 17 function <usize as kani::rustc_intrinsics::ToISize>::to_isize thread 0
aborting path on assume(false) at file /home/runner/work/kani/kani/library/kani/src/lib.rs line 57 column 1 function <usize as kani::rustc_intrinsics::ToISize>::to_isize thread 0
aborting path on assume(false) at file /home/runner/work/kani/kani/library/kani/src/lib.rs line 57 column 1 function <usize as kani::rustc_intrinsics::ToISize>::to_isize thread 0
Unwinding loop _RNvXs3_NtNtCsci0VKyKEi6N_4core4hash3sipINtB5_6HasherNtB5_11Sip13RoundsENtB7_6Hasher5writeCs27UYLqoUkb6_4redb.0 iteration 9 file /home/runner/.rustup/toolchains/nightly-2025-11-21-x86_64-unknown-linux-gnu/lib/rustlib/src/rust/library/core/src/hash/sip.rs line 281 column 9 function <core::hash::sip::Hasher<core::hash::sip::Sip13Rounds> as std::hash::Hasher>::write thread 0
aborting path on assume(false) at file /home/runner/work/kani/kani/library/kani_core/src/models.rs line 176 column 17 function <usize as kani::rustc_intrinsics::ToISize>::to_isize thread 0
aborting path on assume(false) at file /home/runner/work/kani/kani/library/kani/src/lib.rs line 57 column 1 function <usize as kani::rustc_intrinsics::ToISize>::to_isize thread 0
aborting path on assume(false) at file /home/runner/work/kani/kani/library/kani/src/lib.rs line 57 column 1 function <usize as kani::rustc_intrinsics::ToISize>::to_isize thread 0
Unwinding loop _RNvXs3_NtNtCsci0VKyKEi6N_4core4hash3sipINtB5_6HasherNtB5_11Sip13RoundsENtB7_6Hasher5writeCs27UYLqoUkb6_4redb.0 iteration 10 file /home/runner/.rustup/toolchains/nightly-2025-11-21-x86_64-unknown-linux-gnu/lib/rustlib/src/rust/library/core/src/hash/sip.rs line 281 column 9 function <core::hash::sip::Hasher<core::hash::sip::Sip13Rounds> as std::hash::Hasher>::write thread 0
aborting path on assume(false) at file /home/runner/work/kani/kani/library/kani_core/src/models.rs line 176 column 17 function <usize as kani::rustc_intrinsics::ToISize>::to_isize thread 0
aborting path on assume(false) at file /home/runner/work/kani/kani/library/kani/src/lib.rs line 57 column 1 function <usize as kani::rustc_intrinsics::ToISize>::to_isize thread 0
aborting path on assume(false) at file /home/runner/work/kani/kani/library/kani/src/lib.rs line 57 column 1 function <usize as kani::rustc_intrinsics::ToISize>::to_isize thread 0
Unwinding loop _RNvXs3_NtNtCsci0VKyKEi6N_4core4hash3sipINtB5_6HasherNtB5_11Sip13RoundsENtB7_6Hasher5writeCs27UYLqoUkb6_4redb.0 iteration 11 file /home/runner/.rustup/toolchains/nightly-2025-11-21-x86_64-unknown-linux-gnu/lib/rustlib/src/rust/library/core/src/hash/sip.rs line 281 column 9 function <core::hash::sip::Hasher<core::hash::sip::Sip13Rounds> as std::hash::Hasher>::write thread 0
aborting path on assume(false) at file /home/runner/work/kani/kani/library/kani_core/src/models.rs line 176 column 17 function <usize as kani::rustc_intrinsics::ToISize>::to_isize thread 0
aborting path on assume(false) at file /home/runner/work/kani/kani/library/kani/src/lib.rs line 57 column 1 function <usize as kani::rustc_intrinsics::ToISize>::to_isize thread 0
aborting path on assume(false) at file /home/runner/work/kani/kani/library/kani/src/lib.rs line 57 column 1 function <usize as kani::rustc_intrinsics::ToISize>::to_isize thread 0
Unwinding loop _RNvXs3_NtNtCsci0VKyKEi6N_4core4hash3sipINtB5_6HasherNtB5_11Sip13RoundsENtB7_6Hasher5writeCs27UYLqoUkb6_4redb.0 iteration 12 file /home/runner/.rustup/toolchains/nightly-2025-11-21-x86_64-unknown-linux-gnu/lib/rustlib/src/rust/library/core/src/hash/sip.rs line 281 column 9 function <core::hash::sip::Hasher<core::hash::sip::Sip13Rounds> as std::hash::Hasher>::write thread 0
aborting path on assume(false) at file /home/runner/work/kani/kani/library/kani_core/src/models.rs line 176 column 17 function <usize as kani::rustc_intrinsics::ToISize>::to_isize thread 0
aborting path on assume(false) at file /home/runner/work/kani/kani/library/kani/src/lib.rs line 57 column 1 function <usize as kani::rustc_intrinsics::ToISize>::to_isize thread 0
aborting path on assume(false) at file /home/runner/work/kani/kani/library/kani/src/lib.rs line 57 column 1 function <usize as kani::rustc_intrinsics::ToISize>::to_isize thread 0
Unwinding loop _RNvXs3_NtNtCsci0VKyKEi6N_4core4hash3sipINtB5_6HasherNtB5_11Sip13RoundsENtB7_6Hasher5writeCs27UYLqoUkb6_4redb.0 iteration 13 file /home/runner/.rustup/toolchains/nightly-2025-11-21-x86_64-unknown-linux-gnu/lib/rustlib/src/rust/library/core/src/hash/sip.rs line 281 column 9 function <core::hash::sip::Hasher<core::hash::sip::Sip13Rounds> as std::hash::Hasher>::write thread 0
aborting path on assume(false) at file /home/runner/work/kani/kani/library/kani_core/src/models.rs line 176 column 17 function <usize as kani::rustc_intrinsics::ToISize>::to_isize thread 0
aborting path on assume(false) at file /home/runner/work/kani/kani/library/kani/src/lib.rs line 57 column 1 function <usize as kani::rustc_intrinsics::ToISize>::to_isize thread 0
aborting path on assume(false) at file /home/runner/work/kani/kani/library/kani/src/lib.rs line 57 column 1 function <usize as kani::rustc_intrinsics::ToISize>::to_isize thread 0
Unwinding loop _RNvXs3_NtNtCsci0VKyKEi6N_4core4hash3sipINtB5_6HasherNtB5_11Sip13RoundsENtB7_6Hasher5writeCs27UYLqoUkb6_4redb.0 iteration 14 file /home/runner/.rustup/toolchains/nightly-2025-11-21-x86_64-unknown-linux-gnu/lib/rustlib/src/rust/library/core/src/hash/sip.rs line 281 column 9 function <core::hash::sip::Hasher<core::hash::sip::Sip13Rounds> as std::hash::Hasher>::write thread 0
aborting path on assume(false) at file /home/runner/work/kani/kani/library/kani_core/src/models.rs line 176 column 17 function <usize as kani::rustc_intrinsics::ToISize>::to_isize thread 0
aborting path on assume(false) at file /home/runner/work/kani/kani/library/kani/src/lib.rs line 57 column 1 function <usize as kani::rustc_intrinsics::ToISize>::to_isize thread 0
aborting path on assume(false) at file /home/runner/work/kani/kani/library/kani/src/lib.rs line 57 column 1 function <usize as kani::rustc_intrinsics::ToISize>::to_isize thread 0
Unwinding loop _RNvXs3_NtNtCsci0VKyKEi6N_4core4hash3sipINtB5_6HasherNtB5_11Sip13RoundsENtB7_6Hasher5writeCs27UYLqoUkb6_4redb.0 iteration 15 file /home/runner/.rustup/toolchains/nightly-2025-11-21-x86_64-unknown-linux-gnu/lib/rustlib/src/rust/library/core/src/hash/sip.rs line 281 column 9 function <core::hash::sip::Hasher<core::hash::sip::Sip13Rounds> as std::hash::Hasher>::write thread 0
aborting path on assume(false) at file /home/runner/work/kani/kani/library/kani_core/src/models.rs line 176 column 17 function <usize as kani::rustc_intrinsics::ToISize>::to_isize thread 0
aborting path on assume(false) at file /home/runner/work/kani/kani/library/kani/src/lib.rs line 57 column 1 function <usize as kani::rustc_intrinsics::ToISize>::to_isize thread 0
aborting path on assume(false) at file /home/runner/work/kani/kani/library/kani/src/lib.rs line 57 column 1 function <usize as kani::rustc_intrinsics::ToISize>::to_isize thread 0
Not unwinding loop _RNvXs3_NtNtCsci0VKyKEi6N_4core4hash3sipINtB5_6HasherNtB5_11Sip13RoundsENtB7_6Hasher5writeCs27UYLqoUkb6_4redb.0 iteration 16 file /home/runner/.rustup/toolchains/nightly-2025-11-21-x86_64-unknown-linux-gnu/lib/rustlib/src/rust/library/core/src/hash/sip.rs line 281 column 9 function <core::hash::sip::Hasher<core::hash::sip::Sip13Rounds> as std::hash::Hasher>::write thread 0
aborting path on assume(false) at file /home/runner/work/kani/kani/library/kani_core/src/models.rs line 176 column 17 function <usize as kani::rustc_intrinsics::ToISize>::to_isize thread 0
aborting path on assume(false) at file /home/runner/work/kani/kani/library/kani/src/lib.rs line 57 column 1 function <usize as kani::rustc_intrinsics::ToISize>::to_isize thread 0
aborting path on assume(false) at file /home/runner/work/kani/kani/library/kani/src/lib.rs line 57 column 1 function <usize as kani::rustc_intrinsics::ToISize>::to_isize thread 0
aborting path on assume(false) at file /home/runner/work/kani/kani/library/kani_core/src/models.rs line 176 column 17 function <usize as kani::rustc_intrinsics::ToISize>::to_isize thread 0
aborting path on assume(false) at file /home/runner/work/kani/kani/library/kani/src/lib.rs line 57 column 1 function <usize as kani::rustc_intrinsics::ToISize>::to_isize thread 0
aborting path on assume(false) at file /home/runner/work/kani/kani/library/kani/src/lib.rs line 57 column 1 function <usize as kani::rustc_intrinsics::ToISize>::to_isize thread 0
aborting path on assume(false) at file /home/runner/work/kani/kani/library/kani/src/lib.rs line 57 column 1 function kani::mem::cbmc::same_allocation thread 0
aborting path on assume(false) at file /home/runner/work/kani/kani/library/kani/src/lib.rs line 57 column 1 function kani::mem::cbmc::same_allocation thread 0
Unwinding loop _RNvXs3_NtNtCsci0VKyKEi6N_4core4hash3sipINtB5_6HasherNtB5_11Sip13RoundsENtB7_6Hasher5writeCs27UYLqoUkb6_4redb.0 iteration 1 file /home/runner/.rustup/toolchains/nightly-2025-11-21-x86_64-unknown-linux-gnu/lib/rustlib/src/rust/library/core/src/hash/sip.rs line 281 column 9 function <core::hash::sip::Hasher<core::hash::sip::Sip13Rounds> as std::hash::Hasher>::write thread 0
aborting path on assume(false) at file /home/runner/work/kani/kani/library/kani/src/lib.rs line 57 column 1 function kani::mem::cbmc::same_allocation thread 0
Unwinding loop _RNvXs3_NtNtCsci0VKyKEi6N_4core4hash3sipINtB5_6HasherNtB5_11Sip13RoundsENtB7_6Hasher5writeCs27UYLqoUkb6_4redb.0 iteration 2 file /home/runner/.rustup/toolchains/nightly-2025-11-21-x86_64-unknown-linux-gnu/lib/rustlib/src/rust/library/core/src/hash/sip.rs line 281 column 9 function <core::hash::sip::Hasher<core::hash::sip::Sip13Rounds> as std::hash::Hasher>::write thread 0
aborting path on assume(false) at file /home/runner/work/kani/kani/library/kani/src/lib.rs line 57 column 1 function kani::mem::cbmc::same_allocation thread 0
Unwinding loop _RNvXs3_NtNtCsci0VKyKEi6N_4core4hash3sipINtB5_6HasherNtB5_11Sip13RoundsENtB7_6Hasher5writeCs27UYLqoUkb6_4redb.0 iteration 3 file /home/runner/.rustup/toolchains/nightly-2025-11-21-x86_64-unknown-linux-gnu/lib/rustlib/src/rust/library/core/src/hash/sip.rs line 281 column 9 function <core::hash::sip::Hasher<core::hash::sip::Sip13Rounds> as std::hash::Hasher>::write thread 0
aborting path on assume(false) at file /home/runner/work/kani/kani/library/kani/src/lib.rs line 57 column 1 function kani::mem::cbmc::same_allocation thread 0
Unwinding loop _RNvXs3_NtNtCsci0VKyKEi6N_4core4hash3sipINtB5_6HasherNtB5_11Sip13RoundsENtB7_6Hasher5writeCs27UYLqoUkb6_4redb.0 iteration 4 file /home/runner/.rustup/toolchains/nightly-2025-11-21-x86_64-unknown-linux-gnu/lib/rustlib/src/rust/library/core/src/hash/sip.rs line 281 column 9 function <core::hash::sip::Hasher<core::hash::sip::Sip13Rounds> as std::hash::Hasher>::write thread 0
aborting path on assume(false) at file /home/runner/work/kani/kani/library/kani/src/lib.rs line 57 column 1 function kani::mem::cbmc::same_allocation thread 0
Unwinding loop _RNvXs3_NtNtCsci0VKyKEi6N_4core4hash3sipINtB5_6HasherNtB5_11Sip13RoundsENtB7_6Hasher5writeCs27UYLqoUkb6_4redb.0 iteration 5 file /home/runner/.rustup/toolchains/nightly-2025-11-21-x86_64-unknown-linux-gnu/lib/rustlib/src/rust/library/core/src/hash/sip.rs line 281 column 9 function <core::hash::sip::Hasher<core::hash::sip::Sip13Rounds> as std::hash::Hasher>::write thread 0
aborting path on assume(false) at file /home/runner/work/kani/kani/library/kani/src/lib.rs line 57 column 1 function kani::mem::cbmc::same_allocation thread 0
Unwinding loop _RNvXs3_NtNtCsci0VKyKEi6N_4core4hash3sipINtB5_6HasherNtB5_11Sip13RoundsENtB7_6Hasher5writeCs27UYLqoUkb6_4redb.0 iteration 6 file /home/runner/.rustup/toolchains/nightly-2025-11-21-x86_64-unknown-linux-gnu/lib/rustlib/src/rust/library/core/src/hash/sip.rs line 281 column 9 function <core::hash::sip::Hasher<core::hash::sip::Sip13Rounds> as std::hash::Hasher>::write thread 0
aborting path on assume(false) at file /home/runner/work/kani/kani/library/kani/src/lib.rs line 57 column 1 function kani::mem::cbmc::same_allocation thread 0
Unwinding loop _RNvXs3_NtNtCsci0VKyKEi6N_4core4hash3sipINtB5_6HasherNtB5_11Sip13RoundsENtB7_6Hasher5writeCs27UYLqoUkb6_4redb.0 iteration 7 file /home/runner/.rustup/toolchains/nightly-2025-11-21-x86_64-unknown-linux-gnu/lib/rustlib/src/rust/library/core/src/hash/sip.rs line 281 column 9 function <core::hash::sip::Hasher<core::hash::sip::Sip13Rounds> as std::hash::Hasher>::write thread 0
aborting path on assume(false) at file /home/runner/work/kani/kani/library/kani/src/lib.rs line 57 column 1 function kani::mem::cbmc::same_allocation thread 0
Unwinding loop _RNvXs3_NtNtCsci0VKyKEi6N_4core4hash3sipINtB5_6HasherNtB5_11Sip13RoundsENtB7_6Hasher5writeCs27UYLqoUkb6_4redb.0 iteration 8 file /home/runner/.rustup/toolchains/nightly-2025-11-21-x86_64-unknown-linux-gnu/lib/rustlib/src/rust/library/core/src/hash/sip.rs line 281 column 9 function <core::hash::sip::Hasher<core::hash::sip::Sip13Rounds> as std::hash::Hasher>::write thread 0
aborting path on assume(false) at file /home/runner/work/kani/kani/library/kani/src/lib.rs line 57 column 1 function kani::mem::cbmc::same_allocation thread 0
Unwinding loop _RNvXs3_NtNtCsci0VKyKEi6N_4core4hash3sipINtB5_6HasherNtB5_11Sip13RoundsENtB7_6Hasher5writeCs27UYLqoUkb6_4redb.0 iteration 9 file /home/runner/.rustup/toolchains/nightly-2025-11-21-x86_64-unknown-linux-gnu/lib/rustlib/src/rust/library/core/src/hash/sip.rs line 281 column 9 function <core::hash::sip::Hasher<core::hash::sip::Sip13Rounds> as std::hash::Hasher>::write thread 0
aborting path on assume(false) at file /home/runner/work/kani/kani/library/kani/src/lib.rs line 57 column 1 function kani::mem::cbmc::same_allocation thread 0
Unwinding loop _RNvXs3_NtNtCsci0VKyKEi6N_4core4hash3sipINtB5_6HasherNtB5_11Sip13RoundsENtB7_6Hasher5writeCs27UYLqoUkb6_4redb.0 iteration 10 file /home/runner/.rustup/toolchains/nightly-2025-11-21-x86_64-unknown-linux-gnu/lib/rustlib/src/rust/library/core/src/hash/sip.rs line 281 column 9 function <core::hash::sip::Hasher<core::hash::sip::Sip13Rounds> as std::hash::Hasher>::write thread 0
aborting path on assume(false) at file /home/runner/work/kani/kani/library/kani/src/lib.rs line 57 column 1 function kani::mem::cbmc::same_allocation thread 0
Unwinding loop _RNvXs3_NtNtCsci0VKyKEi6N_4core4hash3sipINtB5_6HasherNtB5_11Sip13RoundsENtB7_6Hasher5writeCs27UYLqoUkb6_4redb.0 iteration 11 file /home/runner/.rustup/toolchains/nightly-2025-11-21-x86_64-unknown-linux-gnu/lib/rustlib/src/rust/library/core/src/hash/sip.rs line 281 column 9 function <core::hash::sip::Hasher<core::hash::sip::Sip13Rounds> as std::hash::Hasher>::write thread 0
aborting path on assume(false) at file /home/runner/work/kani/kani/library/kani/src/lib.rs line 57 column 1 function kani::mem::cbmc::same_allocation thread 0
Unwinding loop _RNvXs3_NtNtCsci0VKyKEi6N_4core4hash3sipINtB5_6HasherNtB5_11Sip13RoundsENtB7_6Hasher5writeCs27UYLqoUkb6_4redb.0 iteration 12 file /home/runner/.rustup/toolchains/nightly-2025-11-21-x86_64-unknown-linux-gnu/lib/rustlib/src/rust/library/core/src/hash/sip.rs line 281 column 9 function <core::hash::sip::Hasher<core::hash::sip::Sip13Rounds> as std::hash::Hasher>::write thread 0
aborting path on assume(false) at file /home/runner/work/kani/kani/library/kani/src/lib.rs line 57 column 1 function kani::mem::cbmc::same_allocation thread 0
Unwinding loop _RNvXs3_NtNtCsci0VKyKEi6N_4core4hash3sipINtB5_6HasherNtB5_11Sip13RoundsENtB7_6Hasher5writeCs27UYLqoUkb6_4redb.0 iteration 13 file /home/runner/.rustup/toolchains/nightly-2025-11-21-x86_64-unknown-linux-gnu/lib/rustlib/src/rust/library/core/src/hash/sip.rs line 281 column 9 function <core::hash::sip::Hasher<core::hash::sip::Sip13Rounds> as std::hash::Hasher>::write thread 0
aborting path on assume(false) at file /home/runner/work/kani/kani/library/kani/src/lib.rs line 57 column 1 function kani::mem::cbmc::same_allocation thread 0
Unwinding loop _RNvXs3_NtNtCsci0VKyKEi6N_4core4hash3sipINtB5_6HasherNtB5_11Sip13RoundsENtB7_6Hasher5writeCs27UYLqoUkb6_4redb.0 iteration 14 file /home/runner/.rustup/toolchains/nightly-2025-11-21-x86_64-unknown-linux-gnu/lib/rustlib/src/rust/library/core/src/hash/sip.rs line 281 column 9 function <core::hash::sip::Hasher<core::hash::sip::Sip13Rounds> as std::hash::Hasher>::write thread 0
aborting path on assume(false) at file /home/runner/work/kani/kani/library/kani/src/lib.rs line 57 column 1 function kani::mem::cbmc::same_allocation thread 0
Unwinding loop _RNvXs3_NtNtCsci0VKyKEi6N_4core4hash3sipINtB5_6HasherNtB5_11Sip13RoundsENtB7_6Hasher5writeCs27UYLqoUkb6_4redb.0 iteration 15 file /home/runner/.rustup/toolchains/nightly-2025-11-21-x86_64-unknown-linux-gnu/lib/rustlib/src/rust/library/core/src/hash/sip.rs line 281 column 9 function <core::hash::sip::Hasher<core::hash::sip::Sip13Rounds> as std::hash::Hasher>::write thread 0
aborting path on assume(false) at file /home/runner/work/kani/kani/library/kani/src/lib.rs line 57 column 1 function kani::mem::cbmc::same_allocation thread 0
Not unwinding loop _RNvXs3_NtNtCsci0VKyKEi6N_4core4hash3sipINtB5_6HasherNtB5_11Sip13RoundsENtB7_6Hasher5writeCs27UYLqoUkb6_4redb.0 iteration 16 file /home/runner/.rustup/toolchains/nightly-2025-11-21-x86_64-unknown-linux-gnu/lib/rustlib/src/rust/library/core/src/hash/sip.rs line 281 column 9 function <core::hash::sip::Hasher<core::hash::sip::Sip13Rounds> as std::hash::Hasher>::write thread 0
aborting path on assume(false) at file /home/runner/work/kani/kani/library/kani_core/src/models.rs line 176 column 17 function <usize as kani::rustc_intrinsics::ToISize>::to_isize thread 0
aborting path on assume(false) at file /home/runner/work/kani/kani/library/kani/src/lib.rs line 57 column 1 function <usize as kani::rustc_intrinsics::ToISize>::to_isize thread 0
aborting path on assume(false) at file /home/runner/work/kani/kani/library/kani/src/lib.rs line 57 column 1 function <usize as kani::rustc_intrinsics::ToISize>::to_isize thread 0
aborting path on assume(false) at file /home/runner/work/kani/kani/library/kani/src/lib.rs line 57 column 1 function kani::mem::cbmc::same_allocation thread 0
aborting path on assume(false) at file /home/runner/work/kani/kani/library/kani_core/src/models.rs line 176 column 17 function <usize as kani::rustc_intrinsics::ToISize>::to_isize thread 0
aborting path on assume(false) at file /home/runner/work/kani/kani/library/kani/src/lib.rs line 57 column 1 function <usize as kani::rustc_intrinsics::ToISize>::to_isize thread 0
aborting path on assume(false) at file /home/runner/work/kani/kani/library/kani/src/lib.rs line 57 column 1 function <usize as kani::rustc_intrinsics::ToISize>::to_isize thread 0
aborting path on assume(false) at file /home/runner/work/kani/kani/library/kani/src/lib.rs line 57 column 1 function kani::mem::cbmc::same_allocation thread 0
aborting path on assume(false) at file /home/runner/work/kani/kani/library/kani_core/src/models.rs line 176 column 17 function <usize as kani::rustc_intrinsics::ToISize>::to_isize thread 0
aborting path on assume(false) at file /home/runner/work/kani/kani/library/kani/src/lib.rs line 57 column 1 function <usize as kani::rustc_intrinsics::ToISize>::to_isize thread 0
aborting path on assume(false) at file /home/runner/work/kani/kani/library/kani/src/lib.rs line 57 column 1 function <usize as kani::rustc_intrinsics::ToISize>::to_isize thread 0
aborting path on assume(false) at file /home/runner/work/kani/kani/library/kani_core/src/models.rs line 176 column 17 function <usize as kani::rustc_intrinsics::ToISize>::to_isize thread 0
aborting path on assume(false) at file /home/runner/work/kani/kani/library/kani/src/lib.rs line 57 column 1 function <usize as kani::rustc_intrinsics::ToISize>::to_isize thread 0
aborting path on assume(false) at file /home/runner/work/kani/kani/library/kani/src/lib.rs line 57 column 1 function <usize as kani::rustc_intrinsics::ToISize>::to_isize thread 0
Unwinding loop _RNvXs3_NtNtCsci0VKyKEi6N_4core4hash3sipINtB5_6HasherNtB5_11Sip13RoundsENtB7_6Hasher5writeCs27UYLqoUkb6_4redb.0 iteration 1 file /home/runner/.rustup/toolchains/nightly-2025-11-21-x86_64-unknown-linux-gnu/lib/rustlib/src/rust/library/core/src/hash/sip.rs line 281 column 9 function <core::hash::sip::Hasher<core::hash::sip::Sip13Rounds> as std::hash::Hasher>::write thread 0
aborting path on assume(false) at file /home/runner/work/kani/kani/library/kani_core/src/models.rs line 176 column 17 function <usize as kani::rustc_intrinsics::ToISize>::to_isize thread 0
aborting path on assume(false) at file /home/runner/work/kani/kani/library/kani/src/lib.rs line 57 column 1 function <usize as kani::rustc_intrinsics::ToISize>::to_isize thread 0
aborting path on assume(false) at file /home/runner/work/kani/kani/library/kani/src/lib.rs line 57 column 1 function <usize as kani::rustc_intrinsics::ToISize>::to_isize thread 0
Unwinding loop _RNvXs3_NtNtCsci0VKyKEi6N_4core4hash3sipINtB5_6HasherNtB5_11Sip13RoundsENtB7_6Hasher5writeCs27UYLqoUkb6_4redb.0 iteration 2 file /home/runner/.rustup/toolchains/nightly-2025-11-21-x86_64-unknown-linux-gnu/lib/rustlib/src/rust/library/core/src/hash/sip.rs line 281 column 9 function <core::hash::sip::Hasher<core::hash::sip::Sip13Rounds> as std::hash::Hasher>::write thread 0
aborting path on assume(false) at file /home/runner/work/kani/kani/library/kani_core/src/models.rs line 176 column 17 function <usize as kani::rustc_intrinsics::ToISize>::to_isize thread 0
aborting path on assume(false) at file /home/runner/work/kani/kani/library/kani/src/lib.rs line 57 column 1 function <usize as kani::rustc_intrinsics::ToISize>::to_isize thread 0
aborting path on assume(false) at file /home/runner/work/kani/kani/library/kani/src/lib.rs line 57 column 1 function <usize as kani::rustc_intrinsics::ToISize>::to_isize thread 0
Unwinding loop _RNvXs3_NtNtCsci0VKyKEi6N_4core4hash3sipINtB5_6HasherNtB5_11Sip13RoundsENtB7_6Hasher5writeCs27UYLqoUkb6_4redb.0 iteration 3 file /home/runner/.rustup/toolchains/nightly-2025-11-21-x86_64-unknown-linux-gnu/lib/rustlib/src/rust/library/core/src/hash/sip.rs line 281 column 9 function <core::hash::sip::Hasher<core::hash::sip::Sip13Rounds> as std::hash::Hasher>::write thread 0
aborting path on assume(false) at file /home/runner/work/kani/kani/library/kani_core/src/models.rs line 176 column 17 function <usize as kani::rustc_intrinsics::ToISize>::to_isize thread 0
aborting path on assume(false) at file /home/runner/work/kani/kani/library/kani/src/lib.rs line 57 column 1 function <usize as kani::rustc_intrinsics::ToISize>::to_isize thread 0
aborting path on assume(false) at file /home/runner/work/kani/kani/library/kani/src/lib.rs line 57 column 1 function <usize as kani::rustc_intrinsics::ToISize>::to_isize thread 0
Unwinding loop _RNvXs3_NtNtCsci0VKyKEi6N_4core4hash3sipINtB5_6HasherNtB5_11Sip13RoundsENtB7_6Hasher5writeCs27UYLqoUkb6_4redb.0 iteration 4 file /home/runner/.rustup/toolchains/nightly-2025-11-21-x86_64-unknown-linux-gnu/lib/rustlib/src/rust/library/core/src/hash/sip.rs line 281 column 9 function <core::hash::sip::Hasher<core::hash::sip::Sip13Rounds> as std::hash::Hasher>::write thread 0
aborting path on assume(false) at file /home/runner/work/kani/kani/library/kani_core/src/models.rs line 176 column 17 function <usize as kani::rustc_intrinsics::ToISize>::to_isize thread 0
aborting path on assume(false) at file /home/runner/work/kani/kani/library/kani/src/lib.rs line 57 column 1 function <usize as kani::rustc_intrinsics::ToISize>::to_isize thread 0
aborting path on assume(false) at file /home/runner/work/kani/kani/library/kani/src/lib.rs line 57 column 1 function <usize as kani::rustc_intrinsics::ToISize>::to_isize thread 0
Unwinding loop _RNvXs3_NtNtCsci0VKyKEi6N_4core4hash3sipINtB5_6HasherNtB5_11Sip13RoundsENtB7_6Hasher5writeCs27UYLqoUkb6_4redb.0 iteration 5 file /home/runner/.rustup/toolchains/nightly-2025-11-21-x86_64-unknown-linux-gnu/lib/rustlib/src/rust/library/core/src/hash/sip.rs line 281 column 9 function <core::hash::sip::Hasher<core::hash::sip::Sip13Rounds> as std::hash::Hasher>::write thread 0
aborting path on assume(false) at file /home/runner/work/kani/kani/library/kani_core/src/models.rs line 176 column 17 function <usize as kani::rustc_intrinsics::ToISize>::to_isize thread 0
aborting path on assume(false) at file /home/runner/work/kani/kani/library/kani/src/lib.rs line 57 column 1 function <usize as kani::rustc_intrinsics::ToISize>::to_isize thread 0
aborting path on assume(false) at file /home/runner/work/kani/kani/library/kani/src/lib.rs line 57 column 1 function <usize as kani::rustc_intrinsics::ToISize>::to_isize thread 0
Unwinding loop _RNvXs3_NtNtCsci0VKyKEi6N_4core4hash3sipINtB5_6HasherNtB5_11Sip13RoundsENtB7_6Hasher5writeCs27UYLqoUkb6_4redb.0 iteration 6 file /home/runner/.rustup/toolchains/nightly-2025-11-21-x86_64-unknown-linux-gnu/lib/rustlib/src/rust/library/core/src/hash/sip.rs line 281 column 9 function <core::hash::sip::Hasher<core::hash::sip::Sip13Rounds> as std::hash::Hasher>::write thread 0
aborting path on assume(false) at file /home/runner/work/kani/kani/library/kani_core/src/models.rs line 176 column 17 function <usize as kani::rustc_intrinsics::ToISize>::to_isize thread 0
aborting path on assume(false) at file /home/runner/work/kani/kani/library/kani/src/lib.rs line 57 column 1 function <usize as kani::rustc_intrinsics::ToISize>::to_isize thread 0
aborting path on assume(false) at file /home/runner/work/kani/kani/library/kani/src/lib.rs line 57 column 1 function <usize as kani::rustc_intrinsics::ToISize>::to_isize thread 0
Unwinding loop _RNvXs3_NtNtCsci0VKyKEi6N_4core4hash3sipINtB5_6HasherNtB5_11Sip13RoundsENtB7_6Hasher5writeCs27UYLqoUkb6_4redb.0 iteration 7 file /home/runner/.rustup/toolchains/nightly-2025-11-21-x86_64-unknown-linux-gnu/lib/rustlib/src/rust/library/core/src/hash/sip.rs line 281 column 9 function <core::hash::sip::Hasher<core::hash::sip::Sip13Rounds> as std::hash::Hasher>::write thread 0
aborting path on assume(false) at file /home/runner/work/kani/kani/library/kani_core/src/models.rs line 176 column 17 function <usize as kani::rustc_intrinsics::ToISize>::to_isize thread 0
aborting path on assume(false) at file /home/runner/work/kani/kani/library/kani/src/lib.rs line 57 column 1 function <usize as kani::rustc_intrinsics::ToISize>::to_isize thread 0
aborting path on assume(false) at file /home/runner/work/kani/kani/library/kani/src/lib.rs line 57 column 1 function <usize as kani::rustc_intrinsics::ToISize>::to_isize thread 0
Unwinding loop _RNvXs3_NtNtCsci0VKyKEi6N_4core4hash3sipINtB5_6HasherNtB5_11Sip13RoundsENtB7_6Hasher5writeCs27UYLqoUkb6_4redb.0 iteration 8 file /home/runner/.rustup/toolchains/nightly-2025-11-21-x86_64-unknown-linux-gnu/lib/rustlib/src/rust/library/core/src/hash/sip.rs line 281 column 9 function <core::hash::sip::Hasher<core::hash::sip::Sip13Rounds> as std::hash::Hasher>::write thread 0
aborting path on assume(false) at file /home/runner/work/kani/kani/library/kani_core/src/models.rs line 176 column 17 function <usize as kani::rustc_intrinsics::ToISize>::to_isize thread 0
aborting path on assume(false) at file /home/runner/work/kani/kani/library/kani/src/lib.rs line 57 column 1 function <usize as kani::rustc_intrinsics::ToISize>::to_isize thread 0
aborting path on assume(false) at file /home/runner/work/kani/kani/library/kani/src/lib.rs line 57 column 1 function <usize as kani::rustc_intrinsics::ToISize>::to_isize thread 0
Unwinding loop _RNvXs3_NtNtCsci0VKyKEi6N_4core4hash3sipINtB5_6HasherNtB5_11Sip13RoundsENtB7_6Hasher5writeCs27UYLqoUkb6_4redb.0 iteration 9 file /home/runner/.rustup/toolchains/nightly-2025-11-21-x86_64-unknown-linux-gnu/lib/rustlib/src/rust/library/core/src/hash/sip.rs line 281 column 9 function <core::hash::sip::Hasher<core::hash::sip::Sip13Rounds> as std::hash::Hasher>::write thread 0
aborting path on assume(false) at file /home/runner/work/kani/kani/library/kani_core/src/models.rs line 176 column 17 function <usize as kani::rustc_intrinsics::ToISize>::to_isize thread 0
aborting path on assume(false) at file /home/runner/work/kani/kani/library/kani/src/lib.rs line 57 column 1 function <usize as kani::rustc_intrinsics::ToISize>::to_isize thread 0
aborting path on assume(false) at file /home/runner/work/kani/kani/library/kani/src/lib.rs line 57 column 1 function <usize as kani::rustc_intrinsics::ToISize>::to_isize thread 0
Unwinding loop _RNvXs3_NtNtCsci0VKyKEi6N_4core4hash3sipINtB5_6HasherNtB5_11Sip13RoundsENtB7_6Hasher5writeCs27UYLqoUkb6_4redb.0 iteration 10 file /home/runner/.rustup/toolchains/nightly-2025-11-21-x86_64-unknown-linux-gnu/lib/rustlib/src/rust/library/core/src/hash/sip.rs line 281 column 9 function <core::hash::sip::Hasher<core::hash::sip::Sip13Rounds> as std::hash::Hasher>::write thread 0
aborting path on assume(false) at file /home/runner/work/kani/kani/library/kani_core/src/models.rs line 176 column 17 function <usize as kani::rustc_intrinsics::ToISize>::to_isize thread 0
aborting path on assume(false) at file /home/runner/work/kani/kani/library/kani/src/lib.rs line 57 column 1 function <usize as kani::rustc_intrinsics::ToISize>::to_isize thread 0
aborting path on assume(false) at file /home/runner/work/kani/kani/library/kani/src/lib.rs line 57 column 1 function <usize as kani::rustc_intrinsics::ToISize>::to_isize thread 0
Unwinding loop _RNvXs3_NtNtCsci0VKyKEi6N_4core4hash3sipINtB5_6HasherNtB5_11Sip13RoundsENtB7_6Hasher5writeCs27UYLqoUkb6_4redb.0 iteration 11 file /home/runner/.rustup/toolchains/nightly-2025-11-21-x86_64-unknown-linux-gnu/lib/rustlib/src/rust/library/core/src/hash/sip.rs line 281 column 9 function <core::hash::sip::Hasher<core::hash::sip::Sip13Rounds> as std::hash::Hasher>::write thread 0
aborting path on assume(false) at file /home/runner/work/kani/kani/library/kani_core/src/models.rs line 176 column 17 function <usize as kani::rustc_intrinsics::ToISize>::to_isize thread 0
aborting path on assume(false) at file /home/runner/work/kani/kani/library/kani/src/lib.rs line 57 column 1 function <usize as kani::rustc_intrinsics::ToISize>::to_isize thread 0
aborting path on assume(false) at file /home/runner/work/kani/kani/library/kani/src/lib.rs line 57 column 1 function <usize as kani::rustc_intrinsics::ToISize>::to_isize thread 0
Unwinding loop _RNvXs3_NtNtCsci0VKyKEi6N_4core4hash3sipINtB5_6HasherNtB5_11Sip13RoundsENtB7_6Hasher5writeCs27UYLqoUkb6_4redb.0 iteration 12 file /home/runner/.rustup/toolchains/nightly-2025-11-21-x86_64-unknown-linux-gnu/lib/rustlib/src/rust/library/core/src/hash/sip.rs line 281 column 9 function <core::hash::sip::Hasher<core::hash::sip::Sip13Rounds> as std::hash::Hasher>::write thread 0
aborting path on assume(false) at file /home/runner/work/kani/kani/library/kani_core/src/models.rs line 176 column 17 function <usize as kani::rustc_intrinsics::ToISize>::to_isize thread 0
aborting path on assume(false) at file /home/runner/work/kani/kani/library/kani/src/lib.rs line 57 column 1 function <usize as kani::rustc_intrinsics::ToISize>::to_isize thread 0
aborting path on assume(false) at file /home/runner/work/kani/kani/library/kani/src/lib.rs line 57 column 1 function <usize as kani::rustc_intrinsics::ToISize>::to_isize thread 0
Unwinding loop _RNvXs3_NtNtCsci0VKyKEi6N_4core4hash3sipINtB5_6HasherNtB5_11Sip13RoundsENtB7_6Hasher5writeCs27UYLqoUkb6_4redb.0 iteration 13 file /home/runner/.rustup/toolchains/nightly-2025-11-21-x86_64-unknown-linux-gnu/lib/rustlib/src/rust/library/core/src/hash/sip.rs line 281 column 9 function <core::hash::sip::Hasher<core::hash::sip::Sip13Rounds> as std::hash::Hasher>::write thread 0
aborting path on assume(false) at file /home/runner/work/kani/kani/library/kani_core/src/models.rs line 176 column 17 function <usize as kani::rustc_intrinsics::ToISize>::to_isize thread 0
aborting path on assume(false) at file /home/runner/work/kani/kani/library/kani/src/lib.rs line 57 column 1 function <usize as kani::rustc_intrinsics::ToISize>::to_isize thread 0
aborting path on assume(false) at file /home/runner/work/kani/kani/library/kani/src/lib.rs line 57 column 1 function <usize as kani::rustc_intrinsics::ToISize>::to_isize thread 0
Unwinding loop _RNvXs3_NtNtCsci0VKyKEi6N_4core4hash3sipINtB5_6HasherNtB5_11Sip13RoundsENtB7_6Hasher5writeCs27UYLqoUkb6_4redb.0 iteration 14 file /home/runner/.rustup/toolchains/nightly-2025-11-21-x86_64-unknown-linux-gnu/lib/rustlib/src/rust/library/core/src/hash/sip.rs line 281 column 9 function <core::hash::sip::Hasher<core::hash::sip::Sip13Rounds> as std::hash::Hasher>::write thread 0
aborting path on assume(false) at file /home/runner/work/kani/kani/library/kani_core/src/models.rs line 176 column 17 function <usize as kani::rustc_intrinsics::ToISize>::to_isize thread 0
aborting path on assume(false) at file /home/runner/work/kani/kani/library/kani/src/lib.rs line 57 column 1 function <usize as kani::rustc_intrinsics::ToISize>::to_isize thread 0
aborting path on assume(false) at file /home/runner/work/kani/kani/library/kani/src/lib.rs line 57 column 1 function <usize as kani::rustc_intrinsics::ToISize>::to_isize thread 0
Unwinding loop _RNvXs3_NtNtCsci0VKyKEi6N_4core4hash3sipINtB5_6HasherNtB5_11Sip13RoundsENtB7_6Hasher5writeCs27UYLqoUkb6_4redb.0 iteration 15 file /home/runner/.rustup/toolchains/nightly-2025-11-21-x86_64-unknown-linux-gnu/lib/rustlib/src/rust/library/core/src/hash/sip.rs line 281 column 9 function <core::hash::sip::Hasher<core::hash::sip::Sip13Rounds> as std::hash::Hasher>::write thread 0
aborting path on assume(false) at file /home/runner/work/kani/kani/library/kani_core/src/models.rs line 176 column 17 function <usize as kani::rustc_intrinsics::ToISize>::to_isize thread 0
aborting path on assume(false) at file /home/runner/work/kani/kani/library/kani/src/lib.rs line 57 column 1 function <usize as kani::rustc_intrinsics::ToISize>::to_isize thread 0
aborting path on assume(false) at file /home/runner/work/kani/kani/library/kani/src/lib.rs line 57 column 1 function <usize as kani::rustc_intrinsics::ToISize>::to_isize thread 0
Not unwinding loop _RNvXs3_NtNtCsci0VKyKEi6N_4core4hash3sipINtB5_6HasherNtB5_11Sip13RoundsENtB7_6Hasher5writeCs27UYLqoUkb6_4redb.0 iteration 16 file /home/runner/.rustup/toolchains/nightly-2025-11-21-x86_64-unknown-linux-gnu/lib/rustlib/src/rust/library/core/src/hash/sip.rs line 281 column 9 function <core::hash::sip::Hasher<core::hash::sip::Sip13Rounds> as std::hash::Hasher>::write thread 0
aborting path on assume(false) at file /home/runner/work/kani/kani/library/kani_core/src/models.rs line 176 column 17 function <usize as kani::rustc_intrinsics::ToISize>::to_isize thread 0
aborting path on assume(false) at file /home/runner/work/kani/kani/library/kani/src/lib.rs line 57 column 1 function <usize as kani::rustc_intrinsics::ToISize>::to_isize thread 0
aborting path on assume(false) at file /home/runner/work/kani/kani/library/kani/src/lib.rs line 57 column 1 function <usize as kani::rustc_intrinsics::ToISize>::to_isize thread 0
aborting path on assume(false) at file /home/runner/work/kani/kani/library/kani_core/src/models.rs line 176 column 17 function <usize as kani::rustc_intrinsics::ToISize>::to_isize thread 0
aborting path on assume(false) at file /home/runner/work/kani/kani/library/kani/src/lib.rs line 57 column 1 function <usize as kani::rustc_intrinsics::ToISize>::to_isize thread 0
aborting path on assume(false) at file /home/runner/work/kani/kani/library/kani/src/lib.rs line 57 column 1 function <usize as kani::rustc_intrinsics::ToISize>::to_isize thread 0
aborting path on assume(false) at file /home/runner/.rustup/toolchains/nightly-2025-11-21-x86_64-unknown-linux-gnu/lib/rustlib/src/rust/library/core/src/slice/index.rs line 40 column 9 function core::slice::index::slice_index_fail::do_panic::runtime thread 0
aborting path on assume(false) at file /home/runner/.rustup/toolchains/nightly-2025-11-21-x86_64-unknown-linux-gnu/lib/rustlib/src/rust/library/core/src/intrinsics/mod.rs line 2449 column 9 function core::slice::index::slice_index_fail::do_panic thread 0
aborting path on assume(false) at file /home/runner/.rustup/toolchains/nightly-2025-11-21-x86_64-unknown-linux-gnu/lib/rustlib/src/rust/library/core/src/panic.rs line 178 column 9 function core::slice::index::slice_index_fail thread 0
aborting path on assume(false) at file /home/runner/.rustup/toolchains/nightly-2025-11-21-x86_64-unknown-linux-gnu/lib/rustlib/src/rust/library/core/src/slice/index.rs line 58 column 9 function core::slice::index::slice_index_fail::do_panic::runtime thread 0
aborting path on assume(false) at file /home/runner/.rustup/toolchains/nightly-2025-11-21-x86_64-unknown-linux-gnu/lib/rustlib/src/rust/library/core/src/intrinsics/mod.rs line 2449 column 9 function core::slice::index::slice_index_fail::do_panic thread 0
aborting path on assume(false) at file /home/runner/.rustup/toolchains/nightly-2025-11-21-x86_64-unknown-linux-gnu/lib/rustlib/src/rust/library/core/src/panic.rs line 178 column 9 function core::slice::index::slice_index_fail thread 0
aborting path on assume(false) at file /home/runner/.rustup/toolchains/nightly-2025-11-21-x86_64-unknown-linux-gnu/lib/rustlib/src/rust/library/core/src/slice/index.rs line 68 column 5 function core::slice::index::slice_index_fail::do_panic::runtime thread 0
aborting path on assume(false) at file /home/runner/.rustup/toolchains/nightly-2025-11-21-x86_64-unknown-linux-gnu/lib/rustlib/src/rust/library/core/src/intrinsics/mod.rs line 2449 column 9 function core::slice::index::slice_index_fail::do_panic thread 0
aborting path on assume(false) at file /home/runner/.rustup/toolchains/nightly-2025-11-21-x86_64-unknown-linux-gnu/lib/rustlib/src/rust/library/core/src/panic.rs line 178 column 9 function core::slice::index::slice_index_fail thread 0
aborting path on assume(false) at file /home/runner/.rustup/toolchains/nightly-2025-11-21-x86_64-unknown-linux-gnu/lib/rustlib/src/rust/library/core/src/slice/index.rs line 581 column 13 function <std::ops::RangeFrom<usize> as std::slice::SliceIndex<[u8]>>::index_mut thread 0
aborting path on assume(false) at file /home/runner/work/kani/kani/library/kani_core/src/models.rs line 176 column 17 function <usize as kani::rustc_intrinsics::ToISize>::to_isize thread 0
aborting path on assume(false) at file /home/runner/work/kani/kani/library/kani/src/lib.rs line 57 column 1 function <usize as kani::rustc_intrinsics::ToISize>::to_isize thread 0
aborting path on assume(false) at file /home/runner/work/kani/kani/library/kani/src/lib.rs line 57 column 1 function <usize as kani::rustc_intrinsics::ToISize>::to_isize thread 0
aborting path on assume(false) at file /home/runner/.rustup/toolchains/nightly-2025-11-21-x86_64-unknown-linux-gnu/lib/rustlib/src/rust/library/std/src/sys/random/linux.rs line 126 column 26 function std::sys::random::linux::getrandom thread 0
Unwinding loop _RNvNtNtNtCsh1i4bqfV5wd_3std3sys6random5linux9getrandom.0 iteration 1 file src/lib.rs line 0 column 0 function std::sys::random::linux::getrandom thread 0
aborting path on assume(false) at file /home/runner/.rustup/toolchains/nightly-2025-11-21-x86_64-unknown-linux-gnu/lib/rustlib/src/rust/library/std/src/sys/pal/unix/weak/syscall.rs line 7 column 9 function std::sys::random::linux::getrandom::getrandom thread 0
aborting path on assume(false) at file /home/runner/.cargo/registry/src/index.crates.io-1949cf8c6b5b557f/libc-0.2.177/src/unix/linux_like/linux/mod.rs line 6372 column 5 function std::sys::random::linux::getrandom::getrandom thread 0
aborting path on assume(false) at  thread 0
aborting path on assume(false) at file /home/runner/work/kani/kani/library/kani/src/lib.rs line 57 column 1 function kani::mem::cbmc::same_allocation thread 0
aborting path on assume(false) at file /home/runner/work/kani/kani/library/kani/src/lib.rs line 57 column 1 function kani::mem::cbmc::same_allocation thread 0
Unwinding loop _RNvXs3_NtNtCsci0VKyKEi6N_4core4hash3sipINtB5_6HasherNtB5_11Sip13RoundsENtB7_6Hasher5writeCs27UYLqoUkb6_4redb.0 iteration 1 file /home/runner/.rustup/toolchains/nightly-2025-11-21-x86_64-unknown-linux-gnu/lib/rustlib/src/rust/library/core/src/hash/sip.rs line 281 column 9 function <core::hash::sip::Hasher<core::hash::sip::Sip13Rounds> as std::hash::Hasher>::write thread 0
aborting path on assume(false) at file /home/runner/work/kani/kani/library/kani/src/lib.rs line 57 column 1 function kani::mem::cbmc::same_allocation thread 0
Unwinding loop _RNvXs3_NtNtCsci0VKyKEi6N_4core4hash3sipINtB5_6HasherNtB5_11Sip13RoundsENtB7_6Hasher5writeCs27UYLqoUkb6_4redb.0 iteration 2 file /home/runner/.rustup/toolchains/nightly-2025-11-21-x86_64-unknown-linux-gnu/lib/rustlib/src/rust/library/core/src/hash/sip.rs line 281 column 9 function <core::hash::sip::Hasher<core::hash::sip::Sip13Rounds> as std::hash::Hasher>::write thread 0
aborting path on assume(false) at file /home/runner/work/kani/kani/library/kani/src/lib.rs line 57 column 1 function kani::mem::cbmc::same_allocation thread 0
Unwinding loop _RNvXs3_NtNtCsci0VKyKEi6N_4core4hash3sipINtB5_6HasherNtB5_11Sip13RoundsENtB7_6Hasher5writeCs27UYLqoUkb6_4redb.0 iteration 3 file /home/runner/.rustup/toolchains/nightly-2025-11-21-x86_64-unknown-linux-gnu/lib/rustlib/src/rust/library/core/src/hash/sip.rs line 281 column 9 function <core::hash::sip::Hasher<core::hash::sip::Sip13Rounds> as std::hash::Hasher>::write thread 0
aborting path on assume(false) at file /home/runner/work/kani/kani/library/kani/src/lib.rs line 57 column 1 function kani::mem::cbmc::same_allocation thread 0
Unwinding loop _RNvXs3_NtNtCsci0VKyKEi6N_4core4hash3sipINtB5_6HasherNtB5_11Sip13RoundsENtB7_6Hasher5writeCs27UYLqoUkb6_4redb.0 iteration 4 file /home/runner/.rustup/toolchains/nightly-2025-11-21-x86_64-unknown-linux-gnu/lib/rustlib/src/rust/library/core/src/hash/sip.rs line 281 column 9 function <core::hash::sip::Hasher<core::hash::sip::Sip13Rounds> as std::hash::Hasher>::write thread 0
aborting path on assume(false) at file /home/runner/work/kani/kani/library/kani/src/lib.rs line 57 column 1 function kani::mem::cbmc::same_allocation thread 0
Unwinding loop _RNvXs3_NtNtCsci0VKyKEi6N_4core4hash3sipINtB5_6HasherNtB5_11Sip13RoundsENtB7_6Hasher5writeCs27UYLqoUkb6_4redb.0 iteration 5 file /home/runner/.rustup/toolchains/nightly-2025-11-21-x86_64-unknown-linux-gnu/lib/rustlib/src/rust/library/core/src/hash/sip.rs line 281 column 9 function <core::hash::sip::Hasher<core::hash::sip::Sip13Rounds> as std::hash::Hasher>::write thread 0
aborting path on assume(false) at file /home/runner/work/kani/kani/library/kani/src/lib.rs line 57 column 1 function kani::mem::cbmc::same_allocation thread 0
Unwinding loop _RNvXs3_NtNtCsci0VKyKEi6N_4core4hash3sipINtB5_6HasherNtB5_11Sip13RoundsENtB7_6Hasher5writeCs27UYLqoUkb6_4redb.0 iteration 6 file /home/runner/.rustup/toolchains/nightly-2025-11-21-x86_64-unknown-linux-gnu/lib/rustlib/src/rust/library/core/src/hash/sip.rs line 281 column 9 function <core::hash::sip::Hasher<core::hash::sip::Sip13Rounds> as std::hash::Hasher>::write thread 0
aborting path on assume(false) at file /home/runner/work/kani/kani/library/kani/src/lib.rs line 57 column 1 function kani::mem::cbmc::same_allocation thread 0
Unwinding loop _RNvXs3_NtNtCsci0VKyKEi6N_4core4hash3sipINtB5_6HasherNtB5_11Sip13RoundsENtB7_6Hasher5writeCs27UYLqoUkb6_4redb.0 iteration 7 file /home/runner/.rustup/toolchains/nightly-2025-11-21-x86_64-unknown-linux-gnu/lib/rustlib/src/rust/library/core/src/hash/sip.rs line 281 column 9 function <core::hash::sip::Hasher<core::hash::sip::Sip13Rounds> as std::hash::Hasher>::write thread 0
aborting path on assume(false) at file /home/runner/work/kani/kani/library/kani/src/lib.rs line 57 column 1 function kani::mem::cbmc::same_allocation thread 0
Unwinding loop _RNvXs3_NtNtCsci0VKyKEi6N_4core4hash3sipINtB5_6HasherNtB5_11Sip13RoundsENtB7_6Hasher5writeCs27UYLqoUkb6_4redb.0 iteration 8 file /home/runner/.rustup/toolchains/nightly-2025-11-21-x86_64-unknown-linux-gnu/lib/rustlib/src/rust/library/core/src/hash/sip.rs line 281 column 9 function <core::hash::sip::Hasher<core::hash::sip::Sip13Rounds> as std::hash::Hasher>::write thread 0
aborting path on assume(false) at file /home/runner/work/kani/kani/library/kani/src/lib.rs line 57 column 1 function kani::mem::cbmc::same_allocation thread 0
Unwinding loop _RNvXs3_NtNtCsci0VKyKEi6N_4core4hash3sipINtB5_6HasherNtB5_11Sip13RoundsENtB7_6Hasher5writeCs27UYLqoUkb6_4redb.0 iteration 9 file /home/runner/.rustup/toolchains/nightly-2025-11-21-x86_64-unknown-linux-gnu/lib/rustlib/src/rust/library/core/src/hash/sip.rs line 281 column 9 function <core::hash::sip::Hasher<core::hash::sip::Sip13Rounds> as std::hash::Hasher>::write thread 0
aborting path on assume(false) at file /home/runner/work/kani/kani/library/kani/src/lib.rs line 57 column 1 function kani::mem::cbmc::same_allocation thread 0
Unwinding loop _RNvXs3_NtNtCsci0VKyKEi6N_4core4hash3sipINtB5_6HasherNtB5_11Sip13RoundsENtB7_6Hasher5writeCs27UYLqoUkb6_4redb.0 iteration 10 file /home/runner/.rustup/toolchains/nightly-2025-11-21-x86_64-unknown-linux-gnu/lib/rustlib/src/rust/library/core/src/hash/sip.rs line 281 column 9 function <core::hash::sip::Hasher<core::hash::sip::Sip13Rounds> as std::hash::Hasher>::write thread 0
aborting path on assume(false) at file /home/runner/work/kani/kani/library/kani/src/lib.rs line 57 column 1 function kani::mem::cbmc::same_allocation thread 0
Unwinding loop _RNvXs3_NtNtCsci0VKyKEi6N_4core4hash3sipINtB5_6HasherNtB5_11Sip13RoundsENtB7_6Hasher5writeCs27UYLqoUkb6_4redb.0 iteration 11 file /home/runner/.rustup/toolchains/nightly-2025-11-21-x86_64-unknown-linux-gnu/lib/rustlib/src/rust/library/core/src/hash/sip.rs line 281 column 9 function <core::hash::sip::Hasher<core::hash::sip::Sip13Rounds> as std::hash::Hasher>::write thread 0
aborting path on assume(false) at file /home/runner/work/kani/kani/library/kani/src/lib.rs line 57 column 1 function kani::mem::cbmc::same_allocation thread 0
Unwinding loop _RNvXs3_NtNtCsci0VKyKEi6N_4core4hash3sipINtB5_6HasherNtB5_11Sip13RoundsENtB7_6Hasher5writeCs27UYLqoUkb6_4redb.0 iteration 12 file /home/runner/.rustup/toolchains/nightly-2025-11-21-x86_64-unknown-linux-gnu/lib/rustlib/src/rust/library/core/src/hash/sip.rs line 281 column 9 function <core::hash::sip::Hasher<core::hash::sip::Sip13Rounds> as std::hash::Hasher>::write thread 0
aborting path on assume(false) at file /home/runner/work/kani/kani/library/kani/src/lib.rs line 57 column 1 function kani::mem::cbmc::same_allocation thread 0
Unwinding loop _RNvXs3_NtNtCsci0VKyKEi6N_4core4hash3sipINtB5_6HasherNtB5_11Sip13RoundsENtB7_6Hasher5writeCs27UYLqoUkb6_4redb.0 iteration 13 file /home/runner/.rustup/toolchains/nightly-2025-11-21-x86_64-unknown-linux-gnu/lib/rustlib/src/rust/library/core/src/hash/sip.rs line 281 column 9 function <core::hash::sip::Hasher<core::hash::sip::Sip13Rounds> as std::hash::Hasher>::write thread 0
aborting path on assume(false) at file /home/runner/work/kani/kani/library/kani/src/lib.rs line 57 column 1 function kani::mem::cbmc::same_allocation thread 0
Unwinding loop _RNvXs3_NtNtCsci0VKyKEi6N_4core4hash3sipINtB5_6HasherNtB5_11Sip13RoundsENtB7_6Hasher5writeCs27UYLqoUkb6_4redb.0 iteration 14 file /home/runner/.rustup/toolchains/nightly-2025-11-21-x86_64-unknown-linux-gnu/lib/rustlib/src/rust/library/core/src/hash/sip.rs line 281 column 9 function <core::hash::sip::Hasher<core::hash::sip::Sip13Rounds> as std::hash::Hasher>::write thread 0
aborting path on assume(false) at file /home/runner/work/kani/kani/library/kani/src/lib.rs line 57 column 1 function kani::mem::cbmc::same_allocation thread 0
Unwinding loop _RNvXs3_NtNtCsci0VKyKEi6N_4core4hash3sipINtB5_6HasherNtB5_11Sip13RoundsENtB7_6Hasher5writeCs27UYLqoUkb6_4redb.0 iteration 15 file /home/runner/.rustup/toolchains/nightly-2025-11-21-x86_64-unknown-linux-gnu/lib/rustlib/src/rust/library/core/src/hash/sip.rs line 281 column 9 function <core::hash::sip::Hasher<core::hash::sip::Sip13Rounds> as std::hash::Hasher>::write thread 0
aborting path on assume(false) at file /home/runner/work/kani/kani/library/kani/src/lib.rs line 57 column 1 function kani::mem::cbmc::same_allocation thread 0
Not unwinding loop _RNvXs3_NtNtCsci0VKyKEi6N_4core4hash3sipINtB5_6HasherNtB5_11Sip13RoundsENtB7_6Hasher5writeCs27UYLqoUkb6_4redb.0 iteration 16 file /home/runner/.rustup/toolchains/nightly-2025-11-21-x86_64-unknown-linux-gnu/lib/rustlib/src/rust/library/core/src/hash/sip.rs line 281 column 9 function <core::hash::sip::Hasher<core::hash::sip::Sip13Rounds> as std::hash::Hasher>::write thread 0
aborting path on assume(false) at file /home/runner/work/kani/kani/library/kani_core/src/models.rs line 176 column 17 function <usize as kani::rustc_intrinsics::ToISize>::to_isize thread 0
aborting path on assume(false) at file /home/runner/work/kani/kani/library/kani/src/lib.rs line 57 column 1 function <usize as kani::rustc_intrinsics::ToISize>::to_isize thread 0
aborting path on assume(false) at file /home/runner/work/kani/kani/library/kani/src/lib.rs line 57 column 1 function <usize as kani::rustc_intrinsics::ToISize>::to_isize thread 0
aborting path on assume(false) at file /home/runner/work/kani/kani/library/kani/src/lib.rs line 57 column 1 function kani::mem::cbmc::same_allocation thread 0
aborting path on assume(false) at file /home/runner/work/kani/kani/library/kani_core/src/models.rs line 176 column 17 function <usize as kani::rustc_intrinsics::ToISize>::to_isize thread 0
aborting path on assume(false) at file /home/runner/work/kani/kani/library/kani/src/lib.rs line 57 column 1 function <usize as kani::rustc_intrinsics::ToISize>::to_isize thread 0
aborting path on assume(false) at file /home/runner/work/kani/kani/library/kani/src/lib.rs line 57 column 1 function <usize as kani::rustc_intrinsics::ToISize>::to_isize thread 0
aborting path on assume(false) at file /home/runner/work/kani/kani/library/kani/src/lib.rs line 57 column 1 function kani::mem::cbmc::same_allocation thread 0
aborting path on assume(false) at file /home/runner/work/kani/kani/library/kani_core/src/models.rs line 176 column 17 function <usize as kani::rustc_intrinsics::ToISize>::to_isize thread 0
aborting path on assume(false) at file /home/runner/work/kani/kani/library/kani/src/lib.rs line 57 column 1 function <usize as kani::rustc_intrinsics::ToISize>::to_isize thread 0
aborting path on assume(false) at file /home/runner/work/kani/kani/library/kani/src/lib.rs line 57 column 1 function <usize as kani::rustc_intrinsics::ToISize>::to_isize thread 0
aborting path on assume(false) at file /home/runner/work/kani/kani/library/kani_core/src/models.rs line 176 column 17 function <usize as kani::rustc_intrinsics::ToISize>::to_isize thread 0
aborting path on assume(false) at file /home/runner/work/kani/kani/library/kani/src/lib.rs line 57 column 1 function <usize as kani::rustc_intrinsics::ToISize>::to_isize thread 0
aborting path on assume(false) at file /home/runner/work/kani/kani/library/kani/src/lib.rs line 57 column 1 function <usize as kani::rustc_intrinsics::ToISize>::to_isize thread 0
Unwinding loop _RNvXs3_NtNtCsci0VKyKEi6N_4core4hash3sipINtB5_6HasherNtB5_11Sip13RoundsENtB7_6Hasher5writeCs27UYLqoUkb6_4redb.0 iteration 1 file /home/runner/.rustup/toolchains/nightly-2025-11-21-x86_64-unknown-linux-gnu/lib/rustlib/src/rust/library/core/src/hash/sip.rs line 281 column 9 function <core::hash::sip::Hasher<core::hash::sip::Sip13Rounds> as std::hash::Hasher>::write thread 0
aborting path on assume(false) at file /home/runner/work/kani/kani/library/kani_core/src/models.rs line 176 column 17 function <usize as kani::rustc_intrinsics::ToISize>::to_isize thread 0
aborting path on assume(false) at file /home/runner/work/kani/kani/library/kani/src/lib.rs line 57 column 1 function <usize as kani::rustc_intrinsics::ToISize>::to_isize thread 0
aborting path on assume(false) at file /home/runner/work/kani/kani/library/kani/src/lib.rs line 57 column 1 function <usize as kani::rustc_intrinsics::ToISize>::to_isize thread 0
Unwinding loop _RNvXs3_NtNtCsci0VKyKEi6N_4core4hash3sipINtB5_6HasherNtB5_11Sip13RoundsENtB7_6Hasher5writeCs27UYLqoUkb6_4redb.0 iteration 2 file /home/runner/.rustup/toolchains/nightly-2025-11-21-x86_64-unknown-linux-gnu/lib/rustlib/src/rust/library/core/src/hash/sip.rs line 281 column 9 function <core::hash::sip::Hasher<core::hash::sip::Sip13Rounds> as std::hash::Hasher>::write thread 0
aborting path on assume(false) at file /home/runner/work/kani/kani/library/kani_core/src/models.rs line 176 column 17 function <usize as kani::rustc_intrinsics::ToISize>::to_isize thread 0
aborting path on assume(false) at file /home/runner/work/kani/kani/library/kani/src/lib.rs line 57 column 1 function <usize as kani::rustc_intrinsics::ToISize>::to_isize thread 0
aborting path on assume(false) at file /home/runner/work/kani/kani/library/kani/src/lib.rs line 57 column 1 function <usize as kani::rustc_intrinsics::ToISize>::to_isize thread 0
Unwinding loop _RNvXs3_NtNtCsci0VKyKEi6N_4core4hash3sipINtB5_6HasherNtB5_11Sip13RoundsENtB7_6Hasher5writeCs27UYLqoUkb6_4redb.0 iteration 3 file /home/runner/.rustup/toolchains/nightly-2025-11-21-x86_64-unknown-linux-gnu/lib/rustlib/src/rust/library/core/src/hash/sip.rs line 281 column 9 function <core::hash::sip::Hasher<core::hash::sip::Sip13Rounds> as std::hash::Hasher>::write thread 0
aborting path on assume(false) at file /home/runner/work/kani/kani/library/kani_core/src/models.rs line 176 column 17 function <usize as kani::rustc_intrinsics::ToISize>::to_isize thread 0
aborting path on assume(false) at file /home/runner/work/kani/kani/library/kani/src/lib.rs line 57 column 1 function <usize as kani::rustc_intrinsics::ToISize>::to_isize thread 0
aborting path on assume(false) at file /home/runner/work/kani/kani/library/kani/src/lib.rs line 57 column 1 function <usize as kani::rustc_intrinsics::ToISize>::to_isize thread 0
Unwinding loop _RNvXs3_NtNtCsci0VKyKEi6N_4core4hash3sipINtB5_6HasherNtB5_11Sip13RoundsENtB7_6Hasher5writeCs27UYLqoUkb6_4redb.0 iteration 4 file /home/runner/.rustup/toolchains/nightly-2025-11-21-x86_64-unknown-linux-gnu/lib/rustlib/src/rust/library/core/src/hash/sip.rs line 281 column 9 function <core::hash::sip::Hasher<core::hash::sip::Sip13Rounds> as std::hash::Hasher>::write thread 0
aborting path on assume(false) at file /home/runner/work/kani/kani/library/kani_core/src/models.rs line 176 column 17 function <usize as kani::rustc_intrinsics::ToISize>::to_isize thread 0
aborting path on assume(false) at file /home/runner/work/kani/kani/library/kani/src/lib.rs line 57 column 1 function <usize as kani::rustc_intrinsics::ToISize>::to_isize thread 0
aborting path on assume(false) at file /home/runner/work/kani/kani/library/kani/src/lib.rs line 57 column 1 function <usize as kani::rustc_intrinsics::ToISize>::to_isize thread 0
Unwinding loop _RNvXs3_NtNtCsci0VKyKEi6N_4core4hash3sipINtB5_6HasherNtB5_11Sip13RoundsENtB7_6Hasher5writeCs27UYLqoUkb6_4redb.0 iteration 5 file /home/runner/.rustup/toolchains/nightly-2025-11-21-x86_64-unknown-linux-gnu/lib/rustlib/src/rust/library/core/src/hash/sip.rs line 281 column 9 function <core::hash::sip::Hasher<core::hash::sip::Sip13Rounds> as std::hash::Hasher>::write thread 0
aborting path on assume(false) at file /home/runner/work/kani/kani/library/kani_core/src/models.rs line 176 column 17 function <usize as kani::rustc_intrinsics::ToISize>::to_isize thread 0
aborting path on assume(false) at file /home/runner/work/kani/kani/library/kani/src/lib.rs line 57 column 1 function <usize as kani::rustc_intrinsics::ToISize>::to_isize thread 0
aborting path on assume(false) at file /home/runner/work/kani/kani/library/kani/src/lib.rs line 57 column 1 function <usize as kani::rustc_intrinsics::ToISize>::to_isize thread 0
Unwinding loop _RNvXs3_NtNtCsci0VKyKEi6N_4core4hash3sipINtB5_6HasherNtB5_11Sip13RoundsENtB7_6Hasher5writeCs27UYLqoUkb6_4redb.0 iteration 6 file /home/runner/.rustup/toolchains/nightly-2025-11-21-x86_64-unknown-linux-gnu/lib/rustlib/src/rust/library/core/src/hash/sip.rs line 281 column 9 function <core::hash::sip::Hasher<core::hash::sip::Sip13Rounds> as std::hash::Hasher>::write thread 0
aborting path on assume(false) at file /home/runner/work/kani/kani/library/kani_core/src/models.rs line 176 column 17 function <usize as kani::rustc_intrinsics::ToISize>::to_isize thread 0
aborting path on assume(false) at file /home/runner/work/kani/kani/library/kani/src/lib.rs line 57 column 1 function <usize as kani::rustc_intrinsics::ToISize>::to_isize thread 0
aborting path on assume(false) at file /home/runner/work/kani/kani/library/kani/src/lib.rs line 57 column 1 function <usize as kani::rustc_intrinsics::ToISize>::to_isize thread 0
Unwinding loop _RNvXs3_NtNtCsci0VKyKEi6N_4core4hash3sipINtB5_6HasherNtB5_11Sip13RoundsENtB7_6Hasher5writeCs27UYLqoUkb6_4redb.0 iteration 7 file /home/runner/.rustup/toolchains/nightly-2025-11-21-x86_64-unknown-linux-gnu/lib/rustlib/src/rust/library/core/src/hash/sip.rs line 281 column 9 function <core::hash::sip::Hasher<core::hash::sip::Sip13Rounds> as std::hash::Hasher>::write thread 0
aborting path on assume(false) at file /home/runner/work/kani/kani/library/kani_core/src/models.rs line 176 column 17 function <usize as kani::rustc_intrinsics::ToISize>::to_isize thread 0
aborting path on assume(false) at file /home/runner/work/kani/kani/library/kani/src/lib.rs line 57 column 1 function <usize as kani::rustc_intrinsics::ToISize>::to_isize thread 0
aborting path on assume(false) at file /home/runner/work/kani/kani/library/kani/src/lib.rs line 57 column 1 function <usize as kani::rustc_intrinsics::ToISize>::to_isize thread 0
Unwinding loop _RNvXs3_NtNtCsci0VKyKEi6N_4core4hash3sipINtB5_6HasherNtB5_11Sip13RoundsENtB7_6Hasher5writeCs27UYLqoUkb6_4redb.0 iteration 8 file /home/runner/.rustup/toolchains/nightly-2025-11-21-x86_64-unknown-linux-gnu/lib/rustlib/src/rust/library/core/src/hash/sip.rs line 281 column 9 function <core::hash::sip::Hasher<core::hash::sip::Sip13Rounds> as std::hash::Hasher>::write thread 0
aborting path on assume(false) at file /home/runner/work/kani/kani/library/kani_core/src/models.rs line 176 column 17 function <usize as kani::rustc_intrinsics::ToISize>::to_isize thread 0
aborting path on assume(false) at file /home/runner/work/kani/kani/library/kani/src/lib.rs line 57 column 1 function <usize as kani::rustc_intrinsics::ToISize>::to_isize thread 0
aborting path on assume(false) at file /home/runner/work/kani/kani/library/kani/src/lib.rs line 57 column 1 function <usize as kani::rustc_intrinsics::ToISize>::to_isize thread 0
Unwinding loop _RNvXs3_NtNtCsci0VKyKEi6N_4core4hash3sipINtB5_6HasherNtB5_11Sip13RoundsENtB7_6Hasher5writeCs27UYLqoUkb6_4redb.0 iteration 9 file /home/runner/.rustup/toolchains/nightly-2025-11-21-x86_64-unknown-linux-gnu/lib/rustlib/src/rust/library/core/src/hash/sip.rs line 281 column 9 function <core::hash::sip::Hasher<core::hash::sip::Sip13Rounds> as std::hash::Hasher>::write thread 0
aborting path on assume(false) at file /home/runner/work/kani/kani/library/kani_core/src/models.rs line 176 column 17 function <usize as kani::rustc_intrinsics::ToISize>::to_isize thread 0
aborting path on assume(false) at file /home/runner/work/kani/kani/library/kani/src/lib.rs line 57 column 1 function <usize as kani::rustc_intrinsics::ToISize>::to_isize thread 0
aborting path on assume(false) at file /home/runner/work/kani/kani/library/kani/src/lib.rs line 57 column 1 function <usize as kani::rustc_intrinsics::ToISize>::to_isize thread 0
Unwinding loop _RNvXs3_NtNtCsci0VKyKEi6N_4core4hash3sipINtB5_6HasherNtB5_11Sip13RoundsENtB7_6Hasher5writeCs27UYLqoUkb6_4redb.0 iteration 10 file /home/runner/.rustup/toolchains/nightly-2025-11-21-x86_64-unknown-linux-gnu/lib/rustlib/src/rust/library/core/src/hash/sip.rs line 281 column 9 function <core::hash::sip::Hasher<core::hash::sip::Sip13Rounds> as std::hash::Hasher>::write thread 0
aborting path on assume(false) at file /home/runner/work/kani/kani/library/kani_core/src/models.rs line 176 column 17 function <usize as kani::rustc_intrinsics::ToISize>::to_isize thread 0
aborting path on assume(false) at file /home/runner/work/kani/kani/library/kani/src/lib.rs line 57 column 1 function <usize as kani::rustc_intrinsics::ToISize>::to_isize thread 0
aborting path on assume(false) at file /home/runner/work/kani/kani/library/kani/src/lib.rs line 57 column 1 function <usize as kani::rustc_intrinsics::ToISize>::to_isize thread 0
Unwinding loop _RNvXs3_NtNtCsci0VKyKEi6N_4core4hash3sipINtB5_6HasherNtB5_11Sip13RoundsENtB7_6Hasher5writeCs27UYLqoUkb6_4redb.0 iteration 11 file /home/runner/.rustup/toolchains/nightly-2025-11-21-x86_64-unknown-linux-gnu/lib/rustlib/src/rust/library/core/src/hash/sip.rs line 281 column 9 function <core::hash::sip::Hasher<core::hash::sip::Sip13Rounds> as std::hash::Hasher>::write thread 0
aborting path on assume(false) at file /home/runner/work/kani/kani/library/kani_core/src/models.rs line 176 column 17 function <usize as kani::rustc_intrinsics::ToISize>::to_isize thread 0
aborting path on assume(false) at file /home/runner/work/kani/kani/library/kani/src/lib.rs line 57 column 1 function <usize as kani::rustc_intrinsics::ToISize>::to_isize thread 0
aborting path on assume(false) at file /home/runner/work/kani/kani/library/kani/src/lib.rs line 57 column 1 function <usize as kani::rustc_intrinsics::ToISize>::to_isize thread 0
Unwinding loop _RNvXs3_NtNtCsci0VKyKEi6N_4core4hash3sipINtB5_6HasherNtB5_11Sip13RoundsENtB7_6Hasher5writeCs27UYLqoUkb6_4redb.0 iteration 12 file /home/runner/.rustup/toolchains/nightly-2025-11-21-x86_64-unknown-linux-gnu/lib/rustlib/src/rust/library/core/src/hash/sip.rs line 281 column 9 function <core::hash::sip::Hasher<core::hash::sip::Sip13Rounds> as std::hash::Hasher>::write thread 0
aborting path on assume(false) at file /home/runner/work/kani/kani/library/kani_core/src/models.rs line 176 column 17 function <usize as kani::rustc_intrinsics::ToISize>::to_isize thread 0
aborting path on assume(false) at file /home/runner/work/kani/kani/library/kani/src/lib.rs line 57 column 1 function <usize as kani::rustc_intrinsics::ToISize>::to_isize thread 0
aborting path on assume(false) at file /home/runner/work/kani/kani/library/kani/src/lib.rs line 57 column 1 function <usize as kani::rustc_intrinsics::ToISize>::to_isize thread 0
Unwinding loop _RNvXs3_NtNtCsci0VKyKEi6N_4core4hash3sipINtB5_6HasherNtB5_11Sip13RoundsENtB7_6Hasher5writeCs27UYLqoUkb6_4redb.0 iteration 13 file /home/runner/.rustup/toolchains/nightly-2025-11-21-x86_64-unknown-linux-gnu/lib/rustlib/src/rust/library/core/src/hash/sip.rs line 281 column 9 function <core::hash::sip::Hasher<core::hash::sip::Sip13Rounds> as std::hash::Hasher>::write thread 0
aborting path on assume(false) at file /home/runner/work/kani/kani/library/kani_core/src/models.rs line 176 column 17 function <usize as kani::rustc_intrinsics::ToISize>::to_isize thread 0
aborting path on assume(false) at file /home/runner/work/kani/kani/library/kani/src/lib.rs line 57 column 1 function <usize as kani::rustc_intrinsics::ToISize>::to_isize thread 0
aborting path on assume(false) at file /home/runner/work/kani/kani/library/kani/src/lib.rs line 57 column 1 function <usize as kani::rustc_intrinsics::ToISize>::to_isize thread 0
Unwinding loop _RNvXs3_NtNtCsci0VKyKEi6N_4core4hash3sipINtB5_6HasherNtB5_11Sip13RoundsENtB7_6Hasher5writeCs27UYLqoUkb6_4redb.0 iteration 14 file /home/runner/.rustup/toolchains/nightly-2025-11-21-x86_64-unknown-linux-gnu/lib/rustlib/src/rust/library/core/src/hash/sip.rs line 281 column 9 function <core::hash::sip::Hasher<core::hash::sip::Sip13Rounds> as std::hash::Hasher>::write thread 0
aborting path on assume(false) at file /home/runner/work/kani/kani/library/kani_core/src/models.rs line 176 column 17 function <usize as kani::rustc_intrinsics::ToISize>::to_isize thread 0
aborting path on assume(false) at file /home/runner/work/kani/kani/library/kani/src/lib.rs line 57 column 1 function <usize as kani::rustc_intrinsics::ToISize>::to_isize thread 0
aborting path on assume(false) at file /home/runner/work/kani/kani/library/kani/src/lib.rs line 57 column 1 function <usize as kani::rustc_intrinsics::ToISize>::to_isize thread 0
Unwinding loop _RNvXs3_NtNtCsci0VKyKEi6N_4core4hash3sipINtB5_6HasherNtB5_11Sip13RoundsENtB7_6Hasher5writeCs27UYLqoUkb6_4redb.0 iteration 15 file /home/runner/.rustup/toolchains/nightly-2025-11-21-x86_64-unknown-linux-gnu/lib/rustlib/src/rust/library/core/src/hash/sip.rs line 281 column 9 function <core::hash::sip::Hasher<core::hash::sip::Sip13Rounds> as std::hash::Hasher>::write thread 0
aborting path on assume(false) at file /home/runner/work/kani/kani/library/kani_core/src/models.rs line 176 column 17 function <usize as kani::rustc_intrinsics::ToISize>::to_isize thread 0
aborting path on assume(false) at file /home/runner/work/kani/kani/library/kani/src/lib.rs line 57 column 1 function <usize as kani::rustc_intrinsics::ToISize>::to_isize thread 0
aborting path on assume(false) at file /home/runner/work/kani/kani/library/kani/src/lib.rs line 57 column 1 function <usize as kani::rustc_intrinsics::ToISize>::to_isize thread 0
Not unwinding loop _RNvXs3_NtNtCsci0VKyKEi6N_4core4hash3sipINtB5_6HasherNtB5_11Sip13RoundsENtB7_6Hasher5writeCs27UYLqoUkb6_4redb.0 iteration 16 file /home/runner/.rustup/toolchains/nightly-2025-11-21-x86_64-unknown-linux-gnu/lib/rustlib/src/rust/library/core/src/hash/sip.rs line 281 column 9 function <core::hash::sip::Hasher<core::hash::sip::Sip13Rounds> as std::hash::Hasher>::write thread 0
aborting path on assume(false) at file /home/runner/work/kani/kani/library/kani_core/src/models.rs line 176 column 17 function <usize as kani::rustc_intrinsics::ToISize>::to_isize thread 0
aborting path on assume(false) at file /home/runner/work/kani/kani/library/kani/src/lib.rs line 57 column 1 function <usize as kani::rustc_intrinsics::ToISize>::to_isize thread 0
aborting path on assume(false) at file /home/runner/work/kani/kani/library/kani/src/lib.rs line 57 column 1 function <usize as kani::rustc_intrinsics::ToISize>::to_isize thread 0
aborting path on assume(false) at file /home/runner/work/kani/kani/library/kani_core/src/models.rs line 176 column 17 function <usize as kani::rustc_intrinsics::ToISize>::to_isize thread 0
aborting path on assume(false) at file /home/runner/work/kani/kani/library/kani/src/lib.rs line 57 column 1 function <usize as kani::rustc_intrinsics::ToISize>::to_isize thread 0
aborting path on assume(false) at file /home/runner/work/kani/kani/library/kani/src/lib.rs line 57 column 1 function <usize as kani::rustc_intrinsics::ToISize>::to_isize thread 0
aborting path on assume(false) at file /home/runner/work/kani/kani/library/kani/src/lib.rs line 57 column 1 function kani::mem::cbmc::same_allocation thread 0
aborting path on assume(false) at file /home/runner/work/kani/kani/library/kani/src/lib.rs line 57 column 1 function kani::mem::cbmc::same_allocation thread 0
Unwinding loop _RNvXs3_NtNtCsci0VKyKEi6N_4core4hash3sipINtB5_6HasherNtB5_11Sip13RoundsENtB7_6Hasher5writeCs27UYLqoUkb6_4redb.0 iteration 1 file /home/runner/.rustup/toolchains/nightly-2025-11-21-x86_64-unknown-linux-gnu/lib/rustlib/src/rust/library/core/src/hash/sip.rs line 281 column 9 function <core::hash::sip::Hasher<core::hash::sip::Sip13Rounds> as std::hash::Hasher>::write thread 0
aborting path on assume(false) at file /home/runner/work/kani/kani/library/kani/src/lib.rs line 57 column 1 function kani::mem::cbmc::same_allocation thread 0
Unwinding loop _RNvXs3_NtNtCsci0VKyKEi6N_4core4hash3sipINtB5_6HasherNtB5_11Sip13RoundsENtB7_6Hasher5writeCs27UYLqoUkb6_4redb.0 iteration 2 file /home/runner/.rustup/toolchains/nightly-2025-11-21-x86_64-unknown-linux-gnu/lib/rustlib/src/rust/library/core/src/hash/sip.rs line 281 column 9 function <core::hash::sip::Hasher<core::hash::sip::Sip13Rounds> as std::hash::Hasher>::write thread 0
aborting path on assume(false) at file /home/runner/work/kani/kani/library/kani/src/lib.rs line 57 column 1 function kani::mem::cbmc::same_allocation thread 0
Unwinding loop _RNvXs3_NtNtCsci0VKyKEi6N_4core4hash3sipINtB5_6HasherNtB5_11Sip13RoundsENtB7_6Hasher5writeCs27UYLqoUkb6_4redb.0 iteration 3 file /home/runner/.rustup/toolchains/nightly-2025-11-21-x86_64-unknown-linux-gnu/lib/rustlib/src/rust/library/core/src/hash/sip.rs line 281 column 9 function <core::hash::sip::Hasher<core::hash::sip::Sip13Rounds> as std::hash::Hasher>::write thread 0
aborting path on assume(false) at file /home/runner/work/kani/kani/library/kani/src/lib.rs line 57 column 1 function kani::mem::cbmc::same_allocation thread 0
Unwinding loop _RNvXs3_NtNtCsci0VKyKEi6N_4core4hash3sipINtB5_6HasherNtB5_11Sip13RoundsENtB7_6Hasher5writeCs27UYLqoUkb6_4redb.0 iteration 4 file /home/runner/.rustup/toolchains/nightly-2025-11-21-x86_64-unknown-linux-gnu/lib/rustlib/src/rust/library/core/src/hash/sip.rs line 281 column 9 function <core::hash::sip::Hasher<core::hash::sip::Sip13Rounds> as std::hash::Hasher>::write thread 0
aborting path on assume(false) at file /home/runner/work/kani/kani/library/kani/src/lib.rs line 57 column 1 function kani::mem::cbmc::same_allocation thread 0
Unwinding loop _RNvXs3_NtNtCsci0VKyKEi6N_4core4hash3sipINtB5_6HasherNtB5_11Sip13RoundsENtB7_6Hasher5writeCs27UYLqoUkb6_4redb.0 iteration 5 file /home/runner/.rustup/toolchains/nightly-2025-11-21-x86_64-unknown-linux-gnu/lib/rustlib/src/rust/library/core/src/hash/sip.rs line 281 column 9 function <core::hash::sip::Hasher<core::hash::sip::Sip13Rounds> as std::hash::Hasher>::write thread 0
aborting path on assume(false) at file /home/runner/work/kani/kani/library/kani/src/lib.rs line 57 column 1 function kani::mem::cbmc::same_allocation thread 0
Unwinding loop _RNvXs3_NtNtCsci0VKyKEi6N_4core4hash3sipINtB5_6HasherNtB5_11Sip13RoundsENtB7_6Hasher5writeCs27UYLqoUkb6_4redb.0 iteration 6 file /home/runner/.rustup/toolchains/nightly-2025-11-21-x86_64-unknown-linux-gnu/lib/rustlib/src/rust/library/core/src/hash/sip.rs line 281 column 9 function <core::hash::sip::Hasher<core::hash::sip::Sip13Rounds> as std::hash::Hasher>::write thread 0
aborting path on assume(false) at file /home/runner/work/kani/kani/library/kani/src/lib.rs line 57 column 1 function kani::mem::cbmc::same_allocation thread 0
Unwinding loop _RNvXs3_NtNtCsci0VKyKEi6N_4core4hash3sipINtB5_6HasherNtB5_11Sip13RoundsENtB7_6Hasher5writeCs27UYLqoUkb6_4redb.0 iteration 7 file /home/runner/.rustup/toolchains/nightly-2025-11-21-x86_64-unknown-linux-gnu/lib/rustlib/src/rust/library/core/src/hash/sip.rs line 281 column 9 function <core::hash::sip::Hasher<core::hash::sip::Sip13Rounds> as std::hash::Hasher>::write thread 0
aborting path on assume(false) at file /home/runner/work/kani/kani/library/kani/src/lib.rs line 57 column 1 function kani::mem::cbmc::same_allocation thread 0
Unwinding loop _RNvXs3_NtNtCsci0VKyKEi6N_4core4hash3sipINtB5_6HasherNtB5_11Sip13RoundsENtB7_6Hasher5writeCs27UYLqoUkb6_4redb.0 iteration 8 file /home/runner/.rustup/toolchains/nightly-2025-11-21-x86_64-unknown-linux-gnu/lib/rustlib/src/rust/library/core/src/hash/sip.rs line 281 column 9 function <core::hash::sip::Hasher<core::hash::sip::Sip13Rounds> as std::hash::Hasher>::write thread 0
aborting path on assume(false) at file /home/runner/work/kani/kani/library/kani/src/lib.rs line 57 column 1 function kani::mem::cbmc::same_allocation thread 0
Unwinding loop _RNvXs3_NtNtCsci0VKyKEi6N_4core4hash3sipINtB5_6HasherNtB5_11Sip13RoundsENtB7_6Hasher5writeCs27UYLqoUkb6_4redb.0 iteration 9 file /home/runner/.rustup/toolchains/nightly-2025-11-21-x86_64-unknown-linux-gnu/lib/rustlib/src/rust/library/core/src/hash/sip.rs line 281 column 9 function <core::hash::sip::Hasher<core::hash::sip::Sip13Rounds> as std::hash::Hasher>::write thread 0
aborting path on assume(false) at file /home/runner/work/kani/kani/library/kani/src/lib.rs line 57 column 1 function kani::mem::cbmc::same_allocation thread 0
Unwinding loop _RNvXs3_NtNtCsci0VKyKEi6N_4core4hash3sipINtB5_6HasherNtB5_11Sip13RoundsENtB7_6Hasher5writeCs27UYLqoUkb6_4redb.0 iteration 10 file /home/runner/.rustup/toolchains/nightly-2025-11-21-x86_64-unknown-linux-gnu/lib/rustlib/src/rust/library/core/src/hash/sip.rs line 281 column 9 function <core::hash::sip::Hasher<core::hash::sip::Sip13Rounds> as std::hash::Hasher>::write thread 0
aborting path on assume(false) at file /home/runner/work/kani/kani/library/kani/src/lib.rs line 57 column 1 function kani::mem::cbmc::same_allocation thread 0
Unwinding loop _RNvXs3_NtNtCsci0VKyKEi6N_4core4hash3sipINtB5_6HasherNtB5_11Sip13RoundsENtB7_6Hasher5writeCs27UYLqoUkb6_4redb.0 iteration 11 file /home/runner/.rustup/toolchains/nightly-2025-11-21-x86_64-unknown-linux-gnu/lib/rustlib/src/rust/library/core/src/hash/sip.rs line 281 column 9 function <core::hash::sip::Hasher<core::hash::sip::Sip13Rounds> as std::hash::Hasher>::write thread 0
aborting path on assume(false) at file /home/runner/work/kani/kani/library/kani/src/lib.rs line 57 column 1 function kani::mem::cbmc::same_allocation thread 0
Unwinding loop _RNvXs3_NtNtCsci0VKyKEi6N_4core4hash3sipINtB5_6HasherNtB5_11Sip13RoundsENtB7_6Hasher5writeCs27UYLqoUkb6_4redb.0 iteration 12 file /home/runner/.rustup/toolchains/nightly-2025-11-21-x86_64-unknown-linux-gnu/lib/rustlib/src/rust/library/core/src/hash/sip.rs line 281 column 9 function <core::hash::sip::Hasher<core::hash::sip::Sip13Rounds> as std::hash::Hasher>::write thread 0
aborting path on assume(false) at file /home/runner/work/kani/kani/library/kani/src/lib.rs line 57 column 1 function kani::mem::cbmc::same_allocation thread 0
Unwinding loop _RNvXs3_NtNtCsci0VKyKEi6N_4core4hash3sipINtB5_6HasherNtB5_11Sip13RoundsENtB7_6Hasher5writeCs27UYLqoUkb6_4redb.0 iteration 13 file /home/runner/.rustup/toolchains/nightly-2025-11-21-x86_64-unknown-linux-gnu/lib/rustlib/src/rust/library/core/src/hash/sip.rs line 281 column 9 function <core::hash::sip::Hasher<core::hash::sip::Sip13Rounds> as std::hash::Hasher>::write thread 0
aborting path on assume(false) at file /home/runner/work/kani/kani/library/kani/src/lib.rs line 57 column 1 function kani::mem::cbmc::same_allocation thread 0
Unwinding loop _RNvXs3_NtNtCsci0VKyKEi6N_4core4hash3sipINtB5_6HasherNtB5_11Sip13RoundsENtB7_6Hasher5writeCs27UYLqoUkb6_4redb.0 iteration 14 file /home/runner/.rustup/toolchains/nightly-2025-11-21-x86_64-unknown-linux-gnu/lib/rustlib/src/rust/library/core/src/hash/sip.rs line 281 column 9 function <core::hash::sip::Hasher<core::hash::sip::Sip13Rounds> as std::hash::Hasher>::write thread 0
aborting path on assume(false) at file /home/runner/work/kani/kani/library/kani/src/lib.rs line 57 column 1 function kani::mem::cbmc::same_allocation thread 0
Unwinding loop _RNvXs3_NtNtCsci0VKyKEi6N_4core4hash3sipINtB5_6HasherNtB5_11Sip13RoundsENtB7_6Hasher5writeCs27UYLqoUkb6_4redb.0 iteration 15 file /home/runner/.rustup/toolchains/nightly-2025-11-21-x86_64-unknown-linux-gnu/lib/rustlib/src/rust/library/core/src/hash/sip.rs line 281 column 9 function <core::hash::sip::Hasher<core::hash::sip::Sip13Rounds> as std::hash::Hasher>::write thread 0
aborting path on assume(false) at file /home/runner/work/kani/kani/library/kani/src/lib.rs line 57 column 1 function kani::mem::cbmc::same_allocation thread 0
Not unwinding loop _RNvXs3_NtNtCsci0VKyKEi6N_4core4hash3sipINtB5_6HasherNtB5_11Sip13RoundsENtB7_6Hasher5writeCs27UYLqoUkb6_4redb.0 iteration 16 file /home/runner/.rustup/toolchains/nightly-2025-11-21-x86_64-unknown-linux-gnu/lib/rustlib/src/rust/library/core/src/hash/sip.rs line 281 column 9 function <core::hash::sip::Hasher<core::hash::sip::Sip13Rounds> as std::hash::Hasher>::write thread 0
aborting path on assume(false) at file /home/runner/work/kani/kani/library/kani_core/src/models.rs line 176 column 17 function <usize as kani::rustc_intrinsics::ToISize>::to_isize thread 0
aborting path on assume(false) at file /home/runner/work/kani/kani/library/kani/src/lib.rs line 57 column 1 function <usize as kani::rustc_intrinsics::ToISize>::to_isize thread 0
aborting path on assume(false) at file /home/runner/work/kani/kani/library/kani/src/lib.rs line 57 column 1 function <usize as kani::rustc_intrinsics::ToISize>::to_isize thread 0
aborting path on assume(false) at file /home/runner/work/kani/kani/library/kani/src/lib.rs line 57 column 1 function kani::mem::cbmc::same_allocation thread 0
aborting path on assume(false) at file /home/runner/work/kani/kani/library/kani_core/src/models.rs line 176 column 17 function <usize as kani::rustc_intrinsics::ToISize>::to_isize thread 0
aborting path on assume(false) at file /home/runner/work/kani/kani/library/kani/src/lib.rs line 57 column 1 function <usize as kani::rustc_intrinsics::ToISize>::to_isize thread 0
aborting path on assume(false) at file /home/runner/work/kani/kani/library/kani/src/lib.rs line 57 column 1 function <usize as kani::rustc_intrinsics::ToISize>::to_isize thread 0
aborting path on assume(false) at file /home/runner/work/kani/kani/library/kani/src/lib.rs line 57 column 1 function kani::mem::cbmc::same_allocation thread 0
aborting path on assume(false) at file /home/runner/work/kani/kani/library/kani_core/src/models.rs line 176 column 17 function <usize as kani::rustc_intrinsics::ToISize>::to_isize thread 0
aborting path on assume(false) at file /home/runner/work/kani/kani/library/kani/src/lib.rs line 57 column 1 function <usize as kani::rustc_intrinsics::ToISize>::to_isize thread 0
aborting path on assume(false) at file /home/runner/work/kani/kani/library/kani/src/lib.rs line 57 column 1 function <usize as kani::rustc_intrinsics::ToISize>::to_isize thread 0
aborting path on assume(false) at file /home/runner/work/kani/kani/library/kani_core/src/models.rs line 176 column 17 function <usize as kani::rustc_intrinsics::ToISize>::to_isize thread 0
aborting path on assume(false) at file /home/runner/work/kani/kani/library/kani/src/lib.rs line 57 column 1 function <usize as kani::rustc_intrinsics::ToISize>::to_isize thread 0
aborting path on assume(false) at file /home/runner/work/kani/kani/library/kani/src/lib.rs line 57 column 1 function <usize as kani::rustc_intrinsics::ToISize>::to_isize thread 0
Unwinding loop _RNvXs3_NtNtCsci0VKyKEi6N_4core4hash3sipINtB5_6HasherNtB5_11Sip13RoundsENtB7_6Hasher5writeCs27UYLqoUkb6_4redb.0 iteration 1 file /home/runner/.rustup/toolchains/nightly-2025-11-21-x86_64-unknown-linux-gnu/lib/rustlib/src/rust/library/core/src/hash/sip.rs line 281 column 9 function <core::hash::sip::Hasher<core::hash::sip::Sip13Rounds> as std::hash::Hasher>::write thread 0
aborting path on assume(false) at file /home/runner/work/kani/kani/library/kani_core/src/models.rs line 176 column 17 function <usize as kani::rustc_intrinsics::ToISize>::to_isize thread 0
aborting path on assume(false) at file /home/runner/work/kani/kani/library/kani/src/lib.rs line 57 column 1 function <usize as kani::rustc_intrinsics::ToISize>::to_isize thread 0
aborting path on assume(false) at file /home/runner/work/kani/kani/library/kani/src/lib.rs line 57 column 1 function <usize as kani::rustc_intrinsics::ToISize>::to_isize thread 0
Unwinding loop _RNvXs3_NtNtCsci0VKyKEi6N_4core4hash3sipINtB5_6HasherNtB5_11Sip13RoundsENtB7_6Hasher5writeCs27UYLqoUkb6_4redb.0 iteration 2 file /home/runner/.rustup/toolchains/nightly-2025-11-21-x86_64-unknown-linux-gnu/lib/rustlib/src/rust/library/core/src/hash/sip.rs line 281 column 9 function <core::hash::sip::Hasher<core::hash::sip::Sip13Rounds> as std::hash::Hasher>::write thread 0
aborting path on assume(false) at file /home/runner/work/kani/kani/library/kani_core/src/models.rs line 176 column 17 function <usize as kani::rustc_intrinsics::ToISize>::to_isize thread 0
aborting path on assume(false) at file /home/runner/work/kani/kani/library/kani/src/lib.rs line 57 column 1 function <usize as kani::rustc_intrinsics::ToISize>::to_isize thread 0
aborting path on assume(false) at file /home/runner/work/kani/kani/library/kani/src/lib.rs line 57 column 1 function <usize as kani::rustc_intrinsics::ToISize>::to_isize thread 0
Unwinding loop _RNvXs3_NtNtCsci0VKyKEi6N_4core4hash3sipINtB5_6HasherNtB5_11Sip13RoundsENtB7_6Hasher5writeCs27UYLqoUkb6_4redb.0 iteration 3 file /home/runner/.rustup/toolchains/nightly-2025-11-21-x86_64-unknown-linux-gnu/lib/rustlib/src/rust/library/core/src/hash/sip.rs line 281 column 9 function <core::hash::sip::Hasher<core::hash::sip::Sip13Rounds> as std::hash::Hasher>::write thread 0
aborting path on assume(false) at file /home/runner/work/kani/kani/library/kani_core/src/models.rs line 176 column 17 function <usize as kani::rustc_intrinsics::ToISize>::to_isize thread 0
aborting path on assume(false) at file /home/runner/work/kani/kani/library/kani/src/lib.rs line 57 column 1 function <usize as kani::rustc_intrinsics::ToISize>::to_isize thread 0
aborting path on assume(false) at file /home/runner/work/kani/kani/library/kani/src/lib.rs line 57 column 1 function <usize as kani::rustc_intrinsics::ToISize>::to_isize thread 0
Unwinding loop _RNvXs3_NtNtCsci0VKyKEi6N_4core4hash3sipINtB5_6HasherNtB5_11Sip13RoundsENtB7_6Hasher5writeCs27UYLqoUkb6_4redb.0 iteration 4 file /home/runner/.rustup/toolchains/nightly-2025-11-21-x86_64-unknown-linux-gnu/lib/rustlib/src/rust/library/core/src/hash/sip.rs line 281 column 9 function <core::hash::sip::Hasher<core::hash::sip::Sip13Rounds> as std::hash::Hasher>::write thread 0
aborting path on assume(false) at file /home/runner/work/kani/kani/library/kani_core/src/models.rs line 176 column 17 function <usize as kani::rustc_intrinsics::ToISize>::to_isize thread 0
aborting path on assume(false) at file /home/runner/work/kani/kani/library/kani/src/lib.rs line 57 column 1 function <usize as kani::rustc_intrinsics::ToISize>::to_isize thread 0
aborting path on assume(false) at file /home/runner/work/kani/kani/library/kani/src/lib.rs line 57 column 1 function <usize as kani::rustc_intrinsics::ToISize>::to_isize thread 0
Unwinding loop _RNvXs3_NtNtCsci0VKyKEi6N_4core4hash3sipINtB5_6HasherNtB5_11Sip13RoundsENtB7_6Hasher5writeCs27UYLqoUkb6_4redb.0 iteration 5 file /home/runner/.rustup/toolchains/nightly-2025-11-21-x86_64-unknown-linux-gnu/lib/rustlib/src/rust/library/core/src/hash/sip.rs line 281 column 9 function <core::hash::sip::Hasher<core::hash::sip::Sip13Rounds> as std::hash::Hasher>::write thread 0
aborting path on assume(false) at file /home/runner/work/kani/kani/library/kani_core/src/models.rs line 176 column 17 function <usize as kani::rustc_intrinsics::ToISize>::to_isize thread 0
aborting path on assume(false) at file /home/runner/work/kani/kani/library/kani/src/lib.rs line 57 column 1 function <usize as kani::rustc_intrinsics::ToISize>::to_isize thread 0
aborting path on assume(false) at file /home/runner/work/kani/kani/library/kani/src/lib.rs line 57 column 1 function <usize as kani::rustc_intrinsics::ToISize>::to_isize thread 0
Unwinding loop _RNvXs3_NtNtCsci0VKyKEi6N_4core4hash3sipINtB5_6HasherNtB5_11Sip13RoundsENtB7_6Hasher5writeCs27UYLqoUkb6_4redb.0 iteration 6 file /home/runner/.rustup/toolchains/nightly-2025-11-21-x86_64-unknown-linux-gnu/lib/rustlib/src/rust/library/core/src/hash/sip.rs line 281 column 9 function <core::hash::sip::Hasher<core::hash::sip::Sip13Rounds> as std::hash::Hasher>::write thread 0
aborting path on assume(false) at file /home/runner/work/kani/kani/library/kani_core/src/models.rs line 176 column 17 function <usize as kani::rustc_intrinsics::ToISize>::to_isize thread 0
aborting path on assume(false) at file /home/runner/work/kani/kani/library/kani/src/lib.rs line 57 column 1 function <usize as kani::rustc_intrinsics::ToISize>::to_isize thread 0
aborting path on assume(false) at file /home/runner/work/kani/kani/library/kani/src/lib.rs line 57 column 1 function <usize as kani::rustc_intrinsics::ToISize>::to_isize thread 0
Unwinding loop _RNvXs3_NtNtCsci0VKyKEi6N_4core4hash3sipINtB5_6HasherNtB5_11Sip13RoundsENtB7_6Hasher5writeCs27UYLqoUkb6_4redb.0 iteration 7 file /home/runner/.rustup/toolchains/nightly-2025-11-21-x86_64-unknown-linux-gnu/lib/rustlib/src/rust/library/core/src/hash/sip.rs line 281 column 9 function <core::hash::sip::Hasher<core::hash::sip::Sip13Rounds> as std::hash::Hasher>::write thread 0
aborting path on assume(false) at file /home/runner/work/kani/kani/library/kani_core/src/models.rs line 176 column 17 function <usize as kani::rustc_intrinsics::ToISize>::to_isize thread 0
aborting path on assume(false) at file /home/runner/work/kani/kani/library/kani/src/lib.rs line 57 column 1 function <usize as kani::rustc_intrinsics::ToISize>::to_isize thread 0
aborting path on assume(false) at file /home/runner/work/kani/kani/library/kani/src/lib.rs line 57 column 1 function <usize as kani::rustc_intrinsics::ToISize>::to_isize thread 0
Unwinding loop _RNvXs3_NtNtCsci0VKyKEi6N_4core4hash3sipINtB5_6HasherNtB5_11Sip13RoundsENtB7_6Hasher5writeCs27UYLqoUkb6_4redb.0 iteration 8 file /home/runner/.rustup/toolchains/nightly-2025-11-21-x86_64-unknown-linux-gnu/lib/rustlib/src/rust/library/core/src/hash/sip.rs line 281 column 9 function <core::hash::sip::Hasher<core::hash::sip::Sip13Rounds> as std::hash::Hasher>::write thread 0
aborting path on assume(false) at file /home/runner/work/kani/kani/library/kani_core/src/models.rs line 176 column 17 function <usize as kani::rustc_intrinsics::ToISize>::to_isize thread 0
aborting path on assume(false) at file /home/runner/work/kani/kani/library/kani/src/lib.rs line 57 column 1 function <usize as kani::rustc_intrinsics::ToISize>::to_isize thread 0
aborting path on assume(false) at file /home/runner/work/kani/kani/library/kani/src/lib.rs line 57 column 1 function <usize as kani::rustc_intrinsics::ToISize>::to_isize thread 0
Unwinding loop _RNvXs3_NtNtCsci0VKyKEi6N_4core4hash3sipINtB5_6HasherNtB5_11Sip13RoundsENtB7_6Hasher5writeCs27UYLqoUkb6_4redb.0 iteration 9 file /home/runner/.rustup/toolchains/nightly-2025-11-21-x86_64-unknown-linux-gnu/lib/rustlib/src/rust/library/core/src/hash/sip.rs line 281 column 9 function <core::hash::sip::Hasher<core::hash::sip::Sip13Rounds> as std::hash::Hasher>::write thread 0
aborting path on assume(false) at file /home/runner/work/kani/kani/library/kani_core/src/models.rs line 176 column 17 function <usize as kani::rustc_intrinsics::ToISize>::to_isize thread 0
aborting path on assume(false) at file /home/runner/work/kani/kani/library/kani/src/lib.rs line 57 column 1 function <usize as kani::rustc_intrinsics::ToISize>::to_isize thread 0
aborting path on assume(false) at file /home/runner/work/kani/kani/library/kani/src/lib.rs line 57 column 1 function <usize as kani::rustc_intrinsics::ToISize>::to_isize thread 0
Unwinding loop _RNvXs3_NtNtCsci0VKyKEi6N_4core4hash3sipINtB5_6HasherNtB5_11Sip13RoundsENtB7_6Hasher5writeCs27UYLqoUkb6_4redb.0 iteration 10 file /home/runner/.rustup/toolchains/nightly-2025-11-21-x86_64-unknown-linux-gnu/lib/rustlib/src/rust/library/core/src/hash/sip.rs line 281 column 9 function <core::hash::sip::Hasher<core::hash::sip::Sip13Rounds> as std::hash::Hasher>::write thread 0
aborting path on assume(false) at file /home/runner/work/kani/kani/library/kani_core/src/models.rs line 176 column 17 function <usize as kani::rustc_intrinsics::ToISize>::to_isize thread 0
aborting path on assume(false) at file /home/runner/work/kani/kani/library/kani/src/lib.rs line 57 column 1 function <usize as kani::rustc_intrinsics::ToISize>::to_isize thread 0
aborting path on assume(false) at file /home/runner/work/kani/kani/library/kani/src/lib.rs line 57 column 1 function <usize as kani::rustc_intrinsics::ToISize>::to_isize thread 0
Unwinding loop _RNvXs3_NtNtCsci0VKyKEi6N_4core4hash3sipINtB5_6HasherNtB5_11Sip13RoundsENtB7_6Hasher5writeCs27UYLqoUkb6_4redb.0 iteration 11 file /home/runner/.rustup/toolchains/nightly-2025-11-21-x86_64-unknown-linux-gnu/lib/rustlib/src/rust/library/core/src/hash/sip.rs line 281 column 9 function <core::hash::sip::Hasher<core::hash::sip::Sip13Rounds> as std::hash::Hasher>::write thread 0
aborting path on assume(false) at file /home/runner/work/kani/kani/library/kani_core/src/models.rs line 176 column 17 function <usize as kani::rustc_intrinsics::ToISize>::to_isize thread 0
aborting path on assume(false) at file /home/runner/work/kani/kani/library/kani/src/lib.rs line 57 column 1 function <usize as kani::rustc_intrinsics::ToISize>::to_isize thread 0
aborting path on assume(false) at file /home/runner/work/kani/kani/library/kani/src/lib.rs line 57 column 1 function <usize as kani::rustc_intrinsics::ToISize>::to_isize thread 0
Unwinding loop _RNvXs3_NtNtCsci0VKyKEi6N_4core4hash3sipINtB5_6HasherNtB5_11Sip13RoundsENtB7_6Hasher5writeCs27UYLqoUkb6_4redb.0 iteration 12 file /home/runner/.rustup/toolchains/nightly-2025-11-21-x86_64-unknown-linux-gnu/lib/rustlib/src/rust/library/core/src/hash/sip.rs line 281 column 9 function <core::hash::sip::Hasher<core::hash::sip::Sip13Rounds> as std::hash::Hasher>::write thread 0
aborting path on assume(false) at file /home/runner/work/kani/kani/library/kani_core/src/models.rs line 176 column 17 function <usize as kani::rustc_intrinsics::ToISize>::to_isize thread 0
aborting path on assume(false) at file /home/runner/work/kani/kani/library/kani/src/lib.rs line 57 column 1 function <usize as kani::rustc_intrinsics::ToISize>::to_isize thread 0
aborting path on assume(false) at file /home/runner/work/kani/kani/library/kani/src/lib.rs line 57 column 1 function <usize as kani::rustc_intrinsics::ToISize>::to_isize thread 0
Unwinding loop _RNvXs3_NtNtCsci0VKyKEi6N_4core4hash3sipINtB5_6HasherNtB5_11Sip13RoundsENtB7_6Hasher5writeCs27UYLqoUkb6_4redb.0 iteration 13 file /home/runner/.rustup/toolchains/nightly-2025-11-21-x86_64-unknown-linux-gnu/lib/rustlib/src/rust/library/core/src/hash/sip.rs line 281 column 9 function <core::hash::sip::Hasher<core::hash::sip::Sip13Rounds> as std::hash::Hasher>::write thread 0
aborting path on assume(false) at file /home/runner/work/kani/kani/library/kani_core/src/models.rs line 176 column 17 function <usize as kani::rustc_intrinsics::ToISize>::to_isize thread 0
aborting path on assume(false) at file /home/runner/work/kani/kani/library/kani/src/lib.rs line 57 column 1 function <usize as kani::rustc_intrinsics::ToISize>::to_isize thread 0
aborting path on assume(false) at file /home/runner/work/kani/kani/library/kani/src/lib.rs line 57 column 1 function <usize as kani::rustc_intrinsics::ToISize>::to_isize thread 0
Unwinding loop _RNvXs3_NtNtCsci0VKyKEi6N_4core4hash3sipINtB5_6HasherNtB5_11Sip13RoundsENtB7_6Hasher5writeCs27UYLqoUkb6_4redb.0 iteration 14 file /home/runner/.rustup/toolchains/nightly-2025-11-21-x86_64-unknown-linux-gnu/lib/rustlib/src/rust/library/core/src/hash/sip.rs line 281 column 9 function <core::hash::sip::Hasher<core::hash::sip::Sip13Rounds> as std::hash::Hasher>::write thread 0
aborting path on assume(false) at file /home/runner/work/kani/kani/library/kani_core/src/models.rs line 176 column 17 function <usize as kani::rustc_intrinsics::ToISize>::to_isize thread 0
aborting path on assume(false) at file /home/runner/work/kani/kani/library/kani/src/lib.rs line 57 column 1 function <usize as kani::rustc_intrinsics::ToISize>::to_isize thread 0
aborting path on assume(false) at file /home/runner/work/kani/kani/library/kani/src/lib.rs line 57 column 1 function <usize as kani::rustc_intrinsics::ToISize>::to_isize thread 0
Unwinding loop _RNvXs3_NtNtCsci0VKyKEi6N_4core4hash3sipINtB5_6HasherNtB5_11Sip13RoundsENtB7_6Hasher5writeCs27UYLqoUkb6_4redb.0 iteration 15 file /home/runner/.rustup/toolchains/nightly-2025-11-21-x86_64-unknown-linux-gnu/lib/rustlib/src/rust/library/core/src/hash/sip.rs line 281 column 9 function <core::hash::sip::Hasher<core::hash::sip::Sip13Rounds> as std::hash::Hasher>::write thread 0
aborting path on assume(false) at file /home/runner/work/kani/kani/library/kani_core/src/models.rs line 176 column 17 function <usize as kani::rustc_intrinsics::ToISize>::to_isize thread 0
aborting path on assume(false) at file /home/runner/work/kani/kani/library/kani/src/lib.rs line 57 column 1 function <usize as kani::rustc_intrinsics::ToISize>::to_isize thread 0
aborting path on assume(false) at file /home/runner/work/kani/kani/library/kani/src/lib.rs line 57 column 1 function <usize as kani::rustc_intrinsics::ToISize>::to_isize thread 0
Not unwinding loop _RNvXs3_NtNtCsci0VKyKEi6N_4core4hash3sipINtB5_6HasherNtB5_11Sip13RoundsENtB7_6Hasher5writeCs27UYLqoUkb6_4redb.0 iteration 16 file /home/runner/.rustup/toolchains/nightly-2025-11-21-x86_64-unknown-linux-gnu/lib/rustlib/src/rust/library/core/src/hash/sip.rs line 281 column 9 function <core::hash::sip::Hasher<core::hash::sip::Sip13Rounds> as std::hash::Hasher>::write thread 0
aborting path on assume(false) at file /home/runner/work/kani/kani/library/kani_core/src/models.rs line 176 column 17 function <usize as kani::rustc_intrinsics::ToISize>::to_isize thread 0
aborting path on assume(false) at file /home/runner/work/kani/kani/library/kani/src/lib.rs line 57 column 1 function <usize as kani::rustc_intrinsics::ToISize>::to_isize thread 0
aborting path on assume(false) at file /home/runner/work/kani/kani/library/kani/src/lib.rs line 57 column 1 function <usize as kani::rustc_intrinsics::ToISize>::to_isize thread 0
aborting path on assume(false) at file /home/runner/work/kani/kani/library/kani_core/src/models.rs line 176 column 17 function <usize as kani::rustc_intrinsics::ToISize>::to_isize thread 0
aborting path on assume(false) at file /home/runner/work/kani/kani/library/kani/src/lib.rs line 57 column 1 function <usize as kani::rustc_intrinsics::ToISize>::to_isize thread 0
aborting path on assume(false) at file /home/runner/work/kani/kani/library/kani/src/lib.rs line 57 column 1 function <usize as kani::rustc_intrinsics::ToISize>::to_isize thread 0
aborting path on assume(false) at file /home/runner/.rustup/toolchains/nightly-2025-11-21-x86_64-unknown-linux-gnu/lib/rustlib/src/rust/library/core/src/slice/index.rs line 40 column 9 function core::slice::index::slice_index_fail::do_panic::runtime thread 0
aborting path on assume(false) at file /home/runner/.rustup/toolchains/nightly-2025-11-21-x86_64-unknown-linux-gnu/lib/rustlib/src/rust/library/core/src/intrinsics/mod.rs line 2449 column 9 function core::slice::index::slice_index_fail::do_panic thread 0
aborting path on assume(false) at file /home/runner/.rustup/toolchains/nightly-2025-11-21-x86_64-unknown-linux-gnu/lib/rustlib/src/rust/library/core/src/panic.rs line 178 column 9 function core::slice::index::slice_index_fail thread 0
aborting path on assume(false) at file /home/runner/.rustup/toolchains/nightly-2025-11-21-x86_64-unknown-linux-gnu/lib/rustlib/src/rust/library/core/src/slice/index.rs line 49 column 9 function core::slice::index::slice_index_fail::do_panic::runtime thread 0
aborting path on assume(false) at file /home/runner/.rustup/toolchains/nightly-2025-11-21-x86_64-unknown-linux-gnu/lib/rustlib/src/rust/library/core/src/intrinsics/mod.rs line 2449 column 9 function core::slice::index::slice_index_fail::do_panic thread 0
aborting path on assume(false) at file /home/runner/.rustup/toolchains/nightly-2025-11-21-x86_64-unknown-linux-gnu/lib/rustlib/src/rust/library/core/src/panic.rs line 178 column 9 function core::slice::index::slice_index_fail thread 0
aborting path on assume(false) at file /home/runner/.rustup/toolchains/nightly-2025-11-21-x86_64-unknown-linux-gnu/lib/rustlib/src/rust/library/core/src/slice/index.rs line 58 column 9 function core::slice::index::slice_index_fail::do_panic::runtime thread 0
aborting path on assume(false) at file /home/runner/.rustup/toolchains/nightly-2025-11-21-x86_64-unknown-linux-gnu/lib/rustlib/src/rust/library/core/src/intrinsics/mod.rs line 2449 column 9 function core::slice::index::slice_index_fail::do_panic thread 0
aborting path on assume(false) at file /home/runner/.rustup/toolchains/nightly-2025-11-21-x86_64-unknown-linux-gnu/lib/rustlib/src/rust/library/core/src/panic.rs line 178 column 9 function core::slice::index::slice_index_fail thread 0
aborting path on assume(false) at file /home/runner/.rustup/toolchains/nightly-2025-11-21-x86_64-unknown-linux-gnu/lib/rustlib/src/rust/library/core/src/slice/index.rs line 68 column 5 function core::slice::index::slice_index_fail::do_panic::runtime thread 0
aborting path on assume(false) at file /home/runner/.rustup/toolchains/nightly-2025-11-21-x86_64-unknown-linux-gnu/lib/rustlib/src/rust/library/core/src/intrinsics/mod.rs line 2449 column 9 function core::slice::index::slice_index_fail::do_panic thread 0
aborting path on assume(false) at file /home/runner/.rustup/toolchains/nightly-2025-11-21-x86_64-unknown-linux-gnu/lib/rustlib/src/rust/library/core/src/panic.rs line 178 column 9 function core::slice::index::slice_index_fail thread 0
aborting path on assume(false) at file /home/runner/.rustup/toolchains/nightly-2025-11-21-x86_64-unknown-linux-gnu/lib/rustlib/src/rust/library/core/src/slice/index.rs line 581 column 13 function <std::ops::RangeFrom<usize> as std::slice::SliceIndex<[u8]>>::index_mut thread 0
aborting path on assume(false) at file /home/runner/work/kani/kani/library/kani_core/src/models.rs line 176 column 17 function <usize as kani::rustc_intrinsics::ToISize>::to_isize thread 0
aborting path on assume(false) at file /home/runner/work/kani/kani/library/kani/src/lib.rs line 57 column 1 function <usize as kani::rustc_intrinsics::ToISize>::to_isize thread 0
aborting path on assume(false) at file /home/runner/work/kani/kani/library/kani/src/lib.rs line 57 column 1 function <usize as kani::rustc_intrinsics::ToISize>::to_isize thread 0
aborting path on assume(false) at file /home/runner/work/kani/kani/library/kani/src/lib.rs line 57 column 1 function kani::mem::cbmc::same_allocation thread 0
aborting path on assume(false) at file /home/runner/.rustup/toolchains/nightly-2025-11-21-x86_64-unknown-linux-gnu/lib/rustlib/src/rust/library/std/src/sys/random/linux.rs line 126 column 26 function std::sys::random::linux::getrandom thread 0
Unwinding loop _RNvNtNtNtCsh1i4bqfV5wd_3std3sys6random5linux9getrandom.0 iteration 2 file src/lib.rs line 0 column 0 function std::sys::random::linux::getrandom thread 0
aborting path on assume(false) at file /home/runner/.rustup/toolchains/nightly-2025-11-21-x86_64-unknown-linux-gnu/lib/rustlib/src/rust/library/std/src/sys/pal/unix/weak/syscall.rs line 7 column 9 function std::sys::random::linux::getrandom::getrandom thread 0
aborting path on assume(false) at file /home/runner/.cargo/registry/src/index.crates.io-1949cf8c6b5b557f/libc-0.2.177/src/unix/linux_like/linux/mod.rs line 6372 column 5 function std::sys::random::linux::getrandom::getrandom thread 0
aborting path on assume(false) at  thread 0
aborting path on assume(false) at file /home/runner/work/kani/kani/library/kani/src/lib.rs line 57 column 1 function kani::mem::cbmc::same_allocation thread 0
aborting path on assume(false) at file /home/runner/work/kani/kani/library/kani/src/lib.rs line 57 column 1 function kani::mem::cbmc::same_allocation thread 0
Unwinding loop _RNvXs3_NtNtCsci0VKyKEi6N_4core4hash3sipINtB5_6HasherNtB5_11Sip13RoundsENtB7_6Hasher5writeCs27UYLqoUkb6_4redb.0 iteration 1 file /home/runner/.rustup/toolchains/nightly-2025-11-21-x86_64-unknown-linux-gnu/lib/rustlib/src/rust/library/core/src/hash/sip.rs line 281 column 9 function <core::hash::sip::Hasher<core::hash::sip::Sip13Rounds> as std::hash::Hasher>::write thread 0
aborting path on assume(false) at file /home/runner/work/kani/kani/library/kani/src/lib.rs line 57 column 1 function kani::mem::cbmc::same_allocation thread 0
Unwinding loop _RNvXs3_NtNtCsci0VKyKEi6N_4core4hash3sipINtB5_6HasherNtB5_11Sip13RoundsENtB7_6Hasher5writeCs27UYLqoUkb6_4redb.0 iteration 2 file /home/runner/.rustup/toolchains/nightly-2025-11-21-x86_64-unknown-linux-gnu/lib/rustlib/src/rust/library/core/src/hash/sip.rs line 281 column 9 function <core::hash::sip::Hasher<core::hash::sip::Sip13Rounds> as std::hash::Hasher>::write thread 0
aborting path on assume(false) at file /home/runner/work/kani/kani/library/kani/src/lib.rs line 57 column 1 function kani::mem::cbmc::same_allocation thread 0
Unwinding loop _RNvXs3_NtNtCsci0VKyKEi6N_4core4hash3sipINtB5_6HasherNtB5_11Sip13RoundsENtB7_6Hasher5writeCs27UYLqoUkb6_4redb.0 iteration 3 file /home/runner/.rustup/toolchains/nightly-2025-11-21-x86_64-unknown-linux-gnu/lib/rustlib/src/rust/library/core/src/hash/sip.rs line 281 column 9 function <core::hash::sip::Hasher<core::hash::sip::Sip13Rounds> as std::hash::Hasher>::write thread 0
aborting path on assume(false) at file /home/runner/work/kani/kani/library/kani/src/lib.rs line 57 column 1 function kani::mem::cbmc::same_allocation thread 0
Unwinding loop _RNvXs3_NtNtCsci0VKyKEi6N_4core4hash3sipINtB5_6HasherNtB5_11Sip13RoundsENtB7_6Hasher5writeCs27UYLqoUkb6_4redb.0 iteration 4 file /home/runner/.rustup/toolchains/nightly-2025-11-21-x86_64-unknown-linux-gnu/lib/rustlib/src/rust/library/core/src/hash/sip.rs line 281 column 9 function <core::hash::sip::Hasher<core::hash::sip::Sip13Rounds> as std::hash::Hasher>::write thread 0
aborting path on assume(false) at file /home/runner/work/kani/kani/library/kani/src/lib.rs line 57 column 1 function kani::mem::cbmc::same_allocation thread 0
Unwinding loop _RNvXs3_NtNtCsci0VKyKEi6N_4core4hash3sipINtB5_6HasherNtB5_11Sip13RoundsENtB7_6Hasher5writeCs27UYLqoUkb6_4redb.0 iteration 5 file /home/runner/.rustup/toolchains/nightly-2025-11-21-x86_64-unknown-linux-gnu/lib/rustlib/src/rust/library/core/src/hash/sip.rs line 281 column 9 function <core::hash::sip::Hasher<core::hash::sip::Sip13Rounds> as std::hash::Hasher>::write thread 0
aborting path on assume(false) at file /home/runner/work/kani/kani/library/kani/src/lib.rs line 57 column 1 function kani::mem::cbmc::same_allocation thread 0
Unwinding loop _RNvXs3_NtNtCsci0VKyKEi6N_4core4hash3sipINtB5_6HasherNtB5_11Sip13RoundsENtB7_6Hasher5writeCs27UYLqoUkb6_4redb.0 iteration 6 file /home/runner/.rustup/toolchains/nightly-2025-11-21-x86_64-unknown-linux-gnu/lib/rustlib/src/rust/library/core/src/hash/sip.rs line 281 column 9 function <core::hash::sip::Hasher<core::hash::sip::Sip13Rounds> as std::hash::Hasher>::write thread 0
aborting path on assume(false) at file /home/runner/work/kani/kani/library/kani/src/lib.rs line 57 column 1 function kani::mem::cbmc::same_allocation thread 0
Unwinding loop _RNvXs3_NtNtCsci0VKyKEi6N_4core4hash3sipINtB5_6HasherNtB5_11Sip13RoundsENtB7_6Hasher5writeCs27UYLqoUkb6_4redb.0 iteration 7 file /home/runner/.rustup/toolchains/nightly-2025-11-21-x86_64-unknown-linux-gnu/lib/rustlib/src/rust/library/core/src/hash/sip.rs line 281 column 9 function <core::hash::sip::Hasher<core::hash::sip::Sip13Rounds> as std::hash::Hasher>::write thread 0
aborting path on assume(false) at file /home/runner/work/kani/kani/library/kani/src/lib.rs line 57 column 1 function kani::mem::cbmc::same_allocation thread 0
Unwinding loop _RNvXs3_NtNtCsci0VKyKEi6N_4core4hash3sipINtB5_6HasherNtB5_11Sip13RoundsENtB7_6Hasher5writeCs27UYLqoUkb6_4redb.0 iteration 8 file /home/runner/.rustup/toolchains/nightly-2025-11-21-x86_64-unknown-linux-gnu/lib/rustlib/src/rust/library/core/src/hash/sip.rs line 281 column 9 function <core::hash::sip::Hasher<core::hash::sip::Sip13Rounds> as std::hash::Hasher>::write thread 0
aborting path on assume(false) at file /home/runner/work/kani/kani/library/kani/src/lib.rs line 57 column 1 function kani::mem::cbmc::same_allocation thread 0
Unwinding loop _RNvXs3_NtNtCsci0VKyKEi6N_4core4hash3sipINtB5_6HasherNtB5_11Sip13RoundsENtB7_6Hasher5writeCs27UYLqoUkb6_4redb.0 iteration 9 file /home/runner/.rustup/toolchains/nightly-2025-11-21-x86_64-unknown-linux-gnu/lib/rustlib/src/rust/library/core/src/hash/sip.rs line 281 column 9 function <core::hash::sip::Hasher<core::hash::sip::Sip13Rounds> as std::hash::Hasher>::write thread 0
aborting path on assume(false) at file /home/runner/work/kani/kani/library/kani/src/lib.rs line 57 column 1 function kani::mem::cbmc::same_allocation thread 0
Unwinding loop _RNvXs3_NtNtCsci0VKyKEi6N_4core4hash3sipINtB5_6HasherNtB5_11Sip13RoundsENtB7_6Hasher5writeCs27UYLqoUkb6_4redb.0 iteration 10 file /home/runner/.rustup/toolchains/nightly-2025-11-21-x86_64-unknown-linux-gnu/lib/rustlib/src/rust/library/core/src/hash/sip.rs line 281 column 9 function <core::hash::sip::Hasher<core::hash::sip::Sip13Rounds> as std::hash::Hasher>::write thread 0
aborting path on assume(false) at file /home/runner/work/kani/kani/library/kani/src/lib.rs line 57 column 1 function kani::mem::cbmc::same_allocation thread 0
Unwinding loop _RNvXs3_NtNtCsci0VKyKEi6N_4core4hash3sipINtB5_6HasherNtB5_11Sip13RoundsENtB7_6Hasher5writeCs27UYLqoUkb6_4redb.0 iteration 11 file /home/runner/.rustup/toolchains/nightly-2025-11-21-x86_64-unknown-linux-gnu/lib/rustlib/src/rust/library/core/src/hash/sip.rs line 281 column 9 function <core::hash::sip::Hasher<core::hash::sip::Sip13Rounds> as std::hash::Hasher>::write thread 0
aborting path on assume(false) at file /home/runner/work/kani/kani/library/kani/src/lib.rs line 57 column 1 function kani::mem::cbmc::same_allocation thread 0
Unwinding loop _RNvXs3_NtNtCsci0VKyKEi6N_4core4hash3sipINtB5_6HasherNtB5_11Sip13RoundsENtB7_6Hasher5writeCs27UYLqoUkb6_4redb.0 iteration 12 file /home/runner/.rustup/toolchains/nightly-2025-11-21-x86_64-unknown-linux-gnu/lib/rustlib/src/rust/library/core/src/hash/sip.rs line 281 column 9 function <core::hash::sip::Hasher<core::hash::sip::Sip13Rounds> as std::hash::Hasher>::write thread 0
aborting path on assume(false) at file /home/runner/work/kani/kani/library/kani/src/lib.rs line 57 column 1 function kani::mem::cbmc::same_allocation thread 0
Unwinding loop _RNvXs3_NtNtCsci0VKyKEi6N_4core4hash3sipINtB5_6HasherNtB5_11Sip13RoundsENtB7_6Hasher5writeCs27UYLqoUkb6_4redb.0 iteration 13 file /home/runner/.rustup/toolchains/nightly-2025-11-21-x86_64-unknown-linux-gnu/lib/rustlib/src/rust/library/core/src/hash/sip.rs line 281 column 9 function <core::hash::sip::Hasher<core::hash::sip::Sip13Rounds> as std::hash::Hasher>::write thread 0
aborting path on assume(false) at file /home/runner/work/kani/kani/library/kani/src/lib.rs line 57 column 1 function kani::mem::cbmc::same_allocation thread 0
Unwinding loop _RNvXs3_NtNtCsci0VKyKEi6N_4core4hash3sipINtB5_6HasherNtB5_11Sip13RoundsENtB7_6Hasher5writeCs27UYLqoUkb6_4redb.0 iteration 14 file /home/runner/.rustup/toolchains/nightly-2025-11-21-x86_64-unknown-linux-gnu/lib/rustlib/src/rust/library/core/src/hash/sip.rs line 281 column 9 function <core::hash::sip::Hasher<core::hash::sip::Sip13Rounds> as std::hash::Hasher>::write thread 0
aborting path on assume(false) at file /home/runner/work/kani/kani/library/kani/src/lib.rs line 57 column 1 function kani::mem::cbmc::same_allocation thread 0
Unwinding loop _RNvXs3_NtNtCsci0VKyKEi6N_4core4hash3sipINtB5_6HasherNtB5_11Sip13RoundsENtB7_6Hasher5writeCs27UYLqoUkb6_4redb.0 iteration 15 file /home/runner/.rustup/toolchains/nightly-2025-11-21-x86_64-unknown-linux-gnu/lib/rustlib/src/rust/library/core/src/hash/sip.rs line 281 column 9 function <core::hash::sip::Hasher<core::hash::sip::Sip13Rounds> as std::hash::Hasher>::write thread 0
aborting path on assume(false) at file /home/runner/work/kani/kani/library/kani/src/lib.rs line 57 column 1 function kani::mem::cbmc::same_allocation thread 0
Not unwinding loop _RNvXs3_NtNtCsci0VKyKEi6N_4core4hash3sipINtB5_6HasherNtB5_11Sip13RoundsENtB7_6Hasher5writeCs27UYLqoUkb6_4redb.0 iteration 16 file /home/runner/.rustup/toolchains/nightly-2025-11-21-x86_64-unknown-linux-gnu/lib/rustlib/src/rust/library/core/src/hash/sip.rs line 281 column 9 function <core::hash::sip::Hasher<core::hash::sip::Sip13Rounds> as std::hash::Hasher>::write thread 0
aborting path on assume(false) at file /home/runner/work/kani/kani/library/kani_core/src/models.rs line 176 column 17 function <usize as kani::rustc_intrinsics::ToISize>::to_isize thread 0
aborting path on assume(false) at file /home/runner/work/kani/kani/library/kani/src/lib.rs line 57 column 1 function <usize as kani::rustc_intrinsics::ToISize>::to_isize thread 0
aborting path on assume(false) at file /home/runner/work/kani/kani/library/kani/src/lib.rs line 57 column 1 function <usize as kani::rustc_intrinsics::ToISize>::to_isize thread 0
aborting path on assume(false) at file /home/runner/work/kani/kani/library/kani/src/lib.rs line 57 column 1 function kani::mem::cbmc::same_allocation thread 0
aborting path on assume(false) at file /home/runner/work/kani/kani/library/kani_core/src/models.rs line 176 column 17 function <usize as kani::rustc_intrinsics::ToISize>::to_isize thread 0
aborting path on assume(false) at file /home/runner/work/kani/kani/library/kani/src/lib.rs line 57 column 1 function <usize as kani::rustc_intrinsics::ToISize>::to_isize thread 0
aborting path on assume(false) at file /home/runner/work/kani/kani/library/kani/src/lib.rs line 57 column 1 function <usize as kani::rustc_intrinsics::ToISize>::to_isize thread 0
aborting path on assume(false) at file /home/runner/work/kani/kani/library/kani/src/lib.rs line 57 column 1 function kani::mem::cbmc::same_allocation thread 0
aborting path on assume(false) at file /home/runner/work/kani/kani/library/kani_core/src/models.rs line 176 column 17 function <usize as kani::rustc_intrinsics::ToISize>::to_isize thread 0
aborting path on assume(false) at file /home/runner/work/kani/kani/library/kani/src/lib.rs line 57 column 1 function <usize as kani::rustc_intrinsics::ToISize>::to_isize thread 0
aborting path on assume(false) at file /home/runner/work/kani/kani/library/kani/src/lib.rs line 57 column 1 function <usize as kani::rustc_intrinsics::ToISize>::to_isize thread 0
aborting path on assume(false) at file /home/runner/work/kani/kani/library/kani_core/src/models.rs line 176 column 17 function <usize as kani::rustc_intrinsics::ToISize>::to_isize thread 0
aborting path on assume(false) at file /home/runner/work/kani/kani/library/kani/src/lib.rs line 57 column 1 function <usize as kani::rustc_intrinsics::ToISize>::to_isize thread 0
aborting path on assume(false) at file /home/runner/work/kani/kani/library/kani/src/lib.rs line 57 column 1 function <usize as kani::rustc_intrinsics::ToISize>::to_isize thread 0
Unwinding loop _RNvXs3_NtNtCsci0VKyKEi6N_4core4hash3sipINtB5_6HasherNtB5_11Sip13RoundsENtB7_6Hasher5writeCs27UYLqoUkb6_4redb.0 iteration 1 file /home/runner/.rustup/toolchains/nightly-2025-11-21-x86_64-unknown-linux-gnu/lib/rustlib/src/rust/library/core/src/hash/sip.rs line 281 column 9 function <core::hash::sip::Hasher<core::hash::sip::Sip13Rounds> as std::hash::Hasher>::write thread 0
aborting path on assume(false) at file /home/runner/work/kani/kani/library/kani_core/src/models.rs line 176 column 17 function <usize as kani::rustc_intrinsics::ToISize>::to_isize thread 0
aborting path on assume(false) at file /home/runner/work/kani/kani/library/kani/src/lib.rs line 57 column 1 function <usize as kani::rustc_intrinsics::ToISize>::to_isize thread 0
aborting path on assume(false) at file /home/runner/work/kani/kani/library/kani/src/lib.rs line 57 column 1 function <usize as kani::rustc_intrinsics::ToISize>::to_isize thread 0
Unwinding loop _RNvXs3_NtNtCsci0VKyKEi6N_4core4hash3sipINtB5_6HasherNtB5_11Sip13RoundsENtB7_6Hasher5writeCs27UYLqoUkb6_4redb.0 iteration 2 file /home/runner/.rustup/toolchains/nightly-2025-11-21-x86_64-unknown-linux-gnu/lib/rustlib/src/rust/library/core/src/hash/sip.rs line 281 column 9 function <core::hash::sip::Hasher<core::hash::sip::Sip13Rounds> as std::hash::Hasher>::write thread 0
aborting path on assume(false) at file /home/runner/work/kani/kani/library/kani_core/src/models.rs line 176 column 17 function <usize as kani::rustc_intrinsics::ToISize>::to_isize thread 0
aborting path on assume(false) at file /home/runner/work/kani/kani/library/kani/src/lib.rs line 57 column 1 function <usize as kani::rustc_intrinsics::ToISize>::to_isize thread 0
aborting path on assume(false) at file /home/runner/work/kani/kani/library/kani/src/lib.rs line 57 column 1 function <usize as kani::rustc_intrinsics::ToISize>::to_isize thread 0
Unwinding loop _RNvXs3_NtNtCsci0VKyKEi6N_4core4hash3sipINtB5_6HasherNtB5_11Sip13RoundsENtB7_6Hasher5writeCs27UYLqoUkb6_4redb.0 iteration 3 file /home/runner/.rustup/toolchains/nightly-2025-11-21-x86_64-unknown-linux-gnu/lib/rustlib/src/rust/library/core/src/hash/sip.rs line 281 column 9 function <core::hash::sip::Hasher<core::hash::sip::Sip13Rounds> as std::hash::Hasher>::write thread 0
aborting path on assume(false) at file /home/runner/work/kani/kani/library/kani_core/src/models.rs line 176 column 17 function <usize as kani::rustc_intrinsics::ToISize>::to_isize thread 0
aborting path on assume(false) at file /home/runner/work/kani/kani/library/kani/src/lib.rs line 57 column 1 function <usize as kani::rustc_intrinsics::ToISize>::to_isize thread 0
aborting path on assume(false) at file /home/runner/work/kani/kani/library/kani/src/lib.rs line 57 column 1 function <usize as kani::rustc_intrinsics::ToISize>::to_isize thread 0
Unwinding loop _RNvXs3_NtNtCsci0VKyKEi6N_4core4hash3sipINtB5_6HasherNtB5_11Sip13RoundsENtB7_6Hasher5writeCs27UYLqoUkb6_4redb.0 iteration 4 file /home/runner/.rustup/toolchains/nightly-2025-11-21-x86_64-unknown-linux-gnu/lib/rustlib/src/rust/library/core/src/hash/sip.rs line 281 column 9 function <core::hash::sip::Hasher<core::hash::sip::Sip13Rounds> as std::hash::Hasher>::write thread 0
aborting path on assume(false) at file /home/runner/work/kani/kani/library/kani_core/src/models.rs line 176 column 17 function <usize as kani::rustc_intrinsics::ToISize>::to_isize thread 0
aborting path on assume(false) at file /home/runner/work/kani/kani/library/kani/src/lib.rs line 57 column 1 function <usize as kani::rustc_intrinsics::ToISize>::to_isize thread 0
aborting path on assume(false) at file /home/runner/work/kani/kani/library/kani/src/lib.rs line 57 column 1 function <usize as kani::rustc_intrinsics::ToISize>::to_isize thread 0
Unwinding loop _RNvXs3_NtNtCsci0VKyKEi6N_4core4hash3sipINtB5_6HasherNtB5_11Sip13RoundsENtB7_6Hasher5writeCs27UYLqoUkb6_4redb.0 iteration 5 file /home/runner/.rustup/toolchains/nightly-2025-11-21-x86_64-unknown-linux-gnu/lib/rustlib/src/rust/library/core/src/hash/sip.rs line 281 column 9 function <core::hash::sip::Hasher<core::hash::sip::Sip13Rounds> as std::hash::Hasher>::write thread 0
aborting path on assume(false) at file /home/runner/work/kani/kani/library/kani_core/src/models.rs line 176 column 17 function <usize as kani::rustc_intrinsics::ToISize>::to_isize thread 0
aborting path on assume(false) at file /home/runner/work/kani/kani/library/kani/src/lib.rs line 57 column 1 function <usize as kani::rustc_intrinsics::ToISize>::to_isize thread 0
aborting path on assume(false) at file /home/runner/work/kani/kani/library/kani/src/lib.rs line 57 column 1 function <usize as kani::rustc_intrinsics::ToISize>::to_isize thread 0
Unwinding loop _RNvXs3_NtNtCsci0VKyKEi6N_4core4hash3sipINtB5_6HasherNtB5_11Sip13RoundsENtB7_6Hasher5writeCs27UYLqoUkb6_4redb.0 iteration 6 file /home/runner/.rustup/toolchains/nightly-2025-11-21-x86_64-unknown-linux-gnu/lib/rustlib/src/rust/library/core/src/hash/sip.rs line 281 column 9 function <core::hash::sip::Hasher<core::hash::sip::Sip13Rounds> as std::hash::Hasher>::write thread 0
aborting path on assume(false) at file /home/runner/work/kani/kani/library/kani_core/src/models.rs line 176 column 17 function <usize as kani::rustc_intrinsics::ToISize>::to_isize thread 0
aborting path on assume(false) at file /home/runner/work/kani/kani/library/kani/src/lib.rs line 57 column 1 function <usize as kani::rustc_intrinsics::ToISize>::to_isize thread 0
aborting path on assume(false) at file /home/runner/work/kani/kani/library/kani/src/lib.rs line 57 column 1 function <usize as kani::rustc_intrinsics::ToISize>::to_isize thread 0
Unwinding loop _RNvXs3_NtNtCsci0VKyKEi6N_4core4hash3sipINtB5_6HasherNtB5_11Sip13RoundsENtB7_6Hasher5writeCs27UYLqoUkb6_4redb.0 iteration 7 file /home/runner/.rustup/toolchains/nightly-2025-11-21-x86_64-unknown-linux-gnu/lib/rustlib/src/rust/library/core/src/hash/sip.rs line 281 column 9 function <core::hash::sip::Hasher<core::hash::sip::Sip13Rounds> as std::hash::Hasher>::write thread 0
aborting path on assume(false) at file /home/runner/work/kani/kani/library/kani_core/src/models.rs line 176 column 17 function <usize as kani::rustc_intrinsics::ToISize>::to_isize thread 0
aborting path on assume(false) at file /home/runner/work/kani/kani/library/kani/src/lib.rs line 57 column 1 function <usize as kani::rustc_intrinsics::ToISize>::to_isize thread 0
aborting path on assume(false) at file /home/runner/work/kani/kani/library/kani/src/lib.rs line 57 column 1 function <usize as kani::rustc_intrinsics::ToISize>::to_isize thread 0
Unwinding loop _RNvXs3_NtNtCsci0VKyKEi6N_4core4hash3sipINtB5_6HasherNtB5_11Sip13RoundsENtB7_6Hasher5writeCs27UYLqoUkb6_4redb.0 iteration 8 file /home/runner/.rustup/toolchains/nightly-2025-11-21-x86_64-unknown-linux-gnu/lib/rustlib/src/rust/library/core/src/hash/sip.rs line 281 column 9 function <core::hash::sip::Hasher<core::hash::sip::Sip13Rounds> as std::hash::Hasher>::write thread 0
aborting path on assume(false) at file /home/runner/work/kani/kani/library/kani_core/src/models.rs line 176 column 17 function <usize as kani::rustc_intrinsics::ToISize>::to_isize thread 0
aborting path on assume(false) at file /home/runner/work/kani/kani/library/kani/src/lib.rs line 57 column 1 function <usize as kani::rustc_intrinsics::ToISize>::to_isize thread 0
aborting path on assume(false) at file /home/runner/work/kani/kani/library/kani/src/lib.rs line 57 column 1 function <usize as kani::rustc_intrinsics::ToISize>::to_isize thread 0
Unwinding loop _RNvXs3_NtNtCsci0VKyKEi6N_4core4hash3sipINtB5_6HasherNtB5_11Sip13RoundsENtB7_6Hasher5writeCs27UYLqoUkb6_4redb.0 iteration 9 file /home/runner/.rustup/toolchains/nightly-2025-11-21-x86_64-unknown-linux-gnu/lib/rustlib/src/rust/library/core/src/hash/sip.rs line 281 column 9 function <core::hash::sip::Hasher<core::hash::sip::Sip13Rounds> as std::hash::Hasher>::write thread 0
aborting path on assume(false) at file /home/runner/work/kani/kani/library/kani_core/src/models.rs line 176 column 17 function <usize as kani::rustc_intrinsics::ToISize>::to_isize thread 0
aborting path on assume(false) at file /home/runner/work/kani/kani/library/kani/src/lib.rs line 57 column 1 function <usize as kani::rustc_intrinsics::ToISize>::to_isize thread 0
aborting path on assume(false) at file /home/runner/work/kani/kani/library/kani/src/lib.rs line 57 column 1 function <usize as kani::rustc_intrinsics::ToISize>::to_isize thread 0
Unwinding loop _RNvXs3_NtNtCsci0VKyKEi6N_4core4hash3sipINtB5_6HasherNtB5_11Sip13RoundsENtB7_6Hasher5writeCs27UYLqoUkb6_4redb.0 iteration 10 file /home/runner/.rustup/toolchains/nightly-2025-11-21-x86_64-unknown-linux-gnu/lib/rustlib/src/rust/library/core/src/hash/sip.rs line 281 column 9 function <core::hash::sip::Hasher<core::hash::sip::Sip13Rounds> as std::hash::Hasher>::write thread 0
aborting path on assume(false) at file /home/runner/work/kani/kani/library/kani_core/src/models.rs line 176 column 17 function <usize as kani::rustc_intrinsics::ToISize>::to_isize thread 0
aborting path on assume(false) at file /home/runner/work/kani/kani/library/kani/src/lib.rs line 57 column 1 function <usize as kani::rustc_intrinsics::ToISize>::to_isize thread 0
aborting path on assume(false) at file /home/runner/work/kani/kani/library/kani/src/lib.rs line 57 column 1 function <usize as kani::rustc_intrinsics::ToISize>::to_isize thread 0
Unwinding loop _RNvXs3_NtNtCsci0VKyKEi6N_4core4hash3sipINtB5_6HasherNtB5_11Sip13RoundsENtB7_6Hasher5writeCs27UYLqoUkb6_4redb.0 iteration 11 file /home/runner/.rustup/toolchains/nightly-2025-11-21-x86_64-unknown-linux-gnu/lib/rustlib/src/rust/library/core/src/hash/sip.rs line 281 column 9 function <core::hash::sip::Hasher<core::hash::sip::Sip13Rounds> as std::hash::Hasher>::write thread 0
aborting path on assume(false) at file /home/runner/work/kani/kani/library/kani_core/src/models.rs line 176 column 17 function <usize as kani::rustc_intrinsics::ToISize>::to_isize thread 0
aborting path on assume(false) at file /home/runner/work/kani/kani/library/kani/src/lib.rs line 57 column 1 function <usize as kani::rustc_intrinsics::ToISize>::to_isize thread 0
aborting path on assume(false) at file /home/runner/work/kani/kani/library/kani/src/lib.rs line 57 column 1 function <usize as kani::rustc_intrinsics::ToISize>::to_isize thread 0
Unwinding loop _RNvXs3_NtNtCsci0VKyKEi6N_4core4hash3sipINtB5_6HasherNtB5_11Sip13RoundsENtB7_6Hasher5writeCs27UYLqoUkb6_4redb.0 iteration 12 file /home/runner/.rustup/toolchains/nightly-2025-11-21-x86_64-unknown-linux-gnu/lib/rustlib/src/rust/library/core/src/hash/sip.rs line 281 column 9 function <core::hash::sip::Hasher<core::hash::sip::Sip13Rounds> as std::hash::Hasher>::write thread 0
aborting path on assume(false) at file /home/runner/work/kani/kani/library/kani_core/src/models.rs line 176 column 17 function <usize as kani::rustc_intrinsics::ToISize>::to_isize thread 0
aborting path on assume(false) at file /home/runner/work/kani/kani/library/kani/src/lib.rs line 57 column 1 function <usize as kani::rustc_intrinsics::ToISize>::to_isize thread 0
aborting path on assume(false) at file /home/runner/work/kani/kani/library/kani/src/lib.rs line 57 column 1 function <usize as kani::rustc_intrinsics::ToISize>::to_isize thread 0
Unwinding loop _RNvXs3_NtNtCsci0VKyKEi6N_4core4hash3sipINtB5_6HasherNtB5_11Sip13RoundsENtB7_6Hasher5writeCs27UYLqoUkb6_4redb.0 iteration 13 file /home/runner/.rustup/toolchains/nightly-2025-11-21-x86_64-unknown-linux-gnu/lib/rustlib/src/rust/library/core/src/hash/sip.rs line 281 column 9 function <core::hash::sip::Hasher<core::hash::sip::Sip13Rounds> as std::hash::Hasher>::write thread 0
aborting path on assume(false) at file /home/runner/work/kani/kani/library/kani_core/src/models.rs line 176 column 17 function <usize as kani::rustc_intrinsics::ToISize>::to_isize thread 0
aborting path on assume(false) at file /home/runner/work/kani/kani/library/kani/src/lib.rs line 57 column 1 function <usize as kani::rustc_intrinsics::ToISize>::to_isize thread 0
aborting path on assume(false) at file /home/runner/work/kani/kani/library/kani/src/lib.rs line 57 column 1 function <usize as kani::rustc_intrinsics::ToISize>::to_isize thread 0
Unwinding loop _RNvXs3_NtNtCsci0VKyKEi6N_4core4hash3sipINtB5_6HasherNtB5_11Sip13RoundsENtB7_6Hasher5writeCs27UYLqoUkb6_4redb.0 iteration 14 file /home/runner/.rustup/toolchains/nightly-2025-11-21-x86_64-unknown-linux-gnu/lib/rustlib/src/rust/library/core/src/hash/sip.rs line 281 column 9 function <core::hash::sip::Hasher<core::hash::sip::Sip13Rounds> as std::hash::Hasher>::write thread 0
aborting path on assume(false) at file /home/runner/work/kani/kani/library/kani_core/src/models.rs line 176 column 17 function <usize as kani::rustc_intrinsics::ToISize>::to_isize thread 0
aborting path on assume(false) at file /home/runner/work/kani/kani/library/kani/src/lib.rs line 57 column 1 function <usize as kani::rustc_intrinsics::ToISize>::to_isize thread 0
aborting path on assume(false) at file /home/runner/work/kani/kani/library/kani/src/lib.rs line 57 column 1 function <usize as kani::rustc_intrinsics::ToISize>::to_isize thread 0
Unwinding loop _RNvXs3_NtNtCsci0VKyKEi6N_4core4hash3sipINtB5_6HasherNtB5_11Sip13RoundsENtB7_6Hasher5writeCs27UYLqoUkb6_4redb.0 iteration 15 file /home/runner/.rustup/toolchains/nightly-2025-11-21-x86_64-unknown-linux-gnu/lib/rustlib/src/rust/library/core/src/hash/sip.rs line 281 column 9 function <core::hash::sip::Hasher<core::hash::sip::Sip13Rounds> as std::hash::Hasher>::write thread 0
aborting path on assume(false) at file /home/runner/work/kani/kani/library/kani_core/src/models.rs line 176 column 17 function <usize as kani::rustc_intrinsics::ToISize>::to_isize thread 0
aborting path on assume(false) at file /home/runner/work/kani/kani/library/kani/src/lib.rs line 57 column 1 function <usize as kani::rustc_intrinsics::ToISize>::to_isize thread 0
aborting path on assume(false) at file /home/runner/work/kani/kani/library/kani/src/lib.rs line 57 column 1 function <usize as kani::rustc_intrinsics::ToISize>::to_isize thread 0
Not unwinding loop _RNvXs3_NtNtCsci0VKyKEi6N_4core4hash3sipINtB5_6HasherNtB5_11Sip13RoundsENtB7_6Hasher5writeCs27UYLqoUkb6_4redb.0 iteration 16 file /home/runner/.rustup/toolchains/nightly-2025-11-21-x86_64-unknown-linux-gnu/lib/rustlib/src/rust/library/core/src/hash/sip.rs line 281 column 9 function <core::hash::sip::Hasher<core::hash::sip::Sip13Rounds> as std::hash::Hasher>::write thread 0
aborting path on assume(false) at file /home/runner/work/kani/kani/library/kani_core/src/models.rs line 176 column 17 function <usize as kani::rustc_intrinsics::ToISize>::to_isize thread 0
aborting path on assume(false) at file /home/runner/work/kani/kani/library/kani/src/lib.rs line 57 column 1 function <usize as kani::rustc_intrinsics::ToISize>::to_isize thread 0
aborting path on assume(false) at file /home/runner/work/kani/kani/library/kani/src/lib.rs line 57 column 1 function <usize as kani::rustc_intrinsics::ToISize>::to_isize thread 0
aborting path on assume(false) at file /home/runner/work/kani/kani/library/kani_core/src/models.rs line 176 column 17 function <usize as kani::rustc_intrinsics::ToISize>::to_isize thread 0
aborting path on assume(false) at file /home/runner/work/kani/kani/library/kani/src/lib.rs line 57 column 1 function <usize as kani::rustc_intrinsics::ToISize>::to_isize thread 0
aborting path on assume(false) at file /home/runner/work/kani/kani/library/kani/src/lib.rs line 57 column 1 function <usize as kani::rustc_intrinsics::ToISize>::to_isize thread 0
aborting path on assume(false) at file /home/runner/work/kani/kani/library/kani/src/lib.rs line 57 column 1 function kani::mem::cbmc::same_allocation thread 0
aborting path on assume(false) at file /home/runner/work/kani/kani/library/kani/src/lib.rs line 57 column 1 function kani::mem::cbmc::same_allocation thread 0
Unwinding loop _RNvXs3_NtNtCsci0VKyKEi6N_4core4hash3sipINtB5_6HasherNtB5_11Sip13RoundsENtB7_6Hasher5writeCs27UYLqoUkb6_4redb.0 iteration 1 file /home/runner/.rustup/toolchains/nightly-2025-11-21-x86_64-unknown-linux-gnu/lib/rustlib/src/rust/library/core/src/hash/sip.rs line 281 column 9 function <core::hash::sip::Hasher<core::hash::sip::Sip13Rounds> as std::hash::Hasher>::write thread 0
aborting path on assume(false) at file /home/runner/work/kani/kani/library/kani/src/lib.rs line 57 column 1 function kani::mem::cbmc::same_allocation thread 0
Unwinding loop _RNvXs3_NtNtCsci0VKyKEi6N_4core4hash3sipINtB5_6HasherNtB5_11Sip13RoundsENtB7_6Hasher5writeCs27UYLqoUkb6_4redb.0 iteration 2 file /home/runner/.rustup/toolchains/nightly-2025-11-21-x86_64-unknown-linux-gnu/lib/rustlib/src/rust/library/core/src/hash/sip.rs line 281 column 9 function <core::hash::sip::Hasher<core::hash::sip::Sip13Rounds> as std::hash::Hasher>::write thread 0
aborting path on assume(false) at file /home/runner/work/kani/kani/library/kani/src/lib.rs line 57 column 1 function kani::mem::cbmc::same_allocation thread 0
Unwinding loop _RNvXs3_NtNtCsci0VKyKEi6N_4core4hash3sipINtB5_6HasherNtB5_11Sip13RoundsENtB7_6Hasher5writeCs27UYLqoUkb6_4redb.0 iteration 3 file /home/runner/.rustup/toolchains/nightly-2025-11-21-x86_64-unknown-linux-gnu/lib/rustlib/src/rust/library/core/src/hash/sip.rs line 281 column 9 function <core::hash::sip::Hasher<core::hash::sip::Sip13Rounds> as std::hash::Hasher>::write thread 0
aborting path on assume(false) at file /home/runner/work/kani/kani/library/kani/src/lib.rs line 57 column 1 function kani::mem::cbmc::same_allocation thread 0
Unwinding loop _RNvXs3_NtNtCsci0VKyKEi6N_4core4hash3sipINtB5_6HasherNtB5_11Sip13RoundsENtB7_6Hasher5writeCs27UYLqoUkb6_4redb.0 iteration 4 file /home/runner/.rustup/toolchains/nightly-2025-11-21-x86_64-unknown-linux-gnu/lib/rustlib/src/rust/library/core/src/hash/sip.rs line 281 column 9 function <core::hash::sip::Hasher<core::hash::sip::Sip13Rounds> as std::hash::Hasher>::write thread 0
aborting path on assume(false) at file /home/runner/work/kani/kani/library/kani/src/lib.rs line 57 column 1 function kani::mem::cbmc::same_allocation thread 0
Unwinding loop _RNvXs3_NtNtCsci0VKyKEi6N_4core4hash3sipINtB5_6HasherNtB5_11Sip13RoundsENtB7_6Hasher5writeCs27UYLqoUkb6_4redb.0 iteration 5 file /home/runner/.rustup/toolchains/nightly-2025-11-21-x86_64-unknown-linux-gnu/lib/rustlib/src/rust/library/core/src/hash/sip.rs line 281 column 9 function <core::hash::sip::Hasher<core::hash::sip::Sip13Rounds> as std::hash::Hasher>::write thread 0
aborting path on assume(false) at file /home/runner/work/kani/kani/library/kani/src/lib.rs line 57 column 1 function kani::mem::cbmc::same_allocation thread 0
Unwinding loop _RNvXs3_NtNtCsci0VKyKEi6N_4core4hash3sipINtB5_6HasherNtB5_11Sip13RoundsENtB7_6Hasher5writeCs27UYLqoUkb6_4redb.0 iteration 6 file /home/runner/.rustup/toolchains/nightly-2025-11-21-x86_64-unknown-linux-gnu/lib/rustlib/src/rust/library/core/src/hash/sip.rs line 281 column 9 function <core::hash::sip::Hasher<core::hash::sip::Sip13Rounds> as std::hash::Hasher>::write thread 0
aborting path on assume(false) at file /home/runner/work/kani/kani/library/kani/src/lib.rs line 57 column 1 function kani::mem::cbmc::same_allocation thread 0
Unwinding loop _RNvXs3_NtNtCsci0VKyKEi6N_4core4hash3sipINtB5_6HasherNtB5_11Sip13RoundsENtB7_6Hasher5writeCs27UYLqoUkb6_4redb.0 iteration 7 file /home/runner/.rustup/toolchains/nightly-2025-11-21-x86_64-unknown-linux-gnu/lib/rustlib/src/rust/library/core/src/hash/sip.rs line 281 column 9 function <core::hash::sip::Hasher<core::hash::sip::Sip13Rounds> as std::hash::Hasher>::write thread 0
aborting path on assume(false) at file /home/runner/work/kani/kani/library/kani/src/lib.rs line 57 column 1 function kani::mem::cbmc::same_allocation thread 0
Unwinding loop _RNvXs3_NtNtCsci0VKyKEi6N_4core4hash3sipINtB5_6HasherNtB5_11Sip13RoundsENtB7_6Hasher5writeCs27UYLqoUkb6_4redb.0 iteration 8 file /home/runner/.rustup/toolchains/nightly-2025-11-21-x86_64-unknown-linux-gnu/lib/rustlib/src/rust/library/core/src/hash/sip.rs line 281 column 9 function <core::hash::sip::Hasher<core::hash::sip::Sip13Rounds> as std::hash::Hasher>::write thread 0
aborting path on assume(false) at file /home/runner/work/kani/kani/library/kani/src/lib.rs line 57 column 1 function kani::mem::cbmc::same_allocation thread 0
Unwinding loop _RNvXs3_NtNtCsci0VKyKEi6N_4core4hash3sipINtB5_6HasherNtB5_11Sip13RoundsENtB7_6Hasher5writeCs27UYLqoUkb6_4redb.0 iteration 9 file /home/runner/.rustup/toolchains/nightly-2025-11-21-x86_64-unknown-linux-gnu/lib/rustlib/src/rust/library/core/src/hash/sip.rs line 281 column 9 function <core::hash::sip::Hasher<core::hash::sip::Sip13Rounds> as std::hash::Hasher>::write thread 0
aborting path on assume(false) at file /home/runner/work/kani/kani/library/kani/src/lib.rs line 57 column 1 function kani::mem::cbmc::same_allocation thread 0
Unwinding loop _RNvXs3_NtNtCsci0VKyKEi6N_4core4hash3sipINtB5_6HasherNtB5_11Sip13RoundsENtB7_6Hasher5writeCs27UYLqoUkb6_4redb.0 iteration 10 file /home/runner/.rustup/toolchains/nightly-2025-11-21-x86_64-unknown-linux-gnu/lib/rustlib/src/rust/library/core/src/hash/sip.rs line 281 column 9 function <core::hash::sip::Hasher<core::hash::sip::Sip13Rounds> as std::hash::Hasher>::write thread 0
aborting path on assume(false) at file /home/runner/work/kani/kani/library/kani/src/lib.rs line 57 column 1 function kani::mem::cbmc::same_allocation thread 0
Unwinding loop _RNvXs3_NtNtCsci0VKyKEi6N_4core4hash3sipINtB5_6HasherNtB5_11Sip13RoundsENtB7_6Hasher5writeCs27UYLqoUkb6_4redb.0 iteration 11 file /home/runner/.rustup/toolchains/nightly-2025-11-21-x86_64-unknown-linux-gnu/lib/rustlib/src/rust/library/core/src/hash/sip.rs line 281 column 9 function <core::hash::sip::Hasher<core::hash::sip::Sip13Rounds> as std::hash::Hasher>::write thread 0
aborting path on assume(false) at file /home/runner/work/kani/kani/library/kani/src/lib.rs line 57 column 1 function kani::mem::cbmc::same_allocation thread 0
Unwinding loop _RNvXs3_NtNtCsci0VKyKEi6N_4core4hash3sipINtB5_6HasherNtB5_11Sip13RoundsENtB7_6Hasher5writeCs27UYLqoUkb6_4redb.0 iteration 12 file /home/runner/.rustup/toolchains/nightly-2025-11-21-x86_64-unknown-linux-gnu/lib/rustlib/src/rust/library/core/src/hash/sip.rs line 281 column 9 function <core::hash::sip::Hasher<core::hash::sip::Sip13Rounds> as std::hash::Hasher>::write thread 0
aborting path on assume(false) at file /home/runner/work/kani/kani/library/kani/src/lib.rs line 57 column 1 function kani::mem::cbmc::same_allocation thread 0
Unwinding loop _RNvXs3_NtNtCsci0VKyKEi6N_4core4hash3sipINtB5_6HasherNtB5_11Sip13RoundsENtB7_6Hasher5writeCs27UYLqoUkb6_4redb.0 iteration 13 file /home/runner/.rustup/toolchains/nightly-2025-11-21-x86_64-unknown-linux-gnu/lib/rustlib/src/rust/library/core/src/hash/sip.rs line 281 column 9 function <core::hash::sip::Hasher<core::hash::sip::Sip13Rounds> as std::hash::Hasher>::write thread 0
aborting path on assume(false) at file /home/runner/work/kani/kani/library/kani/src/lib.rs line 57 column 1 function kani::mem::cbmc::same_allocation thread 0
Unwinding loop _RNvXs3_NtNtCsci0VKyKEi6N_4core4hash3sipINtB5_6HasherNtB5_11Sip13RoundsENtB7_6Hasher5writeCs27UYLqoUkb6_4redb.0 iteration 14 file /home/runner/.rustup/toolchains/nightly-2025-11-21-x86_64-unknown-linux-gnu/lib/rustlib/src/rust/library/core/src/hash/sip.rs line 281 column 9 function <core::hash::sip::Hasher<core::hash::sip::Sip13Rounds> as std::hash::Hasher>::write thread 0
aborting path on assume(false) at file /home/runner/work/kani/kani/library/kani/src/lib.rs line 57 column 1 function kani::mem::cbmc::same_allocation thread 0
Unwinding loop _RNvXs3_NtNtCsci0VKyKEi6N_4core4hash3sipINtB5_6HasherNtB5_11Sip13RoundsENtB7_6Hasher5writeCs27UYLqoUkb6_4redb.0 iteration 15 file /home/runner/.rustup/toolchains/nightly-2025-11-21-x86_64-unknown-linux-gnu/lib/rustlib/src/rust/library/core/src/hash/sip.rs line 281 column 9 function <core::hash::sip::Hasher<core::hash::sip::Sip13Rounds> as std::hash::Hasher>::write thread 0
aborting path on assume(false) at file /home/runner/work/kani/kani/library/kani/src/lib.rs line 57 column 1 function kani::mem::cbmc::same_allocation thread 0
Not unwinding loop _RNvXs3_NtNtCsci0VKyKEi6N_4core4hash3sipINtB5_6HasherNtB5_11Sip13RoundsENtB7_6Hasher5writeCs27UYLqoUkb6_4redb.0 iteration 16 file /home/runner/.rustup/toolchains/nightly-2025-11-21-x86_64-unknown-linux-gnu/lib/rustlib/src/rust/library/core/src/hash/sip.rs line 281 column 9 function <core::hash::sip::Hasher<core::hash::sip::Sip13Rounds> as std::hash::Hasher>::write thread 0
aborting path on assume(false) at file /home/runner/work/kani/kani/library/kani_core/src/models.rs line 176 column 17 function <usize as kani::rustc_intrinsics::ToISize>::to_isize thread 0
aborting path on assume(false) at file /home/runner/work/kani/kani/library/kani/src/lib.rs line 57 column 1 function <usize as kani::rustc_intrinsics::ToISize>::to_isize thread 0
aborting path on assume(false) at file /home/runner/work/kani/kani/library/kani/src/lib.rs line 57 column 1 function <usize as kani::rustc_intrinsics::ToISize>::to_isize thread 0
aborting path on assume(false) at file /home/runner/work/kani/kani/library/kani/src/lib.rs line 57 column 1 function kani::mem::cbmc::same_allocation thread 0
aborting path on assume(false) at file /home/runner/work/kani/kani/library/kani_core/src/models.rs line 176 column 17 function <usize as kani::rustc_intrinsics::ToISize>::to_isize thread 0
aborting path on assume(false) at file /home/runner/work/kani/kani/library/kani/src/lib.rs line 57 column 1 function <usize as kani::rustc_intrinsics::ToISize>::to_isize thread 0
aborting path on assume(false) at file /home/runner/work/kani/kani/library/kani/src/lib.rs line 57 column 1 function <usize as kani::rustc_intrinsics::ToISize>::to_isize thread 0
aborting path on assume(false) at file /home/runner/work/kani/kani/library/kani/src/lib.rs line 57 column 1 function kani::mem::cbmc::same_allocation thread 0
aborting path on assume(false) at file /home/runner/work/kani/kani/library/kani_core/src/models.rs line 176 column 17 function <usize as kani::rustc_intrinsics::ToISize>::to_isize thread 0
aborting path on assume(false) at file /home/runner/work/kani/kani/library/kani/src/lib.rs line 57 column 1 function <usize as kani::rustc_intrinsics::ToISize>::to_isize thread 0
aborting path on assume(false) at file /home/runner/work/kani/kani/library/kani/src/lib.rs line 57 column 1 function <usize as kani::rustc_intrinsics::ToISize>::to_isize thread 0
aborting path on assume(false) at file /home/runner/work/kani/kani/library/kani_core/src/models.rs line 176 column 17 function <usize as kani::rustc_intrinsics::ToISize>::to_isize thread 0
aborting path on assume(false) at file /home/runner/work/kani/kani/library/kani/src/lib.rs line 57 column 1 function <usize as kani::rustc_intrinsics::ToISize>::to_isize thread 0
aborting path on assume(false) at file /home/runner/work/kani/kani/library/kani/src/lib.rs line 57 column 1 function <usize as kani::rustc_intrinsics::ToISize>::to_isize thread 0
Unwinding loop _RNvXs3_NtNtCsci0VKyKEi6N_4core4hash3sipINtB5_6HasherNtB5_11Sip13RoundsENtB7_6Hasher5writeCs27UYLqoUkb6_4redb.0 iteration 1 file /home/runner/.rustup/toolchains/nightly-2025-11-21-x86_64-unknown-linux-gnu/lib/rustlib/src/rust/library/core/src/hash/sip.rs line 281 column 9 function <core::hash::sip::Hasher<core::hash::sip::Sip13Rounds> as std::hash::Hasher>::write thread 0
aborting path on assume(false) at file /home/runner/work/kani/kani/library/kani_core/src/models.rs line 176 column 17 function <usize as kani::rustc_intrinsics::ToISize>::to_isize thread 0
aborting path on assume(false) at file /home/runner/work/kani/kani/library/kani/src/lib.rs line 57 column 1 function <usize as kani::rustc_intrinsics::ToISize>::to_isize thread 0
aborting path on assume(false) at file /home/runner/work/kani/kani/library/kani/src/lib.rs line 57 column 1 function <usize as kani::rustc_intrinsics::ToISize>::to_isize thread 0
Unwinding loop _RNvXs3_NtNtCsci0VKyKEi6N_4core4hash3sipINtB5_6HasherNtB5_11Sip13RoundsENtB7_6Hasher5writeCs27UYLqoUkb6_4redb.0 iteration 2 file /home/runner/.rustup/toolchains/nightly-2025-11-21-x86_64-unknown-linux-gnu/lib/rustlib/src/rust/library/core/src/hash/sip.rs line 281 column 9 function <core::hash::sip::Hasher<core::hash::sip::Sip13Rounds> as std::hash::Hasher>::write thread 0
aborting path on assume(false) at file /home/runner/work/kani/kani/library/kani_core/src/models.rs line 176 column 17 function <usize as kani::rustc_intrinsics::ToISize>::to_isize thread 0
aborting path on assume(false) at file /home/runner/work/kani/kani/library/kani/src/lib.rs line 57 column 1 function <usize as kani::rustc_intrinsics::ToISize>::to_isize thread 0
aborting path on assume(false) at file /home/runner/work/kani/kani/library/kani/src/lib.rs line 57 column 1 function <usize as kani::rustc_intrinsics::ToISize>::to_isize thread 0
Unwinding loop _RNvXs3_NtNtCsci0VKyKEi6N_4core4hash3sipINtB5_6HasherNtB5_11Sip13RoundsENtB7_6Hasher5writeCs27UYLqoUkb6_4redb.0 iteration 3 file /home/runner/.rustup/toolchains/nightly-2025-11-21-x86_64-unknown-linux-gnu/lib/rustlib/src/rust/library/core/src/hash/sip.rs line 281 column 9 function <core::hash::sip::Hasher<core::hash::sip::Sip13Rounds> as std::hash::Hasher>::write thread 0
aborting path on assume(false) at file /home/runner/work/kani/kani/library/kani_core/src/models.rs line 176 column 17 function <usize as kani::rustc_intrinsics::ToISize>::to_isize thread 0
aborting path on assume(false) at file /home/runner/work/kani/kani/library/kani/src/lib.rs line 57 column 1 function <usize as kani::rustc_intrinsics::ToISize>::to_isize thread 0
aborting path on assume(false) at file /home/runner/work/kani/kani/library/kani/src/lib.rs line 57 column 1 function <usize as kani::rustc_intrinsics::ToISize>::to_isize thread 0
Unwinding loop _RNvXs3_NtNtCsci0VKyKEi6N_4core4hash3sipINtB5_6HasherNtB5_11Sip13RoundsENtB7_6Hasher5writeCs27UYLqoUkb6_4redb.0 iteration 4 file /home/runner/.rustup/toolchains/nightly-2025-11-21-x86_64-unknown-linux-gnu/lib/rustlib/src/rust/library/core/src/hash/sip.rs line 281 column 9 function <core::hash::sip::Hasher<core::hash::sip::Sip13Rounds> as std::hash::Hasher>::write thread 0
aborting path on assume(false) at file /home/runner/work/kani/kani/library/kani_core/src/models.rs line 176 column 17 function <usize as kani::rustc_intrinsics::ToISize>::to_isize thread 0
aborting path on assume(false) at file /home/runner/work/kani/kani/library/kani/src/lib.rs line 57 column 1 function <usize as kani::rustc_intrinsics::ToISize>::to_isize thread 0
aborting path on assume(false) at file /home/runner/work/kani/kani/library/kani/src/lib.rs line 57 column 1 function <usize as kani::rustc_intrinsics::ToISize>::to_isize thread 0
Unwinding loop _RNvXs3_NtNtCsci0VKyKEi6N_4core4hash3sipINtB5_6HasherNtB5_11Sip13RoundsENtB7_6Hasher5writeCs27UYLqoUkb6_4redb.0 iteration 5 file /home/runner/.rustup/toolchains/nightly-2025-11-21-x86_64-unknown-linux-gnu/lib/rustlib/src/rust/library/core/src/hash/sip.rs line 281 column 9 function <core::hash::sip::Hasher<core::hash::sip::Sip13Rounds> as std::hash::Hasher>::write thread 0
aborting path on assume(false) at file /home/runner/work/kani/kani/library/kani_core/src/models.rs line 176 column 17 function <usize as kani::rustc_intrinsics::ToISize>::to_isize thread 0
aborting path on assume(false) at file /home/runner/work/kani/kani/library/kani/src/lib.rs line 57 column 1 function <usize as kani::rustc_intrinsics::ToISize>::to_isize thread 0
aborting path on assume(false) at file /home/runner/work/kani/kani/library/kani/src/lib.rs line 57 column 1 function <usize as kani::rustc_intrinsics::ToISize>::to_isize thread 0
Unwinding loop _RNvXs3_NtNtCsci0VKyKEi6N_4core4hash3sipINtB5_6HasherNtB5_11Sip13RoundsENtB7_6Hasher5writeCs27UYLqoUkb6_4redb.0 iteration 6 file /home/runner/.rustup/toolchains/nightly-2025-11-21-x86_64-unknown-linux-gnu/lib/rustlib/src/rust/library/core/src/hash/sip.rs line 281 column 9 function <core::hash::sip::Hasher<core::hash::sip::Sip13Rounds> as std::hash::Hasher>::write thread 0
aborting path on assume(false) at file /home/runner/work/kani/kani/library/kani_core/src/models.rs line 176 column 17 function <usize as kani::rustc_intrinsics::ToISize>::to_isize thread 0
aborting path on assume(false) at file /home/runner/work/kani/kani/library/kani/src/lib.rs line 57 column 1 function <usize as kani::rustc_intrinsics::ToISize>::to_isize thread 0
aborting path on assume(false) at file /home/runner/work/kani/kani/library/kani/src/lib.rs line 57 column 1 function <usize as kani::rustc_intrinsics::ToISize>::to_isize thread 0
Unwinding loop _RNvXs3_NtNtCsci0VKyKEi6N_4core4hash3sipINtB5_6HasherNtB5_11Sip13RoundsENtB7_6Hasher5writeCs27UYLqoUkb6_4redb.0 iteration 7 file /home/runner/.rustup/toolchains/nightly-2025-11-21-x86_64-unknown-linux-gnu/lib/rustlib/src/rust/library/core/src/hash/sip.rs line 281 column 9 function <core::hash::sip::Hasher<core::hash::sip::Sip13Rounds> as std::hash::Hasher>::write thread 0
aborting path on assume(false) at file /home/runner/work/kani/kani/library/kani_core/src/models.rs line 176 column 17 function <usize as kani::rustc_intrinsics::ToISize>::to_isize thread 0
aborting path on assume(false) at file /home/runner/work/kani/kani/library/kani/src/lib.rs line 57 column 1 function <usize as kani::rustc_intrinsics::ToISize>::to_isize thread 0
aborting path on assume(false) at file /home/runner/work/kani/kani/library/kani/src/lib.rs line 57 column 1 function <usize as kani::rustc_intrinsics::ToISize>::to_isize thread 0
Unwinding loop _RNvXs3_NtNtCsci0VKyKEi6N_4core4hash3sipINtB5_6HasherNtB5_11Sip13RoundsENtB7_6Hasher5writeCs27UYLqoUkb6_4redb.0 iteration 8 file /home/runner/.rustup/toolchains/nightly-2025-11-21-x86_64-unknown-linux-gnu/lib/rustlib/src/rust/library/core/src/hash/sip.rs line 281 column 9 function <core::hash::sip::Hasher<core::hash::sip::Sip13Rounds> as std::hash::Hasher>::write thread 0
aborting path on assume(false) at file /home/runner/work/kani/kani/library/kani_core/src/models.rs line 176 column 17 function <usize as kani::rustc_intrinsics::ToISize>::to_isize thread 0
aborting path on assume(false) at file /home/runner/work/kani/kani/library/kani/src/lib.rs line 57 column 1 function <usize as kani::rustc_intrinsics::ToISize>::to_isize thread 0
aborting path on assume(false) at file /home/runner/work/kani/kani/library/kani/src/lib.rs line 57 column 1 function <usize as kani::rustc_intrinsics::ToISize>::to_isize thread 0
Unwinding loop _RNvXs3_NtNtCsci0VKyKEi6N_4core4hash3sipINtB5_6HasherNtB5_11Sip13RoundsENtB7_6Hasher5writeCs27UYLqoUkb6_4redb.0 iteration 9 file /home/runner/.rustup/toolchains/nightly-2025-11-21-x86_64-unknown-linux-gnu/lib/rustlib/src/rust/library/core/src/hash/sip.rs line 281 column 9 function <core::hash::sip::Hasher<core::hash::sip::Sip13Rounds> as std::hash::Hasher>::write thread 0
aborting path on assume(false) at file /home/runner/work/kani/kani/library/kani_core/src/models.rs line 176 column 17 function <usize as kani::rustc_intrinsics::ToISize>::to_isize thread 0
aborting path on assume(false) at file /home/runner/work/kani/kani/library/kani/src/lib.rs line 57 column 1 function <usize as kani::rustc_intrinsics::ToISize>::to_isize thread 0
aborting path on assume(false) at file /home/runner/work/kani/kani/library/kani/src/lib.rs line 57 column 1 function <usize as kani::rustc_intrinsics::ToISize>::to_isize thread 0
Unwinding loop _RNvXs3_NtNtCsci0VKyKEi6N_4core4hash3sipINtB5_6HasherNtB5_11Sip13RoundsENtB7_6Hasher5writeCs27UYLqoUkb6_4redb.0 iteration 10 file /home/runner/.rustup/toolchains/nightly-2025-11-21-x86_64-unknown-linux-gnu/lib/rustlib/src/rust/library/core/src/hash/sip.rs line 281 column 9 function <core::hash::sip::Hasher<core::hash::sip::Sip13Rounds> as std::hash::Hasher>::write thread 0
aborting path on assume(false) at file /home/runner/work/kani/kani/library/kani_core/src/models.rs line 176 column 17 function <usize as kani::rustc_intrinsics::ToISize>::to_isize thread 0
aborting path on assume(false) at file /home/runner/work/kani/kani/library/kani/src/lib.rs line 57 column 1 function <usize as kani::rustc_intrinsics::ToISize>::to_isize thread 0
aborting path on assume(false) at file /home/runner/work/kani/kani/library/kani/src/lib.rs line 57 column 1 function <usize as kani::rustc_intrinsics::ToISize>::to_isize thread 0
Unwinding loop _RNvXs3_NtNtCsci0VKyKEi6N_4core4hash3sipINtB5_6HasherNtB5_11Sip13RoundsENtB7_6Hasher5writeCs27UYLqoUkb6_4redb.0 iteration 11 file /home/runner/.rustup/toolchains/nightly-2025-11-21-x86_64-unknown-linux-gnu/lib/rustlib/src/rust/library/core/src/hash/sip.rs line 281 column 9 function <core::hash::sip::Hasher<core::hash::sip::Sip13Rounds> as std::hash::Hasher>::write thread 0
aborting path on assume(false) at file /home/runner/work/kani/kani/library/kani_core/src/models.rs line 176 column 17 function <usize as kani::rustc_intrinsics::ToISize>::to_isize thread 0
aborting path on assume(false) at file /home/runner/work/kani/kani/library/kani/src/lib.rs line 57 column 1 function <usize as kani::rustc_intrinsics::ToISize>::to_isize thread 0
aborting path on assume(false) at file /home/runner/work/kani/kani/library/kani/src/lib.rs line 57 column 1 function <usize as kani::rustc_intrinsics::ToISize>::to_isize thread 0
Unwinding loop _RNvXs3_NtNtCsci0VKyKEi6N_4core4hash3sipINtB5_6HasherNtB5_11Sip13RoundsENtB7_6Hasher5writeCs27UYLqoUkb6_4redb.0 iteration 12 file /home/runner/.rustup/toolchains/nightly-2025-11-21-x86_64-unknown-linux-gnu/lib/rustlib/src/rust/library/core/src/hash/sip.rs line 281 column 9 function <core::hash::sip::Hasher<core::hash::sip::Sip13Rounds> as std::hash::Hasher>::write thread 0
aborting path on assume(false) at file /home/runner/work/kani/kani/library/kani_core/src/models.rs line 176 column 17 function <usize as kani::rustc_intrinsics::ToISize>::to_isize thread 0
aborting path on assume(false) at file /home/runner/work/kani/kani/library/kani/src/lib.rs line 57 column 1 function <usize as kani::rustc_intrinsics::ToISize>::to_isize thread 0
aborting path on assume(false) at file /home/runner/work/kani/kani/library/kani/src/lib.rs line 57 column 1 function <usize as kani::rustc_intrinsics::ToISize>::to_isize thread 0
Unwinding loop _RNvXs3_NtNtCsci0VKyKEi6N_4core4hash3sipINtB5_6HasherNtB5_11Sip13RoundsENtB7_6Hasher5writeCs27UYLqoUkb6_4redb.0 iteration 13 file /home/runner/.rustup/toolchains/nightly-2025-11-21-x86_64-unknown-linux-gnu/lib/rustlib/src/rust/library/core/src/hash/sip.rs line 281 column 9 function <core::hash::sip::Hasher<core::hash::sip::Sip13Rounds> as std::hash::Hasher>::write thread 0
aborting path on assume(false) at file /home/runner/work/kani/kani/library/kani_core/src/models.rs line 176 column 17 function <usize as kani::rustc_intrinsics::ToISize>::to_isize thread 0
aborting path on assume(false) at file /home/runner/work/kani/kani/library/kani/src/lib.rs line 57 column 1 function <usize as kani::rustc_intrinsics::ToISize>::to_isize thread 0
aborting path on assume(false) at file /home/runner/work/kani/kani/library/kani/src/lib.rs line 57 column 1 function <usize as kani::rustc_intrinsics::ToISize>::to_isize thread 0
Unwinding loop _RNvXs3_NtNtCsci0VKyKEi6N_4core4hash3sipINtB5_6HasherNtB5_11Sip13RoundsENtB7_6Hasher5writeCs27UYLqoUkb6_4redb.0 iteration 14 file /home/runner/.rustup/toolchains/nightly-2025-11-21-x86_64-unknown-linux-gnu/lib/rustlib/src/rust/library/core/src/hash/sip.rs line 281 column 9 function <core::hash::sip::Hasher<core::hash::sip::Sip13Rounds> as std::hash::Hasher>::write thread 0
aborting path on assume(false) at file /home/runner/work/kani/kani/library/kani_core/src/models.rs line 176 column 17 function <usize as kani::rustc_intrinsics::ToISize>::to_isize thread 0
aborting path on assume(false) at file /home/runner/work/kani/kani/library/kani/src/lib.rs line 57 column 1 function <usize as kani::rustc_intrinsics::ToISize>::to_isize thread 0
aborting path on assume(false) at file /home/runner/work/kani/kani/library/kani/src/lib.rs line 57 column 1 function <usize as kani::rustc_intrinsics::ToISize>::to_isize thread 0
Unwinding loop _RNvXs3_NtNtCsci0VKyKEi6N_4core4hash3sipINtB5_6HasherNtB5_11Sip13RoundsENtB7_6Hasher5writeCs27UYLqoUkb6_4redb.0 iteration 15 file /home/runner/.rustup/toolchains/nightly-2025-11-21-x86_64-unknown-linux-gnu/lib/rustlib/src/rust/library/core/src/hash/sip.rs line 281 column 9 function <core::hash::sip::Hasher<core::hash::sip::Sip13Rounds> as std::hash::Hasher>::write thread 0
aborting path on assume(false) at file /home/runner/work/kani/kani/library/kani_core/src/models.rs line 176 column 17 function <usize as kani::rustc_intrinsics::ToISize>::to_isize thread 0
aborting path on assume(false) at file /home/runner/work/kani/kani/library/kani/src/lib.rs line 57 column 1 function <usize as kani::rustc_intrinsics::ToISize>::to_isize thread 0
aborting path on assume(false) at file /home/runner/work/kani/kani/library/kani/src/lib.rs line 57 column 1 function <usize as kani::rustc_intrinsics::ToISize>::to_isize thread 0
Not unwinding loop _RNvXs3_NtNtCsci0VKyKEi6N_4core4hash3sipINtB5_6HasherNtB5_11Sip13RoundsENtB7_6Hasher5writeCs27UYLqoUkb6_4redb.0 iteration 16 file /home/runner/.rustup/toolchains/nightly-2025-11-21-x86_64-unknown-linux-gnu/lib/rustlib/src/rust/library/core/src/hash/sip.rs line 281 column 9 function <core::hash::sip::Hasher<core::hash::sip::Sip13Rounds> as std::hash::Hasher>::write thread 0
aborting path on assume(false) at file /home/runner/work/kani/kani/library/kani_core/src/models.rs line 176 column 17 function <usize as kani::rustc_intrinsics::ToISize>::to_isize thread 0
aborting path on assume(false) at file /home/runner/work/kani/kani/library/kani/src/lib.rs line 57 column 1 function <usize as kani::rustc_intrinsics::ToISize>::to_isize thread 0
aborting path on assume(false) at file /home/runner/work/kani/kani/library/kani/src/lib.rs line 57 column 1 function <usize as kani::rustc_intrinsics::ToISize>::to_isize thread 0
aborting path on assume(false) at file /home/runner/work/kani/kani/library/kani_core/src/models.rs line 176 column 17 function <usize as kani::rustc_intrinsics::ToISize>::to_isize thread 0
aborting path on assume(false) at file /home/runner/work/kani/kani/library/kani/src/lib.rs line 57 column 1 function <usize as kani::rustc_intrinsics::ToISize>::to_isize thread 0
aborting path on assume(false) at file /home/runner/work/kani/kani/library/kani/src/lib.rs line 57 column 1 function <usize as kani::rustc_intrinsics::ToISize>::to_isize thread 0
aborting path on assume(false) at file /home/runner/.rustup/toolchains/nightly-2025-11-21-x86_64-unknown-linux-gnu/lib/rustlib/src/rust/library/core/src/slice/index.rs line 40 column 9 function core::slice::index::slice_index_fail::do_panic::runtime thread 0
aborting path on assume(false) at file /home/runner/.rustup/toolchains/nightly-2025-11-21-x86_64-unknown-linux-gnu/lib/rustlib/src/rust/library/core/src/intrinsics/mod.rs line 2449 column 9 function core::slice::index::slice_index_fail::do_panic thread 0
aborting path on assume(false) at file /home/runner/.rustup/toolchains/nightly-2025-11-21-x86_64-unknown-linux-gnu/lib/rustlib/src/rust/library/core/src/panic.rs line 178 column 9 function core::slice::index::slice_index_fail thread 0
aborting path on assume(false) at file /home/runner/.rustup/toolchains/nightly-2025-11-21-x86_64-unknown-linux-gnu/lib/rustlib/src/rust/library/core/src/slice/index.rs line 49 column 9 function core::slice::index::slice_index_fail::do_panic::runtime thread 0
aborting path on assume(false) at file /home/runner/.rustup/toolchains/nightly-2025-11-21-x86_64-unknown-linux-gnu/lib/rustlib/src/rust/library/core/src/intrinsics/mod.rs line 2449 column 9 function core::slice::index::slice_index_fail::do_panic thread 0
aborting path on assume(false) at file /home/runner/.rustup/toolchains/nightly-2025-11-21-x86_64-unknown-linux-gnu/lib/rustlib/src/rust/library/core/src/panic.rs line 178 column 9 function core::slice::index::slice_index_fail thread 0
aborting path on assume(false) at file /home/runner/.rustup/toolchains/nightly-2025-11-21-x86_64-unknown-linux-gnu/lib/rustlib/src/rust/library/core/src/slice/index.rs line 58 column 9 function core::slice::index::slice_index_fail::do_panic::runtime thread 0
aborting path on assume(false) at file /home/runner/.rustup/toolchains/nightly-2025-11-21-x86_64-unknown-linux-gnu/lib/rustlib/src/rust/library/core/src/intrinsics/mod.rs line 2449 column 9 function core::slice::index::slice_index_fail::do_panic thread 0
aborting path on assume(false) at file /home/runner/.rustup/toolchains/nightly-2025-11-21-x86_64-unknown-linux-gnu/lib/rustlib/src/rust/library/core/src/panic.rs line 178 column 9 function core::slice::index::slice_index_fail thread 0
aborting path on assume(false) at file /home/runner/.rustup/toolchains/nightly-2025-11-21-x86_64-unknown-linux-gnu/lib/rustlib/src/rust/library/core/src/slice/index.rs line 68 column 5 function core::slice::index::slice_index_fail::do_panic::runtime thread 0
aborting path on assume(false) at file /home/runner/.rustup/toolchains/nightly-2025-11-21-x86_64-unknown-linux-gnu/lib/rustlib/src/rust/library/core/src/intrinsics/mod.rs line 2449 column 9 function core::slice::index::slice_index_fail::do_panic thread 0
aborting path on assume(false) at file /home/runner/.rustup/toolchains/nightly-2025-11-21-x86_64-unknown-linux-gnu/lib/rustlib/src/rust/library/core/src/panic.rs line 178 column 9 function core::slice::index::slice_index_fail thread 0
aborting path on assume(false) at file /home/runner/.rustup/toolchains/nightly-2025-11-21-x86_64-unknown-linux-gnu/lib/rustlib/src/rust/library/core/src/slice/index.rs line 581 column 13 function <std::ops::RangeFrom<usize> as std::slice::SliceIndex<[u8]>>::index_mut thread 0
aborting path on assume(false) at file /home/runner/work/kani/kani/library/kani_core/src/models.rs line 176 column 17 function <usize as kani::rustc_intrinsics::ToISize>::to_isize thread 0
aborting path on assume(false) at file /home/runner/work/kani/kani/library/kani/src/lib.rs line 57 column 1 function <usize as kani::rustc_intrinsics::ToISize>::to_isize thread 0
aborting path on assume(false) at file /home/runner/work/kani/kani/library/kani/src/lib.rs line 57 column 1 function <usize as kani::rustc_intrinsics::ToISize>::to_isize thread 0
aborting path on assume(false) at file /home/runner/work/kani/kani/library/kani/src/lib.rs line 57 column 1 function kani::mem::cbmc::same_allocation thread 0
aborting path on assume(false) at file /home/runner/.rustup/toolchains/nightly-2025-11-21-x86_64-unknown-linux-gnu/lib/rustlib/src/rust/library/std/src/sys/random/linux.rs line 126 column 26 function std::sys::random::linux::getrandom thread 0
Unwinding loop _RNvNtNtNtCsh1i4bqfV5wd_3std3sys6random5linux9getrandom.0 iteration 3 file src/lib.rs line 0 column 0 function std::sys::random::linux::getrandom thread 0
aborting path on assume(false) at file /home/runner/.rustup/toolchains/nightly-2025-11-21-x86_64-unknown-linux-gnu/lib/rustlib/src/rust/library/std/src/sys/pal/unix/weak/syscall.rs line 7 column 9 function std::sys::random::linux::getrandom::getrandom thread 0
aborting path on assume(false) at file /home/runner/.cargo/registry/src/index.crates.io-1949cf8c6b5b557f/libc-0.2.177/src/unix/linux_like/linux/mod.rs line 6372 column 5 function std::sys::random::linux::getrandom::getrandom thread 0
aborting path on assume(false) at  thread 0
aborting path on assume(false) at file /home/runner/work/kani/kani/library/kani/src/lib.rs line 57 column 1 function kani::mem::cbmc::same_allocation thread 0
aborting path on assume(false) at file /home/runner/work/kani/kani/library/kani/src/lib.rs line 57 column 1 function kani::mem::cbmc::same_allocation thread 0
Unwinding loop _RNvXs3_NtNtCsci0VKyKEi6N_4core4hash3sipINtB5_6HasherNtB5_11Sip13RoundsENtB7_6Hasher5writeCs27UYLqoUkb6_4redb.0 iteration 1 file /home/runner/.rustup/toolchains/nightly-2025-11-21-x86_64-unknown-linux-gnu/lib/rustlib/src/rust/library/core/src/hash/sip.rs line 281 column 9 function <core::hash::sip::Hasher<core::hash::sip::Sip13Rounds> as std::hash::Hasher>::write thread 0
aborting path on assume(false) at file /home/runner/work/kani/kani/library/kani/src/lib.rs line 57 column 1 function kani::mem::cbmc::same_allocation thread 0
Unwinding loop _RNvXs3_NtNtCsci0VKyKEi6N_4core4hash3sipINtB5_6HasherNtB5_11Sip13RoundsENtB7_6Hasher5writeCs27UYLqoUkb6_4redb.0 iteration 2 file /home/runner/.rustup/toolchains/nightly-2025-11-21-x86_64-unknown-linux-gnu/lib/rustlib/src/rust/library/core/src/hash/sip.rs line 281 column 9 function <core::hash::sip::Hasher<core::hash::sip::Sip13Rounds> as std::hash::Hasher>::write thread 0
aborting path on assume(false) at file /home/runner/work/kani/kani/library/kani/src/lib.rs line 57 column 1 function kani::mem::cbmc::same_allocation thread 0
Unwinding loop _RNvXs3_NtNtCsci0VKyKEi6N_4core4hash3sipINtB5_6HasherNtB5_11Sip13RoundsENtB7_6Hasher5writeCs27UYLqoUkb6_4redb.0 iteration 3 file /home/runner/.rustup/toolchains/nightly-2025-11-21-x86_64-unknown-linux-gnu/lib/rustlib/src/rust/library/core/src/hash/sip.rs line 281 column 9 function <core::hash::sip::Hasher<core::hash::sip::Sip13Rounds> as std::hash::Hasher>::write thread 0
aborting path on assume(false) at file /home/runner/work/kani/kani/library/kani/src/lib.rs line 57 column 1 function kani::mem::cbmc::same_allocation thread 0
Unwinding loop _RNvXs3_NtNtCsci0VKyKEi6N_4core4hash3sipINtB5_6HasherNtB5_11Sip13RoundsENtB7_6Hasher5writeCs27UYLqoUkb6_4redb.0 iteration 4 file /home/runner/.rustup/toolchains/nightly-2025-11-21-x86_64-unknown-linux-gnu/lib/rustlib/src/rust/library/core/src/hash/sip.rs line 281 column 9 function <core::hash::sip::Hasher<core::hash::sip::Sip13Rounds> as std::hash::Hasher>::write thread 0
aborting path on assume(false) at file /home/runner/work/kani/kani/library/kani/src/lib.rs line 57 column 1 function kani::mem::cbmc::same_allocation thread 0
Unwinding loop _RNvXs3_NtNtCsci0VKyKEi6N_4core4hash3sipINtB5_6HasherNtB5_11Sip13RoundsENtB7_6Hasher5writeCs27UYLqoUkb6_4redb.0 iteration 5 file /home/runner/.rustup/toolchains/nightly-2025-11-21-x86_64-unknown-linux-gnu/lib/rustlib/src/rust/library/core/src/hash/sip.rs line 281 column 9 function <core::hash::sip::Hasher<core::hash::sip::Sip13Rounds> as std::hash::Hasher>::write thread 0
aborting path on assume(false) at file /home/runner/work/kani/kani/library/kani/src/lib.rs line 57 column 1 function kani::mem::cbmc::same_allocation thread 0
Unwinding loop _RNvXs3_NtNtCsci0VKyKEi6N_4core4hash3sipINtB5_6HasherNtB5_11Sip13RoundsENtB7_6Hasher5writeCs27UYLqoUkb6_4redb.0 iteration 6 file /home/runner/.rustup/toolchains/nightly-2025-11-21-x86_64-unknown-linux-gnu/lib/rustlib/src/rust/library/core/src/hash/sip.rs line 281 column 9 function <core::hash::sip::Hasher<core::hash::sip::Sip13Rounds> as std::hash::Hasher>::write thread 0
aborting path on assume(false) at file /home/runner/work/kani/kani/library/kani/src/lib.rs line 57 column 1 function kani::mem::cbmc::same_allocation thread 0
Unwinding loop _RNvXs3_NtNtCsci0VKyKEi6N_4core4hash3sipINtB5_6HasherNtB5_11Sip13RoundsENtB7_6Hasher5writeCs27UYLqoUkb6_4redb.0 iteration 7 file /home/runner/.rustup/toolchains/nightly-2025-11-21-x86_64-unknown-linux-gnu/lib/rustlib/src/rust/library/core/src/hash/sip.rs line 281 column 9 function <core::hash::sip::Hasher<core::hash::sip::Sip13Rounds> as std::hash::Hasher>::write thread 0
aborting path on assume(false) at file /home/runner/work/kani/kani/library/kani/src/lib.rs line 57 column 1 function kani::mem::cbmc::same_allocation thread 0
Unwinding loop _RNvXs3_NtNtCsci0VKyKEi6N_4core4hash3sipINtB5_6HasherNtB5_11Sip13RoundsENtB7_6Hasher5writeCs27UYLqoUkb6_4redb.0 iteration 8 file /home/runner/.rustup/toolchains/nightly-2025-11-21-x86_64-unknown-linux-gnu/lib/rustlib/src/rust/library/core/src/hash/sip.rs line 281 column 9 function <core::hash::sip::Hasher<core::hash::sip::Sip13Rounds> as std::hash::Hasher>::write thread 0
aborting path on assume(false) at file /home/runner/work/kani/kani/library/kani/src/lib.rs line 57 column 1 function kani::mem::cbmc::same_allocation thread 0
Unwinding loop _RNvXs3_NtNtCsci0VKyKEi6N_4core4hash3sipINtB5_6HasherNtB5_11Sip13RoundsENtB7_6Hasher5writeCs27UYLqoUkb6_4redb.0 iteration 9 file /home/runner/.rustup/toolchains/nightly-2025-11-21-x86_64-unknown-linux-gnu/lib/rustlib/src/rust/library/core/src/hash/sip.rs line 281 column 9 function <core::hash::sip::Hasher<core::hash::sip::Sip13Rounds> as std::hash::Hasher>::write thread 0
aborting path on assume(false) at file /home/runner/work/kani/kani/library/kani/src/lib.rs line 57 column 1 function kani::mem::cbmc::same_allocation thread 0
Unwinding loop _RNvXs3_NtNtCsci0VKyKEi6N_4core4hash3sipINtB5_6HasherNtB5_11Sip13RoundsENtB7_6Hasher5writeCs27UYLqoUkb6_4redb.0 iteration 10 file /home/runner/.rustup/toolchains/nightly-2025-11-21-x86_64-unknown-linux-gnu/lib/rustlib/src/rust/library/core/src/hash/sip.rs line 281 column 9 function <core::hash::sip::Hasher<core::hash::sip::Sip13Rounds> as std::hash::Hasher>::write thread 0
aborting path on assume(false) at file /home/runner/work/kani/kani/library/kani/src/lib.rs line 57 column 1 function kani::mem::cbmc::same_allocation thread 0
Unwinding loop _RNvXs3_NtNtCsci0VKyKEi6N_4core4hash3sipINtB5_6HasherNtB5_11Sip13RoundsENtB7_6Hasher5writeCs27UYLqoUkb6_4redb.0 iteration 11 file /home/runner/.rustup/toolchains/nightly-2025-11-21-x86_64-unknown-linux-gnu/lib/rustlib/src/rust/library/core/src/hash/sip.rs line 281 column 9 function <core::hash::sip::Hasher<core::hash::sip::Sip13Rounds> as std::hash::Hasher>::write thread 0
aborting path on assume(false) at file /home/runner/work/kani/kani/library/kani/src/lib.rs line 57 column 1 function kani::mem::cbmc::same_allocation thread 0
Unwinding loop _RNvXs3_NtNtCsci0VKyKEi6N_4core4hash3sipINtB5_6HasherNtB5_11Sip13RoundsENtB7_6Hasher5writeCs27UYLqoUkb6_4redb.0 iteration 12 file /home/runner/.rustup/toolchains/nightly-2025-11-21-x86_64-unknown-linux-gnu/lib/rustlib/src/rust/library/core/src/hash/sip.rs line 281 column 9 function <core::hash::sip::Hasher<core::hash::sip::Sip13Rounds> as std::hash::Hasher>::write thread 0
aborting path on assume(false) at file /home/runner/work/kani/kani/library/kani/src/lib.rs line 57 column 1 function kani::mem::cbmc::same_allocation thread 0
Unwinding loop _RNvXs3_NtNtCsci0VKyKEi6N_4core4hash3sipINtB5_6HasherNtB5_11Sip13RoundsENtB7_6Hasher5writeCs27UYLqoUkb6_4redb.0 iteration 13 file /home/runner/.rustup/toolchains/nightly-2025-11-21-x86_64-unknown-linux-gnu/lib/rustlib/src/rust/library/core/src/hash/sip.rs line 281 column 9 function <core::hash::sip::Hasher<core::hash::sip::Sip13Rounds> as std::hash::Hasher>::write thread 0
aborting path on assume(false) at file /home/runner/work/kani/kani/library/kani/src/lib.rs line 57 column 1 function kani::mem::cbmc::same_allocation thread 0
Unwinding loop _RNvXs3_NtNtCsci0VKyKEi6N_4core4hash3sipINtB5_6HasherNtB5_11Sip13RoundsENtB7_6Hasher5writeCs27UYLqoUkb6_4redb.0 iteration 14 file /home/runner/.rustup/toolchains/nightly-2025-11-21-x86_64-unknown-linux-gnu/lib/rustlib/src/rust/library/core/src/hash/sip.rs line 281 column 9 function <core::hash::sip::Hasher<core::hash::sip::Sip13Rounds> as std::hash::Hasher>::write thread 0
aborting path on assume(false) at file /home/runner/work/kani/kani/library/kani/src/lib.rs line 57 column 1 function kani::mem::cbmc::same_allocation thread 0
Unwinding loop _RNvXs3_NtNtCsci0VKyKEi6N_4core4hash3sipINtB5_6HasherNtB5_11Sip13RoundsENtB7_6Hasher5writeCs27UYLqoUkb6_4redb.0 iteration 15 file /home/runner/.rustup/toolchains/nightly-2025-11-21-x86_64-unknown-linux-gnu/lib/rustlib/src/rust/library/core/src/hash/sip.rs line 281 column 9 function <core::hash::sip::Hasher<core::hash::sip::Sip13Rounds> as std::hash::Hasher>::write thread 0
aborting path on assume(false) at file /home/runner/work/kani/kani/library/kani/src/lib.rs line 57 column 1 function kani::mem::cbmc::same_allocation thread 0
Not unwinding loop _RNvXs3_NtNtCsci0VKyKEi6N_4core4hash3sipINtB5_6HasherNtB5_11Sip13RoundsENtB7_6Hasher5writeCs27UYLqoUkb6_4redb.0 iteration 16 file /home/runner/.rustup/toolchains/nightly-2025-11-21-x86_64-unknown-linux-gnu/lib/rustlib/src/rust/library/core/src/hash/sip.rs line 281 column 9 function <core::hash::sip::Hasher<core::hash::sip::Sip13Rounds> as std::hash::Hasher>::write thread 0
aborting path on assume(false) at file /home/runner/work/kani/kani/library/kani_core/src/models.rs line 176 column 17 function <usize as kani::rustc_intrinsics::ToISize>::to_isize thread 0
aborting path on assume(false) at file /home/runner/work/kani/kani/library/kani/src/lib.rs line 57 column 1 function <usize as kani::rustc_intrinsics::ToISize>::to_isize thread 0
aborting path on assume(false) at file /home/runner/work/kani/kani/library/kani/src/lib.rs line 57 column 1 function <usize as kani::rustc_intrinsics::ToISize>::to_isize thread 0
aborting path on assume(false) at file /home/runner/work/kani/kani/library/kani/src/lib.rs line 57 column 1 function kani::mem::cbmc::same_allocation thread 0
aborting path on assume(false) at file /home/runner/work/kani/kani/library/kani_core/src/models.rs line 176 column 17 function <usize as kani::rustc_intrinsics::ToISize>::to_isize thread 0
aborting path on assume(false) at file /home/runner/work/kani/kani/library/kani/src/lib.rs line 57 column 1 function <usize as kani::rustc_intrinsics::ToISize>::to_isize thread 0
aborting path on assume(false) at file /home/runner/work/kani/kani/library/kani/src/lib.rs line 57 column 1 function <usize as kani::rustc_intrinsics::ToISize>::to_isize thread 0
aborting path on assume(false) at file /home/runner/work/kani/kani/library/kani/src/lib.rs line 57 column 1 function kani::mem::cbmc::same_allocation thread 0
aborting path on assume(false) at file /home/runner/work/kani/kani/library/kani_core/src/models.rs line 176 column 17 function <usize as kani::rustc_intrinsics::ToISize>::to_isize thread 0
aborting path on assume(false) at file /home/runner/work/kani/kani/library/kani/src/lib.rs line 57 column 1 function <usize as kani::rustc_intrinsics::ToISize>::to_isize thread 0
aborting path on assume(false) at file /home/runner/work/kani/kani/library/kani/src/lib.rs line 57 column 1 function <usize as kani::rustc_intrinsics::ToISize>::to_isize thread 0
aborting path on assume(false) at file /home/runner/work/kani/kani/library/kani_core/src/models.rs line 176 column 17 function <usize as kani::rustc_intrinsics::ToISize>::to_isize thread 0
aborting path on assume(false) at file /home/runner/work/kani/kani/library/kani/src/lib.rs line 57 column 1 function <usize as kani::rustc_intrinsics::ToISize>::to_isize thread 0
aborting path on assume(false) at file /home/runner/work/kani/kani/library/kani/src/lib.rs line 57 column 1 function <usize as kani::rustc_intrinsics::ToISize>::to_isize thread 0
Unwinding loop _RNvXs3_NtNtCsci0VKyKEi6N_4core4hash3sipINtB5_6HasherNtB5_11Sip13RoundsENtB7_6Hasher5writeCs27UYLqoUkb6_4redb.0 iteration 1 file /home/runner/.rustup/toolchains/nightly-2025-11-21-x86_64-unknown-linux-gnu/lib/rustlib/src/rust/library/core/src/hash/sip.rs line 281 column 9 function <core::hash::sip::Hasher<core::hash::sip::Sip13Rounds> as std::hash::Hasher>::write thread 0
aborting path on assume(false) at file /home/runner/work/kani/kani/library/kani_core/src/models.rs line 176 column 17 function <usize as kani::rustc_intrinsics::ToISize>::to_isize thread 0
aborting path on assume(false) at file /home/runner/work/kani/kani/library/kani/src/lib.rs line 57 column 1 function <usize as kani::rustc_intrinsics::ToISize>::to_isize thread 0
aborting path on assume(false) at file /home/runner/work/kani/kani/library/kani/src/lib.rs line 57 column 1 function <usize as kani::rustc_intrinsics::ToISize>::to_isize thread 0
Unwinding loop _RNvXs3_NtNtCsci0VKyKEi6N_4core4hash3sipINtB5_6HasherNtB5_11Sip13RoundsENtB7_6Hasher5writeCs27UYLqoUkb6_4redb.0 iteration 2 file /home/runner/.rustup/toolchains/nightly-2025-11-21-x86_64-unknown-linux-gnu/lib/rustlib/src/rust/library/core/src/hash/sip.rs line 281 column 9 function <core::hash::sip::Hasher<core::hash::sip::Sip13Rounds> as std::hash::Hasher>::write thread 0
aborting path on assume(false) at file /home/runner/work/kani/kani/library/kani_core/src/models.rs line 176 column 17 function <usize as kani::rustc_intrinsics::ToISize>::to_isize thread 0
aborting path on assume(false) at file /home/runner/work/kani/kani/library/kani/src/lib.rs line 57 column 1 function <usize as kani::rustc_intrinsics::ToISize>::to_isize thread 0
aborting path on assume(false) at file /home/runner/work/kani/kani/library/kani/src/lib.rs line 57 column 1 function <usize as kani::rustc_intrinsics::ToISize>::to_isize thread 0
Unwinding loop _RNvXs3_NtNtCsci0VKyKEi6N_4core4hash3sipINtB5_6HasherNtB5_11Sip13RoundsENtB7_6Hasher5writeCs27UYLqoUkb6_4redb.0 iteration 3 file /home/runner/.rustup/toolchains/nightly-2025-11-21-x86_64-unknown-linux-gnu/lib/rustlib/src/rust/library/core/src/hash/sip.rs line 281 column 9 function <core::hash::sip::Hasher<core::hash::sip::Sip13Rounds> as std::hash::Hasher>::write thread 0
aborting path on assume(false) at file /home/runner/work/kani/kani/library/kani_core/src/models.rs line 176 column 17 function <usize as kani::rustc_intrinsics::ToISize>::to_isize thread 0
aborting path on assume(false) at file /home/runner/work/kani/kani/library/kani/src/lib.rs line 57 column 1 function <usize as kani::rustc_intrinsics::ToISize>::to_isize thread 0
aborting path on assume(false) at file /home/runner/work/kani/kani/library/kani/src/lib.rs line 57 column 1 function <usize as kani::rustc_intrinsics::ToISize>::to_isize thread 0
Unwinding loop _RNvXs3_NtNtCsci0VKyKEi6N_4core4hash3sipINtB5_6HasherNtB5_11Sip13RoundsENtB7_6Hasher5writeCs27UYLqoUkb6_4redb.0 iteration 4 file /home/runner/.rustup/toolchains/nightly-2025-11-21-x86_64-unknown-linux-gnu/lib/rustlib/src/rust/library/core/src/hash/sip.rs line 281 column 9 function <core::hash::sip::Hasher<core::hash::sip::Sip13Rounds> as std::hash::Hasher>::write thread 0
aborting path on assume(false) at file /home/runner/work/kani/kani/library/kani_core/src/models.rs line 176 column 17 function <usize as kani::rustc_intrinsics::ToISize>::to_isize thread 0
aborting path on assume(false) at file /home/runner/work/kani/kani/library/kani/src/lib.rs line 57 column 1 function <usize as kani::rustc_intrinsics::ToISize>::to_isize thread 0
aborting path on assume(false) at file /home/runner/work/kani/kani/library/kani/src/lib.rs line 57 column 1 function <usize as kani::rustc_intrinsics::ToISize>::to_isize thread 0
Unwinding loop _RNvXs3_NtNtCsci0VKyKEi6N_4core4hash3sipINtB5_6HasherNtB5_11Sip13RoundsENtB7_6Hasher5writeCs27UYLqoUkb6_4redb.0 iteration 5 file /home/runner/.rustup/toolchains/nightly-2025-11-21-x86_64-unknown-linux-gnu/lib/rustlib/src/rust/library/core/src/hash/sip.rs line 281 column 9 function <core::hash::sip::Hasher<core::hash::sip::Sip13Rounds> as std::hash::Hasher>::write thread 0
aborting path on assume(false) at file /home/runner/work/kani/kani/library/kani_core/src/models.rs line 176 column 17 function <usize as kani::rustc_intrinsics::ToISize>::to_isize thread 0
aborting path on assume(false) at file /home/runner/work/kani/kani/library/kani/src/lib.rs line 57 column 1 function <usize as kani::rustc_intrinsics::ToISize>::to_isize thread 0
aborting path on assume(false) at file /home/runner/work/kani/kani/library/kani/src/lib.rs line 57 column 1 function <usize as kani::rustc_intrinsics::ToISize>::to_isize thread 0
Unwinding loop _RNvXs3_NtNtCsci0VKyKEi6N_4core4hash3sipINtB5_6HasherNtB5_11Sip13RoundsENtB7_6Hasher5writeCs27UYLqoUkb6_4redb.0 iteration 6 file /home/runner/.rustup/toolchains/nightly-2025-11-21-x86_64-unknown-linux-gnu/lib/rustlib/src/rust/library/core/src/hash/sip.rs line 281 column 9 function <core::hash::sip::Hasher<core::hash::sip::Sip13Rounds> as std::hash::Hasher>::write thread 0
aborting path on assume(false) at file /home/runner/work/kani/kani/library/kani_core/src/models.rs line 176 column 17 function <usize as kani::rustc_intrinsics::ToISize>::to_isize thread 0
aborting path on assume(false) at file /home/runner/work/kani/kani/library/kani/src/lib.rs line 57 column 1 function <usize as kani::rustc_intrinsics::ToISize>::to_isize thread 0
aborting path on assume(false) at file /home/runner/work/kani/kani/library/kani/src/lib.rs line 57 column 1 function <usize as kani::rustc_intrinsics::ToISize>::to_isize thread 0
Unwinding loop _RNvXs3_NtNtCsci0VKyKEi6N_4core4hash3sipINtB5_6HasherNtB5_11Sip13RoundsENtB7_6Hasher5writeCs27UYLqoUkb6_4redb.0 iteration 7 file /home/runner/.rustup/toolchains/nightly-2025-11-21-x86_64-unknown-linux-gnu/lib/rustlib/src/rust/library/core/src/hash/sip.rs line 281 column 9 function <core::hash::sip::Hasher<core::hash::sip::Sip13Rounds> as std::hash::Hasher>::write thread 0
aborting path on assume(false) at file /home/runner/work/kani/kani/library/kani_core/src/models.rs line 176 column 17 function <usize as kani::rustc_intrinsics::ToISize>::to_isize thread 0
aborting path on assume(false) at file /home/runner/work/kani/kani/library/kani/src/lib.rs line 57 column 1 function <usize as kani::rustc_intrinsics::ToISize>::to_isize thread 0
aborting path on assume(false) at file /home/runner/work/kani/kani/library/kani/src/lib.rs line 57 column 1 function <usize as kani::rustc_intrinsics::ToISize>::to_isize thread 0
Unwinding loop _RNvXs3_NtNtCsci0VKyKEi6N_4core4hash3sipINtB5_6HasherNtB5_11Sip13RoundsENtB7_6Hasher5writeCs27UYLqoUkb6_4redb.0 iteration 8 file /home/runner/.rustup/toolchains/nightly-2025-11-21-x86_64-unknown-linux-gnu/lib/rustlib/src/rust/library/core/src/hash/sip.rs line 281 column 9 function <core::hash::sip::Hasher<core::hash::sip::Sip13Rounds> as std::hash::Hasher>::write thread 0
aborting path on assume(false) at file /home/runner/work/kani/kani/library/kani_core/src/models.rs line 176 column 17 function <usize as kani::rustc_intrinsics::ToISize>::to_isize thread 0
aborting path on assume(false) at file /home/runner/work/kani/kani/library/kani/src/lib.rs line 57 column 1 function <usize as kani::rustc_intrinsics::ToISize>::to_isize thread 0
aborting path on assume(false) at file /home/runner/work/kani/kani/library/kani/src/lib.rs line 57 column 1 function <usize as kani::rustc_intrinsics::ToISize>::to_isize thread 0
Unwinding loop _RNvXs3_NtNtCsci0VKyKEi6N_4core4hash3sipINtB5_6HasherNtB5_11Sip13RoundsENtB7_6Hasher5writeCs27UYLqoUkb6_4redb.0 iteration 9 file /home/runner/.rustup/toolchains/nightly-2025-11-21-x86_64-unknown-linux-gnu/lib/rustlib/src/rust/library/core/src/hash/sip.rs line 281 column 9 function <core::hash::sip::Hasher<core::hash::sip::Sip13Rounds> as std::hash::Hasher>::write thread 0
aborting path on assume(false) at file /home/runner/work/kani/kani/library/kani_core/src/models.rs line 176 column 17 function <usize as kani::rustc_intrinsics::ToISize>::to_isize thread 0
aborting path on assume(false) at file /home/runner/work/kani/kani/library/kani/src/lib.rs line 57 column 1 function <usize as kani::rustc_intrinsics::ToISize>::to_isize thread 0
aborting path on assume(false) at file /home/runner/work/kani/kani/library/kani/src/lib.rs line 57 column 1 function <usize as kani::rustc_intrinsics::ToISize>::to_isize thread 0
Unwinding loop _RNvXs3_NtNtCsci0VKyKEi6N_4core4hash3sipINtB5_6HasherNtB5_11Sip13RoundsENtB7_6Hasher5writeCs27UYLqoUkb6_4redb.0 iteration 10 file /home/runner/.rustup/toolchains/nightly-2025-11-21-x86_64-unknown-linux-gnu/lib/rustlib/src/rust/library/core/src/hash/sip.rs line 281 column 9 function <core::hash::sip::Hasher<core::hash::sip::Sip13Rounds> as std::hash::Hasher>::write thread 0
aborting path on assume(false) at file /home/runner/work/kani/kani/library/kani_core/src/models.rs line 176 column 17 function <usize as kani::rustc_intrinsics::ToISize>::to_isize thread 0
aborting path on assume(false) at file /home/runner/work/kani/kani/library/kani/src/lib.rs line 57 column 1 function <usize as kani::rustc_intrinsics::ToISize>::to_isize thread 0
aborting path on assume(false) at file /home/runner/work/kani/kani/library/kani/src/lib.rs line 57 column 1 function <usize as kani::rustc_intrinsics::ToISize>::to_isize thread 0
Unwinding loop _RNvXs3_NtNtCsci0VKyKEi6N_4core4hash3sipINtB5_6HasherNtB5_11Sip13RoundsENtB7_6Hasher5writeCs27UYLqoUkb6_4redb.0 iteration 11 file /home/runner/.rustup/toolchains/nightly-2025-11-21-x86_64-unknown-linux-gnu/lib/rustlib/src/rust/library/core/src/hash/sip.rs line 281 column 9 function <core::hash::sip::Hasher<core::hash::sip::Sip13Rounds> as std::hash::Hasher>::write thread 0
aborting path on assume(false) at file /home/runner/work/kani/kani/library/kani_core/src/models.rs line 176 column 17 function <usize as kani::rustc_intrinsics::ToISize>::to_isize thread 0
aborting path on assume(false) at file /home/runner/work/kani/kani/library/kani/src/lib.rs line 57 column 1 function <usize as kani::rustc_intrinsics::ToISize>::to_isize thread 0
aborting path on assume(false) at file /home/runner/work/kani/kani/library/kani/src/lib.rs line 57 column 1 function <usize as kani::rustc_intrinsics::ToISize>::to_isize thread 0
Unwinding loop _RNvXs3_NtNtCsci0VKyKEi6N_4core4hash3sipINtB5_6HasherNtB5_11Sip13RoundsENtB7_6Hasher5writeCs27UYLqoUkb6_4redb.0 iteration 12 file /home/runner/.rustup/toolchains/nightly-2025-11-21-x86_64-unknown-linux-gnu/lib/rustlib/src/rust/library/core/src/hash/sip.rs line 281 column 9 function <core::hash::sip::Hasher<core::hash::sip::Sip13Rounds> as std::hash::Hasher>::write thread 0
aborting path on assume(false) at file /home/runner/work/kani/kani/library/kani_core/src/models.rs line 176 column 17 function <usize as kani::rustc_intrinsics::ToISize>::to_isize thread 0
aborting path on assume(false) at file /home/runner/work/kani/kani/library/kani/src/lib.rs line 57 column 1 function <usize as kani::rustc_intrinsics::ToISize>::to_isize thread 0
aborting path on assume(false) at file /home/runner/work/kani/kani/library/kani/src/lib.rs line 57 column 1 function <usize as kani::rustc_intrinsics::ToISize>::to_isize thread 0
Unwinding loop _RNvXs3_NtNtCsci0VKyKEi6N_4core4hash3sipINtB5_6HasherNtB5_11Sip13RoundsENtB7_6Hasher5writeCs27UYLqoUkb6_4redb.0 iteration 13 file /home/runner/.rustup/toolchains/nightly-2025-11-21-x86_64-unknown-linux-gnu/lib/rustlib/src/rust/library/core/src/hash/sip.rs line 281 column 9 function <core::hash::sip::Hasher<core::hash::sip::Sip13Rounds> as std::hash::Hasher>::write thread 0
aborting path on assume(false) at file /home/runner/work/kani/kani/library/kani_core/src/models.rs line 176 column 17 function <usize as kani::rustc_intrinsics::ToISize>::to_isize thread 0
aborting path on assume(false) at file /home/runner/work/kani/kani/library/kani/src/lib.rs line 57 column 1 function <usize as kani::rustc_intrinsics::ToISize>::to_isize thread 0
aborting path on assume(false) at file /home/runner/work/kani/kani/library/kani/src/lib.rs line 57 column 1 function <usize as kani::rustc_intrinsics::ToISize>::to_isize thread 0
Unwinding loop _RNvXs3_NtNtCsci0VKyKEi6N_4core4hash3sipINtB5_6HasherNtB5_11Sip13RoundsENtB7_6Hasher5writeCs27UYLqoUkb6_4redb.0 iteration 14 file /home/runner/.rustup/toolchains/nightly-2025-11-21-x86_64-unknown-linux-gnu/lib/rustlib/src/rust/library/core/src/hash/sip.rs line 281 column 9 function <core::hash::sip::Hasher<core::hash::sip::Sip13Rounds> as std::hash::Hasher>::write thread 0
aborting path on assume(false) at file /home/runner/work/kani/kani/library/kani_core/src/models.rs line 176 column 17 function <usize as kani::rustc_intrinsics::ToISize>::to_isize thread 0
aborting path on assume(false) at file /home/runner/work/kani/kani/library/kani/src/lib.rs line 57 column 1 function <usize as kani::rustc_intrinsics::ToISize>::to_isize thread 0
aborting path on assume(false) at file /home/runner/work/kani/kani/library/kani/src/lib.rs line 57 column 1 function <usize as kani::rustc_intrinsics::ToISize>::to_isize thread 0
Unwinding loop _RNvXs3_NtNtCsci0VKyKEi6N_4core4hash3sipINtB5_6HasherNtB5_11Sip13RoundsENtB7_6Hasher5writeCs27UYLqoUkb6_4redb.0 iteration 15 file /home/runner/.rustup/toolchains/nightly-2025-11-21-x86_64-unknown-linux-gnu/lib/rustlib/src/rust/library/core/src/hash/sip.rs line 281 column 9 function <core::hash::sip::Hasher<core::hash::sip::Sip13Rounds> as std::hash::Hasher>::write thread 0
aborting path on assume(false) at file /home/runner/work/kani/kani/library/kani_core/src/models.rs line 176 column 17 function <usize as kani::rustc_intrinsics::ToISize>::to_isize thread 0
aborting path on assume(false) at file /home/runner/work/kani/kani/library/kani/src/lib.rs line 57 column 1 function <usize as kani::rustc_intrinsics::ToISize>::to_isize thread 0
aborting path on assume(false) at file /home/runner/work/kani/kani/library/kani/src/lib.rs line 57 column 1 function <usize as kani::rustc_intrinsics::ToISize>::to_isize thread 0
Not unwinding loop _RNvXs3_NtNtCsci0VKyKEi6N_4core4hash3sipINtB5_6HasherNtB5_11Sip13RoundsENtB7_6Hasher5writeCs27UYLqoUkb6_4redb.0 iteration 16 file /home/runner/.rustup/toolchains/nightly-2025-11-21-x86_64-unknown-linux-gnu/lib/rustlib/src/rust/library/core/src/hash/sip.rs line 281 column 9 function <core::hash::sip::Hasher<core::hash::sip::Sip13Rounds> as std::hash::Hasher>::write thread 0
aborting path on assume(false) at file /home/runner/work/kani/kani/library/kani_core/src/models.rs line 176 column 17 function <usize as kani::rustc_intrinsics::ToISize>::to_isize thread 0
aborting path on assume(false) at file /home/runner/work/kani/kani/library/kani/src/lib.rs line 57 column 1 function <usize as kani::rustc_intrinsics::ToISize>::to_isize thread 0
aborting path on assume(false) at file /home/runner/work/kani/kani/library/kani/src/lib.rs line 57 column 1 function <usize as kani::rustc_intrinsics::ToISize>::to_isize thread 0
aborting path on assume(false) at file /home/runner/work/kani/kani/library/kani_core/src/models.rs line 176 column 17 function <usize as kani::rustc_intrinsics::ToISize>::to_isize thread 0
aborting path on assume(false) at file /home/runner/work/kani/kani/library/kani/src/lib.rs line 57 column 1 function <usize as kani::rustc_intrinsics::ToISize>::to_isize thread 0
aborting path on assume(false) at file /home/runner/work/kani/kani/library/kani/src/lib.rs line 57 column 1 function <usize as kani::rustc_intrinsics::ToISize>::to_isize thread 0
aborting path on assume(false) at file /home/runner/work/kani/kani/library/kani/src/lib.rs line 57 column 1 function kani::mem::cbmc::same_allocation thread 0
aborting path on assume(false) at file /home/runner/work/kani/kani/library/kani/src/lib.rs line 57 column 1 function kani::mem::cbmc::same_allocation thread 0
Unwinding loop _RNvXs3_NtNtCsci0VKyKEi6N_4core4hash3sipINtB5_6HasherNtB5_11Sip13RoundsENtB7_6Hasher5writeCs27UYLqoUkb6_4redb.0 iteration 1 file /home/runner/.rustup/toolchains/nightly-2025-11-21-x86_64-unknown-linux-gnu/lib/rustlib/src/rust/library/core/src/hash/sip.rs line 281 column 9 function <core::hash::sip::Hasher<core::hash::sip::Sip13Rounds> as std::hash::Hasher>::write thread 0
aborting path on assume(false) at file /home/runner/work/kani/kani/library/kani/src/lib.rs line 57 column 1 function kani::mem::cbmc::same_allocation thread 0
Unwinding loop _RNvXs3_NtNtCsci0VKyKEi6N_4core4hash3sipINtB5_6HasherNtB5_11Sip13RoundsENtB7_6Hasher5writeCs27UYLqoUkb6_4redb.0 iteration 2 file /home/runner/.rustup/toolchains/nightly-2025-11-21-x86_64-unknown-linux-gnu/lib/rustlib/src/rust/library/core/src/hash/sip.rs line 281 column 9 function <core::hash::sip::Hasher<core::hash::sip::Sip13Rounds> as std::hash::Hasher>::write thread 0
aborting path on assume(false) at file /home/runner/work/kani/kani/library/kani/src/lib.rs line 57 column 1 function kani::mem::cbmc::same_allocation thread 0
Unwinding loop _RNvXs3_NtNtCsci0VKyKEi6N_4core4hash3sipINtB5_6HasherNtB5_11Sip13RoundsENtB7_6Hasher5writeCs27UYLqoUkb6_4redb.0 iteration 3 file /home/runner/.rustup/toolchains/nightly-2025-11-21-x86_64-unknown-linux-gnu/lib/rustlib/src/rust/library/core/src/hash/sip.rs line 281 column 9 function <core::hash::sip::Hasher<core::hash::sip::Sip13Rounds> as std::hash::Hasher>::write thread 0
aborting path on assume(false) at file /home/runner/work/kani/kani/library/kani/src/lib.rs line 57 column 1 function kani::mem::cbmc::same_allocation thread 0
Unwinding loop _RNvXs3_NtNtCsci0VKyKEi6N_4core4hash3sipINtB5_6HasherNtB5_11Sip13RoundsENtB7_6Hasher5writeCs27UYLqoUkb6_4redb.0 iteration 4 file /home/runner/.rustup/toolchains/nightly-2025-11-21-x86_64-unknown-linux-gnu/lib/rustlib/src/rust/library/core/src/hash/sip.rs line 281 column 9 function <core::hash::sip::Hasher<core::hash::sip::Sip13Rounds> as std::hash::Hasher>::write thread 0
aborting path on assume(false) at file /home/runner/work/kani/kani/library/kani/src/lib.rs line 57 column 1 function kani::mem::cbmc::same_allocation thread 0
Unwinding loop _RNvXs3_NtNtCsci0VKyKEi6N_4core4hash3sipINtB5_6HasherNtB5_11Sip13RoundsENtB7_6Hasher5writeCs27UYLqoUkb6_4redb.0 iteration 5 file /home/runner/.rustup/toolchains/nightly-2025-11-21-x86_64-unknown-linux-gnu/lib/rustlib/src/rust/library/core/src/hash/sip.rs line 281 column 9 function <core::hash::sip::Hasher<core::hash::sip::Sip13Rounds> as std::hash::Hasher>::write thread 0
aborting path on assume(false) at file /home/runner/work/kani/kani/library/kani/src/lib.rs line 57 column 1 function kani::mem::cbmc::same_allocation thread 0
Unwinding loop _RNvXs3_NtNtCsci0VKyKEi6N_4core4hash3sipINtB5_6HasherNtB5_11Sip13RoundsENtB7_6Hasher5writeCs27UYLqoUkb6_4redb.0 iteration 6 file /home/runner/.rustup/toolchains/nightly-2025-11-21-x86_64-unknown-linux-gnu/lib/rustlib/src/rust/library/core/src/hash/sip.rs line 281 column 9 function <core::hash::sip::Hasher<core::hash::sip::Sip13Rounds> as std::hash::Hasher>::write thread 0
aborting path on assume(false) at file /home/runner/work/kani/kani/library/kani/src/lib.rs line 57 column 1 function kani::mem::cbmc::same_allocation thread 0
Unwinding loop _RNvXs3_NtNtCsci0VKyKEi6N_4core4hash3sipINtB5_6HasherNtB5_11Sip13RoundsENtB7_6Hasher5writeCs27UYLqoUkb6_4redb.0 iteration 7 file /home/runner/.rustup/toolchains/nightly-2025-11-21-x86_64-unknown-linux-gnu/lib/rustlib/src/rust/library/core/src/hash/sip.rs line 281 column 9 function <core::hash::sip::Hasher<core::hash::sip::Sip13Rounds> as std::hash::Hasher>::write thread 0
aborting path on assume(false) at file /home/runner/work/kani/kani/library/kani/src/lib.rs line 57 column 1 function kani::mem::cbmc::same_allocation thread 0
Unwinding loop _RNvXs3_NtNtCsci0VKyKEi6N_4core4hash3sipINtB5_6HasherNtB5_11Sip13RoundsENtB7_6Hasher5writeCs27UYLqoUkb6_4redb.0 iteration 8 file /home/runner/.rustup/toolchains/nightly-2025-11-21-x86_64-unknown-linux-gnu/lib/rustlib/src/rust/library/core/src/hash/sip.rs line 281 column 9 function <core::hash::sip::Hasher<core::hash::sip::Sip13Rounds> as std::hash::Hasher>::write thread 0
aborting path on assume(false) at file /home/runner/work/kani/kani/library/kani/src/lib.rs line 57 column 1 function kani::mem::cbmc::same_allocation thread 0
Unwinding loop _RNvXs3_NtNtCsci0VKyKEi6N_4core4hash3sipINtB5_6HasherNtB5_11Sip13RoundsENtB7_6Hasher5writeCs27UYLqoUkb6_4redb.0 iteration 9 file /home/runner/.rustup/toolchains/nightly-2025-11-21-x86_64-unknown-linux-gnu/lib/rustlib/src/rust/library/core/src/hash/sip.rs line 281 column 9 function <core::hash::sip::Hasher<core::hash::sip::Sip13Rounds> as std::hash::Hasher>::write thread 0
aborting path on assume(false) at file /home/runner/work/kani/kani/library/kani/src/lib.rs line 57 column 1 function kani::mem::cbmc::same_allocation thread 0
Unwinding loop _RNvXs3_NtNtCsci0VKyKEi6N_4core4hash3sipINtB5_6HasherNtB5_11Sip13RoundsENtB7_6Hasher5writeCs27UYLqoUkb6_4redb.0 iteration 10 file /home/runner/.rustup/toolchains/nightly-2025-11-21-x86_64-unknown-linux-gnu/lib/rustlib/src/rust/library/core/src/hash/sip.rs line 281 column 9 function <core::hash::sip::Hasher<core::hash::sip::Sip13Rounds> as std::hash::Hasher>::write thread 0
aborting path on assume(false) at file /home/runner/work/kani/kani/library/kani/src/lib.rs line 57 column 1 function kani::mem::cbmc::same_allocation thread 0
Unwinding loop _RNvXs3_NtNtCsci0VKyKEi6N_4core4hash3sipINtB5_6HasherNtB5_11Sip13RoundsENtB7_6Hasher5writeCs27UYLqoUkb6_4redb.0 iteration 11 file /home/runner/.rustup/toolchains/nightly-2025-11-21-x86_64-unknown-linux-gnu/lib/rustlib/src/rust/library/core/src/hash/sip.rs line 281 column 9 function <core::hash::sip::Hasher<core::hash::sip::Sip13Rounds> as std::hash::Hasher>::write thread 0
aborting path on assume(false) at file /home/runner/work/kani/kani/library/kani/src/lib.rs line 57 column 1 function kani::mem::cbmc::same_allocation thread 0
Unwinding loop _RNvXs3_NtNtCsci0VKyKEi6N_4core4hash3sipINtB5_6HasherNtB5_11Sip13RoundsENtB7_6Hasher5writeCs27UYLqoUkb6_4redb.0 iteration 12 file /home/runner/.rustup/toolchains/nightly-2025-11-21-x86_64-unknown-linux-gnu/lib/rustlib/src/rust/library/core/src/hash/sip.rs line 281 column 9 function <core::hash::sip::Hasher<core::hash::sip::Sip13Rounds> as std::hash::Hasher>::write thread 0
aborting path on assume(false) at file /home/runner/work/kani/kani/library/kani/src/lib.rs line 57 column 1 function kani::mem::cbmc::same_allocation thread 0
Unwinding loop _RNvXs3_NtNtCsci0VKyKEi6N_4core4hash3sipINtB5_6HasherNtB5_11Sip13RoundsENtB7_6Hasher5writeCs27UYLqoUkb6_4redb.0 iteration 13 file /home/runner/.rustup/toolchains/nightly-2025-11-21-x86_64-unknown-linux-gnu/lib/rustlib/src/rust/library/core/src/hash/sip.rs line 281 column 9 function <core::hash::sip::Hasher<core::hash::sip::Sip13Rounds> as std::hash::Hasher>::write thread 0
aborting path on assume(false) at file /home/runner/work/kani/kani/library/kani/src/lib.rs line 57 column 1 function kani::mem::cbmc::same_allocation thread 0
Unwinding loop _RNvXs3_NtNtCsci0VKyKEi6N_4core4hash3sipINtB5_6HasherNtB5_11Sip13RoundsENtB7_6Hasher5writeCs27UYLqoUkb6_4redb.0 iteration 14 file /home/runner/.rustup/toolchains/nightly-2025-11-21-x86_64-unknown-linux-gnu/lib/rustlib/src/rust/library/core/src/hash/sip.rs line 281 column 9 function <core::hash::sip::Hasher<core::hash::sip::Sip13Rounds> as std::hash::Hasher>::write thread 0
aborting path on assume(false) at file /home/runner/work/kani/kani/library/kani/src/lib.rs line 57 column 1 function kani::mem::cbmc::same_allocation thread 0
Unwinding loop _RNvXs3_NtNtCsci0VKyKEi6N_4core4hash3sipINtB5_6HasherNtB5_11Sip13RoundsENtB7_6Hasher5writeCs27UYLqoUkb6_4redb.0 iteration 15 file /home/runner/.rustup/toolchains/nightly-2025-11-21-x86_64-unknown-linux-gnu/lib/rustlib/src/rust/library/core/src/hash/sip.rs line 281 column 9 function <core::hash::sip::Hasher<core::hash::sip::Sip13Rounds> as std::hash::Hasher>::write thread 0
aborting path on assume(false) at file /home/runner/work/kani/kani/library/kani/src/lib.rs line 57 column 1 function kani::mem::cbmc::same_allocation thread 0
Not unwinding loop _RNvXs3_NtNtCsci0VKyKEi6N_4core4hash3sipINtB5_6HasherNtB5_11Sip13RoundsENtB7_6Hasher5writeCs27UYLqoUkb6_4redb.0 iteration 16 file /home/runner/.rustup/toolchains/nightly-2025-11-21-x86_64-unknown-linux-gnu/lib/rustlib/src/rust/library/core/src/hash/sip.rs line 281 column 9 function <core::hash::sip::Hasher<core::hash::sip::Sip13Rounds> as std::hash::Hasher>::write thread 0
aborting path on assume(false) at file /home/runner/work/kani/kani/library/kani_core/src/models.rs line 176 column 17 function <usize as kani::rustc_intrinsics::ToISize>::to_isize thread 0
aborting path on assume(false) at file /home/runner/work/kani/kani/library/kani/src/lib.rs line 57 column 1 function <usize as kani::rustc_intrinsics::ToISize>::to_isize thread 0
aborting path on assume(false) at file /home/runner/work/kani/kani/library/kani/src/lib.rs line 57 column 1 function <usize as kani::rustc_intrinsics::ToISize>::to_isize thread 0
aborting path on assume(false) at file /home/runner/work/kani/kani/library/kani/src/lib.rs line 57 column 1 function kani::mem::cbmc::same_allocation thread 0
aborting path on assume(false) at file /home/runner/work/kani/kani/library/kani_core/src/models.rs line 176 column 17 function <usize as kani::rustc_intrinsics::ToISize>::to_isize thread 0
aborting path on assume(false) at file /home/runner/work/kani/kani/library/kani/src/lib.rs line 57 column 1 function <usize as kani::rustc_intrinsics::ToISize>::to_isize thread 0
aborting path on assume(false) at file /home/runner/work/kani/kani/library/kani/src/lib.rs line 57 column 1 function <usize as kani::rustc_intrinsics::ToISize>::to_isize thread 0
aborting path on assume(false) at file /home/runner/work/kani/kani/library/kani/src/lib.rs line 57 column 1 function kani::mem::cbmc::same_allocation thread 0
aborting path on assume(false) at file /home/runner/work/kani/kani/library/kani_core/src/models.rs line 176 column 17 function <usize as kani::rustc_intrinsics::ToISize>::to_isize thread 0
aborting path on assume(false) at file /home/runner/work/kani/kani/library/kani/src/lib.rs line 57 column 1 function <usize as kani::rustc_intrinsics::ToISize>::to_isize thread 0
aborting path on assume(false) at file /home/runner/work/kani/kani/library/kani/src/lib.rs line 57 column 1 function <usize as kani::rustc_intrinsics::ToISize>::to_isize thread 0
aborting path on assume(false) at file /home/runner/work/kani/kani/library/kani_core/src/models.rs line 176 column 17 function <usize as kani::rustc_intrinsics::ToISize>::to_isize thread 0
aborting path on assume(false) at file /home/runner/work/kani/kani/library/kani/src/lib.rs line 57 column 1 function <usize as kani::rustc_intrinsics::ToISize>::to_isize thread 0
aborting path on assume(false) at file /home/runner/work/kani/kani/library/kani/src/lib.rs line 57 column 1 function <usize as kani::rustc_intrinsics::ToISize>::to_isize thread 0
Unwinding loop _RNvXs3_NtNtCsci0VKyKEi6N_4core4hash3sipINtB5_6HasherNtB5_11Sip13RoundsENtB7_6Hasher5writeCs27UYLqoUkb6_4redb.0 iteration 1 file /home/runner/.rustup/toolchains/nightly-2025-11-21-x86_64-unknown-linux-gnu/lib/rustlib/src/rust/library/core/src/hash/sip.rs line 281 column 9 function <core::hash::sip::Hasher<core::hash::sip::Sip13Rounds> as std::hash::Hasher>::write thread 0
aborting path on assume(false) at file /home/runner/work/kani/kani/library/kani_core/src/models.rs line 176 column 17 function <usize as kani::rustc_intrinsics::ToISize>::to_isize thread 0
aborting path on assume(false) at file /home/runner/work/kani/kani/library/kani/src/lib.rs line 57 column 1 function <usize as kani::rustc_intrinsics::ToISize>::to_isize thread 0
aborting path on assume(false) at file /home/runner/work/kani/kani/library/kani/src/lib.rs line 57 column 1 function <usize as kani::rustc_intrinsics::ToISize>::to_isize thread 0
Unwinding loop _RNvXs3_NtNtCsci0VKyKEi6N_4core4hash3sipINtB5_6HasherNtB5_11Sip13RoundsENtB7_6Hasher5writeCs27UYLqoUkb6_4redb.0 iteration 2 file /home/runner/.rustup/toolchains/nightly-2025-11-21-x86_64-unknown-linux-gnu/lib/rustlib/src/rust/library/core/src/hash/sip.rs line 281 column 9 function <core::hash::sip::Hasher<core::hash::sip::Sip13Rounds> as std::hash::Hasher>::write thread 0
aborting path on assume(false) at file /home/runner/work/kani/kani/library/kani_core/src/models.rs line 176 column 17 function <usize as kani::rustc_intrinsics::ToISize>::to_isize thread 0
aborting path on assume(false) at file /home/runner/work/kani/kani/library/kani/src/lib.rs line 57 column 1 function <usize as kani::rustc_intrinsics::ToISize>::to_isize thread 0
aborting path on assume(false) at file /home/runner/work/kani/kani/library/kani/src/lib.rs line 57 column 1 function <usize as kani::rustc_intrinsics::ToISize>::to_isize thread 0
Unwinding loop _RNvXs3_NtNtCsci0VKyKEi6N_4core4hash3sipINtB5_6HasherNtB5_11Sip13RoundsENtB7_6Hasher5writeCs27UYLqoUkb6_4redb.0 iteration 3 file /home/runner/.rustup/toolchains/nightly-2025-11-21-x86_64-unknown-linux-gnu/lib/rustlib/src/rust/library/core/src/hash/sip.rs line 281 column 9 function <core::hash::sip::Hasher<core::hash::sip::Sip13Rounds> as std::hash::Hasher>::write thread 0
aborting path on assume(false) at file /home/runner/work/kani/kani/library/kani_core/src/models.rs line 176 column 17 function <usize as kani::rustc_intrinsics::ToISize>::to_isize thread 0
aborting path on assume(false) at file /home/runner/work/kani/kani/library/kani/src/lib.rs line 57 column 1 function <usize as kani::rustc_intrinsics::ToISize>::to_isize thread 0
aborting path on assume(false) at file /home/runner/work/kani/kani/library/kani/src/lib.rs line 57 column 1 function <usize as kani::rustc_intrinsics::ToISize>::to_isize thread 0
Unwinding loop _RNvXs3_NtNtCsci0VKyKEi6N_4core4hash3sipINtB5_6HasherNtB5_11Sip13RoundsENtB7_6Hasher5writeCs27UYLqoUkb6_4redb.0 iteration 4 file /home/runner/.rustup/toolchains/nightly-2025-11-21-x86_64-unknown-linux-gnu/lib/rustlib/src/rust/library/core/src/hash/sip.rs line 281 column 9 function <core::hash::sip::Hasher<core::hash::sip::Sip13Rounds> as std::hash::Hasher>::write thread 0
aborting path on assume(false) at file /home/runner/work/kani/kani/library/kani_core/src/models.rs line 176 column 17 function <usize as kani::rustc_intrinsics::ToISize>::to_isize thread 0
aborting path on assume(false) at file /home/runner/work/kani/kani/library/kani/src/lib.rs line 57 column 1 function <usize as kani::rustc_intrinsics::ToISize>::to_isize thread 0
aborting path on assume(false) at file /home/runner/work/kani/kani/library/kani/src/lib.rs line 57 column 1 function <usize as kani::rustc_intrinsics::ToISize>::to_isize thread 0
Unwinding loop _RNvXs3_NtNtCsci0VKyKEi6N_4core4hash3sipINtB5_6HasherNtB5_11Sip13RoundsENtB7_6Hasher5writeCs27UYLqoUkb6_4redb.0 iteration 5 file /home/runner/.rustup/toolchains/nightly-2025-11-21-x86_64-unknown-linux-gnu/lib/rustlib/src/rust/library/core/src/hash/sip.rs line 281 column 9 function <core::hash::sip::Hasher<core::hash::sip::Sip13Rounds> as std::hash::Hasher>::write thread 0
aborting path on assume(false) at file /home/runner/work/kani/kani/library/kani_core/src/models.rs line 176 column 17 function <usize as kani::rustc_intrinsics::ToISize>::to_isize thread 0
aborting path on assume(false) at file /home/runner/work/kani/kani/library/kani/src/lib.rs line 57 column 1 function <usize as kani::rustc_intrinsics::ToISize>::to_isize thread 0
aborting path on assume(false) at file /home/runner/work/kani/kani/library/kani/src/lib.rs line 57 column 1 function <usize as kani::rustc_intrinsics::ToISize>::to_isize thread 0
Unwinding loop _RNvXs3_NtNtCsci0VKyKEi6N_4core4hash3sipINtB5_6HasherNtB5_11Sip13RoundsENtB7_6Hasher5writeCs27UYLqoUkb6_4redb.0 iteration 6 file /home/runner/.rustup/toolchains/nightly-2025-11-21-x86_64-unknown-linux-gnu/lib/rustlib/src/rust/library/core/src/hash/sip.rs line 281 column 9 function <core::hash::sip::Hasher<core::hash::sip::Sip13Rounds> as std::hash::Hasher>::write thread 0
aborting path on assume(false) at file /home/runner/work/kani/kani/library/kani_core/src/models.rs line 176 column 17 function <usize as kani::rustc_intrinsics::ToISize>::to_isize thread 0
aborting path on assume(false) at file /home/runner/work/kani/kani/library/kani/src/lib.rs line 57 column 1 function <usize as kani::rustc_intrinsics::ToISize>::to_isize thread 0
aborting path on assume(false) at file /home/runner/work/kani/kani/library/kani/src/lib.rs line 57 column 1 function <usize as kani::rustc_intrinsics::ToISize>::to_isize thread 0
Unwinding loop _RNvXs3_NtNtCsci0VKyKEi6N_4core4hash3sipINtB5_6HasherNtB5_11Sip13RoundsENtB7_6Hasher5writeCs27UYLqoUkb6_4redb.0 iteration 7 file /home/runner/.rustup/toolchains/nightly-2025-11-21-x86_64-unknown-linux-gnu/lib/rustlib/src/rust/library/core/src/hash/sip.rs line 281 column 9 function <core::hash::sip::Hasher<core::hash::sip::Sip13Rounds> as std::hash::Hasher>::write thread 0
aborting path on assume(false) at file /home/runner/work/kani/kani/library/kani_core/src/models.rs line 176 column 17 function <usize as kani::rustc_intrinsics::ToISize>::to_isize thread 0
aborting path on assume(false) at file /home/runner/work/kani/kani/library/kani/src/lib.rs line 57 column 1 function <usize as kani::rustc_intrinsics::ToISize>::to_isize thread 0
aborting path on assume(false) at file /home/runner/work/kani/kani/library/kani/src/lib.rs line 57 column 1 function <usize as kani::rustc_intrinsics::ToISize>::to_isize thread 0
Unwinding loop _RNvXs3_NtNtCsci0VKyKEi6N_4core4hash3sipINtB5_6HasherNtB5_11Sip13RoundsENtB7_6Hasher5writeCs27UYLqoUkb6_4redb.0 iteration 8 file /home/runner/.rustup/toolchains/nightly-2025-11-21-x86_64-unknown-linux-gnu/lib/rustlib/src/rust/library/core/src/hash/sip.rs line 281 column 9 function <core::hash::sip::Hasher<core::hash::sip::Sip13Rounds> as std::hash::Hasher>::write thread 0
aborting path on assume(false) at file /home/runner/work/kani/kani/library/kani_core/src/models.rs line 176 column 17 function <usize as kani::rustc_intrinsics::ToISize>::to_isize thread 0
aborting path on assume(false) at file /home/runner/work/kani/kani/library/kani/src/lib.rs line 57 column 1 function <usize as kani::rustc_intrinsics::ToISize>::to_isize thread 0
aborting path on assume(false) at file /home/runner/work/kani/kani/library/kani/src/lib.rs line 57 column 1 function <usize as kani::rustc_intrinsics::ToISize>::to_isize thread 0
Unwinding loop _RNvXs3_NtNtCsci0VKyKEi6N_4core4hash3sipINtB5_6HasherNtB5_11Sip13RoundsENtB7_6Hasher5writeCs27UYLqoUkb6_4redb.0 iteration 9 file /home/runner/.rustup/toolchains/nightly-2025-11-21-x86_64-unknown-linux-gnu/lib/rustlib/src/rust/library/core/src/hash/sip.rs line 281 column 9 function <core::hash::sip::Hasher<core::hash::sip::Sip13Rounds> as std::hash::Hasher>::write thread 0
aborting path on assume(false) at file /home/runner/work/kani/kani/library/kani_core/src/models.rs line 176 column 17 function <usize as kani::rustc_intrinsics::ToISize>::to_isize thread 0
aborting path on assume(false) at file /home/runner/work/kani/kani/library/kani/src/lib.rs line 57 column 1 function <usize as kani::rustc_intrinsics::ToISize>::to_isize thread 0
aborting path on assume(false) at file /home/runner/work/kani/kani/library/kani/src/lib.rs line 57 column 1 function <usize as kani::rustc_intrinsics::ToISize>::to_isize thread 0
Unwinding loop _RNvXs3_NtNtCsci0VKyKEi6N_4core4hash3sipINtB5_6HasherNtB5_11Sip13RoundsENtB7_6Hasher5writeCs27UYLqoUkb6_4redb.0 iteration 10 file /home/runner/.rustup/toolchains/nightly-2025-11-21-x86_64-unknown-linux-gnu/lib/rustlib/src/rust/library/core/src/hash/sip.rs line 281 column 9 function <core::hash::sip::Hasher<core::hash::sip::Sip13Rounds> as std::hash::Hasher>::write thread 0
aborting path on assume(false) at file /home/runner/work/kani/kani/library/kani_core/src/models.rs line 176 column 17 function <usize as kani::rustc_intrinsics::ToISize>::to_isize thread 0
aborting path on assume(false) at file /home/runner/work/kani/kani/library/kani/src/lib.rs line 57 column 1 function <usize as kani::rustc_intrinsics::ToISize>::to_isize thread 0
aborting path on assume(false) at file /home/runner/work/kani/kani/library/kani/src/lib.rs line 57 column 1 function <usize as kani::rustc_intrinsics::ToISize>::to_isize thread 0
Unwinding loop _RNvXs3_NtNtCsci0VKyKEi6N_4core4hash3sipINtB5_6HasherNtB5_11Sip13RoundsENtB7_6Hasher5writeCs27UYLqoUkb6_4redb.0 iteration 11 file /home/runner/.rustup/toolchains/nightly-2025-11-21-x86_64-unknown-linux-gnu/lib/rustlib/src/rust/library/core/src/hash/sip.rs line 281 column 9 function <core::hash::sip::Hasher<core::hash::sip::Sip13Rounds> as std::hash::Hasher>::write thread 0
aborting path on assume(false) at file /home/runner/work/kani/kani/library/kani_core/src/models.rs line 176 column 17 function <usize as kani::rustc_intrinsics::ToISize>::to_isize thread 0
aborting path on assume(false) at file /home/runner/work/kani/kani/library/kani/src/lib.rs line 57 column 1 function <usize as kani::rustc_intrinsics::ToISize>::to_isize thread 0
aborting path on assume(false) at file /home/runner/work/kani/kani/library/kani/src/lib.rs line 57 column 1 function <usize as kani::rustc_intrinsics::ToISize>::to_isize thread 0
Unwinding loop _RNvXs3_NtNtCsci0VKyKEi6N_4core4hash3sipINtB5_6HasherNtB5_11Sip13RoundsENtB7_6Hasher5writeCs27UYLqoUkb6_4redb.0 iteration 12 file /home/runner/.rustup/toolchains/nightly-2025-11-21-x86_64-unknown-linux-gnu/lib/rustlib/src/rust/library/core/src/hash/sip.rs line 281 column 9 function <core::hash::sip::Hasher<core::hash::sip::Sip13Rounds> as std::hash::Hasher>::write thread 0
aborting path on assume(false) at file /home/runner/work/kani/kani/library/kani_core/src/models.rs line 176 column 17 function <usize as kani::rustc_intrinsics::ToISize>::to_isize thread 0
aborting path on assume(false) at file /home/runner/work/kani/kani/library/kani/src/lib.rs line 57 column 1 function <usize as kani::rustc_intrinsics::ToISize>::to_isize thread 0
aborting path on assume(false) at file /home/runner/work/kani/kani/library/kani/src/lib.rs line 57 column 1 function <usize as kani::rustc_intrinsics::ToISize>::to_isize thread 0
Unwinding loop _RNvXs3_NtNtCsci0VKyKEi6N_4core4hash3sipINtB5_6HasherNtB5_11Sip13RoundsENtB7_6Hasher5writeCs27UYLqoUkb6_4redb.0 iteration 13 file /home/runner/.rustup/toolchains/nightly-2025-11-21-x86_64-unknown-linux-gnu/lib/rustlib/src/rust/library/core/src/hash/sip.rs line 281 column 9 function <core::hash::sip::Hasher<core::hash::sip::Sip13Rounds> as std::hash::Hasher>::write thread 0
aborting path on assume(false) at file /home/runner/work/kani/kani/library/kani_core/src/models.rs line 176 column 17 function <usize as kani::rustc_intrinsics::ToISize>::to_isize thread 0
aborting path on assume(false) at file /home/runner/work/kani/kani/library/kani/src/lib.rs line 57 column 1 function <usize as kani::rustc_intrinsics::ToISize>::to_isize thread 0
aborting path on assume(false) at file /home/runner/work/kani/kani/library/kani/src/lib.rs line 57 column 1 function <usize as kani::rustc_intrinsics::ToISize>::to_isize thread 0
Unwinding loop _RNvXs3_NtNtCsci0VKyKEi6N_4core4hash3sipINtB5_6HasherNtB5_11Sip13RoundsENtB7_6Hasher5writeCs27UYLqoUkb6_4redb.0 iteration 14 file /home/runner/.rustup/toolchains/nightly-2025-11-21-x86_64-unknown-linux-gnu/lib/rustlib/src/rust/library/core/src/hash/sip.rs line 281 column 9 function <core::hash::sip::Hasher<core::hash::sip::Sip13Rounds> as std::hash::Hasher>::write thread 0
aborting path on assume(false) at file /home/runner/work/kani/kani/library/kani_core/src/models.rs line 176 column 17 function <usize as kani::rustc_intrinsics::ToISize>::to_isize thread 0
aborting path on assume(false) at file /home/runner/work/kani/kani/library/kani/src/lib.rs line 57 column 1 function <usize as kani::rustc_intrinsics::ToISize>::to_isize thread 0
aborting path on assume(false) at file /home/runner/work/kani/kani/library/kani/src/lib.rs line 57 column 1 function <usize as kani::rustc_intrinsics::ToISize>::to_isize thread 0
Unwinding loop _RNvXs3_NtNtCsci0VKyKEi6N_4core4hash3sipINtB5_6HasherNtB5_11Sip13RoundsENtB7_6Hasher5writeCs27UYLqoUkb6_4redb.0 iteration 15 file /home/runner/.rustup/toolchains/nightly-2025-11-21-x86_64-unknown-linux-gnu/lib/rustlib/src/rust/library/core/src/hash/sip.rs line 281 column 9 function <core::hash::sip::Hasher<core::hash::sip::Sip13Rounds> as std::hash::Hasher>::write thread 0
aborting path on assume(false) at file /home/runner/work/kani/kani/library/kani_core/src/models.rs line 176 column 17 function <usize as kani::rustc_intrinsics::ToISize>::to_isize thread 0
aborting path on assume(false) at file /home/runner/work/kani/kani/library/kani/src/lib.rs line 57 column 1 function <usize as kani::rustc_intrinsics::ToISize>::to_isize thread 0
aborting path on assume(false) at file /home/runner/work/kani/kani/library/kani/src/lib.rs line 57 column 1 function <usize as kani::rustc_intrinsics::ToISize>::to_isize thread 0
Not unwinding loop _RNvXs3_NtNtCsci0VKyKEi6N_4core4hash3sipINtB5_6HasherNtB5_11Sip13RoundsENtB7_6Hasher5writeCs27UYLqoUkb6_4redb.0 iteration 16 file /home/runner/.rustup/toolchains/nightly-2025-11-21-x86_64-unknown-linux-gnu/lib/rustlib/src/rust/library/core/src/hash/sip.rs line 281 column 9 function <core::hash::sip::Hasher<core::hash::sip::Sip13Rounds> as std::hash::Hasher>::write thread 0
aborting path on assume(false) at file /home/runner/work/kani/kani/library/kani_core/src/models.rs line 176 column 17 function <usize as kani::rustc_intrinsics::ToISize>::to_isize thread 0
aborting path on assume(false) at file /home/runner/work/kani/kani/library/kani/src/lib.rs line 57 column 1 function <usize as kani::rustc_intrinsics::ToISize>::to_isize thread 0
aborting path on assume(false) at file /home/runner/work/kani/kani/library/kani/src/lib.rs line 57 column 1 function <usize as kani::rustc_intrinsics::ToISize>::to_isize thread 0
aborting path on assume(false) at file /home/runner/work/kani/kani/library/kani_core/src/models.rs line 176 column 17 function <usize as kani::rustc_intrinsics::ToISize>::to_isize thread 0
aborting path on assume(false) at file /home/runner/work/kani/kani/library/kani/src/lib.rs line 57 column 1 function <usize as kani::rustc_intrinsics::ToISize>::to_isize thread 0
aborting path on assume(false) at file /home/runner/work/kani/kani/library/kani/src/lib.rs line 57 column 1 function <usize as kani::rustc_intrinsics::ToISize>::to_isize thread 0
aborting path on assume(false) at file /home/runner/.rustup/toolchains/nightly-2025-11-21-x86_64-unknown-linux-gnu/lib/rustlib/src/rust/library/core/src/slice/index.rs line 40 column 9 function core::slice::index::slice_index_fail::do_panic::runtime thread 0
aborting path on assume(false) at file /home/runner/.rustup/toolchains/nightly-2025-11-21-x86_64-unknown-linux-gnu/lib/rustlib/src/rust/library/core/src/intrinsics/mod.rs line 2449 column 9 function core::slice::index::slice_index_fail::do_panic thread 0
aborting path on assume(false) at file /home/runner/.rustup/toolchains/nightly-2025-11-21-x86_64-unknown-linux-gnu/lib/rustlib/src/rust/library/core/src/panic.rs line 178 column 9 function core::slice::index::slice_index_fail thread 0
aborting path on assume(false) at file /home/runner/.rustup/toolchains/nightly-2025-11-21-x86_64-unknown-linux-gnu/lib/rustlib/src/rust/library/core/src/slice/index.rs line 49 column 9 function core::slice::index::slice_index_fail::do_panic::runtime thread 0
aborting path on assume(false) at file /home/runner/.rustup/toolchains/nightly-2025-11-21-x86_64-unknown-linux-gnu/lib/rustlib/src/rust/library/core/src/intrinsics/mod.rs line 2449 column 9 function core::slice::index::slice_index_fail::do_panic thread 0
aborting path on assume(false) at file /home/runner/.rustup/toolchains/nightly-2025-11-21-x86_64-unknown-linux-gnu/lib/rustlib/src/rust/library/core/src/panic.rs line 178 column 9 function core::slice::index::slice_index_fail thread 0
aborting path on assume(false) at file /home/runner/.rustup/toolchains/nightly-2025-11-21-x86_64-unknown-linux-gnu/lib/rustlib/src/rust/library/core/src/slice/index.rs line 58 column 9 function core::slice::index::slice_index_fail::do_panic::runtime thread 0
aborting path on assume(false) at file /home/runner/.rustup/toolchains/nightly-2025-11-21-x86_64-unknown-linux-gnu/lib/rustlib/src/rust/library/core/src/intrinsics/mod.rs line 2449 column 9 function core::slice::index::slice_index_fail::do_panic thread 0
aborting path on assume(false) at file /home/runner/.rustup/toolchains/nightly-2025-11-21-x86_64-unknown-linux-gnu/lib/rustlib/src/rust/library/core/src/panic.rs line 178 column 9 function core::slice::index::slice_index_fail thread 0
aborting path on assume(false) at file /home/runner/.rustup/toolchains/nightly-2025-11-21-x86_64-unknown-linux-gnu/lib/rustlib/src/rust/library/core/src/slice/index.rs line 68 column 5 function core::slice::index::slice_index_fail::do_panic::runtime thread 0
aborting path on assume(false) at file /home/runner/.rustup/toolchains/nightly-2025-11-21-x86_64-unknown-linux-gnu/lib/rustlib/src/rust/library/core/src/intrinsics/mod.rs line 2449 column 9 function core::slice::index::slice_index_fail::do_panic thread 0
aborting path on assume(false) at file /home/runner/.rustup/toolchains/nightly-2025-11-21-x86_64-unknown-linux-gnu/lib/rustlib/src/rust/library/core/src/panic.rs line 178 column 9 function core::slice::index::slice_index_fail thread 0
aborting path on assume(false) at file /home/runner/.rustup/toolchains/nightly-2025-11-21-x86_64-unknown-linux-gnu/lib/rustlib/src/rust/library/core/src/slice/index.rs line 581 column 13 function <std::ops::RangeFrom<usize> as std::slice::SliceIndex<[u8]>>::index_mut thread 0
aborting path on assume(false) at file /home/runner/work/kani/kani/library/kani_core/src/models.rs line 176 column 17 function <usize as kani::rustc_intrinsics::ToISize>::to_isize thread 0
aborting path on assume(false) at file /home/runner/work/kani/kani/library/kani/src/lib.rs line 57 column 1 function <usize as kani::rustc_intrinsics::ToISize>::to_isize thread 0
aborting path on assume(false) at file /home/runner/work/kani/kani/library/kani/src/lib.rs line 57 column 1 function <usize as kani::rustc_intrinsics::ToISize>::to_isize thread 0
aborting path on assume(false) at file /home/runner/work/kani/kani/library/kani/src/lib.rs line 57 column 1 function kani::mem::cbmc::same_allocation thread 0
aborting path on assume(false) at file /home/runner/.rustup/toolchains/nightly-2025-11-21-x86_64-unknown-linux-gnu/lib/rustlib/src/rust/library/std/src/sys/random/linux.rs line 126 column 26 function std::sys::random::linux::getrandom thread 0
Unwinding loop _RNvNtNtNtCsh1i4bqfV5wd_3std3sys6random5linux9getrandom.0 iteration 4 file src/lib.rs line 0 column 0 function std::sys::random::linux::getrandom thread 0
aborting path on assume(false) at file /home/runner/.rustup/toolchains/nightly-2025-11-21-x86_64-unknown-linux-gnu/lib/rustlib/src/rust/library/std/src/sys/pal/unix/weak/syscall.rs line 7 column 9 function std::sys::random::linux::getrandom::getrandom thread 0
aborting path on assume(false) at file /home/runner/.cargo/registry/src/index.crates.io-1949cf8c6b5b557f/libc-0.2.177/src/unix/linux_like/linux/mod.rs line 6372 column 5 function std::sys::random::linux::getrandom::getrandom thread 0
aborting path on assume(false) at  thread 0
aborting path on assume(false) at file /home/runner/work/kani/kani/library/kani/src/lib.rs line 57 column 1 function kani::mem::cbmc::same_allocation thread 0
aborting path on assume(false) at file /home/runner/work/kani/kani/library/kani/src/lib.rs line 57 column 1 function kani::mem::cbmc::same_allocation thread 0
Unwinding loop _RNvXs3_NtNtCsci0VKyKEi6N_4core4hash3sipINtB5_6HasherNtB5_11Sip13RoundsENtB7_6Hasher5writeCs27UYLqoUkb6_4redb.0 iteration 1 file /home/runner/.rustup/toolchains/nightly-2025-11-21-x86_64-unknown-linux-gnu/lib/rustlib/src/rust/library/core/src/hash/sip.rs line 281 column 9 function <core::hash::sip::Hasher<core::hash::sip::Sip13Rounds> as std::hash::Hasher>::write thread 0
aborting path on assume(false) at file /home/runner/work/kani/kani/library/kani/src/lib.rs line 57 column 1 function kani::mem::cbmc::same_allocation thread 0
Unwinding loop _RNvXs3_NtNtCsci0VKyKEi6N_4core4hash3sipINtB5_6HasherNtB5_11Sip13RoundsENtB7_6Hasher5writeCs27UYLqoUkb6_4redb.0 iteration 2 file /home/runner/.rustup/toolchains/nightly-2025-11-21-x86_64-unknown-linux-gnu/lib/rustlib/src/rust/library/core/src/hash/sip.rs line 281 column 9 function <core::hash::sip::Hasher<core::hash::sip::Sip13Rounds> as std::hash::Hasher>::write thread 0
aborting path on assume(false) at file /home/runner/work/kani/kani/library/kani/src/lib.rs line 57 column 1 function kani::mem::cbmc::same_allocation thread 0
Unwinding loop _RNvXs3_NtNtCsci0VKyKEi6N_4core4hash3sipINtB5_6HasherNtB5_11Sip13RoundsENtB7_6Hasher5writeCs27UYLqoUkb6_4redb.0 iteration 3 file /home/runner/.rustup/toolchains/nightly-2025-11-21-x86_64-unknown-linux-gnu/lib/rustlib/src/rust/library/core/src/hash/sip.rs line 281 column 9 function <core::hash::sip::Hasher<core::hash::sip::Sip13Rounds> as std::hash::Hasher>::write thread 0
aborting path on assume(false) at file /home/runner/work/kani/kani/library/kani/src/lib.rs line 57 column 1 function kani::mem::cbmc::same_allocation thread 0
Unwinding loop _RNvXs3_NtNtCsci0VKyKEi6N_4core4hash3sipINtB5_6HasherNtB5_11Sip13RoundsENtB7_6Hasher5writeCs27UYLqoUkb6_4redb.0 iteration 4 file /home/runner/.rustup/toolchains/nightly-2025-11-21-x86_64-unknown-linux-gnu/lib/rustlib/src/rust/library/core/src/hash/sip.rs line 281 column 9 function <core::hash::sip::Hasher<core::hash::sip::Sip13Rounds> as std::hash::Hasher>::write thread 0
aborting path on assume(false) at file /home/runner/work/kani/kani/library/kani/src/lib.rs line 57 column 1 function kani::mem::cbmc::same_allocation thread 0
Unwinding loop _RNvXs3_NtNtCsci0VKyKEi6N_4core4hash3sipINtB5_6HasherNtB5_11Sip13RoundsENtB7_6Hasher5writeCs27UYLqoUkb6_4redb.0 iteration 5 file /home/runner/.rustup/toolchains/nightly-2025-11-21-x86_64-unknown-linux-gnu/lib/rustlib/src/rust/library/core/src/hash/sip.rs line 281 column 9 function <core::hash::sip::Hasher<core::hash::sip::Sip13Rounds> as std::hash::Hasher>::write thread 0
aborting path on assume(false) at file /home/runner/work/kani/kani/library/kani/src/lib.rs line 57 column 1 function kani::mem::cbmc::same_allocation thread 0
Unwinding loop _RNvXs3_NtNtCsci0VKyKEi6N_4core4hash3sipINtB5_6HasherNtB5_11Sip13RoundsENtB7_6Hasher5writeCs27UYLqoUkb6_4redb.0 iteration 6 file /home/runner/.rustup/toolchains/nightly-2025-11-21-x86_64-unknown-linux-gnu/lib/rustlib/src/rust/library/core/src/hash/sip.rs line 281 column 9 function <core::hash::sip::Hasher<core::hash::sip::Sip13Rounds> as std::hash::Hasher>::write thread 0
aborting path on assume(false) at file /home/runner/work/kani/kani/library/kani/src/lib.rs line 57 column 1 function kani::mem::cbmc::same_allocation thread 0
Unwinding loop _RNvXs3_NtNtCsci0VKyKEi6N_4core4hash3sipINtB5_6HasherNtB5_11Sip13RoundsENtB7_6Hasher5writeCs27UYLqoUkb6_4redb.0 iteration 7 file /home/runner/.rustup/toolchains/nightly-2025-11-21-x86_64-unknown-linux-gnu/lib/rustlib/src/rust/library/core/src/hash/sip.rs line 281 column 9 function <core::hash::sip::Hasher<core::hash::sip::Sip13Rounds> as std::hash::Hasher>::write thread 0
aborting path on assume(false) at file /home/runner/work/kani/kani/library/kani/src/lib.rs line 57 column 1 function kani::mem::cbmc::same_allocation thread 0
Unwinding loop _RNvXs3_NtNtCsci0VKyKEi6N_4core4hash3sipINtB5_6HasherNtB5_11Sip13RoundsENtB7_6Hasher5writeCs27UYLqoUkb6_4redb.0 iteration 8 file /home/runner/.rustup/toolchains/nightly-2025-11-21-x86_64-unknown-linux-gnu/lib/rustlib/src/rust/library/core/src/hash/sip.rs line 281 column 9 function <core::hash::sip::Hasher<core::hash::sip::Sip13Rounds> as std::hash::Hasher>::write thread 0
aborting path on assume(false) at file /home/runner/work/kani/kani/library/kani/src/lib.rs line 57 column 1 function kani::mem::cbmc::same_allocation thread 0
Unwinding loop _RNvXs3_NtNtCsci0VKyKEi6N_4core4hash3sipINtB5_6HasherNtB5_11Sip13RoundsENtB7_6Hasher5writeCs27UYLqoUkb6_4redb.0 iteration 9 file /home/runner/.rustup/toolchains/nightly-2025-11-21-x86_64-unknown-linux-gnu/lib/rustlib/src/rust/library/core/src/hash/sip.rs line 281 column 9 function <core::hash::sip::Hasher<core::hash::sip::Sip13Rounds> as std::hash::Hasher>::write thread 0
aborting path on assume(false) at file /home/runner/work/kani/kani/library/kani/src/lib.rs line 57 column 1 function kani::mem::cbmc::same_allocation thread 0
Unwinding loop _RNvXs3_NtNtCsci0VKyKEi6N_4core4hash3sipINtB5_6HasherNtB5_11Sip13RoundsENtB7_6Hasher5writeCs27UYLqoUkb6_4redb.0 iteration 10 file /home/runner/.rustup/toolchains/nightly-2025-11-21-x86_64-unknown-linux-gnu/lib/rustlib/src/rust/library/core/src/hash/sip.rs line 281 column 9 function <core::hash::sip::Hasher<core::hash::sip::Sip13Rounds> as std::hash::Hasher>::write thread 0
aborting path on assume(false) at file /home/runner/work/kani/kani/library/kani/src/lib.rs line 57 column 1 function kani::mem::cbmc::same_allocation thread 0
Unwinding loop _RNvXs3_NtNtCsci0VKyKEi6N_4core4hash3sipINtB5_6HasherNtB5_11Sip13RoundsENtB7_6Hasher5writeCs27UYLqoUkb6_4redb.0 iteration 11 file /home/runner/.rustup/toolchains/nightly-2025-11-21-x86_64-unknown-linux-gnu/lib/rustlib/src/rust/library/core/src/hash/sip.rs line 281 column 9 function <core::hash::sip::Hasher<core::hash::sip::Sip13Rounds> as std::hash::Hasher>::write thread 0
aborting path on assume(false) at file /home/runner/work/kani/kani/library/kani/src/lib.rs line 57 column 1 function kani::mem::cbmc::same_allocation thread 0
Unwinding loop _RNvXs3_NtNtCsci0VKyKEi6N_4core4hash3sipINtB5_6HasherNtB5_11Sip13RoundsENtB7_6Hasher5writeCs27UYLqoUkb6_4redb.0 iteration 12 file /home/runner/.rustup/toolchains/nightly-2025-11-21-x86_64-unknown-linux-gnu/lib/rustlib/src/rust/library/core/src/hash/sip.rs line 281 column 9 function <core::hash::sip::Hasher<core::hash::sip::Sip13Rounds> as std::hash::Hasher>::write thread 0
aborting path on assume(false) at file /home/runner/work/kani/kani/library/kani/src/lib.rs line 57 column 1 function kani::mem::cbmc::same_allocation thread 0
Unwinding loop _RNvXs3_NtNtCsci0VKyKEi6N_4core4hash3sipINtB5_6HasherNtB5_11Sip13RoundsENtB7_6Hasher5writeCs27UYLqoUkb6_4redb.0 iteration 13 file /home/runner/.rustup/toolchains/nightly-2025-11-21-x86_64-unknown-linux-gnu/lib/rustlib/src/rust/library/core/src/hash/sip.rs line 281 column 9 function <core::hash::sip::Hasher<core::hash::sip::Sip13Rounds> as std::hash::Hasher>::write thread 0
aborting path on assume(false) at file /home/runner/work/kani/kani/library/kani/src/lib.rs line 57 column 1 function kani::mem::cbmc::same_allocation thread 0
Unwinding loop _RNvXs3_NtNtCsci0VKyKEi6N_4core4hash3sipINtB5_6HasherNtB5_11Sip13RoundsENtB7_6Hasher5writeCs27UYLqoUkb6_4redb.0 iteration 14 file /home/runner/.rustup/toolchains/nightly-2025-11-21-x86_64-unknown-linux-gnu/lib/rustlib/src/rust/library/core/src/hash/sip.rs line 281 column 9 function <core::hash::sip::Hasher<core::hash::sip::Sip13Rounds> as std::hash::Hasher>::write thread 0
aborting path on assume(false) at file /home/runner/work/kani/kani/library/kani/src/lib.rs line 57 column 1 function kani::mem::cbmc::same_allocation thread 0
Unwinding loop _RNvXs3_NtNtCsci0VKyKEi6N_4core4hash3sipINtB5_6HasherNtB5_11Sip13RoundsENtB7_6Hasher5writeCs27UYLqoUkb6_4redb.0 iteration 15 file /home/runner/.rustup/toolchains/nightly-2025-11-21-x86_64-unknown-linux-gnu/lib/rustlib/src/rust/library/core/src/hash/sip.rs line 281 column 9 function <core::hash::sip::Hasher<core::hash::sip::Sip13Rounds> as std::hash::Hasher>::write thread 0
aborting path on assume(false) at file /home/runner/work/kani/kani/library/kani/src/lib.rs line 57 column 1 function kani::mem::cbmc::same_allocation thread 0
Not unwinding loop _RNvXs3_NtNtCsci0VKyKEi6N_4core4hash3sipINtB5_6HasherNtB5_11Sip13RoundsENtB7_6Hasher5writeCs27UYLqoUkb6_4redb.0 iteration 16 file /home/runner/.rustup/toolchains/nightly-2025-11-21-x86_64-unknown-linux-gnu/lib/rustlib/src/rust/library/core/src/hash/sip.rs line 281 column 9 function <core::hash::sip::Hasher<core::hash::sip::Sip13Rounds> as std::hash::Hasher>::write thread 0
aborting path on assume(false) at file /home/runner/work/kani/kani/library/kani_core/src/models.rs line 176 column 17 function <usize as kani::rustc_intrinsics::ToISize>::to_isize thread 0
aborting path on assume(false) at file /home/runner/work/kani/kani/library/kani/src/lib.rs line 57 column 1 function <usize as kani::rustc_intrinsics::ToISize>::to_isize thread 0
aborting path on assume(false) at file /home/runner/work/kani/kani/library/kani/src/lib.rs line 57 column 1 function <usize as kani::rustc_intrinsics::ToISize>::to_isize thread 0
aborting path on assume(false) at file /home/runner/work/kani/kani/library/kani/src/lib.rs line 57 column 1 function kani::mem::cbmc::same_allocation thread 0
aborting path on assume(false) at file /home/runner/work/kani/kani/library/kani_core/src/models.rs line 176 column 17 function <usize as kani::rustc_intrinsics::ToISize>::to_isize thread 0
aborting path on assume(false) at file /home/runner/work/kani/kani/library/kani/src/lib.rs line 57 column 1 function <usize as kani::rustc_intrinsics::ToISize>::to_isize thread 0
aborting path on assume(false) at file /home/runner/work/kani/kani/library/kani/src/lib.rs line 57 column 1 function <usize as kani::rustc_intrinsics::ToISize>::to_isize thread 0
aborting path on assume(false) at file /home/runner/work/kani/kani/library/kani/src/lib.rs line 57 column 1 function kani::mem::cbmc::same_allocation thread 0
aborting path on assume(false) at file /home/runner/work/kani/kani/library/kani_core/src/models.rs line 176 column 17 function <usize as kani::rustc_intrinsics::ToISize>::to_isize thread 0
aborting path on assume(false) at file /home/runner/work/kani/kani/library/kani/src/lib.rs line 57 column 1 function <usize as kani::rustc_intrinsics::ToISize>::to_isize thread 0
aborting path on assume(false) at file /home/runner/work/kani/kani/library/kani/src/lib.rs line 57 column 1 function <usize as kani::rustc_intrinsics::ToISize>::to_isize thread 0
aborting path on assume(false) at file /home/runner/work/kani/kani/library/kani_core/src/models.rs line 176 column 17 function <usize as kani::rustc_intrinsics::ToISize>::to_isize thread 0
aborting path on assume(false) at file /home/runner/work/kani/kani/library/kani/src/lib.rs line 57 column 1 function <usize as kani::rustc_intrinsics::ToISize>::to_isize thread 0
aborting path on assume(false) at file /home/runner/work/kani/kani/library/kani/src/lib.rs line 57 column 1 function <usize as kani::rustc_intrinsics::ToISize>::to_isize thread 0
Unwinding loop _RNvXs3_NtNtCsci0VKyKEi6N_4core4hash3sipINtB5_6HasherNtB5_11Sip13RoundsENtB7_6Hasher5writeCs27UYLqoUkb6_4redb.0 iteration 1 file /home/runner/.rustup/toolchains/nightly-2025-11-21-x86_64-unknown-linux-gnu/lib/rustlib/src/rust/library/core/src/hash/sip.rs line 281 column 9 function <core::hash::sip::Hasher<core::hash::sip::Sip13Rounds> as std::hash::Hasher>::write thread 0
aborting path on assume(false) at file /home/runner/work/kani/kani/library/kani_core/src/models.rs line 176 column 17 function <usize as kani::rustc_intrinsics::ToISize>::to_isize thread 0
aborting path on assume(false) at file /home/runner/work/kani/kani/library/kani/src/lib.rs line 57 column 1 function <usize as kani::rustc_intrinsics::ToISize>::to_isize thread 0
aborting path on assume(false) at file /home/runner/work/kani/kani/library/kani/src/lib.rs line 57 column 1 function <usize as kani::rustc_intrinsics::ToISize>::to_isize thread 0
Unwinding loop _RNvXs3_NtNtCsci0VKyKEi6N_4core4hash3sipINtB5_6HasherNtB5_11Sip13RoundsENtB7_6Hasher5writeCs27UYLqoUkb6_4redb.0 iteration 2 file /home/runner/.rustup/toolchains/nightly-2025-11-21-x86_64-unknown-linux-gnu/lib/rustlib/src/rust/library/core/src/hash/sip.rs line 281 column 9 function <core::hash::sip::Hasher<core::hash::sip::Sip13Rounds> as std::hash::Hasher>::write thread 0
aborting path on assume(false) at file /home/runner/work/kani/kani/library/kani_core/src/models.rs line 176 column 17 function <usize as kani::rustc_intrinsics::ToISize>::to_isize thread 0
aborting path on assume(false) at file /home/runner/work/kani/kani/library/kani/src/lib.rs line 57 column 1 function <usize as kani::rustc_intrinsics::ToISize>::to_isize thread 0
aborting path on assume(false) at file /home/runner/work/kani/kani/library/kani/src/lib.rs line 57 column 1 function <usize as kani::rustc_intrinsics::ToISize>::to_isize thread 0
Unwinding loop _RNvXs3_NtNtCsci0VKyKEi6N_4core4hash3sipINtB5_6HasherNtB5_11Sip13RoundsENtB7_6Hasher5writeCs27UYLqoUkb6_4redb.0 iteration 3 file /home/runner/.rustup/toolchains/nightly-2025-11-21-x86_64-unknown-linux-gnu/lib/rustlib/src/rust/library/core/src/hash/sip.rs line 281 column 9 function <core::hash::sip::Hasher<core::hash::sip::Sip13Rounds> as std::hash::Hasher>::write thread 0
aborting path on assume(false) at file /home/runner/work/kani/kani/library/kani_core/src/models.rs line 176 column 17 function <usize as kani::rustc_intrinsics::ToISize>::to_isize thread 0
aborting path on assume(false) at file /home/runner/work/kani/kani/library/kani/src/lib.rs line 57 column 1 function <usize as kani::rustc_intrinsics::ToISize>::to_isize thread 0
aborting path on assume(false) at file /home/runner/work/kani/kani/library/kani/src/lib.rs line 57 column 1 function <usize as kani::rustc_intrinsics::ToISize>::to_isize thread 0
Unwinding loop _RNvXs3_NtNtCsci0VKyKEi6N_4core4hash3sipINtB5_6HasherNtB5_11Sip13RoundsENtB7_6Hasher5writeCs27UYLqoUkb6_4redb.0 iteration 4 file /home/runner/.rustup/toolchains/nightly-2025-11-21-x86_64-unknown-linux-gnu/lib/rustlib/src/rust/library/core/src/hash/sip.rs line 281 column 9 function <core::hash::sip::Hasher<core::hash::sip::Sip13Rounds> as std::hash::Hasher>::write thread 0
aborting path on assume(false) at file /home/runner/work/kani/kani/library/kani_core/src/models.rs line 176 column 17 function <usize as kani::rustc_intrinsics::ToISize>::to_isize thread 0
aborting path on assume(false) at file /home/runner/work/kani/kani/library/kani/src/lib.rs line 57 column 1 function <usize as kani::rustc_intrinsics::ToISize>::to_isize thread 0
aborting path on assume(false) at file /home/runner/work/kani/kani/library/kani/src/lib.rs line 57 column 1 function <usize as kani::rustc_intrinsics::ToISize>::to_isize thread 0
Unwinding loop _RNvXs3_NtNtCsci0VKyKEi6N_4core4hash3sipINtB5_6HasherNtB5_11Sip13RoundsENtB7_6Hasher5writeCs27UYLqoUkb6_4redb.0 iteration 5 file /home/runner/.rustup/toolchains/nightly-2025-11-21-x86_64-unknown-linux-gnu/lib/rustlib/src/rust/library/core/src/hash/sip.rs line 281 column 9 function <core::hash::sip::Hasher<core::hash::sip::Sip13Rounds> as std::hash::Hasher>::write thread 0
aborting path on assume(false) at file /home/runner/work/kani/kani/library/kani_core/src/models.rs line 176 column 17 function <usize as kani::rustc_intrinsics::ToISize>::to_isize thread 0
aborting path on assume(false) at file /home/runner/work/kani/kani/library/kani/src/lib.rs line 57 column 1 function <usize as kani::rustc_intrinsics::ToISize>::to_isize thread 0
aborting path on assume(false) at file /home/runner/work/kani/kani/library/kani/src/lib.rs line 57 column 1 function <usize as kani::rustc_intrinsics::ToISize>::to_isize thread 0
Unwinding loop _RNvXs3_NtNtCsci0VKyKEi6N_4core4hash3sipINtB5_6HasherNtB5_11Sip13RoundsENtB7_6Hasher5writeCs27UYLqoUkb6_4redb.0 iteration 6 file /home/runner/.rustup/toolchains/nightly-2025-11-21-x86_64-unknown-linux-gnu/lib/rustlib/src/rust/library/core/src/hash/sip.rs line 281 column 9 function <core::hash::sip::Hasher<core::hash::sip::Sip13Rounds> as std::hash::Hasher>::write thread 0
aborting path on assume(false) at file /home/runner/work/kani/kani/library/kani_core/src/models.rs line 176 column 17 function <usize as kani::rustc_intrinsics::ToISize>::to_isize thread 0
aborting path on assume(false) at file /home/runner/work/kani/kani/library/kani/src/lib.rs line 57 column 1 function <usize as kani::rustc_intrinsics::ToISize>::to_isize thread 0
aborting path on assume(false) at file /home/runner/work/kani/kani/library/kani/src/lib.rs line 57 column 1 function <usize as kani::rustc_intrinsics::ToISize>::to_isize thread 0
Unwinding loop _RNvXs3_NtNtCsci0VKyKEi6N_4core4hash3sipINtB5_6HasherNtB5_11Sip13RoundsENtB7_6Hasher5writeCs27UYLqoUkb6_4redb.0 iteration 7 file /home/runner/.rustup/toolchains/nightly-2025-11-21-x86_64-unknown-linux-gnu/lib/rustlib/src/rust/library/core/src/hash/sip.rs line 281 column 9 function <core::hash::sip::Hasher<core::hash::sip::Sip13Rounds> as std::hash::Hasher>::write thread 0
aborting path on assume(false) at file /home/runner/work/kani/kani/library/kani_core/src/models.rs line 176 column 17 function <usize as kani::rustc_intrinsics::ToISize>::to_isize thread 0
aborting path on assume(false) at file /home/runner/work/kani/kani/library/kani/src/lib.rs line 57 column 1 function <usize as kani::rustc_intrinsics::ToISize>::to_isize thread 0
aborting path on assume(false) at file /home/runner/work/kani/kani/library/kani/src/lib.rs line 57 column 1 function <usize as kani::rustc_intrinsics::ToISize>::to_isize thread 0
Unwinding loop _RNvXs3_NtNtCsci0VKyKEi6N_4core4hash3sipINtB5_6HasherNtB5_11Sip13RoundsENtB7_6Hasher5writeCs27UYLqoUkb6_4redb.0 iteration 8 file /home/runner/.rustup/toolchains/nightly-2025-11-21-x86_64-unknown-linux-gnu/lib/rustlib/src/rust/library/core/src/hash/sip.rs line 281 column 9 function <core::hash::sip::Hasher<core::hash::sip::Sip13Rounds> as std::hash::Hasher>::write thread 0
aborting path on assume(false) at file /home/runner/work/kani/kani/library/kani_core/src/models.rs line 176 column 17 function <usize as kani::rustc_intrinsics::ToISize>::to_isize thread 0
aborting path on assume(false) at file /home/runner/work/kani/kani/library/kani/src/lib.rs line 57 column 1 function <usize as kani::rustc_intrinsics::ToISize>::to_isize thread 0
aborting path on assume(false) at file /home/runner/work/kani/kani/library/kani/src/lib.rs line 57 column 1 function <usize as kani::rustc_intrinsics::ToISize>::to_isize thread 0
Unwinding loop _RNvXs3_NtNtCsci0VKyKEi6N_4core4hash3sipINtB5_6HasherNtB5_11Sip13RoundsENtB7_6Hasher5writeCs27UYLqoUkb6_4redb.0 iteration 9 file /home/runner/.rustup/toolchains/nightly-2025-11-21-x86_64-unknown-linux-gnu/lib/rustlib/src/rust/library/core/src/hash/sip.rs line 281 column 9 function <core::hash::sip::Hasher<core::hash::sip::Sip13Rounds> as std::hash::Hasher>::write thread 0
aborting path on assume(false) at file /home/runner/work/kani/kani/library/kani_core/src/models.rs line 176 column 17 function <usize as kani::rustc_intrinsics::ToISize>::to_isize thread 0
aborting path on assume(false) at file /home/runner/work/kani/kani/library/kani/src/lib.rs line 57 column 1 function <usize as kani::rustc_intrinsics::ToISize>::to_isize thread 0
aborting path on assume(false) at file /home/runner/work/kani/kani/library/kani/src/lib.rs line 57 column 1 function <usize as kani::rustc_intrinsics::ToISize>::to_isize thread 0
Unwinding loop _RNvXs3_NtNtCsci0VKyKEi6N_4core4hash3sipINtB5_6HasherNtB5_11Sip13RoundsENtB7_6Hasher5writeCs27UYLqoUkb6_4redb.0 iteration 10 file /home/runner/.rustup/toolchains/nightly-2025-11-21-x86_64-unknown-linux-gnu/lib/rustlib/src/rust/library/core/src/hash/sip.rs line 281 column 9 function <core::hash::sip::Hasher<core::hash::sip::Sip13Rounds> as std::hash::Hasher>::write thread 0
aborting path on assume(false) at file /home/runner/work/kani/kani/library/kani_core/src/models.rs line 176 column 17 function <usize as kani::rustc_intrinsics::ToISize>::to_isize thread 0
aborting path on assume(false) at file /home/runner/work/kani/kani/library/kani/src/lib.rs line 57 column 1 function <usize as kani::rustc_intrinsics::ToISize>::to_isize thread 0
aborting path on assume(false) at file /home/runner/work/kani/kani/library/kani/src/lib.rs line 57 column 1 function <usize as kani::rustc_intrinsics::ToISize>::to_isize thread 0
Unwinding loop _RNvXs3_NtNtCsci0VKyKEi6N_4core4hash3sipINtB5_6HasherNtB5_11Sip13RoundsENtB7_6Hasher5writeCs27UYLqoUkb6_4redb.0 iteration 11 file /home/runner/.rustup/toolchains/nightly-2025-11-21-x86_64-unknown-linux-gnu/lib/rustlib/src/rust/library/core/src/hash/sip.rs line 281 column 9 function <core::hash::sip::Hasher<core::hash::sip::Sip13Rounds> as std::hash::Hasher>::write thread 0
aborting path on assume(false) at file /home/runner/work/kani/kani/library/kani_core/src/models.rs line 176 column 17 function <usize as kani::rustc_intrinsics::ToISize>::to_isize thread 0
aborting path on assume(false) at file /home/runner/work/kani/kani/library/kani/src/lib.rs line 57 column 1 function <usize as kani::rustc_intrinsics::ToISize>::to_isize thread 0
aborting path on assume(false) at file /home/runner/work/kani/kani/library/kani/src/lib.rs line 57 column 1 function <usize as kani::rustc_intrinsics::ToISize>::to_isize thread 0
Unwinding loop _RNvXs3_NtNtCsci0VKyKEi6N_4core4hash3sipINtB5_6HasherNtB5_11Sip13RoundsENtB7_6Hasher5writeCs27UYLqoUkb6_4redb.0 iteration 12 file /home/runner/.rustup/toolchains/nightly-2025-11-21-x86_64-unknown-linux-gnu/lib/rustlib/src/rust/library/core/src/hash/sip.rs line 281 column 9 function <core::hash::sip::Hasher<core::hash::sip::Sip13Rounds> as std::hash::Hasher>::write thread 0
aborting path on assume(false) at file /home/runner/work/kani/kani/library/kani_core/src/models.rs line 176 column 17 function <usize as kani::rustc_intrinsics::ToISize>::to_isize thread 0
aborting path on assume(false) at file /home/runner/work/kani/kani/library/kani/src/lib.rs line 57 column 1 function <usize as kani::rustc_intrinsics::ToISize>::to_isize thread 0
aborting path on assume(false) at file /home/runner/work/kani/kani/library/kani/src/lib.rs line 57 column 1 function <usize as kani::rustc_intrinsics::ToISize>::to_isize thread 0
Unwinding loop _RNvXs3_NtNtCsci0VKyKEi6N_4core4hash3sipINtB5_6HasherNtB5_11Sip13RoundsENtB7_6Hasher5writeCs27UYLqoUkb6_4redb.0 iteration 13 file /home/runner/.rustup/toolchains/nightly-2025-11-21-x86_64-unknown-linux-gnu/lib/rustlib/src/rust/library/core/src/hash/sip.rs line 281 column 9 function <core::hash::sip::Hasher<core::hash::sip::Sip13Rounds> as std::hash::Hasher>::write thread 0
aborting path on assume(false) at file /home/runner/work/kani/kani/library/kani_core/src/models.rs line 176 column 17 function <usize as kani::rustc_intrinsics::ToISize>::to_isize thread 0
aborting path on assume(false) at file /home/runner/work/kani/kani/library/kani/src/lib.rs line 57 column 1 function <usize as kani::rustc_intrinsics::ToISize>::to_isize thread 0
aborting path on assume(false) at file /home/runner/work/kani/kani/library/kani/src/lib.rs line 57 column 1 function <usize as kani::rustc_intrinsics::ToISize>::to_isize thread 0
Unwinding loop _RNvXs3_NtNtCsci0VKyKEi6N_4core4hash3sipINtB5_6HasherNtB5_11Sip13RoundsENtB7_6Hasher5writeCs27UYLqoUkb6_4redb.0 iteration 14 file /home/runner/.rustup/toolchains/nightly-2025-11-21-x86_64-unknown-linux-gnu/lib/rustlib/src/rust/library/core/src/hash/sip.rs line 281 column 9 function <core::hash::sip::Hasher<core::hash::sip::Sip13Rounds> as std::hash::Hasher>::write thread 0
aborting path on assume(false) at file /home/runner/work/kani/kani/library/kani_core/src/models.rs line 176 column 17 function <usize as kani::rustc_intrinsics::ToISize>::to_isize thread 0
aborting path on assume(false) at file /home/runner/work/kani/kani/library/kani/src/lib.rs line 57 column 1 function <usize as kani::rustc_intrinsics::ToISize>::to_isize thread 0
aborting path on assume(false) at file /home/runner/work/kani/kani/library/kani/src/lib.rs line 57 column 1 function <usize as kani::rustc_intrinsics::ToISize>::to_isize thread 0
Unwinding loop _RNvXs3_NtNtCsci0VKyKEi6N_4core4hash3sipINtB5_6HasherNtB5_11Sip13RoundsENtB7_6Hasher5writeCs27UYLqoUkb6_4redb.0 iteration 15 file /home/runner/.rustup/toolchains/nightly-2025-11-21-x86_64-unknown-linux-gnu/lib/rustlib/src/rust/library/core/src/hash/sip.rs line 281 column 9 function <core::hash::sip::Hasher<core::hash::sip::Sip13Rounds> as std::hash::Hasher>::write thread 0
aborting path on assume(false) at file /home/runner/work/kani/kani/library/kani_core/src/models.rs line 176 column 17 function <usize as kani::rustc_intrinsics::ToISize>::to_isize thread 0
aborting path on assume(false) at file /home/runner/work/kani/kani/library/kani/src/lib.rs line 57 column 1 function <usize as kani::rustc_intrinsics::ToISize>::to_isize thread 0
aborting path on assume(false) at file /home/runner/work/kani/kani/library/kani/src/lib.rs line 57 column 1 function <usize as kani::rustc_intrinsics::ToISize>::to_isize thread 0
Not unwinding loop _RNvXs3_NtNtCsci0VKyKEi6N_4core4hash3sipINtB5_6HasherNtB5_11Sip13RoundsENtB7_6Hasher5writeCs27UYLqoUkb6_4redb.0 iteration 16 file /home/runner/.rustup/toolchains/nightly-2025-11-21-x86_64-unknown-linux-gnu/lib/rustlib/src/rust/library/core/src/hash/sip.rs line 281 column 9 function <core::hash::sip::Hasher<core::hash::sip::Sip13Rounds> as std::hash::Hasher>::write thread 0
aborting path on assume(false) at file /home/runner/work/kani/kani/library/kani_core/src/models.rs line 176 column 17 function <usize as kani::rustc_intrinsics::ToISize>::to_isize thread 0
aborting path on assume(false) at file /home/runner/work/kani/kani/library/kani/src/lib.rs line 57 column 1 function <usize as kani::rustc_intrinsics::ToISize>::to_isize thread 0
aborting path on assume(false) at file /home/runner/work/kani/kani/library/kani/src/lib.rs line 57 column 1 function <usize as kani::rustc_intrinsics::ToISize>::to_isize thread 0
aborting path on assume(false) at file /home/runner/work/kani/kani/library/kani_core/src/models.rs line 176 column 17 function <usize as kani::rustc_intrinsics::ToISize>::to_isize thread 0
aborting path on assume(false) at file /home/runner/work/kani/kani/library/kani/src/lib.rs line 57 column 1 function <usize as kani::rustc_intrinsics::ToISize>::to_isize thread 0
aborting path on assume(false) at file /home/runner/work/kani/kani/library/kani/src/lib.rs line 57 column 1 function <usize as kani::rustc_intrinsics::ToISize>::to_isize thread 0
aborting path on assume(false) at file /home/runner/work/kani/kani/library/kani/src/lib.rs line 57 column 1 function kani::mem::cbmc::same_allocation thread 0
aborting path on assume(false) at file /home/runner/work/kani/kani/library/kani/src/lib.rs line 57 column 1 function kani::mem::cbmc::same_allocation thread 0
Unwinding loop _RNvXs3_NtNtCsci0VKyKEi6N_4core4hash3sipINtB5_6HasherNtB5_11Sip13RoundsENtB7_6Hasher5writeCs27UYLqoUkb6_4redb.0 iteration 1 file /home/runner/.rustup/toolchains/nightly-2025-11-21-x86_64-unknown-linux-gnu/lib/rustlib/src/rust/library/core/src/hash/sip.rs line 281 column 9 function <core::hash::sip::Hasher<core::hash::sip::Sip13Rounds> as std::hash::Hasher>::write thread 0
aborting path on assume(false) at file /home/runner/work/kani/kani/library/kani/src/lib.rs line 57 column 1 function kani::mem::cbmc::same_allocation thread 0
Unwinding loop _RNvXs3_NtNtCsci0VKyKEi6N_4core4hash3sipINtB5_6HasherNtB5_11Sip13RoundsENtB7_6Hasher5writeCs27UYLqoUkb6_4redb.0 iteration 2 file /home/runner/.rustup/toolchains/nightly-2025-11-21-x86_64-unknown-linux-gnu/lib/rustlib/src/rust/library/core/src/hash/sip.rs line 281 column 9 function <core::hash::sip::Hasher<core::hash::sip::Sip13Rounds> as std::hash::Hasher>::write thread 0
aborting path on assume(false) at file /home/runner/work/kani/kani/library/kani/src/lib.rs line 57 column 1 function kani::mem::cbmc::same_allocation thread 0
Unwinding loop _RNvXs3_NtNtCsci0VKyKEi6N_4core4hash3sipINtB5_6HasherNtB5_11Sip13RoundsENtB7_6Hasher5writeCs27UYLqoUkb6_4redb.0 iteration 3 file /home/runner/.rustup/toolchains/nightly-2025-11-21-x86_64-unknown-linux-gnu/lib/rustlib/src/rust/library/core/src/hash/sip.rs line 281 column 9 function <core::hash::sip::Hasher<core::hash::sip::Sip13Rounds> as std::hash::Hasher>::write thread 0
aborting path on assume(false) at file /home/runner/work/kani/kani/library/kani/src/lib.rs line 57 column 1 function kani::mem::cbmc::same_allocation thread 0
Unwinding loop _RNvXs3_NtNtCsci0VKyKEi6N_4core4hash3sipINtB5_6HasherNtB5_11Sip13RoundsENtB7_6Hasher5writeCs27UYLqoUkb6_4redb.0 iteration 4 file /home/runner/.rustup/toolchains/nightly-2025-11-21-x86_64-unknown-linux-gnu/lib/rustlib/src/rust/library/core/src/hash/sip.rs line 281 column 9 function <core::hash::sip::Hasher<core::hash::sip::Sip13Rounds> as std::hash::Hasher>::write thread 0
aborting path on assume(false) at file /home/runner/work/kani/kani/library/kani/src/lib.rs line 57 column 1 function kani::mem::cbmc::same_allocation thread 0
Unwinding loop _RNvXs3_NtNtCsci0VKyKEi6N_4core4hash3sipINtB5_6HasherNtB5_11Sip13RoundsENtB7_6Hasher5writeCs27UYLqoUkb6_4redb.0 iteration 5 file /home/runner/.rustup/toolchains/nightly-2025-11-21-x86_64-unknown-linux-gnu/lib/rustlib/src/rust/library/core/src/hash/sip.rs line 281 column 9 function <core::hash::sip::Hasher<core::hash::sip::Sip13Rounds> as std::hash::Hasher>::write thread 0
aborting path on assume(false) at file /home/runner/work/kani/kani/library/kani/src/lib.rs line 57 column 1 function kani::mem::cbmc::same_allocation thread 0
Unwinding loop _RNvXs3_NtNtCsci0VKyKEi6N_4core4hash3sipINtB5_6HasherNtB5_11Sip13RoundsENtB7_6Hasher5writeCs27UYLqoUkb6_4redb.0 iteration 6 file /home/runner/.rustup/toolchains/nightly-2025-11-21-x86_64-unknown-linux-gnu/lib/rustlib/src/rust/library/core/src/hash/sip.rs line 281 column 9 function <core::hash::sip::Hasher<core::hash::sip::Sip13Rounds> as std::hash::Hasher>::write thread 0
aborting path on assume(false) at file /home/runner/work/kani/kani/library/kani/src/lib.rs line 57 column 1 function kani::mem::cbmc::same_allocation thread 0
Unwinding loop _RNvXs3_NtNtCsci0VKyKEi6N_4core4hash3sipINtB5_6HasherNtB5_11Sip13RoundsENtB7_6Hasher5writeCs27UYLqoUkb6_4redb.0 iteration 7 file /home/runner/.rustup/toolchains/nightly-2025-11-21-x86_64-unknown-linux-gnu/lib/rustlib/src/rust/library/core/src/hash/sip.rs line 281 column 9 function <core::hash::sip::Hasher<core::hash::sip::Sip13Rounds> as std::hash::Hasher>::write thread 0
aborting path on assume(false) at file /home/runner/work/kani/kani/library/kani/src/lib.rs line 57 column 1 function kani::mem::cbmc::same_allocation thread 0
Unwinding loop _RNvXs3_NtNtCsci0VKyKEi6N_4core4hash3sipINtB5_6HasherNtB5_11Sip13RoundsENtB7_6Hasher5writeCs27UYLqoUkb6_4redb.0 iteration 8 file /home/runner/.rustup/toolchains/nightly-2025-11-21-x86_64-unknown-linux-gnu/lib/rustlib/src/rust/library/core/src/hash/sip.rs line 281 column 9 function <core::hash::sip::Hasher<core::hash::sip::Sip13Rounds> as std::hash::Hasher>::write thread 0
aborting path on assume(false) at file /home/runner/work/kani/kani/library/kani/src/lib.rs line 57 column 1 function kani::mem::cbmc::same_allocation thread 0
Unwinding loop _RNvXs3_NtNtCsci0VKyKEi6N_4core4hash3sipINtB5_6HasherNtB5_11Sip13RoundsENtB7_6Hasher5writeCs27UYLqoUkb6_4redb.0 iteration 9 file /home/runner/.rustup/toolchains/nightly-2025-11-21-x86_64-unknown-linux-gnu/lib/rustlib/src/rust/library/core/src/hash/sip.rs line 281 column 9 function <core::hash::sip::Hasher<core::hash::sip::Sip13Rounds> as std::hash::Hasher>::write thread 0
aborting path on assume(false) at file /home/runner/work/kani/kani/library/kani/src/lib.rs line 57 column 1 function kani::mem::cbmc::same_allocation thread 0
Unwinding loop _RNvXs3_NtNtCsci0VKyKEi6N_4core4hash3sipINtB5_6HasherNtB5_11Sip13RoundsENtB7_6Hasher5writeCs27UYLqoUkb6_4redb.0 iteration 10 file /home/runner/.rustup/toolchains/nightly-2025-11-21-x86_64-unknown-linux-gnu/lib/rustlib/src/rust/library/core/src/hash/sip.rs line 281 column 9 function <core::hash::sip::Hasher<core::hash::sip::Sip13Rounds> as std::hash::Hasher>::write thread 0
aborting path on assume(false) at file /home/runner/work/kani/kani/library/kani/src/lib.rs line 57 column 1 function kani::mem::cbmc::same_allocation thread 0
Unwinding loop _RNvXs3_NtNtCsci0VKyKEi6N_4core4hash3sipINtB5_6HasherNtB5_11Sip13RoundsENtB7_6Hasher5writeCs27UYLqoUkb6_4redb.0 iteration 11 file /home/runner/.rustup/toolchains/nightly-2025-11-21-x86_64-unknown-linux-gnu/lib/rustlib/src/rust/library/core/src/hash/sip.rs line 281 column 9 function <core::hash::sip::Hasher<core::hash::sip::Sip13Rounds> as std::hash::Hasher>::write thread 0
aborting path on assume(false) at file /home/runner/work/kani/kani/library/kani/src/lib.rs line 57 column 1 function kani::mem::cbmc::same_allocation thread 0
Unwinding loop _RNvXs3_NtNtCsci0VKyKEi6N_4core4hash3sipINtB5_6HasherNtB5_11Sip13RoundsENtB7_6Hasher5writeCs27UYLqoUkb6_4redb.0 iteration 12 file /home/runner/.rustup/toolchains/nightly-2025-11-21-x86_64-unknown-linux-gnu/lib/rustlib/src/rust/library/core/src/hash/sip.rs line 281 column 9 function <core::hash::sip::Hasher<core::hash::sip::Sip13Rounds> as std::hash::Hasher>::write thread 0
aborting path on assume(false) at file /home/runner/work/kani/kani/library/kani/src/lib.rs line 57 column 1 function kani::mem::cbmc::same_allocation thread 0
Unwinding loop _RNvXs3_NtNtCsci0VKyKEi6N_4core4hash3sipINtB5_6HasherNtB5_11Sip13RoundsENtB7_6Hasher5writeCs27UYLqoUkb6_4redb.0 iteration 13 file /home/runner/.rustup/toolchains/nightly-2025-11-21-x86_64-unknown-linux-gnu/lib/rustlib/src/rust/library/core/src/hash/sip.rs line 281 column 9 function <core::hash::sip::Hasher<core::hash::sip::Sip13Rounds> as std::hash::Hasher>::write thread 0
aborting path on assume(false) at file /home/runner/work/kani/kani/library/kani/src/lib.rs line 57 column 1 function kani::mem::cbmc::same_allocation thread 0
Unwinding loop _RNvXs3_NtNtCsci0VKyKEi6N_4core4hash3sipINtB5_6HasherNtB5_11Sip13RoundsENtB7_6Hasher5writeCs27UYLqoUkb6_4redb.0 iteration 14 file /home/runner/.rustup/toolchains/nightly-2025-11-21-x86_64-unknown-linux-gnu/lib/rustlib/src/rust/library/core/src/hash/sip.rs line 281 column 9 function <core::hash::sip::Hasher<core::hash::sip::Sip13Rounds> as std::hash::Hasher>::write thread 0
aborting path on assume(false) at file /home/runner/work/kani/kani/library/kani/src/lib.rs line 57 column 1 function kani::mem::cbmc::same_allocation thread 0
Unwinding loop _RNvXs3_NtNtCsci0VKyKEi6N_4core4hash3sipINtB5_6HasherNtB5_11Sip13RoundsENtB7_6Hasher5writeCs27UYLqoUkb6_4redb.0 iteration 15 file /home/runner/.rustup/toolchains/nightly-2025-11-21-x86_64-unknown-linux-gnu/lib/rustlib/src/rust/library/core/src/hash/sip.rs line 281 column 9 function <core::hash::sip::Hasher<core::hash::sip::Sip13Rounds> as std::hash::Hasher>::write thread 0
aborting path on assume(false) at file /home/runner/work/kani/kani/library/kani/src/lib.rs line 57 column 1 function kani::mem::cbmc::same_allocation thread 0
Not unwinding loop _RNvXs3_NtNtCsci0VKyKEi6N_4core4hash3sipINtB5_6HasherNtB5_11Sip13RoundsENtB7_6Hasher5writeCs27UYLqoUkb6_4redb.0 iteration 16 file /home/runner/.rustup/toolchains/nightly-2025-11-21-x86_64-unknown-linux-gnu/lib/rustlib/src/rust/library/core/src/hash/sip.rs line 281 column 9 function <core::hash::sip::Hasher<core::hash::sip::Sip13Rounds> as std::hash::Hasher>::write thread 0
aborting path on assume(false) at file /home/runner/work/kani/kani/library/kani_core/src/models.rs line 176 column 17 function <usize as kani::rustc_intrinsics::ToISize>::to_isize thread 0
aborting path on assume(false) at file /home/runner/work/kani/kani/library/kani/src/lib.rs line 57 column 1 function <usize as kani::rustc_intrinsics::ToISize>::to_isize thread 0
aborting path on assume(false) at file /home/runner/work/kani/kani/library/kani/src/lib.rs line 57 column 1 function <usize as kani::rustc_intrinsics::ToISize>::to_isize thread 0
aborting path on assume(false) at file /home/runner/work/kani/kani/library/kani/src/lib.rs line 57 column 1 function kani::mem::cbmc::same_allocation thread 0
aborting path on assume(false) at file /home/runner/work/kani/kani/library/kani_core/src/models.rs line 176 column 17 function <usize as kani::rustc_intrinsics::ToISize>::to_isize thread 0
aborting path on assume(false) at file /home/runner/work/kani/kani/library/kani/src/lib.rs line 57 column 1 function <usize as kani::rustc_intrinsics::ToISize>::to_isize thread 0
aborting path on assume(false) at file /home/runner/work/kani/kani/library/kani/src/lib.rs line 57 column 1 function <usize as kani::rustc_intrinsics::ToISize>::to_isize thread 0
aborting path on assume(false) at file /home/runner/work/kani/kani/library/kani/src/lib.rs line 57 column 1 function kani::mem::cbmc::same_allocation thread 0
aborting path on assume(false) at file /home/runner/work/kani/kani/library/kani_core/src/models.rs line 176 column 17 function <usize as kani::rustc_intrinsics::ToISize>::to_isize thread 0
aborting path on assume(false) at file /home/runner/work/kani/kani/library/kani/src/lib.rs line 57 column 1 function <usize as kani::rustc_intrinsics::ToISize>::to_isize thread 0
aborting path on assume(false) at file /home/runner/work/kani/kani/library/kani/src/lib.rs line 57 column 1 function <usize as kani::rustc_intrinsics::ToISize>::to_isize thread 0
aborting path on assume(false) at file /home/runner/work/kani/kani/library/kani_core/src/models.rs line 176 column 17 function <usize as kani::rustc_intrinsics::ToISize>::to_isize thread 0
aborting path on assume(false) at file /home/runner/work/kani/kani/library/kani/src/lib.rs line 57 column 1 function <usize as kani::rustc_intrinsics::ToISize>::to_isize thread 0
aborting path on assume(false) at file /home/runner/work/kani/kani/library/kani/src/lib.rs line 57 column 1 function <usize as kani::rustc_intrinsics::ToISize>::to_isize thread 0
Unwinding loop _RNvXs3_NtNtCsci0VKyKEi6N_4core4hash3sipINtB5_6HasherNtB5_11Sip13RoundsENtB7_6Hasher5writeCs27UYLqoUkb6_4redb.0 iteration 1 file /home/runner/.rustup/toolchains/nightly-2025-11-21-x86_64-unknown-linux-gnu/lib/rustlib/src/rust/library/core/src/hash/sip.rs line 281 column 9 function <core::hash::sip::Hasher<core::hash::sip::Sip13Rounds> as std::hash::Hasher>::write thread 0
aborting path on assume(false) at file /home/runner/work/kani/kani/library/kani_core/src/models.rs line 176 column 17 function <usize as kani::rustc_intrinsics::ToISize>::to_isize thread 0
aborting path on assume(false) at file /home/runner/work/kani/kani/library/kani/src/lib.rs line 57 column 1 function <usize as kani::rustc_intrinsics::ToISize>::to_isize thread 0
aborting path on assume(false) at file /home/runner/work/kani/kani/library/kani/src/lib.rs line 57 column 1 function <usize as kani::rustc_intrinsics::ToISize>::to_isize thread 0
Unwinding loop _RNvXs3_NtNtCsci0VKyKEi6N_4core4hash3sipINtB5_6HasherNtB5_11Sip13RoundsENtB7_6Hasher5writeCs27UYLqoUkb6_4redb.0 iteration 2 file /home/runner/.rustup/toolchains/nightly-2025-11-21-x86_64-unknown-linux-gnu/lib/rustlib/src/rust/library/core/src/hash/sip.rs line 281 column 9 function <core::hash::sip::Hasher<core::hash::sip::Sip13Rounds> as std::hash::Hasher>::write thread 0
aborting path on assume(false) at file /home/runner/work/kani/kani/library/kani_core/src/models.rs line 176 column 17 function <usize as kani::rustc_intrinsics::ToISize>::to_isize thread 0
aborting path on assume(false) at file /home/runner/work/kani/kani/library/kani/src/lib.rs line 57 column 1 function <usize as kani::rustc_intrinsics::ToISize>::to_isize thread 0
aborting path on assume(false) at file /home/runner/work/kani/kani/library/kani/src/lib.rs line 57 column 1 function <usize as kani::rustc_intrinsics::ToISize>::to_isize thread 0
Unwinding loop _RNvXs3_NtNtCsci0VKyKEi6N_4core4hash3sipINtB5_6HasherNtB5_11Sip13RoundsENtB7_6Hasher5writeCs27UYLqoUkb6_4redb.0 iteration 3 file /home/runner/.rustup/toolchains/nightly-2025-11-21-x86_64-unknown-linux-gnu/lib/rustlib/src/rust/library/core/src/hash/sip.rs line 281 column 9 function <core::hash::sip::Hasher<core::hash::sip::Sip13Rounds> as std::hash::Hasher>::write thread 0
aborting path on assume(false) at file /home/runner/work/kani/kani/library/kani_core/src/models.rs line 176 column 17 function <usize as kani::rustc_intrinsics::ToISize>::to_isize thread 0
aborting path on assume(false) at file /home/runner/work/kani/kani/library/kani/src/lib.rs line 57 column 1 function <usize as kani::rustc_intrinsics::ToISize>::to_isize thread 0
aborting path on assume(false) at file /home/runner/work/kani/kani/library/kani/src/lib.rs line 57 column 1 function <usize as kani::rustc_intrinsics::ToISize>::to_isize thread 0
Unwinding loop _RNvXs3_NtNtCsci0VKyKEi6N_4core4hash3sipINtB5_6HasherNtB5_11Sip13RoundsENtB7_6Hasher5writeCs27UYLqoUkb6_4redb.0 iteration 4 file /home/runner/.rustup/toolchains/nightly-2025-11-21-x86_64-unknown-linux-gnu/lib/rustlib/src/rust/library/core/src/hash/sip.rs line 281 column 9 function <core::hash::sip::Hasher<core::hash::sip::Sip13Rounds> as std::hash::Hasher>::write thread 0
aborting path on assume(false) at file /home/runner/work/kani/kani/library/kani_core/src/models.rs line 176 column 17 function <usize as kani::rustc_intrinsics::ToISize>::to_isize thread 0
aborting path on assume(false) at file /home/runner/work/kani/kani/library/kani/src/lib.rs line 57 column 1 function <usize as kani::rustc_intrinsics::ToISize>::to_isize thread 0
aborting path on assume(false) at file /home/runner/work/kani/kani/library/kani/src/lib.rs line 57 column 1 function <usize as kani::rustc_intrinsics::ToISize>::to_isize thread 0
Unwinding loop _RNvXs3_NtNtCsci0VKyKEi6N_4core4hash3sipINtB5_6HasherNtB5_11Sip13RoundsENtB7_6Hasher5writeCs27UYLqoUkb6_4redb.0 iteration 5 file /home/runner/.rustup/toolchains/nightly-2025-11-21-x86_64-unknown-linux-gnu/lib/rustlib/src/rust/library/core/src/hash/sip.rs line 281 column 9 function <core::hash::sip::Hasher<core::hash::sip::Sip13Rounds> as std::hash::Hasher>::write thread 0
aborting path on assume(false) at file /home/runner/work/kani/kani/library/kani_core/src/models.rs line 176 column 17 function <usize as kani::rustc_intrinsics::ToISize>::to_isize thread 0
aborting path on assume(false) at file /home/runner/work/kani/kani/library/kani/src/lib.rs line 57 column 1 function <usize as kani::rustc_intrinsics::ToISize>::to_isize thread 0
aborting path on assume(false) at file /home/runner/work/kani/kani/library/kani/src/lib.rs line 57 column 1 function <usize as kani::rustc_intrinsics::ToISize>::to_isize thread 0
Unwinding loop _RNvXs3_NtNtCsci0VKyKEi6N_4core4hash3sipINtB5_6HasherNtB5_11Sip13RoundsENtB7_6Hasher5writeCs27UYLqoUkb6_4redb.0 iteration 6 file /home/runner/.rustup/toolchains/nightly-2025-11-21-x86_64-unknown-linux-gnu/lib/rustlib/src/rust/library/core/src/hash/sip.rs line 281 column 9 function <core::hash::sip::Hasher<core::hash::sip::Sip13Rounds> as std::hash::Hasher>::write thread 0
aborting path on assume(false) at file /home/runner/work/kani/kani/library/kani_core/src/models.rs line 176 column 17 function <usize as kani::rustc_intrinsics::ToISize>::to_isize thread 0
aborting path on assume(false) at file /home/runner/work/kani/kani/library/kani/src/lib.rs line 57 column 1 function <usize as kani::rustc_intrinsics::ToISize>::to_isize thread 0
aborting path on assume(false) at file /home/runner/work/kani/kani/library/kani/src/lib.rs line 57 column 1 function <usize as kani::rustc_intrinsics::ToISize>::to_isize thread 0
Unwinding loop _RNvXs3_NtNtCsci0VKyKEi6N_4core4hash3sipINtB5_6HasherNtB5_11Sip13RoundsENtB7_6Hasher5writeCs27UYLqoUkb6_4redb.0 iteration 7 file /home/runner/.rustup/toolchains/nightly-2025-11-21-x86_64-unknown-linux-gnu/lib/rustlib/src/rust/library/core/src/hash/sip.rs line 281 column 9 function <core::hash::sip::Hasher<core::hash::sip::Sip13Rounds> as std::hash::Hasher>::write thread 0
aborting path on assume(false) at file /home/runner/work/kani/kani/library/kani_core/src/models.rs line 176 column 17 function <usize as kani::rustc_intrinsics::ToISize>::to_isize thread 0
aborting path on assume(false) at file /home/runner/work/kani/kani/library/kani/src/lib.rs line 57 column 1 function <usize as kani::rustc_intrinsics::ToISize>::to_isize thread 0
aborting path on assume(false) at file /home/runner/work/kani/kani/library/kani/src/lib.rs line 57 column 1 function <usize as kani::rustc_intrinsics::ToISize>::to_isize thread 0
Unwinding loop _RNvXs3_NtNtCsci0VKyKEi6N_4core4hash3sipINtB5_6HasherNtB5_11Sip13RoundsENtB7_6Hasher5writeCs27UYLqoUkb6_4redb.0 iteration 8 file /home/runner/.rustup/toolchains/nightly-2025-11-21-x86_64-unknown-linux-gnu/lib/rustlib/src/rust/library/core/src/hash/sip.rs line 281 column 9 function <core::hash::sip::Hasher<core::hash::sip::Sip13Rounds> as std::hash::Hasher>::write thread 0
aborting path on assume(false) at file /home/runner/work/kani/kani/library/kani_core/src/models.rs line 176 column 17 function <usize as kani::rustc_intrinsics::ToISize>::to_isize thread 0
aborting path on assume(false) at file /home/runner/work/kani/kani/library/kani/src/lib.rs line 57 column 1 function <usize as kani::rustc_intrinsics::ToISize>::to_isize thread 0
aborting path on assume(false) at file /home/runner/work/kani/kani/library/kani/src/lib.rs line 57 column 1 function <usize as kani::rustc_intrinsics::ToISize>::to_isize thread 0
Unwinding loop _RNvXs3_NtNtCsci0VKyKEi6N_4core4hash3sipINtB5_6HasherNtB5_11Sip13RoundsENtB7_6Hasher5writeCs27UYLqoUkb6_4redb.0 iteration 9 file /home/runner/.rustup/toolchains/nightly-2025-11-21-x86_64-unknown-linux-gnu/lib/rustlib/src/rust/library/core/src/hash/sip.rs line 281 column 9 function <core::hash::sip::Hasher<core::hash::sip::Sip13Rounds> as std::hash::Hasher>::write thread 0
aborting path on assume(false) at file /home/runner/work/kani/kani/library/kani_core/src/models.rs line 176 column 17 function <usize as kani::rustc_intrinsics::ToISize>::to_isize thread 0
aborting path on assume(false) at file /home/runner/work/kani/kani/library/kani/src/lib.rs line 57 column 1 function <usize as kani::rustc_intrinsics::ToISize>::to_isize thread 0
aborting path on assume(false) at file /home/runner/work/kani/kani/library/kani/src/lib.rs line 57 column 1 function <usize as kani::rustc_intrinsics::ToISize>::to_isize thread 0
Unwinding loop _RNvXs3_NtNtCsci0VKyKEi6N_4core4hash3sipINtB5_6HasherNtB5_11Sip13RoundsENtB7_6Hasher5writeCs27UYLqoUkb6_4redb.0 iteration 10 file /home/runner/.rustup/toolchains/nightly-2025-11-21-x86_64-unknown-linux-gnu/lib/rustlib/src/rust/library/core/src/hash/sip.rs line 281 column 9 function <core::hash::sip::Hasher<core::hash::sip::Sip13Rounds> as std::hash::Hasher>::write thread 0
aborting path on assume(false) at file /home/runner/work/kani/kani/library/kani_core/src/models.rs line 176 column 17 function <usize as kani::rustc_intrinsics::ToISize>::to_isize thread 0
aborting path on assume(false) at file /home/runner/work/kani/kani/library/kani/src/lib.rs line 57 column 1 function <usize as kani::rustc_intrinsics::ToISize>::to_isize thread 0
aborting path on assume(false) at file /home/runner/work/kani/kani/library/kani/src/lib.rs line 57 column 1 function <usize as kani::rustc_intrinsics::ToISize>::to_isize thread 0
Unwinding loop _RNvXs3_NtNtCsci0VKyKEi6N_4core4hash3sipINtB5_6HasherNtB5_11Sip13RoundsENtB7_6Hasher5writeCs27UYLqoUkb6_4redb.0 iteration 11 file /home/runner/.rustup/toolchains/nightly-2025-11-21-x86_64-unknown-linux-gnu/lib/rustlib/src/rust/library/core/src/hash/sip.rs line 281 column 9 function <core::hash::sip::Hasher<core::hash::sip::Sip13Rounds> as std::hash::Hasher>::write thread 0
aborting path on assume(false) at file /home/runner/work/kani/kani/library/kani_core/src/models.rs line 176 column 17 function <usize as kani::rustc_intrinsics::ToISize>::to_isize thread 0
aborting path on assume(false) at file /home/runner/work/kani/kani/library/kani/src/lib.rs line 57 column 1 function <usize as kani::rustc_intrinsics::ToISize>::to_isize thread 0
aborting path on assume(false) at file /home/runner/work/kani/kani/library/kani/src/lib.rs line 57 column 1 function <usize as kani::rustc_intrinsics::ToISize>::to_isize thread 0
Unwinding loop _RNvXs3_NtNtCsci0VKyKEi6N_4core4hash3sipINtB5_6HasherNtB5_11Sip13RoundsENtB7_6Hasher5writeCs27UYLqoUkb6_4redb.0 iteration 12 file /home/runner/.rustup/toolchains/nightly-2025-11-21-x86_64-unknown-linux-gnu/lib/rustlib/src/rust/library/core/src/hash/sip.rs line 281 column 9 function <core::hash::sip::Hasher<core::hash::sip::Sip13Rounds> as std::hash::Hasher>::write thread 0
aborting path on assume(false) at file /home/runner/work/kani/kani/library/kani_core/src/models.rs line 176 column 17 function <usize as kani::rustc_intrinsics::ToISize>::to_isize thread 0
aborting path on assume(false) at file /home/runner/work/kani/kani/library/kani/src/lib.rs line 57 column 1 function <usize as kani::rustc_intrinsics::ToISize>::to_isize thread 0
aborting path on assume(false) at file /home/runner/work/kani/kani/library/kani/src/lib.rs line 57 column 1 function <usize as kani::rustc_intrinsics::ToISize>::to_isize thread 0
Unwinding loop _RNvXs3_NtNtCsci0VKyKEi6N_4core4hash3sipINtB5_6HasherNtB5_11Sip13RoundsENtB7_6Hasher5writeCs27UYLqoUkb6_4redb.0 iteration 13 file /home/runner/.rustup/toolchains/nightly-2025-11-21-x86_64-unknown-linux-gnu/lib/rustlib/src/rust/library/core/src/hash/sip.rs line 281 column 9 function <core::hash::sip::Hasher<core::hash::sip::Sip13Rounds> as std::hash::Hasher>::write thread 0
aborting path on assume(false) at file /home/runner/work/kani/kani/library/kani_core/src/models.rs line 176 column 17 function <usize as kani::rustc_intrinsics::ToISize>::to_isize thread 0
aborting path on assume(false) at file /home/runner/work/kani/kani/library/kani/src/lib.rs line 57 column 1 function <usize as kani::rustc_intrinsics::ToISize>::to_isize thread 0
aborting path on assume(false) at file /home/runner/work/kani/kani/library/kani/src/lib.rs line 57 column 1 function <usize as kani::rustc_intrinsics::ToISize>::to_isize thread 0
Unwinding loop _RNvXs3_NtNtCsci0VKyKEi6N_4core4hash3sipINtB5_6HasherNtB5_11Sip13RoundsENtB7_6Hasher5writeCs27UYLqoUkb6_4redb.0 iteration 14 file /home/runner/.rustup/toolchains/nightly-2025-11-21-x86_64-unknown-linux-gnu/lib/rustlib/src/rust/library/core/src/hash/sip.rs line 281 column 9 function <core::hash::sip::Hasher<core::hash::sip::Sip13Rounds> as std::hash::Hasher>::write thread 0
aborting path on assume(false) at file /home/runner/work/kani/kani/library/kani_core/src/models.rs line 176 column 17 function <usize as kani::rustc_intrinsics::ToISize>::to_isize thread 0
aborting path on assume(false) at file /home/runner/work/kani/kani/library/kani/src/lib.rs line 57 column 1 function <usize as kani::rustc_intrinsics::ToISize>::to_isize thread 0
aborting path on assume(false) at file /home/runner/work/kani/kani/library/kani/src/lib.rs line 57 column 1 function <usize as kani::rustc_intrinsics::ToISize>::to_isize thread 0
Unwinding loop _RNvXs3_NtNtCsci0VKyKEi6N_4core4hash3sipINtB5_6HasherNtB5_11Sip13RoundsENtB7_6Hasher5writeCs27UYLqoUkb6_4redb.0 iteration 15 file /home/runner/.rustup/toolchains/nightly-2025-11-21-x86_64-unknown-linux-gnu/lib/rustlib/src/rust/library/core/src/hash/sip.rs line 281 column 9 function <core::hash::sip::Hasher<core::hash::sip::Sip13Rounds> as std::hash::Hasher>::write thread 0
aborting path on assume(false) at file /home/runner/work/kani/kani/library/kani_core/src/models.rs line 176 column 17 function <usize as kani::rustc_intrinsics::ToISize>::to_isize thread 0
aborting path on assume(false) at file /home/runner/work/kani/kani/library/kani/src/lib.rs line 57 column 1 function <usize as kani::rustc_intrinsics::ToISize>::to_isize thread 0
aborting path on assume(false) at file /home/runner/work/kani/kani/library/kani/src/lib.rs line 57 column 1 function <usize as kani::rustc_intrinsics::ToISize>::to_isize thread 0
Not unwinding loop _RNvXs3_NtNtCsci0VKyKEi6N_4core4hash3sipINtB5_6HasherNtB5_11Sip13RoundsENtB7_6Hasher5writeCs27UYLqoUkb6_4redb.0 iteration 16 file /home/runner/.rustup/toolchains/nightly-2025-11-21-x86_64-unknown-linux-gnu/lib/rustlib/src/rust/library/core/src/hash/sip.rs line 281 column 9 function <core::hash::sip::Hasher<core::hash::sip::Sip13Rounds> as std::hash::Hasher>::write thread 0
aborting path on assume(false) at file /home/runner/work/kani/kani/library/kani_core/src/models.rs line 176 column 17 function <usize as kani::rustc_intrinsics::ToISize>::to_isize thread 0
aborting path on assume(false) at file /home/runner/work/kani/kani/library/kani/src/lib.rs line 57 column 1 function <usize as kani::rustc_intrinsics::ToISize>::to_isize thread 0
aborting path on assume(false) at file /home/runner/work/kani/kani/library/kani/src/lib.rs line 57 column 1 function <usize as kani::rustc_intrinsics::ToISize>::to_isize thread 0
aborting path on assume(false) at file /home/runner/work/kani/kani/library/kani_core/src/models.rs line 176 column 17 function <usize as kani::rustc_intrinsics::ToISize>::to_isize thread 0
aborting path on assume(false) at file /home/runner/work/kani/kani/library/kani/src/lib.rs line 57 column 1 function <usize as kani::rustc_intrinsics::ToISize>::to_isize thread 0
aborting path on assume(false) at file /home/runner/work/kani/kani/library/kani/src/lib.rs line 57 column 1 function <usize as kani::rustc_intrinsics::ToISize>::to_isize thread 0
aborting path on assume(false) at file /home/runner/.rustup/toolchains/nightly-2025-11-21-x86_64-unknown-linux-gnu/lib/rustlib/src/rust/library/core/src/slice/index.rs line 40 column 9 function core::slice::index::slice_index_fail::do_panic::runtime thread 0
aborting path on assume(false) at file /home/runner/.rustup/toolchains/nightly-2025-11-21-x86_64-unknown-linux-gnu/lib/rustlib/src/rust/library/core/src/intrinsics/mod.rs line 2449 column 9 function core::slice::index::slice_index_fail::do_panic thread 0
aborting path on assume(false) at file /home/runner/.rustup/toolchains/nightly-2025-11-21-x86_64-unknown-linux-gnu/lib/rustlib/src/rust/library/core/src/panic.rs line 178 column 9 function core::slice::index::slice_index_fail thread 0
aborting path on assume(false) at file /home/runner/.rustup/toolchains/nightly-2025-11-21-x86_64-unknown-linux-gnu/lib/rustlib/src/rust/library/core/src/slice/index.rs line 49 column 9 function core::slice::index::slice_index_fail::do_panic::runtime thread 0
aborting path on assume(false) at file /home/runner/.rustup/toolchains/nightly-2025-11-21-x86_64-unknown-linux-gnu/lib/rustlib/src/rust/library/core/src/intrinsics/mod.rs line 2449 column 9 function core::slice::index::slice_index_fail::do_panic thread 0
aborting path on assume(false) at file /home/runner/.rustup/toolchains/nightly-2025-11-21-x86_64-unknown-linux-gnu/lib/rustlib/src/rust/library/core/src/panic.rs line 178 column 9 function core::slice::index::slice_index_fail thread 0
aborting path on assume(false) at file /home/runner/.rustup/toolchains/nightly-2025-11-21-x86_64-unknown-linux-gnu/lib/rustlib/src/rust/library/core/src/slice/index.rs line 58 column 9 function core::slice::index::slice_index_fail::do_panic::runtime thread 0
aborting path on assume(false) at file /home/runner/.rustup/toolchains/nightly-2025-11-21-x86_64-unknown-linux-gnu/lib/rustlib/src/rust/library/core/src/intrinsics/mod.rs line 2449 column 9 function core::slice::index::slice_index_fail::do_panic thread 0
aborting path on assume(false) at file /home/runner/.rustup/toolchains/nightly-2025-11-21-x86_64-unknown-linux-gnu/lib/rustlib/src/rust/library/core/src/panic.rs line 178 column 9 function core::slice::index::slice_index_fail thread 0
aborting path on assume(false) at file /home/runner/.rustup/toolchains/nightly-2025-11-21-x86_64-unknown-linux-gnu/lib/rustlib/src/rust/library/core/src/slice/index.rs line 68 column 5 function core::slice::index::slice_index_fail::do_panic::runtime thread 0
aborting path on assume(false) at file /home/runner/.rustup/toolchains/nightly-2025-11-21-x86_64-unknown-linux-gnu/lib/rustlib/src/rust/library/core/src/intrinsics/mod.rs line 2449 column 9 function core::slice::index::slice_index_fail::do_panic thread 0
aborting path on assume(false) at file /home/runner/.rustup/toolchains/nightly-2025-11-21-x86_64-unknown-linux-gnu/lib/rustlib/src/rust/library/core/src/panic.rs line 178 column 9 function core::slice::index::slice_index_fail thread 0
aborting path on assume(false) at file /home/runner/.rustup/toolchains/nightly-2025-11-21-x86_64-unknown-linux-gnu/lib/rustlib/src/rust/library/core/src/slice/index.rs line 581 column 13 function <std::ops::RangeFrom<usize> as std::slice::SliceIndex<[u8]>>::index_mut thread 0
aborting path on assume(false) at file /home/runner/work/kani/kani/library/kani_core/src/models.rs line 176 column 17 function <usize as kani::rustc_intrinsics::ToISize>::to_isize thread 0
aborting path on assume(false) at file /home/runner/work/kani/kani/library/kani/src/lib.rs line 57 column 1 function <usize as kani::rustc_intrinsics::ToISize>::to_isize thread 0
aborting path on assume(false) at file /home/runner/work/kani/kani/library/kani/src/lib.rs line 57 column 1 function <usize as kani::rustc_intrinsics::ToISize>::to_isize thread 0
aborting path on assume(false) at file /home/runner/work/kani/kani/library/kani/src/lib.rs line 57 column 1 function kani::mem::cbmc::same_allocation thread 0
aborting path on assume(false) at file /home/runner/.rustup/toolchains/nightly-2025-11-21-x86_64-unknown-linux-gnu/lib/rustlib/src/rust/library/std/src/sys/random/linux.rs line 126 column 26 function std::sys::random::linux::getrandom thread 0
Unwinding loop _RNvNtNtNtCsh1i4bqfV5wd_3std3sys6random5linux9getrandom.0 iteration 5 file src/lib.rs line 0 column 0 function std::sys::random::linux::getrandom thread 0
aborting path on assume(false) at file /home/runner/.rustup/toolchains/nightly-2025-11-21-x86_64-unknown-linux-gnu/lib/rustlib/src/rust/library/std/src/sys/pal/unix/weak/syscall.rs line 7 column 9 function std::sys::random::linux::getrandom::getrandom thread 0
aborting path on assume(false) at file /home/runner/.cargo/registry/src/index.crates.io-1949cf8c6b5b557f/libc-0.2.177/src/unix/linux_like/linux/mod.rs line 6372 column 5 function std::sys::random::linux::getrandom::getrandom thread 0
aborting path on assume(false) at  thread 0
aborting path on assume(false) at file /home/runner/work/kani/kani/library/kani/src/lib.rs line 57 column 1 function kani::mem::cbmc::same_allocation thread 0
aborting path on assume(false) at file /home/runner/work/kani/kani/library/kani/src/lib.rs line 57 column 1 function kani::mem::cbmc::same_allocation thread 0
Unwinding loop _RNvXs3_NtNtCsci0VKyKEi6N_4core4hash3sipINtB5_6HasherNtB5_11Sip13RoundsENtB7_6Hasher5writeCs27UYLqoUkb6_4redb.0 iteration 1 file /home/runner/.rustup/toolchains/nightly-2025-11-21-x86_64-unknown-linux-gnu/lib/rustlib/src/rust/library/core/src/hash/sip.rs line 281 column 9 function <core::hash::sip::Hasher<core::hash::sip::Sip13Rounds> as std::hash::Hasher>::write thread 0
aborting path on assume(false) at file /home/runner/work/kani/kani/library/kani/src/lib.rs line 57 column 1 function kani::mem::cbmc::same_allocation thread 0
Unwinding loop _RNvXs3_NtNtCsci0VKyKEi6N_4core4hash3sipINtB5_6HasherNtB5_11Sip13RoundsENtB7_6Hasher5writeCs27UYLqoUkb6_4redb.0 iteration 2 file /home/runner/.rustup/toolchains/nightly-2025-11-21-x86_64-unknown-linux-gnu/lib/rustlib/src/rust/library/core/src/hash/sip.rs line 281 column 9 function <core::hash::sip::Hasher<core::hash::sip::Sip13Rounds> as std::hash::Hasher>::write thread 0
aborting path on assume(false) at file /home/runner/work/kani/kani/library/kani/src/lib.rs line 57 column 1 function kani::mem::cbmc::same_allocation thread 0
Unwinding loop _RNvXs3_NtNtCsci0VKyKEi6N_4core4hash3sipINtB5_6HasherNtB5_11Sip13RoundsENtB7_6Hasher5writeCs27UYLqoUkb6_4redb.0 iteration 3 file /home/runner/.rustup/toolchains/nightly-2025-11-21-x86_64-unknown-linux-gnu/lib/rustlib/src/rust/library/core/src/hash/sip.rs line 281 column 9 function <core::hash::sip::Hasher<core::hash::sip::Sip13Rounds> as std::hash::Hasher>::write thread 0
aborting path on assume(false) at file /home/runner/work/kani/kani/library/kani/src/lib.rs line 57 column 1 function kani::mem::cbmc::same_allocation thread 0
Unwinding loop _RNvXs3_NtNtCsci0VKyKEi6N_4core4hash3sipINtB5_6HasherNtB5_11Sip13RoundsENtB7_6Hasher5writeCs27UYLqoUkb6_4redb.0 iteration 4 file /home/runner/.rustup/toolchains/nightly-2025-11-21-x86_64-unknown-linux-gnu/lib/rustlib/src/rust/library/core/src/hash/sip.rs line 281 column 9 function <core::hash::sip::Hasher<core::hash::sip::Sip13Rounds> as std::hash::Hasher>::write thread 0
aborting path on assume(false) at file /home/runner/work/kani/kani/library/kani/src/lib.rs line 57 column 1 function kani::mem::cbmc::same_allocation thread 0
Unwinding loop _RNvXs3_NtNtCsci0VKyKEi6N_4core4hash3sipINtB5_6HasherNtB5_11Sip13RoundsENtB7_6Hasher5writeCs27UYLqoUkb6_4redb.0 iteration 5 file /home/runner/.rustup/toolchains/nightly-2025-11-21-x86_64-unknown-linux-gnu/lib/rustlib/src/rust/library/core/src/hash/sip.rs line 281 column 9 function <core::hash::sip::Hasher<core::hash::sip::Sip13Rounds> as std::hash::Hasher>::write thread 0
aborting path on assume(false) at file /home/runner/work/kani/kani/library/kani/src/lib.rs line 57 column 1 function kani::mem::cbmc::same_allocation thread 0
Unwinding loop _RNvXs3_NtNtCsci0VKyKEi6N_4core4hash3sipINtB5_6HasherNtB5_11Sip13RoundsENtB7_6Hasher5writeCs27UYLqoUkb6_4redb.0 iteration 6 file /home/runner/.rustup/toolchains/nightly-2025-11-21-x86_64-unknown-linux-gnu/lib/rustlib/src/rust/library/core/src/hash/sip.rs line 281 column 9 function <core::hash::sip::Hasher<core::hash::sip::Sip13Rounds> as std::hash::Hasher>::write thread 0
aborting path on assume(false) at file /home/runner/work/kani/kani/library/kani/src/lib.rs line 57 column 1 function kani::mem::cbmc::same_allocation thread 0
Unwinding loop _RNvXs3_NtNtCsci0VKyKEi6N_4core4hash3sipINtB5_6HasherNtB5_11Sip13RoundsENtB7_6Hasher5writeCs27UYLqoUkb6_4redb.0 iteration 7 file /home/runner/.rustup/toolchains/nightly-2025-11-21-x86_64-unknown-linux-gnu/lib/rustlib/src/rust/library/core/src/hash/sip.rs line 281 column 9 function <core::hash::sip::Hasher<core::hash::sip::Sip13Rounds> as std::hash::Hasher>::write thread 0
aborting path on assume(false) at file /home/runner/work/kani/kani/library/kani/src/lib.rs line 57 column 1 function kani::mem::cbmc::same_allocation thread 0
Unwinding loop _RNvXs3_NtNtCsci0VKyKEi6N_4core4hash3sipINtB5_6HasherNtB5_11Sip13RoundsENtB7_6Hasher5writeCs27UYLqoUkb6_4redb.0 iteration 8 file /home/runner/.rustup/toolchains/nightly-2025-11-21-x86_64-unknown-linux-gnu/lib/rustlib/src/rust/library/core/src/hash/sip.rs line 281 column 9 function <core::hash::sip::Hasher<core::hash::sip::Sip13Rounds> as std::hash::Hasher>::write thread 0
aborting path on assume(false) at file /home/runner/work/kani/kani/library/kani/src/lib.rs line 57 column 1 function kani::mem::cbmc::same_allocation thread 0
Unwinding loop _RNvXs3_NtNtCsci0VKyKEi6N_4core4hash3sipINtB5_6HasherNtB5_11Sip13RoundsENtB7_6Hasher5writeCs27UYLqoUkb6_4redb.0 iteration 9 file /home/runner/.rustup/toolchains/nightly-2025-11-21-x86_64-unknown-linux-gnu/lib/rustlib/src/rust/library/core/src/hash/sip.rs line 281 column 9 function <core::hash::sip::Hasher<core::hash::sip::Sip13Rounds> as std::hash::Hasher>::write thread 0
aborting path on assume(false) at file /home/runner/work/kani/kani/library/kani/src/lib.rs line 57 column 1 function kani::mem::cbmc::same_allocation thread 0
Unwinding loop _RNvXs3_NtNtCsci0VKyKEi6N_4core4hash3sipINtB5_6HasherNtB5_11Sip13RoundsENtB7_6Hasher5writeCs27UYLqoUkb6_4redb.0 iteration 10 file /home/runner/.rustup/toolchains/nightly-2025-11-21-x86_64-unknown-linux-gnu/lib/rustlib/src/rust/library/core/src/hash/sip.rs line 281 column 9 function <core::hash::sip::Hasher<core::hash::sip::Sip13Rounds> as std::hash::Hasher>::write thread 0
aborting path on assume(false) at file /home/runner/work/kani/kani/library/kani/src/lib.rs line 57 column 1 function kani::mem::cbmc::same_allocation thread 0
Unwinding loop _RNvXs3_NtNtCsci0VKyKEi6N_4core4hash3sipINtB5_6HasherNtB5_11Sip13RoundsENtB7_6Hasher5writeCs27UYLqoUkb6_4redb.0 iteration 11 file /home/runner/.rustup/toolchains/nightly-2025-11-21-x86_64-unknown-linux-gnu/lib/rustlib/src/rust/library/core/src/hash/sip.rs line 281 column 9 function <core::hash::sip::Hasher<core::hash::sip::Sip13Rounds> as std::hash::Hasher>::write thread 0
aborting path on assume(false) at file /home/runner/work/kani/kani/library/kani/src/lib.rs line 57 column 1 function kani::mem::cbmc::same_allocation thread 0
Unwinding loop _RNvXs3_NtNtCsci0VKyKEi6N_4core4hash3sipINtB5_6HasherNtB5_11Sip13RoundsENtB7_6Hasher5writeCs27UYLqoUkb6_4redb.0 iteration 12 file /home/runner/.rustup/toolchains/nightly-2025-11-21-x86_64-unknown-linux-gnu/lib/rustlib/src/rust/library/core/src/hash/sip.rs line 281 column 9 function <core::hash::sip::Hasher<core::hash::sip::Sip13Rounds> as std::hash::Hasher>::write thread 0
aborting path on assume(false) at file /home/runner/work/kani/kani/library/kani/src/lib.rs line 57 column 1 function kani::mem::cbmc::same_allocation thread 0
Unwinding loop _RNvXs3_NtNtCsci0VKyKEi6N_4core4hash3sipINtB5_6HasherNtB5_11Sip13RoundsENtB7_6Hasher5writeCs27UYLqoUkb6_4redb.0 iteration 13 file /home/runner/.rustup/toolchains/nightly-2025-11-21-x86_64-unknown-linux-gnu/lib/rustlib/src/rust/library/core/src/hash/sip.rs line 281 column 9 function <core::hash::sip::Hasher<core::hash::sip::Sip13Rounds> as std::hash::Hasher>::write thread 0
aborting path on assume(false) at file /home/runner/work/kani/kani/library/kani/src/lib.rs line 57 column 1 function kani::mem::cbmc::same_allocation thread 0
Unwinding loop _RNvXs3_NtNtCsci0VKyKEi6N_4core4hash3sipINtB5_6HasherNtB5_11Sip13RoundsENtB7_6Hasher5writeCs27UYLqoUkb6_4redb.0 iteration 14 file /home/runner/.rustup/toolchains/nightly-2025-11-21-x86_64-unknown-linux-gnu/lib/rustlib/src/rust/library/core/src/hash/sip.rs line 281 column 9 function <core::hash::sip::Hasher<core::hash::sip::Sip13Rounds> as std::hash::Hasher>::write thread 0
aborting path on assume(false) at file /home/runner/work/kani/kani/library/kani/src/lib.rs line 57 column 1 function kani::mem::cbmc::same_allocation thread 0
Unwinding loop _RNvXs3_NtNtCsci0VKyKEi6N_4core4hash3sipINtB5_6HasherNtB5_11Sip13RoundsENtB7_6Hasher5writeCs27UYLqoUkb6_4redb.0 iteration 15 file /home/runner/.rustup/toolchains/nightly-2025-11-21-x86_64-unknown-linux-gnu/lib/rustlib/src/rust/library/core/src/hash/sip.rs line 281 column 9 function <core::hash::sip::Hasher<core::hash::sip::Sip13Rounds> as std::hash::Hasher>::write thread 0
aborting path on assume(false) at file /home/runner/work/kani/kani/library/kani/src/lib.rs line 57 column 1 function kani::mem::cbmc::same_allocation thread 0
Not unwinding loop _RNvXs3_NtNtCsci0VKyKEi6N_4core4hash3sipINtB5_6HasherNtB5_11Sip13RoundsENtB7_6Hasher5writeCs27UYLqoUkb6_4redb.0 iteration 16 file /home/runner/.rustup/toolchains/nightly-2025-11-21-x86_64-unknown-linux-gnu/lib/rustlib/src/rust/library/core/src/hash/sip.rs line 281 column 9 function <core::hash::sip::Hasher<core::hash::sip::Sip13Rounds> as std::hash::Hasher>::write thread 0
aborting path on assume(false) at file /home/runner/work/kani/kani/library/kani_core/src/models.rs line 176 column 17 function <usize as kani::rustc_intrinsics::ToISize>::to_isize thread 0
aborting path on assume(false) at file /home/runner/work/kani/kani/library/kani/src/lib.rs line 57 column 1 function <usize as kani::rustc_intrinsics::ToISize>::to_isize thread 0
aborting path on assume(false) at file /home/runner/work/kani/kani/library/kani/src/lib.rs line 57 column 1 function <usize as kani::rustc_intrinsics::ToISize>::to_isize thread 0
aborting path on assume(false) at file /home/runner/work/kani/kani/library/kani/src/lib.rs line 57 column 1 function kani::mem::cbmc::same_allocation thread 0
aborting path on assume(false) at file /home/runner/work/kani/kani/library/kani_core/src/models.rs line 176 column 17 function <usize as kani::rustc_intrinsics::ToISize>::to_isize thread 0
aborting path on assume(false) at file /home/runner/work/kani/kani/library/kani/src/lib.rs line 57 column 1 function <usize as kani::rustc_intrinsics::ToISize>::to_isize thread 0
aborting path on assume(false) at file /home/runner/work/kani/kani/library/kani/src/lib.rs line 57 column 1 function <usize as kani::rustc_intrinsics::ToISize>::to_isize thread 0
aborting path on assume(false) at file /home/runner/work/kani/kani/library/kani/src/lib.rs line 57 column 1 function kani::mem::cbmc::same_allocation thread 0
aborting path on assume(false) at file /home/runner/work/kani/kani/library/kani_core/src/models.rs line 176 column 17 function <usize as kani::rustc_intrinsics::ToISize>::to_isize thread 0
aborting path on assume(false) at file /home/runner/work/kani/kani/library/kani/src/lib.rs line 57 column 1 function <usize as kani::rustc_intrinsics::ToISize>::to_isize thread 0
aborting path on assume(false) at file /home/runner/work/kani/kani/library/kani/src/lib.rs line 57 column 1 function <usize as kani::rustc_intrinsics::ToISize>::to_isize thread 0
aborting path on assume(false) at file /home/runner/work/kani/kani/library/kani_core/src/models.rs line 176 column 17 function <usize as kani::rustc_intrinsics::ToISize>::to_isize thread 0
aborting path on assume(false) at file /home/runner/work/kani/kani/library/kani/src/lib.rs line 57 column 1 function <usize as kani::rustc_intrinsics::ToISize>::to_isize thread 0
aborting path on assume(false) at file /home/runner/work/kani/kani/library/kani/src/lib.rs line 57 column 1 function <usize as kani::rustc_intrinsics::ToISize>::to_isize thread 0
Unwinding loop _RNvXs3_NtNtCsci0VKyKEi6N_4core4hash3sipINtB5_6HasherNtB5_11Sip13RoundsENtB7_6Hasher5writeCs27UYLqoUkb6_4redb.0 iteration 1 file /home/runner/.rustup/toolchains/nightly-2025-11-21-x86_64-unknown-linux-gnu/lib/rustlib/src/rust/library/core/src/hash/sip.rs line 281 column 9 function <core::hash::sip::Hasher<core::hash::sip::Sip13Rounds> as std::hash::Hasher>::write thread 0
aborting path on assume(false) at file /home/runner/work/kani/kani/library/kani_core/src/models.rs line 176 column 17 function <usize as kani::rustc_intrinsics::ToISize>::to_isize thread 0
aborting path on assume(false) at file /home/runner/work/kani/kani/library/kani/src/lib.rs line 57 column 1 function <usize as kani::rustc_intrinsics::ToISize>::to_isize thread 0
aborting path on assume(false) at file /home/runner/work/kani/kani/library/kani/src/lib.rs line 57 column 1 function <usize as kani::rustc_intrinsics::ToISize>::to_isize thread 0
Unwinding loop _RNvXs3_NtNtCsci0VKyKEi6N_4core4hash3sipINtB5_6HasherNtB5_11Sip13RoundsENtB7_6Hasher5writeCs27UYLqoUkb6_4redb.0 iteration 2 file /home/runner/.rustup/toolchains/nightly-2025-11-21-x86_64-unknown-linux-gnu/lib/rustlib/src/rust/library/core/src/hash/sip.rs line 281 column 9 function <core::hash::sip::Hasher<core::hash::sip::Sip13Rounds> as std::hash::Hasher>::write thread 0
aborting path on assume(false) at file /home/runner/work/kani/kani/library/kani_core/src/models.rs line 176 column 17 function <usize as kani::rustc_intrinsics::ToISize>::to_isize thread 0
aborting path on assume(false) at file /home/runner/work/kani/kani/library/kani/src/lib.rs line 57 column 1 function <usize as kani::rustc_intrinsics::ToISize>::to_isize thread 0
aborting path on assume(false) at file /home/runner/work/kani/kani/library/kani/src/lib.rs line 57 column 1 function <usize as kani::rustc_intrinsics::ToISize>::to_isize thread 0
Unwinding loop _RNvXs3_NtNtCsci0VKyKEi6N_4core4hash3sipINtB5_6HasherNtB5_11Sip13RoundsENtB7_6Hasher5writeCs27UYLqoUkb6_4redb.0 iteration 3 file /home/runner/.rustup/toolchains/nightly-2025-11-21-x86_64-unknown-linux-gnu/lib/rustlib/src/rust/library/core/src/hash/sip.rs line 281 column 9 function <core::hash::sip::Hasher<core::hash::sip::Sip13Rounds> as std::hash::Hasher>::write thread 0
aborting path on assume(false) at file /home/runner/work/kani/kani/library/kani_core/src/models.rs line 176 column 17 function <usize as kani::rustc_intrinsics::ToISize>::to_isize thread 0
aborting path on assume(false) at file /home/runner/work/kani/kani/library/kani/src/lib.rs line 57 column 1 function <usize as kani::rustc_intrinsics::ToISize>::to_isize thread 0
aborting path on assume(false) at file /home/runner/work/kani/kani/library/kani/src/lib.rs line 57 column 1 function <usize as kani::rustc_intrinsics::ToISize>::to_isize thread 0
Unwinding loop _RNvXs3_NtNtCsci0VKyKEi6N_4core4hash3sipINtB5_6HasherNtB5_11Sip13RoundsENtB7_6Hasher5writeCs27UYLqoUkb6_4redb.0 iteration 4 file /home/runner/.rustup/toolchains/nightly-2025-11-21-x86_64-unknown-linux-gnu/lib/rustlib/src/rust/library/core/src/hash/sip.rs line 281 column 9 function <core::hash::sip::Hasher<core::hash::sip::Sip13Rounds> as std::hash::Hasher>::write thread 0
aborting path on assume(false) at file /home/runner/work/kani/kani/library/kani_core/src/models.rs line 176 column 17 function <usize as kani::rustc_intrinsics::ToISize>::to_isize thread 0
aborting path on assume(false) at file /home/runner/work/kani/kani/library/kani/src/lib.rs line 57 column 1 function <usize as kani::rustc_intrinsics::ToISize>::to_isize thread 0
aborting path on assume(false) at file /home/runner/work/kani/kani/library/kani/src/lib.rs line 57 column 1 function <usize as kani::rustc_intrinsics::ToISize>::to_isize thread 0
Unwinding loop _RNvXs3_NtNtCsci0VKyKEi6N_4core4hash3sipINtB5_6HasherNtB5_11Sip13RoundsENtB7_6Hasher5writeCs27UYLqoUkb6_4redb.0 iteration 5 file /home/runner/.rustup/toolchains/nightly-2025-11-21-x86_64-unknown-linux-gnu/lib/rustlib/src/rust/library/core/src/hash/sip.rs line 281 column 9 function <core::hash::sip::Hasher<core::hash::sip::Sip13Rounds> as std::hash::Hasher>::write thread 0
aborting path on assume(false) at file /home/runner/work/kani/kani/library/kani_core/src/models.rs line 176 column 17 function <usize as kani::rustc_intrinsics::ToISize>::to_isize thread 0
aborting path on assume(false) at file /home/runner/work/kani/kani/library/kani/src/lib.rs line 57 column 1 function <usize as kani::rustc_intrinsics::ToISize>::to_isize thread 0
aborting path on assume(false) at file /home/runner/work/kani/kani/library/kani/src/lib.rs line 57 column 1 function <usize as kani::rustc_intrinsics::ToISize>::to_isize thread 0
Unwinding loop _RNvXs3_NtNtCsci0VKyKEi6N_4core4hash3sipINtB5_6HasherNtB5_11Sip13RoundsENtB7_6Hasher5writeCs27UYLqoUkb6_4redb.0 iteration 6 file /home/runner/.rustup/toolchains/nightly-2025-11-21-x86_64-unknown-linux-gnu/lib/rustlib/src/rust/library/core/src/hash/sip.rs line 281 column 9 function <core::hash::sip::Hasher<core::hash::sip::Sip13Rounds> as std::hash::Hasher>::write thread 0
aborting path on assume(false) at file /home/runner/work/kani/kani/library/kani_core/src/models.rs line 176 column 17 function <usize as kani::rustc_intrinsics::ToISize>::to_isize thread 0
aborting path on assume(false) at file /home/runner/work/kani/kani/library/kani/src/lib.rs line 57 column 1 function <usize as kani::rustc_intrinsics::ToISize>::to_isize thread 0
aborting path on assume(false) at file /home/runner/work/kani/kani/library/kani/src/lib.rs line 57 column 1 function <usize as kani::rustc_intrinsics::ToISize>::to_isize thread 0
Unwinding loop _RNvXs3_NtNtCsci0VKyKEi6N_4core4hash3sipINtB5_6HasherNtB5_11Sip13RoundsENtB7_6Hasher5writeCs27UYLqoUkb6_4redb.0 iteration 7 file /home/runner/.rustup/toolchains/nightly-2025-11-21-x86_64-unknown-linux-gnu/lib/rustlib/src/rust/library/core/src/hash/sip.rs line 281 column 9 function <core::hash::sip::Hasher<core::hash::sip::Sip13Rounds> as std::hash::Hasher>::write thread 0
aborting path on assume(false) at file /home/runner/work/kani/kani/library/kani_core/src/models.rs line 176 column 17 function <usize as kani::rustc_intrinsics::ToISize>::to_isize thread 0
aborting path on assume(false) at file /home/runner/work/kani/kani/library/kani/src/lib.rs line 57 column 1 function <usize as kani::rustc_intrinsics::ToISize>::to_isize thread 0
aborting path on assume(false) at file /home/runner/work/kani/kani/library/kani/src/lib.rs line 57 column 1 function <usize as kani::rustc_intrinsics::ToISize>::to_isize thread 0
Unwinding loop _RNvXs3_NtNtCsci0VKyKEi6N_4core4hash3sipINtB5_6HasherNtB5_11Sip13RoundsENtB7_6Hasher5writeCs27UYLqoUkb6_4redb.0 iteration 8 file /home/runner/.rustup/toolchains/nightly-2025-11-21-x86_64-unknown-linux-gnu/lib/rustlib/src/rust/library/core/src/hash/sip.rs line 281 column 9 function <core::hash::sip::Hasher<core::hash::sip::Sip13Rounds> as std::hash::Hasher>::write thread 0
aborting path on assume(false) at file /home/runner/work/kani/kani/library/kani_core/src/models.rs line 176 column 17 function <usize as kani::rustc_intrinsics::ToISize>::to_isize thread 0
aborting path on assume(false) at file /home/runner/work/kani/kani/library/kani/src/lib.rs line 57 column 1 function <usize as kani::rustc_intrinsics::ToISize>::to_isize thread 0
aborting path on assume(false) at file /home/runner/work/kani/kani/library/kani/src/lib.rs line 57 column 1 function <usize as kani::rustc_intrinsics::ToISize>::to_isize thread 0
Unwinding loop _RNvXs3_NtNtCsci0VKyKEi6N_4core4hash3sipINtB5_6HasherNtB5_11Sip13RoundsENtB7_6Hasher5writeCs27UYLqoUkb6_4redb.0 iteration 9 file /home/runner/.rustup/toolchains/nightly-2025-11-21-x86_64-unknown-linux-gnu/lib/rustlib/src/rust/library/core/src/hash/sip.rs line 281 column 9 function <core::hash::sip::Hasher<core::hash::sip::Sip13Rounds> as std::hash::Hasher>::write thread 0
aborting path on assume(false) at file /home/runner/work/kani/kani/library/kani_core/src/models.rs line 176 column 17 function <usize as kani::rustc_intrinsics::ToISize>::to_isize thread 0
aborting path on assume(false) at file /home/runner/work/kani/kani/library/kani/src/lib.rs line 57 column 1 function <usize as kani::rustc_intrinsics::ToISize>::to_isize thread 0
aborting path on assume(false) at file /home/runner/work/kani/kani/library/kani/src/lib.rs line 57 column 1 function <usize as kani::rustc_intrinsics::ToISize>::to_isize thread 0
Unwinding loop _RNvXs3_NtNtCsci0VKyKEi6N_4core4hash3sipINtB5_6HasherNtB5_11Sip13RoundsENtB7_6Hasher5writeCs27UYLqoUkb6_4redb.0 iteration 10 file /home/runner/.rustup/toolchains/nightly-2025-11-21-x86_64-unknown-linux-gnu/lib/rustlib/src/rust/library/core/src/hash/sip.rs line 281 column 9 function <core::hash::sip::Hasher<core::hash::sip::Sip13Rounds> as std::hash::Hasher>::write thread 0
aborting path on assume(false) at file /home/runner/work/kani/kani/library/kani_core/src/models.rs line 176 column 17 function <usize as kani::rustc_intrinsics::ToISize>::to_isize thread 0
aborting path on assume(false) at file /home/runner/work/kani/kani/library/kani/src/lib.rs line 57 column 1 function <usize as kani::rustc_intrinsics::ToISize>::to_isize thread 0
aborting path on assume(false) at file /home/runner/work/kani/kani/library/kani/src/lib.rs line 57 column 1 function <usize as kani::rustc_intrinsics::ToISize>::to_isize thread 0
Unwinding loop _RNvXs3_NtNtCsci0VKyKEi6N_4core4hash3sipINtB5_6HasherNtB5_11Sip13RoundsENtB7_6Hasher5writeCs27UYLqoUkb6_4redb.0 iteration 11 file /home/runner/.rustup/toolchains/nightly-2025-11-21-x86_64-unknown-linux-gnu/lib/rustlib/src/rust/library/core/src/hash/sip.rs line 281 column 9 function <core::hash::sip::Hasher<core::hash::sip::Sip13Rounds> as std::hash::Hasher>::write thread 0
aborting path on assume(false) at file /home/runner/work/kani/kani/library/kani_core/src/models.rs line 176 column 17 function <usize as kani::rustc_intrinsics::ToISize>::to_isize thread 0
aborting path on assume(false) at file /home/runner/work/kani/kani/library/kani/src/lib.rs line 57 column 1 function <usize as kani::rustc_intrinsics::ToISize>::to_isize thread 0
aborting path on assume(false) at file /home/runner/work/kani/kani/library/kani/src/lib.rs line 57 column 1 function <usize as kani::rustc_intrinsics::ToISize>::to_isize thread 0
Unwinding loop _RNvXs3_NtNtCsci0VKyKEi6N_4core4hash3sipINtB5_6HasherNtB5_11Sip13RoundsENtB7_6Hasher5writeCs27UYLqoUkb6_4redb.0 iteration 12 file /home/runner/.rustup/toolchains/nightly-2025-11-21-x86_64-unknown-linux-gnu/lib/rustlib/src/rust/library/core/src/hash/sip.rs line 281 column 9 function <core::hash::sip::Hasher<core::hash::sip::Sip13Rounds> as std::hash::Hasher>::write thread 0
aborting path on assume(false) at file /home/runner/work/kani/kani/library/kani_core/src/models.rs line 176 column 17 function <usize as kani::rustc_intrinsics::ToISize>::to_isize thread 0
aborting path on assume(false) at file /home/runner/work/kani/kani/library/kani/src/lib.rs line 57 column 1 function <usize as kani::rustc_intrinsics::ToISize>::to_isize thread 0
aborting path on assume(false) at file /home/runner/work/kani/kani/library/kani/src/lib.rs line 57 column 1 function <usize as kani::rustc_intrinsics::ToISize>::to_isize thread 0
Unwinding loop _RNvXs3_NtNtCsci0VKyKEi6N_4core4hash3sipINtB5_6HasherNtB5_11Sip13RoundsENtB7_6Hasher5writeCs27UYLqoUkb6_4redb.0 iteration 13 file /home/runner/.rustup/toolchains/nightly-2025-11-21-x86_64-unknown-linux-gnu/lib/rustlib/src/rust/library/core/src/hash/sip.rs line 281 column 9 function <core::hash::sip::Hasher<core::hash::sip::Sip13Rounds> as std::hash::Hasher>::write thread 0
aborting path on assume(false) at file /home/runner/work/kani/kani/library/kani_core/src/models.rs line 176 column 17 function <usize as kani::rustc_intrinsics::ToISize>::to_isize thread 0
aborting path on assume(false) at file /home/runner/work/kani/kani/library/kani/src/lib.rs line 57 column 1 function <usize as kani::rustc_intrinsics::ToISize>::to_isize thread 0
aborting path on assume(false) at file /home/runner/work/kani/kani/library/kani/src/lib.rs line 57 column 1 function <usize as kani::rustc_intrinsics::ToISize>::to_isize thread 0
Unwinding loop _RNvXs3_NtNtCsci0VKyKEi6N_4core4hash3sipINtB5_6HasherNtB5_11Sip13RoundsENtB7_6Hasher5writeCs27UYLqoUkb6_4redb.0 iteration 14 file /home/runner/.rustup/toolchains/nightly-2025-11-21-x86_64-unknown-linux-gnu/lib/rustlib/src/rust/library/core/src/hash/sip.rs line 281 column 9 function <core::hash::sip::Hasher<core::hash::sip::Sip13Rounds> as std::hash::Hasher>::write thread 0
aborting path on assume(false) at file /home/runner/work/kani/kani/library/kani_core/src/models.rs line 176 column 17 function <usize as kani::rustc_intrinsics::ToISize>::to_isize thread 0
aborting path on assume(false) at file /home/runner/work/kani/kani/library/kani/src/lib.rs line 57 column 1 function <usize as kani::rustc_intrinsics::ToISize>::to_isize thread 0
aborting path on assume(false) at file /home/runner/work/kani/kani/library/kani/src/lib.rs line 57 column 1 function <usize as kani::rustc_intrinsics::ToISize>::to_isize thread 0
Unwinding loop _RNvXs3_NtNtCsci0VKyKEi6N_4core4hash3sipINtB5_6HasherNtB5_11Sip13RoundsENtB7_6Hasher5writeCs27UYLqoUkb6_4redb.0 iteration 15 file /home/runner/.rustup/toolchains/nightly-2025-11-21-x86_64-unknown-linux-gnu/lib/rustlib/src/rust/library/core/src/hash/sip.rs line 281 column 9 function <core::hash::sip::Hasher<core::hash::sip::Sip13Rounds> as std::hash::Hasher>::write thread 0
aborting path on assume(false) at file /home/runner/work/kani/kani/library/kani_core/src/models.rs line 176 column 17 function <usize as kani::rustc_intrinsics::ToISize>::to_isize thread 0
aborting path on assume(false) at file /home/runner/work/kani/kani/library/kani/src/lib.rs line 57 column 1 function <usize as kani::rustc_intrinsics::ToISize>::to_isize thread 0
aborting path on assume(false) at file /home/runner/work/kani/kani/library/kani/src/lib.rs line 57 column 1 function <usize as kani::rustc_intrinsics::ToISize>::to_isize thread 0
Not unwinding loop _RNvXs3_NtNtCsci0VKyKEi6N_4core4hash3sipINtB5_6HasherNtB5_11Sip13RoundsENtB7_6Hasher5writeCs27UYLqoUkb6_4redb.0 iteration 16 file /home/runner/.rustup/toolchains/nightly-2025-11-21-x86_64-unknown-linux-gnu/lib/rustlib/src/rust/library/core/src/hash/sip.rs line 281 column 9 function <core::hash::sip::Hasher<core::hash::sip::Sip13Rounds> as std::hash::Hasher>::write thread 0
aborting path on assume(false) at file /home/runner/work/kani/kani/library/kani_core/src/models.rs line 176 column 17 function <usize as kani::rustc_intrinsics::ToISize>::to_isize thread 0
aborting path on assume(false) at file /home/runner/work/kani/kani/library/kani/src/lib.rs line 57 column 1 function <usize as kani::rustc_intrinsics::ToISize>::to_isize thread 0
aborting path on assume(false) at file /home/runner/work/kani/kani/library/kani/src/lib.rs line 57 column 1 function <usize as kani::rustc_intrinsics::ToISize>::to_isize thread 0
aborting path on assume(false) at file /home/runner/work/kani/kani/library/kani_core/src/models.rs line 176 column 17 function <usize as kani::rustc_intrinsics::ToISize>::to_isize thread 0
aborting path on assume(false) at file /home/runner/work/kani/kani/library/kani/src/lib.rs line 57 column 1 function <usize as kani::rustc_intrinsics::ToISize>::to_isize thread 0
aborting path on assume(false) at file /home/runner/work/kani/kani/library/kani/src/lib.rs line 57 column 1 function <usize as kani::rustc_intrinsics::ToISize>::to_isize thread 0
aborting path on assume(false) at file /home/runner/work/kani/kani/library/kani/src/lib.rs line 57 column 1 function kani::mem::cbmc::same_allocation thread 0
aborting path on assume(false) at file /home/runner/work/kani/kani/library/kani/src/lib.rs line 57 column 1 function kani::mem::cbmc::same_allocation thread 0
Unwinding loop _RNvXs3_NtNtCsci0VKyKEi6N_4core4hash3sipINtB5_6HasherNtB5_11Sip13RoundsENtB7_6Hasher5writeCs27UYLqoUkb6_4redb.0 iteration 1 file /home/runner/.rustup/toolchains/nightly-2025-11-21-x86_64-unknown-linux-gnu/lib/rustlib/src/rust/library/core/src/hash/sip.rs line 281 column 9 function <core::hash::sip::Hasher<core::hash::sip::Sip13Rounds> as std::hash::Hasher>::write thread 0
aborting path on assume(false) at file /home/runner/work/kani/kani/library/kani/src/lib.rs line 57 column 1 function kani::mem::cbmc::same_allocation thread 0
Unwinding loop _RNvXs3_NtNtCsci0VKyKEi6N_4core4hash3sipINtB5_6HasherNtB5_11Sip13RoundsENtB7_6Hasher5writeCs27UYLqoUkb6_4redb.0 iteration 2 file /home/runner/.rustup/toolchains/nightly-2025-11-21-x86_64-unknown-linux-gnu/lib/rustlib/src/rust/library/core/src/hash/sip.rs line 281 column 9 function <core::hash::sip::Hasher<core::hash::sip::Sip13Rounds> as std::hash::Hasher>::write thread 0
aborting path on assume(false) at file /home/runner/work/kani/kani/library/kani/src/lib.rs line 57 column 1 function kani::mem::cbmc::same_allocation thread 0
Unwinding loop _RNvXs3_NtNtCsci0VKyKEi6N_4core4hash3sipINtB5_6HasherNtB5_11Sip13RoundsENtB7_6Hasher5writeCs27UYLqoUkb6_4redb.0 iteration 3 file /home/runner/.rustup/toolchains/nightly-2025-11-21-x86_64-unknown-linux-gnu/lib/rustlib/src/rust/library/core/src/hash/sip.rs line 281 column 9 function <core::hash::sip::Hasher<core::hash::sip::Sip13Rounds> as std::hash::Hasher>::write thread 0
aborting path on assume(false) at file /home/runner/work/kani/kani/library/kani/src/lib.rs line 57 column 1 function kani::mem::cbmc::same_allocation thread 0
Unwinding loop _RNvXs3_NtNtCsci0VKyKEi6N_4core4hash3sipINtB5_6HasherNtB5_11Sip13RoundsENtB7_6Hasher5writeCs27UYLqoUkb6_4redb.0 iteration 4 file /home/runner/.rustup/toolchains/nightly-2025-11-21-x86_64-unknown-linux-gnu/lib/rustlib/src/rust/library/core/src/hash/sip.rs line 281 column 9 function <core::hash::sip::Hasher<core::hash::sip::Sip13Rounds> as std::hash::Hasher>::write thread 0
aborting path on assume(false) at file /home/runner/work/kani/kani/library/kani/src/lib.rs line 57 column 1 function kani::mem::cbmc::same_allocation thread 0
Unwinding loop _RNvXs3_NtNtCsci0VKyKEi6N_4core4hash3sipINtB5_6HasherNtB5_11Sip13RoundsENtB7_6Hasher5writeCs27UYLqoUkb6_4redb.0 iteration 5 file /home/runner/.rustup/toolchains/nightly-2025-11-21-x86_64-unknown-linux-gnu/lib/rustlib/src/rust/library/core/src/hash/sip.rs line 281 column 9 function <core::hash::sip::Hasher<core::hash::sip::Sip13Rounds> as std::hash::Hasher>::write thread 0
aborting path on assume(false) at file /home/runner/work/kani/kani/library/kani/src/lib.rs line 57 column 1 function kani::mem::cbmc::same_allocation thread 0
Unwinding loop _RNvXs3_NtNtCsci0VKyKEi6N_4core4hash3sipINtB5_6HasherNtB5_11Sip13RoundsENtB7_6Hasher5writeCs27UYLqoUkb6_4redb.0 iteration 6 file /home/runner/.rustup/toolchains/nightly-2025-11-21-x86_64-unknown-linux-gnu/lib/rustlib/src/rust/library/core/src/hash/sip.rs line 281 column 9 function <core::hash::sip::Hasher<core::hash::sip::Sip13Rounds> as std::hash::Hasher>::write thread 0
aborting path on assume(false) at file /home/runner/work/kani/kani/library/kani/src/lib.rs line 57 column 1 function kani::mem::cbmc::same_allocation thread 0
Unwinding loop _RNvXs3_NtNtCsci0VKyKEi6N_4core4hash3sipINtB5_6HasherNtB5_11Sip13RoundsENtB7_6Hasher5writeCs27UYLqoUkb6_4redb.0 iteration 7 file /home/runner/.rustup/toolchains/nightly-2025-11-21-x86_64-unknown-linux-gnu/lib/rustlib/src/rust/library/core/src/hash/sip.rs line 281 column 9 function <core::hash::sip::Hasher<core::hash::sip::Sip13Rounds> as std::hash::Hasher>::write thread 0
aborting path on assume(false) at file /home/runner/work/kani/kani/library/kani/src/lib.rs line 57 column 1 function kani::mem::cbmc::same_allocation thread 0
Unwinding loop _RNvXs3_NtNtCsci0VKyKEi6N_4core4hash3sipINtB5_6HasherNtB5_11Sip13RoundsENtB7_6Hasher5writeCs27UYLqoUkb6_4redb.0 iteration 8 file /home/runner/.rustup/toolchains/nightly-2025-11-21-x86_64-unknown-linux-gnu/lib/rustlib/src/rust/library/core/src/hash/sip.rs line 281 column 9 function <core::hash::sip::Hasher<core::hash::sip::Sip13Rounds> as std::hash::Hasher>::write thread 0
aborting path on assume(false) at file /home/runner/work/kani/kani/library/kani/src/lib.rs line 57 column 1 function kani::mem::cbmc::same_allocation thread 0
Unwinding loop _RNvXs3_NtNtCsci0VKyKEi6N_4core4hash3sipINtB5_6HasherNtB5_11Sip13RoundsENtB7_6Hasher5writeCs27UYLqoUkb6_4redb.0 iteration 9 file /home/runner/.rustup/toolchains/nightly-2025-11-21-x86_64-unknown-linux-gnu/lib/rustlib/src/rust/library/core/src/hash/sip.rs line 281 column 9 function <core::hash::sip::Hasher<core::hash::sip::Sip13Rounds> as std::hash::Hasher>::write thread 0
aborting path on assume(false) at file /home/runner/work/kani/kani/library/kani/src/lib.rs line 57 column 1 function kani::mem::cbmc::same_allocation thread 0
Unwinding loop _RNvXs3_NtNtCsci0VKyKEi6N_4core4hash3sipINtB5_6HasherNtB5_11Sip13RoundsENtB7_6Hasher5writeCs27UYLqoUkb6_4redb.0 iteration 10 file /home/runner/.rustup/toolchains/nightly-2025-11-21-x86_64-unknown-linux-gnu/lib/rustlib/src/rust/library/core/src/hash/sip.rs line 281 column 9 function <core::hash::sip::Hasher<core::hash::sip::Sip13Rounds> as std::hash::Hasher>::write thread 0
aborting path on assume(false) at file /home/runner/work/kani/kani/library/kani/src/lib.rs line 57 column 1 function kani::mem::cbmc::same_allocation thread 0
Unwinding loop _RNvXs3_NtNtCsci0VKyKEi6N_4core4hash3sipINtB5_6HasherNtB5_11Sip13RoundsENtB7_6Hasher5writeCs27UYLqoUkb6_4redb.0 iteration 11 file /home/runner/.rustup/toolchains/nightly-2025-11-21-x86_64-unknown-linux-gnu/lib/rustlib/src/rust/library/core/src/hash/sip.rs line 281 column 9 function <core::hash::sip::Hasher<core::hash::sip::Sip13Rounds> as std::hash::Hasher>::write thread 0
aborting path on assume(false) at file /home/runner/work/kani/kani/library/kani/src/lib.rs line 57 column 1 function kani::mem::cbmc::same_allocation thread 0
Unwinding loop _RNvXs3_NtNtCsci0VKyKEi6N_4core4hash3sipINtB5_6HasherNtB5_11Sip13RoundsENtB7_6Hasher5writeCs27UYLqoUkb6_4redb.0 iteration 12 file /home/runner/.rustup/toolchains/nightly-2025-11-21-x86_64-unknown-linux-gnu/lib/rustlib/src/rust/library/core/src/hash/sip.rs line 281 column 9 function <core::hash::sip::Hasher<core::hash::sip::Sip13Rounds> as std::hash::Hasher>::write thread 0
aborting path on assume(false) at file /home/runner/work/kani/kani/library/kani/src/lib.rs line 57 column 1 function kani::mem::cbmc::same_allocation thread 0
Unwinding loop _RNvXs3_NtNtCsci0VKyKEi6N_4core4hash3sipINtB5_6HasherNtB5_11Sip13RoundsENtB7_6Hasher5writeCs27UYLqoUkb6_4redb.0 iteration 13 file /home/runner/.rustup/toolchains/nightly-2025-11-21-x86_64-unknown-linux-gnu/lib/rustlib/src/rust/library/core/src/hash/sip.rs line 281 column 9 function <core::hash::sip::Hasher<core::hash::sip::Sip13Rounds> as std::hash::Hasher>::write thread 0
aborting path on assume(false) at file /home/runner/work/kani/kani/library/kani/src/lib.rs line 57 column 1 function kani::mem::cbmc::same_allocation thread 0
Unwinding loop _RNvXs3_NtNtCsci0VKyKEi6N_4core4hash3sipINtB5_6HasherNtB5_11Sip13RoundsENtB7_6Hasher5writeCs27UYLqoUkb6_4redb.0 iteration 14 file /home/runner/.rustup/toolchains/nightly-2025-11-21-x86_64-unknown-linux-gnu/lib/rustlib/src/rust/library/core/src/hash/sip.rs line 281 column 9 function <core::hash::sip::Hasher<core::hash::sip::Sip13Rounds> as std::hash::Hasher>::write thread 0
aborting path on assume(false) at file /home/runner/work/kani/kani/library/kani/src/lib.rs line 57 column 1 function kani::mem::cbmc::same_allocation thread 0
Unwinding loop _RNvXs3_NtNtCsci0VKyKEi6N_4core4hash3sipINtB5_6HasherNtB5_11Sip13RoundsENtB7_6Hasher5writeCs27UYLqoUkb6_4redb.0 iteration 15 file /home/runner/.rustup/toolchains/nightly-2025-11-21-x86_64-unknown-linux-gnu/lib/rustlib/src/rust/library/core/src/hash/sip.rs line 281 column 9 function <core::hash::sip::Hasher<core::hash::sip::Sip13Rounds> as std::hash::Hasher>::write thread 0
aborting path on assume(false) at file /home/runner/work/kani/kani/library/kani/src/lib.rs line 57 column 1 function kani::mem::cbmc::same_allocation thread 0
Not unwinding loop _RNvXs3_NtNtCsci0VKyKEi6N_4core4hash3sipINtB5_6HasherNtB5_11Sip13RoundsENtB7_6Hasher5writeCs27UYLqoUkb6_4redb.0 iteration 16 file /home/runner/.rustup/toolchains/nightly-2025-11-21-x86_64-unknown-linux-gnu/lib/rustlib/src/rust/library/core/src/hash/sip.rs line 281 column 9 function <core::hash::sip::Hasher<core::hash::sip::Sip13Rounds> as std::hash::Hasher>::write thread 0
aborting path on assume(false) at file /home/runner/work/kani/kani/library/kani_core/src/models.rs line 176 column 17 function <usize as kani::rustc_intrinsics::ToISize>::to_isize thread 0
aborting path on assume(false) at file /home/runner/work/kani/kani/library/kani/src/lib.rs line 57 column 1 function <usize as kani::rustc_intrinsics::ToISize>::to_isize thread 0
aborting path on assume(false) at file /home/runner/work/kani/kani/library/kani/src/lib.rs line 57 column 1 function <usize as kani::rustc_intrinsics::ToISize>::to_isize thread 0
aborting path on assume(false) at file /home/runner/work/kani/kani/library/kani/src/lib.rs line 57 column 1 function kani::mem::cbmc::same_allocation thread 0
aborting path on assume(false) at file /home/runner/work/kani/kani/library/kani_core/src/models.rs line 176 column 17 function <usize as kani::rustc_intrinsics::ToISize>::to_isize thread 0
aborting path on assume(false) at file /home/runner/work/kani/kani/library/kani/src/lib.rs line 57 column 1 function <usize as kani::rustc_intrinsics::ToISize>::to_isize thread 0
aborting path on assume(false) at file /home/runner/work/kani/kani/library/kani/src/lib.rs line 57 column 1 function <usize as kani::rustc_intrinsics::ToISize>::to_isize thread 0
aborting path on assume(false) at file /home/runner/work/kani/kani/library/kani/src/lib.rs line 57 column 1 function kani::mem::cbmc::same_allocation thread 0
aborting path on assume(false) at file /home/runner/work/kani/kani/library/kani_core/src/models.rs line 176 column 17 function <usize as kani::rustc_intrinsics::ToISize>::to_isize thread 0
aborting path on assume(false) at file /home/runner/work/kani/kani/library/kani/src/lib.rs line 57 column 1 function <usize as kani::rustc_intrinsics::ToISize>::to_isize thread 0
aborting path on assume(false) at file /home/runner/work/kani/kani/library/kani/src/lib.rs line 57 column 1 function <usize as kani::rustc_intrinsics::ToISize>::to_isize thread 0
aborting path on assume(false) at file /home/runner/work/kani/kani/library/kani_core/src/models.rs line 176 column 17 function <usize as kani::rustc_intrinsics::ToISize>::to_isize thread 0
aborting path on assume(false) at file /home/runner/work/kani/kani/library/kani/src/lib.rs line 57 column 1 function <usize as kani::rustc_intrinsics::ToISize>::to_isize thread 0
aborting path on assume(false) at file /home/runner/work/kani/kani/library/kani/src/lib.rs line 57 column 1 function <usize as kani::rustc_intrinsics::ToISize>::to_isize thread 0
Unwinding loop _RNvXs3_NtNtCsci0VKyKEi6N_4core4hash3sipINtB5_6HasherNtB5_11Sip13RoundsENtB7_6Hasher5writeCs27UYLqoUkb6_4redb.0 iteration 1 file /home/runner/.rustup/toolchains/nightly-2025-11-21-x86_64-unknown-linux-gnu/lib/rustlib/src/rust/library/core/src/hash/sip.rs line 281 column 9 function <core::hash::sip::Hasher<core::hash::sip::Sip13Rounds> as std::hash::Hasher>::write thread 0
aborting path on assume(false) at file /home/runner/work/kani/kani/library/kani_core/src/models.rs line 176 column 17 function <usize as kani::rustc_intrinsics::ToISize>::to_isize thread 0
aborting path on assume(false) at file /home/runner/work/kani/kani/library/kani/src/lib.rs line 57 column 1 function <usize as kani::rustc_intrinsics::ToISize>::to_isize thread 0
aborting path on assume(false) at file /home/runner/work/kani/kani/library/kani/src/lib.rs line 57 column 1 function <usize as kani::rustc_intrinsics::ToISize>::to_isize thread 0
Unwinding loop _RNvXs3_NtNtCsci0VKyKEi6N_4core4hash3sipINtB5_6HasherNtB5_11Sip13RoundsENtB7_6Hasher5writeCs27UYLqoUkb6_4redb.0 iteration 2 file /home/runner/.rustup/toolchains/nightly-2025-11-21-x86_64-unknown-linux-gnu/lib/rustlib/src/rust/library/core/src/hash/sip.rs line 281 column 9 function <core::hash::sip::Hasher<core::hash::sip::Sip13Rounds> as std::hash::Hasher>::write thread 0
aborting path on assume(false) at file /home/runner/work/kani/kani/library/kani_core/src/models.rs line 176 column 17 function <usize as kani::rustc_intrinsics::ToISize>::to_isize thread 0
aborting path on assume(false) at file /home/runner/work/kani/kani/library/kani/src/lib.rs line 57 column 1 function <usize as kani::rustc_intrinsics::ToISize>::to_isize thread 0
aborting path on assume(false) at file /home/runner/work/kani/kani/library/kani/src/lib.rs line 57 column 1 function <usize as kani::rustc_intrinsics::ToISize>::to_isize thread 0
Unwinding loop _RNvXs3_NtNtCsci0VKyKEi6N_4core4hash3sipINtB5_6HasherNtB5_11Sip13RoundsENtB7_6Hasher5writeCs27UYLqoUkb6_4redb.0 iteration 3 file /home/runner/.rustup/toolchains/nightly-2025-11-21-x86_64-unknown-linux-gnu/lib/rustlib/src/rust/library/core/src/hash/sip.rs line 281 column 9 function <core::hash::sip::Hasher<core::hash::sip::Sip13Rounds> as std::hash::Hasher>::write thread 0
aborting path on assume(false) at file /home/runner/work/kani/kani/library/kani_core/src/models.rs line 176 column 17 function <usize as kani::rustc_intrinsics::ToISize>::to_isize thread 0
aborting path on assume(false) at file /home/runner/work/kani/kani/library/kani/src/lib.rs line 57 column 1 function <usize as kani::rustc_intrinsics::ToISize>::to_isize thread 0
aborting path on assume(false) at file /home/runner/work/kani/kani/library/kani/src/lib.rs line 57 column 1 function <usize as kani::rustc_intrinsics::ToISize>::to_isize thread 0
Unwinding loop _RNvXs3_NtNtCsci0VKyKEi6N_4core4hash3sipINtB5_6HasherNtB5_11Sip13RoundsENtB7_6Hasher5writeCs27UYLqoUkb6_4redb.0 iteration 4 file /home/runner/.rustup/toolchains/nightly-2025-11-21-x86_64-unknown-linux-gnu/lib/rustlib/src/rust/library/core/src/hash/sip.rs line 281 column 9 function <core::hash::sip::Hasher<core::hash::sip::Sip13Rounds> as std::hash::Hasher>::write thread 0
aborting path on assume(false) at file /home/runner/work/kani/kani/library/kani_core/src/models.rs line 176 column 17 function <usize as kani::rustc_intrinsics::ToISize>::to_isize thread 0
aborting path on assume(false) at file /home/runner/work/kani/kani/library/kani/src/lib.rs line 57 column 1 function <usize as kani::rustc_intrinsics::ToISize>::to_isize thread 0
aborting path on assume(false) at file /home/runner/work/kani/kani/library/kani/src/lib.rs line 57 column 1 function <usize as kani::rustc_intrinsics::ToISize>::to_isize thread 0
Unwinding loop _RNvXs3_NtNtCsci0VKyKEi6N_4core4hash3sipINtB5_6HasherNtB5_11Sip13RoundsENtB7_6Hasher5writeCs27UYLqoUkb6_4redb.0 iteration 5 file /home/runner/.rustup/toolchains/nightly-2025-11-21-x86_64-unknown-linux-gnu/lib/rustlib/src/rust/library/core/src/hash/sip.rs line 281 column 9 function <core::hash::sip::Hasher<core::hash::sip::Sip13Rounds> as std::hash::Hasher>::write thread 0
aborting path on assume(false) at file /home/runner/work/kani/kani/library/kani_core/src/models.rs line 176 column 17 function <usize as kani::rustc_intrinsics::ToISize>::to_isize thread 0
aborting path on assume(false) at file /home/runner/work/kani/kani/library/kani/src/lib.rs line 57 column 1 function <usize as kani::rustc_intrinsics::ToISize>::to_isize thread 0
aborting path on assume(false) at file /home/runner/work/kani/kani/library/kani/src/lib.rs line 57 column 1 function <usize as kani::rustc_intrinsics::ToISize>::to_isize thread 0
Unwinding loop _RNvXs3_NtNtCsci0VKyKEi6N_4core4hash3sipINtB5_6HasherNtB5_11Sip13RoundsENtB7_6Hasher5writeCs27UYLqoUkb6_4redb.0 iteration 6 file /home/runner/.rustup/toolchains/nightly-2025-11-21-x86_64-unknown-linux-gnu/lib/rustlib/src/rust/library/core/src/hash/sip.rs line 281 column 9 function <core::hash::sip::Hasher<core::hash::sip::Sip13Rounds> as std::hash::Hasher>::write thread 0
aborting path on assume(false) at file /home/runner/work/kani/kani/library/kani_core/src/models.rs line 176 column 17 function <usize as kani::rustc_intrinsics::ToISize>::to_isize thread 0
aborting path on assume(false) at file /home/runner/work/kani/kani/library/kani/src/lib.rs line 57 column 1 function <usize as kani::rustc_intrinsics::ToISize>::to_isize thread 0
aborting path on assume(false) at file /home/runner/work/kani/kani/library/kani/src/lib.rs line 57 column 1 function <usize as kani::rustc_intrinsics::ToISize>::to_isize thread 0
Unwinding loop _RNvXs3_NtNtCsci0VKyKEi6N_4core4hash3sipINtB5_6HasherNtB5_11Sip13RoundsENtB7_6Hasher5writeCs27UYLqoUkb6_4redb.0 iteration 7 file /home/runner/.rustup/toolchains/nightly-2025-11-21-x86_64-unknown-linux-gnu/lib/rustlib/src/rust/library/core/src/hash/sip.rs line 281 column 9 function <core::hash::sip::Hasher<core::hash::sip::Sip13Rounds> as std::hash::Hasher>::write thread 0
aborting path on assume(false) at file /home/runner/work/kani/kani/library/kani_core/src/models.rs line 176 column 17 function <usize as kani::rustc_intrinsics::ToISize>::to_isize thread 0
aborting path on assume(false) at file /home/runner/work/kani/kani/library/kani/src/lib.rs line 57 column 1 function <usize as kani::rustc_intrinsics::ToISize>::to_isize thread 0
aborting path on assume(false) at file /home/runner/work/kani/kani/library/kani/src/lib.rs line 57 column 1 function <usize as kani::rustc_intrinsics::ToISize>::to_isize thread 0
Unwinding loop _RNvXs3_NtNtCsci0VKyKEi6N_4core4hash3sipINtB5_6HasherNtB5_11Sip13RoundsENtB7_6Hasher5writeCs27UYLqoUkb6_4redb.0 iteration 8 file /home/runner/.rustup/toolchains/nightly-2025-11-21-x86_64-unknown-linux-gnu/lib/rustlib/src/rust/library/core/src/hash/sip.rs line 281 column 9 function <core::hash::sip::Hasher<core::hash::sip::Sip13Rounds> as std::hash::Hasher>::write thread 0
aborting path on assume(false) at file /home/runner/work/kani/kani/library/kani_core/src/models.rs line 176 column 17 function <usize as kani::rustc_intrinsics::ToISize>::to_isize thread 0
aborting path on assume(false) at file /home/runner/work/kani/kani/library/kani/src/lib.rs line 57 column 1 function <usize as kani::rustc_intrinsics::ToISize>::to_isize thread 0
aborting path on assume(false) at file /home/runner/work/kani/kani/library/kani/src/lib.rs line 57 column 1 function <usize as kani::rustc_intrinsics::ToISize>::to_isize thread 0
Unwinding loop _RNvXs3_NtNtCsci0VKyKEi6N_4core4hash3sipINtB5_6HasherNtB5_11Sip13RoundsENtB7_6Hasher5writeCs27UYLqoUkb6_4redb.0 iteration 9 file /home/runner/.rustup/toolchains/nightly-2025-11-21-x86_64-unknown-linux-gnu/lib/rustlib/src/rust/library/core/src/hash/sip.rs line 281 column 9 function <core::hash::sip::Hasher<core::hash::sip::Sip13Rounds> as std::hash::Hasher>::write thread 0
aborting path on assume(false) at file /home/runner/work/kani/kani/library/kani_core/src/models.rs line 176 column 17 function <usize as kani::rustc_intrinsics::ToISize>::to_isize thread 0
aborting path on assume(false) at file /home/runner/work/kani/kani/library/kani/src/lib.rs line 57 column 1 function <usize as kani::rustc_intrinsics::ToISize>::to_isize thread 0
aborting path on assume(false) at file /home/runner/work/kani/kani/library/kani/src/lib.rs line 57 column 1 function <usize as kani::rustc_intrinsics::ToISize>::to_isize thread 0
Unwinding loop _RNvXs3_NtNtCsci0VKyKEi6N_4core4hash3sipINtB5_6HasherNtB5_11Sip13RoundsENtB7_6Hasher5writeCs27UYLqoUkb6_4redb.0 iteration 10 file /home/runner/.rustup/toolchains/nightly-2025-11-21-x86_64-unknown-linux-gnu/lib/rustlib/src/rust/library/core/src/hash/sip.rs line 281 column 9 function <core::hash::sip::Hasher<core::hash::sip::Sip13Rounds> as std::hash::Hasher>::write thread 0
aborting path on assume(false) at file /home/runner/work/kani/kani/library/kani_core/src/models.rs line 176 column 17 function <usize as kani::rustc_intrinsics::ToISize>::to_isize thread 0
aborting path on assume(false) at file /home/runner/work/kani/kani/library/kani/src/lib.rs line 57 column 1 function <usize as kani::rustc_intrinsics::ToISize>::to_isize thread 0
aborting path on assume(false) at file /home/runner/work/kani/kani/library/kani/src/lib.rs line 57 column 1 function <usize as kani::rustc_intrinsics::ToISize>::to_isize thread 0
Unwinding loop _RNvXs3_NtNtCsci0VKyKEi6N_4core4hash3sipINtB5_6HasherNtB5_11Sip13RoundsENtB7_6Hasher5writeCs27UYLqoUkb6_4redb.0 iteration 11 file /home/runner/.rustup/toolchains/nightly-2025-11-21-x86_64-unknown-linux-gnu/lib/rustlib/src/rust/library/core/src/hash/sip.rs line 281 column 9 function <core::hash::sip::Hasher<core::hash::sip::Sip13Rounds> as std::hash::Hasher>::write thread 0
aborting path on assume(false) at file /home/runner/work/kani/kani/library/kani_core/src/models.rs line 176 column 17 function <usize as kani::rustc_intrinsics::ToISize>::to_isize thread 0
aborting path on assume(false) at file /home/runner/work/kani/kani/library/kani/src/lib.rs line 57 column 1 function <usize as kani::rustc_intrinsics::ToISize>::to_isize thread 0
aborting path on assume(false) at file /home/runner/work/kani/kani/library/kani/src/lib.rs line 57 column 1 function <usize as kani::rustc_intrinsics::ToISize>::to_isize thread 0
Unwinding loop _RNvXs3_NtNtCsci0VKyKEi6N_4core4hash3sipINtB5_6HasherNtB5_11Sip13RoundsENtB7_6Hasher5writeCs27UYLqoUkb6_4redb.0 iteration 12 file /home/runner/.rustup/toolchains/nightly-2025-11-21-x86_64-unknown-linux-gnu/lib/rustlib/src/rust/library/core/src/hash/sip.rs line 281 column 9 function <core::hash::sip::Hasher<core::hash::sip::Sip13Rounds> as std::hash::Hasher>::write thread 0
aborting path on assume(false) at file /home/runner/work/kani/kani/library/kani_core/src/models.rs line 176 column 17 function <usize as kani::rustc_intrinsics::ToISize>::to_isize thread 0
aborting path on assume(false) at file /home/runner/work/kani/kani/library/kani/src/lib.rs line 57 column 1 function <usize as kani::rustc_intrinsics::ToISize>::to_isize thread 0
aborting path on assume(false) at file /home/runner/work/kani/kani/library/kani/src/lib.rs line 57 column 1 function <usize as kani::rustc_intrinsics::ToISize>::to_isize thread 0
Unwinding loop _RNvXs3_NtNtCsci0VKyKEi6N_4core4hash3sipINtB5_6HasherNtB5_11Sip13RoundsENtB7_6Hasher5writeCs27UYLqoUkb6_4redb.0 iteration 13 file /home/runner/.rustup/toolchains/nightly-2025-11-21-x86_64-unknown-linux-gnu/lib/rustlib/src/rust/library/core/src/hash/sip.rs line 281 column 9 function <core::hash::sip::Hasher<core::hash::sip::Sip13Rounds> as std::hash::Hasher>::write thread 0
aborting path on assume(false) at file /home/runner/work/kani/kani/library/kani_core/src/models.rs line 176 column 17 function <usize as kani::rustc_intrinsics::ToISize>::to_isize thread 0
aborting path on assume(false) at file /home/runner/work/kani/kani/library/kani/src/lib.rs line 57 column 1 function <usize as kani::rustc_intrinsics::ToISize>::to_isize thread 0
aborting path on assume(false) at file /home/runner/work/kani/kani/library/kani/src/lib.rs line 57 column 1 function <usize as kani::rustc_intrinsics::ToISize>::to_isize thread 0
Unwinding loop _RNvXs3_NtNtCsci0VKyKEi6N_4core4hash3sipINtB5_6HasherNtB5_11Sip13RoundsENtB7_6Hasher5writeCs27UYLqoUkb6_4redb.0 iteration 14 file /home/runner/.rustup/toolchains/nightly-2025-11-21-x86_64-unknown-linux-gnu/lib/rustlib/src/rust/library/core/src/hash/sip.rs line 281 column 9 function <core::hash::sip::Hasher<core::hash::sip::Sip13Rounds> as std::hash::Hasher>::write thread 0
aborting path on assume(false) at file /home/runner/work/kani/kani/library/kani_core/src/models.rs line 176 column 17 function <usize as kani::rustc_intrinsics::ToISize>::to_isize thread 0
aborting path on assume(false) at file /home/runner/work/kani/kani/library/kani/src/lib.rs line 57 column 1 function <usize as kani::rustc_intrinsics::ToISize>::to_isize thread 0
aborting path on assume(false) at file /home/runner/work/kani/kani/library/kani/src/lib.rs line 57 column 1 function <usize as kani::rustc_intrinsics::ToISize>::to_isize thread 0
Unwinding loop _RNvXs3_NtNtCsci0VKyKEi6N_4core4hash3sipINtB5_6HasherNtB5_11Sip13RoundsENtB7_6Hasher5writeCs27UYLqoUkb6_4redb.0 iteration 15 file /home/runner/.rustup/toolchains/nightly-2025-11-21-x86_64-unknown-linux-gnu/lib/rustlib/src/rust/library/core/src/hash/sip.rs line 281 column 9 function <core::hash::sip::Hasher<core::hash::sip::Sip13Rounds> as std::hash::Hasher>::write thread 0
aborting path on assume(false) at file /home/runner/work/kani/kani/library/kani_core/src/models.rs line 176 column 17 function <usize as kani::rustc_intrinsics::ToISize>::to_isize thread 0
aborting path on assume(false) at file /home/runner/work/kani/kani/library/kani/src/lib.rs line 57 column 1 function <usize as kani::rustc_intrinsics::ToISize>::to_isize thread 0
aborting path on assume(false) at file /home/runner/work/kani/kani/library/kani/src/lib.rs line 57 column 1 function <usize as kani::rustc_intrinsics::ToISize>::to_isize thread 0
Not unwinding loop _RNvXs3_NtNtCsci0VKyKEi6N_4core4hash3sipINtB5_6HasherNtB5_11Sip13RoundsENtB7_6Hasher5writeCs27UYLqoUkb6_4redb.0 iteration 16 file /home/runner/.rustup/toolchains/nightly-2025-11-21-x86_64-unknown-linux-gnu/lib/rustlib/src/rust/library/core/src/hash/sip.rs line 281 column 9 function <core::hash::sip::Hasher<core::hash::sip::Sip13Rounds> as std::hash::Hasher>::write thread 0
aborting path on assume(false) at file /home/runner/work/kani/kani/library/kani_core/src/models.rs line 176 column 17 function <usize as kani::rustc_intrinsics::ToISize>::to_isize thread 0
aborting path on assume(false) at file /home/runner/work/kani/kani/library/kani/src/lib.rs line 57 column 1 function <usize as kani::rustc_intrinsics::ToISize>::to_isize thread 0
aborting path on assume(false) at file /home/runner/work/kani/kani/library/kani/src/lib.rs line 57 column 1 function <usize as kani::rustc_intrinsics::ToISize>::to_isize thread 0
aborting path on assume(false) at file /home/runner/work/kani/kani/library/kani_core/src/models.rs line 176 column 17 function <usize as kani::rustc_intrinsics::ToISize>::to_isize thread 0
aborting path on assume(false) at file /home/runner/work/kani/kani/library/kani/src/lib.rs line 57 column 1 function <usize as kani::rustc_intrinsics::ToISize>::to_isize thread 0
aborting path on assume(false) at file /home/runner/work/kani/kani/library/kani/src/lib.rs line 57 column 1 function <usize as kani::rustc_intrinsics::ToISize>::to_isize thread 0
aborting path on assume(false) at file /home/runner/.rustup/toolchains/nightly-2025-11-21-x86_64-unknown-linux-gnu/lib/rustlib/src/rust/library/core/src/slice/index.rs line 40 column 9 function core::slice::index::slice_index_fail::do_panic::runtime thread 0
aborting path on assume(false) at file /home/runner/.rustup/toolchains/nightly-2025-11-21-x86_64-unknown-linux-gnu/lib/rustlib/src/rust/library/core/src/intrinsics/mod.rs line 2449 column 9 function core::slice::index::slice_index_fail::do_panic thread 0
aborting path on assume(false) at file /home/runner/.rustup/toolchains/nightly-2025-11-21-x86_64-unknown-linux-gnu/lib/rustlib/src/rust/library/core/src/panic.rs line 178 column 9 function core::slice::index::slice_index_fail thread 0
aborting path on assume(false) at file /home/runner/.rustup/toolchains/nightly-2025-11-21-x86_64-unknown-linux-gnu/lib/rustlib/src/rust/library/core/src/slice/index.rs line 49 column 9 function core::slice::index::slice_index_fail::do_panic::runtime thread 0
aborting path on assume(false) at file /home/runner/.rustup/toolchains/nightly-2025-11-21-x86_64-unknown-linux-gnu/lib/rustlib/src/rust/library/core/src/intrinsics/mod.rs line 2449 column 9 function core::slice::index::slice_index_fail::do_panic thread 0
aborting path on assume(false) at file /home/runner/.rustup/toolchains/nightly-2025-11-21-x86_64-unknown-linux-gnu/lib/rustlib/src/rust/library/core/src/panic.rs line 178 column 9 function core::slice::index::slice_index_fail thread 0
aborting path on assume(false) at file /home/runner/.rustup/toolchains/nightly-2025-11-21-x86_64-unknown-linux-gnu/lib/rustlib/src/rust/library/core/src/slice/index.rs line 58 column 9 function core::slice::index::slice_index_fail::do_panic::runtime thread 0
aborting path on assume(false) at file /home/runner/.rustup/toolchains/nightly-2025-11-21-x86_64-unknown-linux-gnu/lib/rustlib/src/rust/library/core/src/intrinsics/mod.rs line 2449 column 9 function core::slice::index::slice_index_fail::do_panic thread 0
aborting path on assume(false) at file /home/runner/.rustup/toolchains/nightly-2025-11-21-x86_64-unknown-linux-gnu/lib/rustlib/src/rust/library/core/src/panic.rs line 178 column 9 function core::slice::index::slice_index_fail thread 0
aborting path on assume(false) at file /home/runner/.rustup/toolchains/nightly-2025-11-21-x86_64-unknown-linux-gnu/lib/rustlib/src/rust/library/core/src/slice/index.rs line 68 column 5 function core::slice::index::slice_index_fail::do_panic::runtime thread 0
aborting path on assume(false) at file /home/runner/.rustup/toolchains/nightly-2025-11-21-x86_64-unknown-linux-gnu/lib/rustlib/src/rust/library/core/src/intrinsics/mod.rs line 2449 column 9 function core::slice::index::slice_index_fail::do_panic thread 0
aborting path on assume(false) at file /home/runner/.rustup/toolchains/nightly-2025-11-21-x86_64-unknown-linux-gnu/lib/rustlib/src/rust/library/core/src/panic.rs line 178 column 9 function core::slice::index::slice_index_fail thread 0
aborting path on assume(false) at file /home/runner/.rustup/toolchains/nightly-2025-11-21-x86_64-unknown-linux-gnu/lib/rustlib/src/rust/library/core/src/slice/index.rs line 581 column 13 function <std::ops::RangeFrom<usize> as std::slice::SliceIndex<[u8]>>::index_mut thread 0
aborting path on assume(false) at file /home/runner/work/kani/kani/library/kani_core/src/models.rs line 176 column 17 function <usize as kani::rustc_intrinsics::ToISize>::to_isize thread 0
aborting path on assume(false) at file /home/runner/work/kani/kani/library/kani/src/lib.rs line 57 column 1 function <usize as kani::rustc_intrinsics::ToISize>::to_isize thread 0
aborting path on assume(false) at file /home/runner/work/kani/kani/library/kani/src/lib.rs line 57 column 1 function <usize as kani::rustc_intrinsics::ToISize>::to_isize thread 0
aborting path on assume(false) at file /home/runner/work/kani/kani/library/kani/src/lib.rs line 57 column 1 function kani::mem::cbmc::same_allocation thread 0
aborting path on assume(false) at file /home/runner/.rustup/toolchains/nightly-2025-11-21-x86_64-unknown-linux-gnu/lib/rustlib/src/rust/library/std/src/sys/random/linux.rs line 126 column 26 function std::sys::random::linux::getrandom thread 0
Unwinding loop _RNvNtNtNtCsh1i4bqfV5wd_3std3sys6random5linux9getrandom.0 iteration 6 file src/lib.rs line 0 column 0 function std::sys::random::linux::getrandom thread 0
aborting path on assume(false) at file /home/runner/.rustup/toolchains/nightly-2025-11-21-x86_64-unknown-linux-gnu/lib/rustlib/src/rust/library/std/src/sys/pal/unix/weak/syscall.rs line 7 column 9 function std::sys::random::linux::getrandom::getrandom thread 0
aborting path on assume(false) at file /home/runner/.cargo/registry/src/index.crates.io-1949cf8c6b5b557f/libc-0.2.177/src/unix/linux_like/linux/mod.rs line 6372 column 5 function std::sys::random::linux::getrandom::getrandom thread 0
aborting path on assume(false) at  thread 0
aborting path on assume(false) at file /home/runner/work/kani/kani/library/kani/src/lib.rs line 57 column 1 function kani::mem::cbmc::same_allocation thread 0
aborting path on assume(false) at file /home/runner/work/kani/kani/library/kani/src/lib.rs line 57 column 1 function kani::mem::cbmc::same_allocation thread 0
Unwinding loop _RNvXs3_NtNtCsci0VKyKEi6N_4core4hash3sipINtB5_6HasherNtB5_11Sip13RoundsENtB7_6Hasher5writeCs27UYLqoUkb6_4redb.0 iteration 1 file /home/runner/.rustup/toolchains/nightly-2025-11-21-x86_64-unknown-linux-gnu/lib/rustlib/src/rust/library/core/src/hash/sip.rs line 281 column 9 function <core::hash::sip::Hasher<core::hash::sip::Sip13Rounds> as std::hash::Hasher>::write thread 0
aborting path on assume(false) at file /home/runner/work/kani/kani/library/kani/src/lib.rs line 57 column 1 function kani::mem::cbmc::same_allocation thread 0
Unwinding loop _RNvXs3_NtNtCsci0VKyKEi6N_4core4hash3sipINtB5_6HasherNtB5_11Sip13RoundsENtB7_6Hasher5writeCs27UYLqoUkb6_4redb.0 iteration 2 file /home/runner/.rustup/toolchains/nightly-2025-11-21-x86_64-unknown-linux-gnu/lib/rustlib/src/rust/library/core/src/hash/sip.rs line 281 column 9 function <core::hash::sip::Hasher<core::hash::sip::Sip13Rounds> as std::hash::Hasher>::write thread 0
aborting path on assume(false) at file /home/runner/work/kani/kani/library/kani/src/lib.rs line 57 column 1 function kani::mem::cbmc::same_allocation thread 0
Unwinding loop _RNvXs3_NtNtCsci0VKyKEi6N_4core4hash3sipINtB5_6HasherNtB5_11Sip13RoundsENtB7_6Hasher5writeCs27UYLqoUkb6_4redb.0 iteration 3 file /home/runner/.rustup/toolchains/nightly-2025-11-21-x86_64-unknown-linux-gnu/lib/rustlib/src/rust/library/core/src/hash/sip.rs line 281 column 9 function <core::hash::sip::Hasher<core::hash::sip::Sip13Rounds> as std::hash::Hasher>::write thread 0
aborting path on assume(false) at file /home/runner/work/kani/kani/library/kani/src/lib.rs line 57 column 1 function kani::mem::cbmc::same_allocation thread 0
Unwinding loop _RNvXs3_NtNtCsci0VKyKEi6N_4core4hash3sipINtB5_6HasherNtB5_11Sip13RoundsENtB7_6Hasher5writeCs27UYLqoUkb6_4redb.0 iteration 4 file /home/runner/.rustup/toolchains/nightly-2025-11-21-x86_64-unknown-linux-gnu/lib/rustlib/src/rust/library/core/src/hash/sip.rs line 281 column 9 function <core::hash::sip::Hasher<core::hash::sip::Sip13Rounds> as std::hash::Hasher>::write thread 0
aborting path on assume(false) at file /home/runner/work/kani/kani/library/kani/src/lib.rs line 57 column 1 function kani::mem::cbmc::same_allocation thread 0
Unwinding loop _RNvXs3_NtNtCsci0VKyKEi6N_4core4hash3sipINtB5_6HasherNtB5_11Sip13RoundsENtB7_6Hasher5writeCs27UYLqoUkb6_4redb.0 iteration 5 file /home/runner/.rustup/toolchains/nightly-2025-11-21-x86_64-unknown-linux-gnu/lib/rustlib/src/rust/library/core/src/hash/sip.rs line 281 column 9 function <core::hash::sip::Hasher<core::hash::sip::Sip13Rounds> as std::hash::Hasher>::write thread 0
aborting path on assume(false) at file /home/runner/work/kani/kani/library/kani/src/lib.rs line 57 column 1 function kani::mem::cbmc::same_allocation thread 0
Unwinding loop _RNvXs3_NtNtCsci0VKyKEi6N_4core4hash3sipINtB5_6HasherNtB5_11Sip13RoundsENtB7_6Hasher5writeCs27UYLqoUkb6_4redb.0 iteration 6 file /home/runner/.rustup/toolchains/nightly-2025-11-21-x86_64-unknown-linux-gnu/lib/rustlib/src/rust/library/core/src/hash/sip.rs line 281 column 9 function <core::hash::sip::Hasher<core::hash::sip::Sip13Rounds> as std::hash::Hasher>::write thread 0
aborting path on assume(false) at file /home/runner/work/kani/kani/library/kani/src/lib.rs line 57 column 1 function kani::mem::cbmc::same_allocation thread 0
Unwinding loop _RNvXs3_NtNtCsci0VKyKEi6N_4core4hash3sipINtB5_6HasherNtB5_11Sip13RoundsENtB7_6Hasher5writeCs27UYLqoUkb6_4redb.0 iteration 7 file /home/runner/.rustup/toolchains/nightly-2025-11-21-x86_64-unknown-linux-gnu/lib/rustlib/src/rust/library/core/src/hash/sip.rs line 281 column 9 function <core::hash::sip::Hasher<core::hash::sip::Sip13Rounds> as std::hash::Hasher>::write thread 0
aborting path on assume(false) at file /home/runner/work/kani/kani/library/kani/src/lib.rs line 57 column 1 function kani::mem::cbmc::same_allocation thread 0
Unwinding loop _RNvXs3_NtNtCsci0VKyKEi6N_4core4hash3sipINtB5_6HasherNtB5_11Sip13RoundsENtB7_6Hasher5writeCs27UYLqoUkb6_4redb.0 iteration 8 file /home/runner/.rustup/toolchains/nightly-2025-11-21-x86_64-unknown-linux-gnu/lib/rustlib/src/rust/library/core/src/hash/sip.rs line 281 column 9 function <core::hash::sip::Hasher<core::hash::sip::Sip13Rounds> as std::hash::Hasher>::write thread 0
aborting path on assume(false) at file /home/runner/work/kani/kani/library/kani/src/lib.rs line 57 column 1 function kani::mem::cbmc::same_allocation thread 0
Unwinding loop _RNvXs3_NtNtCsci0VKyKEi6N_4core4hash3sipINtB5_6HasherNtB5_11Sip13RoundsENtB7_6Hasher5writeCs27UYLqoUkb6_4redb.0 iteration 9 file /home/runner/.rustup/toolchains/nightly-2025-11-21-x86_64-unknown-linux-gnu/lib/rustlib/src/rust/library/core/src/hash/sip.rs line 281 column 9 function <core::hash::sip::Hasher<core::hash::sip::Sip13Rounds> as std::hash::Hasher>::write thread 0
aborting path on assume(false) at file /home/runner/work/kani/kani/library/kani/src/lib.rs line 57 column 1 function kani::mem::cbmc::same_allocation thread 0
Unwinding loop _RNvXs3_NtNtCsci0VKyKEi6N_4core4hash3sipINtB5_6HasherNtB5_11Sip13RoundsENtB7_6Hasher5writeCs27UYLqoUkb6_4redb.0 iteration 10 file /home/runner/.rustup/toolchains/nightly-2025-11-21-x86_64-unknown-linux-gnu/lib/rustlib/src/rust/library/core/src/hash/sip.rs line 281 column 9 function <core::hash::sip::Hasher<core::hash::sip::Sip13Rounds> as std::hash::Hasher>::write thread 0
aborting path on assume(false) at file /home/runner/work/kani/kani/library/kani/src/lib.rs line 57 column 1 function kani::mem::cbmc::same_allocation thread 0
Unwinding loop _RNvXs3_NtNtCsci0VKyKEi6N_4core4hash3sipINtB5_6HasherNtB5_11Sip13RoundsENtB7_6Hasher5writeCs27UYLqoUkb6_4redb.0 iteration 11 file /home/runner/.rustup/toolchains/nightly-2025-11-21-x86_64-unknown-linux-gnu/lib/rustlib/src/rust/library/core/src/hash/sip.rs line 281 column 9 function <core::hash::sip::Hasher<core::hash::sip::Sip13Rounds> as std::hash::Hasher>::write thread 0
aborting path on assume(false) at file /home/runner/work/kani/kani/library/kani/src/lib.rs line 57 column 1 function kani::mem::cbmc::same_allocation thread 0
Unwinding loop _RNvXs3_NtNtCsci0VKyKEi6N_4core4hash3sipINtB5_6HasherNtB5_11Sip13RoundsENtB7_6Hasher5writeCs27UYLqoUkb6_4redb.0 iteration 12 file /home/runner/.rustup/toolchains/nightly-2025-11-21-x86_64-unknown-linux-gnu/lib/rustlib/src/rust/library/core/src/hash/sip.rs line 281 column 9 function <core::hash::sip::Hasher<core::hash::sip::Sip13Rounds> as std::hash::Hasher>::write thread 0
aborting path on assume(false) at file /home/runner/work/kani/kani/library/kani/src/lib.rs line 57 column 1 function kani::mem::cbmc::same_allocation thread 0
Unwinding loop _RNvXs3_NtNtCsci0VKyKEi6N_4core4hash3sipINtB5_6HasherNtB5_11Sip13RoundsENtB7_6Hasher5writeCs27UYLqoUkb6_4redb.0 iteration 13 file /home/runner/.rustup/toolchains/nightly-2025-11-21-x86_64-unknown-linux-gnu/lib/rustlib/src/rust/library/core/src/hash/sip.rs line 281 column 9 function <core::hash::sip::Hasher<core::hash::sip::Sip13Rounds> as std::hash::Hasher>::write thread 0
aborting path on assume(false) at file /home/runner/work/kani/kani/library/kani/src/lib.rs line 57 column 1 function kani::mem::cbmc::same_allocation thread 0
Unwinding loop _RNvXs3_NtNtCsci0VKyKEi6N_4core4hash3sipINtB5_6HasherNtB5_11Sip13RoundsENtB7_6Hasher5writeCs27UYLqoUkb6_4redb.0 iteration 14 file /home/runner/.rustup/toolchains/nightly-2025-11-21-x86_64-unknown-linux-gnu/lib/rustlib/src/rust/library/core/src/hash/sip.rs line 281 column 9 function <core::hash::sip::Hasher<core::hash::sip::Sip13Rounds> as std::hash::Hasher>::write thread 0
aborting path on assume(false) at file /home/runner/work/kani/kani/library/kani/src/lib.rs line 57 column 1 function kani::mem::cbmc::same_allocation thread 0
Unwinding loop _RNvXs3_NtNtCsci0VKyKEi6N_4core4hash3sipINtB5_6HasherNtB5_11Sip13RoundsENtB7_6Hasher5writeCs27UYLqoUkb6_4redb.0 iteration 15 file /home/runner/.rustup/toolchains/nightly-2025-11-21-x86_64-unknown-linux-gnu/lib/rustlib/src/rust/library/core/src/hash/sip.rs line 281 column 9 function <core::hash::sip::Hasher<core::hash::sip::Sip13Rounds> as std::hash::Hasher>::write thread 0
aborting path on assume(false) at file /home/runner/work/kani/kani/library/kani/src/lib.rs line 57 column 1 function kani::mem::cbmc::same_allocation thread 0
Not unwinding loop _RNvXs3_NtNtCsci0VKyKEi6N_4core4hash3sipINtB5_6HasherNtB5_11Sip13RoundsENtB7_6Hasher5writeCs27UYLqoUkb6_4redb.0 iteration 16 file /home/runner/.rustup/toolchains/nightly-2025-11-21-x86_64-unknown-linux-gnu/lib/rustlib/src/rust/library/core/src/hash/sip.rs line 281 column 9 function <core::hash::sip::Hasher<core::hash::sip::Sip13Rounds> as std::hash::Hasher>::write thread 0
aborting path on assume(false) at file /home/runner/work/kani/kani/library/kani_core/src/models.rs line 176 column 17 function <usize as kani::rustc_intrinsics::ToISize>::to_isize thread 0
aborting path on assume(false) at file /home/runner/work/kani/kani/library/kani/src/lib.rs line 57 column 1 function <usize as kani::rustc_intrinsics::ToISize>::to_isize thread 0
aborting path on assume(false) at file /home/runner/work/kani/kani/library/kani/src/lib.rs line 57 column 1 function <usize as kani::rustc_intrinsics::ToISize>::to_isize thread 0
aborting path on assume(false) at file /home/runner/work/kani/kani/library/kani/src/lib.rs line 57 column 1 function kani::mem::cbmc::same_allocation thread 0
aborting path on assume(false) at file /home/runner/work/kani/kani/library/kani_core/src/models.rs line 176 column 17 function <usize as kani::rustc_intrinsics::ToISize>::to_isize thread 0
aborting path on assume(false) at file /home/runner/work/kani/kani/library/kani/src/lib.rs line 57 column 1 function <usize as kani::rustc_intrinsics::ToISize>::to_isize thread 0
aborting path on assume(false) at file /home/runner/work/kani/kani/library/kani/src/lib.rs line 57 column 1 function <usize as kani::rustc_intrinsics::ToISize>::to_isize thread 0
aborting path on assume(false) at file /home/runner/work/kani/kani/library/kani/src/lib.rs line 57 column 1 function kani::mem::cbmc::same_allocation thread 0
aborting path on assume(false) at file /home/runner/work/kani/kani/library/kani_core/src/models.rs line 176 column 17 function <usize as kani::rustc_intrinsics::ToISize>::to_isize thread 0
aborting path on assume(false) at file /home/runner/work/kani/kani/library/kani/src/lib.rs line 57 column 1 function <usize as kani::rustc_intrinsics::ToISize>::to_isize thread 0
aborting path on assume(false) at file /home/runner/work/kani/kani/library/kani/src/lib.rs line 57 column 1 function <usize as kani::rustc_intrinsics::ToISize>::to_isize thread 0
aborting path on assume(false) at file /home/runner/work/kani/kani/library/kani_core/src/models.rs line 176 column 17 function <usize as kani::rustc_intrinsics::ToISize>::to_isize thread 0
aborting path on assume(false) at file /home/runner/work/kani/kani/library/kani/src/lib.rs line 57 column 1 function <usize as kani::rustc_intrinsics::ToISize>::to_isize thread 0
aborting path on assume(false) at file /home/runner/work/kani/kani/library/kani/src/lib.rs line 57 column 1 function <usize as kani::rustc_intrinsics::ToISize>::to_isize thread 0
Unwinding loop _RNvXs3_NtNtCsci0VKyKEi6N_4core4hash3sipINtB5_6HasherNtB5_11Sip13RoundsENtB7_6Hasher5writeCs27UYLqoUkb6_4redb.0 iteration 1 file /home/runner/.rustup/toolchains/nightly-2025-11-21-x86_64-unknown-linux-gnu/lib/rustlib/src/rust/library/core/src/hash/sip.rs line 281 column 9 function <core::hash::sip::Hasher<core::hash::sip::Sip13Rounds> as std::hash::Hasher>::write thread 0
aborting path on assume(false) at file /home/runner/work/kani/kani/library/kani_core/src/models.rs line 176 column 17 function <usize as kani::rustc_intrinsics::ToISize>::to_isize thread 0
aborting path on assume(false) at file /home/runner/work/kani/kani/library/kani/src/lib.rs line 57 column 1 function <usize as kani::rustc_intrinsics::ToISize>::to_isize thread 0
aborting path on assume(false) at file /home/runner/work/kani/kani/library/kani/src/lib.rs line 57 column 1 function <usize as kani::rustc_intrinsics::ToISize>::to_isize thread 0
Unwinding loop _RNvXs3_NtNtCsci0VKyKEi6N_4core4hash3sipINtB5_6HasherNtB5_11Sip13RoundsENtB7_6Hasher5writeCs27UYLqoUkb6_4redb.0 iteration 2 file /home/runner/.rustup/toolchains/nightly-2025-11-21-x86_64-unknown-linux-gnu/lib/rustlib/src/rust/library/core/src/hash/sip.rs line 281 column 9 function <core::hash::sip::Hasher<core::hash::sip::Sip13Rounds> as std::hash::Hasher>::write thread 0
aborting path on assume(false) at file /home/runner/work/kani/kani/library/kani_core/src/models.rs line 176 column 17 function <usize as kani::rustc_intrinsics::ToISize>::to_isize thread 0
aborting path on assume(false) at file /home/runner/work/kani/kani/library/kani/src/lib.rs line 57 column 1 function <usize as kani::rustc_intrinsics::ToISize>::to_isize thread 0
aborting path on assume(false) at file /home/runner/work/kani/kani/library/kani/src/lib.rs line 57 column 1 function <usize as kani::rustc_intrinsics::ToISize>::to_isize thread 0
Unwinding loop _RNvXs3_NtNtCsci0VKyKEi6N_4core4hash3sipINtB5_6HasherNtB5_11Sip13RoundsENtB7_6Hasher5writeCs27UYLqoUkb6_4redb.0 iteration 3 file /home/runner/.rustup/toolchains/nightly-2025-11-21-x86_64-unknown-linux-gnu/lib/rustlib/src/rust/library/core/src/hash/sip.rs line 281 column 9 function <core::hash::sip::Hasher<core::hash::sip::Sip13Rounds> as std::hash::Hasher>::write thread 0
aborting path on assume(false) at file /home/runner/work/kani/kani/library/kani_core/src/models.rs line 176 column 17 function <usize as kani::rustc_intrinsics::ToISize>::to_isize thread 0
aborting path on assume(false) at file /home/runner/work/kani/kani/library/kani/src/lib.rs line 57 column 1 function <usize as kani::rustc_intrinsics::ToISize>::to_isize thread 0
aborting path on assume(false) at file /home/runner/work/kani/kani/library/kani/src/lib.rs line 57 column 1 function <usize as kani::rustc_intrinsics::ToISize>::to_isize thread 0
Unwinding loop _RNvXs3_NtNtCsci0VKyKEi6N_4core4hash3sipINtB5_6HasherNtB5_11Sip13RoundsENtB7_6Hasher5writeCs27UYLqoUkb6_4redb.0 iteration 4 file /home/runner/.rustup/toolchains/nightly-2025-11-21-x86_64-unknown-linux-gnu/lib/rustlib/src/rust/library/core/src/hash/sip.rs line 281 column 9 function <core::hash::sip::Hasher<core::hash::sip::Sip13Rounds> as std::hash::Hasher>::write thread 0
aborting path on assume(false) at file /home/runner/work/kani/kani/library/kani_core/src/models.rs line 176 column 17 function <usize as kani::rustc_intrinsics::ToISize>::to_isize thread 0
aborting path on assume(false) at file /home/runner/work/kani/kani/library/kani/src/lib.rs line 57 column 1 function <usize as kani::rustc_intrinsics::ToISize>::to_isize thread 0
aborting path on assume(false) at file /home/runner/work/kani/kani/library/kani/src/lib.rs line 57 column 1 function <usize as kani::rustc_intrinsics::ToISize>::to_isize thread 0
Unwinding loop _RNvXs3_NtNtCsci0VKyKEi6N_4core4hash3sipINtB5_6HasherNtB5_11Sip13RoundsENtB7_6Hasher5writeCs27UYLqoUkb6_4redb.0 iteration 5 file /home/runner/.rustup/toolchains/nightly-2025-11-21-x86_64-unknown-linux-gnu/lib/rustlib/src/rust/library/core/src/hash/sip.rs line 281 column 9 function <core::hash::sip::Hasher<core::hash::sip::Sip13Rounds> as std::hash::Hasher>::write thread 0
aborting path on assume(false) at file /home/runner/work/kani/kani/library/kani_core/src/models.rs line 176 column 17 function <usize as kani::rustc_intrinsics::ToISize>::to_isize thread 0
aborting path on assume(false) at file /home/runner/work/kani/kani/library/kani/src/lib.rs line 57 column 1 function <usize as kani::rustc_intrinsics::ToISize>::to_isize thread 0
aborting path on assume(false) at file /home/runner/work/kani/kani/library/kani/src/lib.rs line 57 column 1 function <usize as kani::rustc_intrinsics::ToISize>::to_isize thread 0
Unwinding loop _RNvXs3_NtNtCsci0VKyKEi6N_4core4hash3sipINtB5_6HasherNtB5_11Sip13RoundsENtB7_6Hasher5writeCs27UYLqoUkb6_4redb.0 iteration 6 file /home/runner/.rustup/toolchains/nightly-2025-11-21-x86_64-unknown-linux-gnu/lib/rustlib/src/rust/library/core/src/hash/sip.rs line 281 column 9 function <core::hash::sip::Hasher<core::hash::sip::Sip13Rounds> as std::hash::Hasher>::write thread 0
aborting path on assume(false) at file /home/runner/work/kani/kani/library/kani_core/src/models.rs line 176 column 17 function <usize as kani::rustc_intrinsics::ToISize>::to_isize thread 0
aborting path on assume(false) at file /home/runner/work/kani/kani/library/kani/src/lib.rs line 57 column 1 function <usize as kani::rustc_intrinsics::ToISize>::to_isize thread 0
aborting path on assume(false) at file /home/runner/work/kani/kani/library/kani/src/lib.rs line 57 column 1 function <usize as kani::rustc_intrinsics::ToISize>::to_isize thread 0
Unwinding loop _RNvXs3_NtNtCsci0VKyKEi6N_4core4hash3sipINtB5_6HasherNtB5_11Sip13RoundsENtB7_6Hasher5writeCs27UYLqoUkb6_4redb.0 iteration 7 file /home/runner/.rustup/toolchains/nightly-2025-11-21-x86_64-unknown-linux-gnu/lib/rustlib/src/rust/library/core/src/hash/sip.rs line 281 column 9 function <core::hash::sip::Hasher<core::hash::sip::Sip13Rounds> as std::hash::Hasher>::write thread 0
aborting path on assume(false) at file /home/runner/work/kani/kani/library/kani_core/src/models.rs line 176 column 17 function <usize as kani::rustc_intrinsics::ToISize>::to_isize thread 0
aborting path on assume(false) at file /home/runner/work/kani/kani/library/kani/src/lib.rs line 57 column 1 function <usize as kani::rustc_intrinsics::ToISize>::to_isize thread 0
aborting path on assume(false) at file /home/runner/work/kani/kani/library/kani/src/lib.rs line 57 column 1 function <usize as kani::rustc_intrinsics::ToISize>::to_isize thread 0
Unwinding loop _RNvXs3_NtNtCsci0VKyKEi6N_4core4hash3sipINtB5_6HasherNtB5_11Sip13RoundsENtB7_6Hasher5writeCs27UYLqoUkb6_4redb.0 iteration 8 file /home/runner/.rustup/toolchains/nightly-2025-11-21-x86_64-unknown-linux-gnu/lib/rustlib/src/rust/library/core/src/hash/sip.rs line 281 column 9 function <core::hash::sip::Hasher<core::hash::sip::Sip13Rounds> as std::hash::Hasher>::write thread 0
aborting path on assume(false) at file /home/runner/work/kani/kani/library/kani_core/src/models.rs line 176 column 17 function <usize as kani::rustc_intrinsics::ToISize>::to_isize thread 0
aborting path on assume(false) at file /home/runner/work/kani/kani/library/kani/src/lib.rs line 57 column 1 function <usize as kani::rustc_intrinsics::ToISize>::to_isize thread 0
aborting path on assume(false) at file /home/runner/work/kani/kani/library/kani/src/lib.rs line 57 column 1 function <usize as kani::rustc_intrinsics::ToISize>::to_isize thread 0
Unwinding loop _RNvXs3_NtNtCsci0VKyKEi6N_4core4hash3sipINtB5_6HasherNtB5_11Sip13RoundsENtB7_6Hasher5writeCs27UYLqoUkb6_4redb.0 iteration 9 file /home/runner/.rustup/toolchains/nightly-2025-11-21-x86_64-unknown-linux-gnu/lib/rustlib/src/rust/library/core/src/hash/sip.rs line 281 column 9 function <core::hash::sip::Hasher<core::hash::sip::Sip13Rounds> as std::hash::Hasher>::write thread 0
aborting path on assume(false) at file /home/runner/work/kani/kani/library/kani_core/src/models.rs line 176 column 17 function <usize as kani::rustc_intrinsics::ToISize>::to_isize thread 0
aborting path on assume(false) at file /home/runner/work/kani/kani/library/kani/src/lib.rs line 57 column 1 function <usize as kani::rustc_intrinsics::ToISize>::to_isize thread 0
aborting path on assume(false) at file /home/runner/work/kani/kani/library/kani/src/lib.rs line 57 column 1 function <usize as kani::rustc_intrinsics::ToISize>::to_isize thread 0
Unwinding loop _RNvXs3_NtNtCsci0VKyKEi6N_4core4hash3sipINtB5_6HasherNtB5_11Sip13RoundsENtB7_6Hasher5writeCs27UYLqoUkb6_4redb.0 iteration 10 file /home/runner/.rustup/toolchains/nightly-2025-11-21-x86_64-unknown-linux-gnu/lib/rustlib/src/rust/library/core/src/hash/sip.rs line 281 column 9 function <core::hash::sip::Hasher<core::hash::sip::Sip13Rounds> as std::hash::Hasher>::write thread 0
aborting path on assume(false) at file /home/runner/work/kani/kani/library/kani_core/src/models.rs line 176 column 17 function <usize as kani::rustc_intrinsics::ToISize>::to_isize thread 0
aborting path on assume(false) at file /home/runner/work/kani/kani/library/kani/src/lib.rs line 57 column 1 function <usize as kani::rustc_intrinsics::ToISize>::to_isize thread 0
aborting path on assume(false) at file /home/runner/work/kani/kani/library/kani/src/lib.rs line 57 column 1 function <usize as kani::rustc_intrinsics::ToISize>::to_isize thread 0
Unwinding loop _RNvXs3_NtNtCsci0VKyKEi6N_4core4hash3sipINtB5_6HasherNtB5_11Sip13RoundsENtB7_6Hasher5writeCs27UYLqoUkb6_4redb.0 iteration 11 file /home/runner/.rustup/toolchains/nightly-2025-11-21-x86_64-unknown-linux-gnu/lib/rustlib/src/rust/library/core/src/hash/sip.rs line 281 column 9 function <core::hash::sip::Hasher<core::hash::sip::Sip13Rounds> as std::hash::Hasher>::write thread 0
aborting path on assume(false) at file /home/runner/work/kani/kani/library/kani_core/src/models.rs line 176 column 17 function <usize as kani::rustc_intrinsics::ToISize>::to_isize thread 0
aborting path on assume(false) at file /home/runner/work/kani/kani/library/kani/src/lib.rs line 57 column 1 function <usize as kani::rustc_intrinsics::ToISize>::to_isize thread 0
aborting path on assume(false) at file /home/runner/work/kani/kani/library/kani/src/lib.rs line 57 column 1 function <usize as kani::rustc_intrinsics::ToISize>::to_isize thread 0
Unwinding loop _RNvXs3_NtNtCsci0VKyKEi6N_4core4hash3sipINtB5_6HasherNtB5_11Sip13RoundsENtB7_6Hasher5writeCs27UYLqoUkb6_4redb.0 iteration 12 file /home/runner/.rustup/toolchains/nightly-2025-11-21-x86_64-unknown-linux-gnu/lib/rustlib/src/rust/library/core/src/hash/sip.rs line 281 column 9 function <core::hash::sip::Hasher<core::hash::sip::Sip13Rounds> as std::hash::Hasher>::write thread 0
aborting path on assume(false) at file /home/runner/work/kani/kani/library/kani_core/src/models.rs line 176 column 17 function <usize as kani::rustc_intrinsics::ToISize>::to_isize thread 0
aborting path on assume(false) at file /home/runner/work/kani/kani/library/kani/src/lib.rs line 57 column 1 function <usize as kani::rustc_intrinsics::ToISize>::to_isize thread 0
aborting path on assume(false) at file /home/runner/work/kani/kani/library/kani/src/lib.rs line 57 column 1 function <usize as kani::rustc_intrinsics::ToISize>::to_isize thread 0
Unwinding loop _RNvXs3_NtNtCsci0VKyKEi6N_4core4hash3sipINtB5_6HasherNtB5_11Sip13RoundsENtB7_6Hasher5writeCs27UYLqoUkb6_4redb.0 iteration 13 file /home/runner/.rustup/toolchains/nightly-2025-11-21-x86_64-unknown-linux-gnu/lib/rustlib/src/rust/library/core/src/hash/sip.rs line 281 column 9 function <core::hash::sip::Hasher<core::hash::sip::Sip13Rounds> as std::hash::Hasher>::write thread 0
aborting path on assume(false) at file /home/runner/work/kani/kani/library/kani_core/src/models.rs line 176 column 17 function <usize as kani::rustc_intrinsics::ToISize>::to_isize thread 0
aborting path on assume(false) at file /home/runner/work/kani/kani/library/kani/src/lib.rs line 57 column 1 function <usize as kani::rustc_intrinsics::ToISize>::to_isize thread 0
aborting path on assume(false) at file /home/runner/work/kani/kani/library/kani/src/lib.rs line 57 column 1 function <usize as kani::rustc_intrinsics::ToISize>::to_isize thread 0
Unwinding loop _RNvXs3_NtNtCsci0VKyKEi6N_4core4hash3sipINtB5_6HasherNtB5_11Sip13RoundsENtB7_6Hasher5writeCs27UYLqoUkb6_4redb.0 iteration 14 file /home/runner/.rustup/toolchains/nightly-2025-11-21-x86_64-unknown-linux-gnu/lib/rustlib/src/rust/library/core/src/hash/sip.rs line 281 column 9 function <core::hash::sip::Hasher<core::hash::sip::Sip13Rounds> as std::hash::Hasher>::write thread 0
aborting path on assume(false) at file /home/runner/work/kani/kani/library/kani_core/src/models.rs line 176 column 17 function <usize as kani::rustc_intrinsics::ToISize>::to_isize thread 0
aborting path on assume(false) at file /home/runner/work/kani/kani/library/kani/src/lib.rs line 57 column 1 function <usize as kani::rustc_intrinsics::ToISize>::to_isize thread 0
aborting path on assume(false) at file /home/runner/work/kani/kani/library/kani/src/lib.rs line 57 column 1 function <usize as kani::rustc_intrinsics::ToISize>::to_isize thread 0
Unwinding loop _RNvXs3_NtNtCsci0VKyKEi6N_4core4hash3sipINtB5_6HasherNtB5_11Sip13RoundsENtB7_6Hasher5writeCs27UYLqoUkb6_4redb.0 iteration 15 file /home/runner/.rustup/toolchains/nightly-2025-11-21-x86_64-unknown-linux-gnu/lib/rustlib/src/rust/library/core/src/hash/sip.rs line 281 column 9 function <core::hash::sip::Hasher<core::hash::sip::Sip13Rounds> as std::hash::Hasher>::write thread 0
aborting path on assume(false) at file /home/runner/work/kani/kani/library/kani_core/src/models.rs line 176 column 17 function <usize as kani::rustc_intrinsics::ToISize>::to_isize thread 0
aborting path on assume(false) at file /home/runner/work/kani/kani/library/kani/src/lib.rs line 57 column 1 function <usize as kani::rustc_intrinsics::ToISize>::to_isize thread 0
aborting path on assume(false) at file /home/runner/work/kani/kani/library/kani/src/lib.rs line 57 column 1 function <usize as kani::rustc_intrinsics::ToISize>::to_isize thread 0
Not unwinding loop _RNvXs3_NtNtCsci0VKyKEi6N_4core4hash3sipINtB5_6HasherNtB5_11Sip13RoundsENtB7_6Hasher5writeCs27UYLqoUkb6_4redb.0 iteration 16 file /home/runner/.rustup/toolchains/nightly-2025-11-21-x86_64-unknown-linux-gnu/lib/rustlib/src/rust/library/core/src/hash/sip.rs line 281 column 9 function <core::hash::sip::Hasher<core::hash::sip::Sip13Rounds> as std::hash::Hasher>::write thread 0
aborting path on assume(false) at file /home/runner/work/kani/kani/library/kani_core/src/models.rs line 176 column 17 function <usize as kani::rustc_intrinsics::ToISize>::to_isize thread 0
aborting path on assume(false) at file /home/runner/work/kani/kani/library/kani/src/lib.rs line 57 column 1 function <usize as kani::rustc_intrinsics::ToISize>::to_isize thread 0
aborting path on assume(false) at file /home/runner/work/kani/kani/library/kani/src/lib.rs line 57 column 1 function <usize as kani::rustc_intrinsics::ToISize>::to_isize thread 0
aborting path on assume(false) at file /home/runner/work/kani/kani/library/kani_core/src/models.rs line 176 column 17 function <usize as kani::rustc_intrinsics::ToISize>::to_isize thread 0
aborting path on assume(false) at file /home/runner/work/kani/kani/library/kani/src/lib.rs line 57 column 1 function <usize as kani::rustc_intrinsics::ToISize>::to_isize thread 0
aborting path on assume(false) at file /home/runner/work/kani/kani/library/kani/src/lib.rs line 57 column 1 function <usize as kani::rustc_intrinsics::ToISize>::to_isize thread 0
aborting path on assume(false) at file /home/runner/work/kani/kani/library/kani/src/lib.rs line 57 column 1 function kani::mem::cbmc::same_allocation thread 0
aborting path on assume(false) at file /home/runner/work/kani/kani/library/kani/src/lib.rs line 57 column 1 function kani::mem::cbmc::same_allocation thread 0
Unwinding loop _RNvXs3_NtNtCsci0VKyKEi6N_4core4hash3sipINtB5_6HasherNtB5_11Sip13RoundsENtB7_6Hasher5writeCs27UYLqoUkb6_4redb.0 iteration 1 file /home/runner/.rustup/toolchains/nightly-2025-11-21-x86_64-unknown-linux-gnu/lib/rustlib/src/rust/library/core/src/hash/sip.rs line 281 column 9 function <core::hash::sip::Hasher<core::hash::sip::Sip13Rounds> as std::hash::Hasher>::write thread 0
aborting path on assume(false) at file /home/runner/work/kani/kani/library/kani/src/lib.rs line 57 column 1 function kani::mem::cbmc::same_allocation thread 0
Unwinding loop _RNvXs3_NtNtCsci0VKyKEi6N_4core4hash3sipINtB5_6HasherNtB5_11Sip13RoundsENtB7_6Hasher5writeCs27UYLqoUkb6_4redb.0 iteration 2 file /home/runner/.rustup/toolchains/nightly-2025-11-21-x86_64-unknown-linux-gnu/lib/rustlib/src/rust/library/core/src/hash/sip.rs line 281 column 9 function <core::hash::sip::Hasher<core::hash::sip::Sip13Rounds> as std::hash::Hasher>::write thread 0
aborting path on assume(false) at file /home/runner/work/kani/kani/library/kani/src/lib.rs line 57 column 1 function kani::mem::cbmc::same_allocation thread 0
Unwinding loop _RNvXs3_NtNtCsci0VKyKEi6N_4core4hash3sipINtB5_6HasherNtB5_11Sip13RoundsENtB7_6Hasher5writeCs27UYLqoUkb6_4redb.0 iteration 3 file /home/runner/.rustup/toolchains/nightly-2025-11-21-x86_64-unknown-linux-gnu/lib/rustlib/src/rust/library/core/src/hash/sip.rs line 281 column 9 function <core::hash::sip::Hasher<core::hash::sip::Sip13Rounds> as std::hash::Hasher>::write thread 0
aborting path on assume(false) at file /home/runner/work/kani/kani/library/kani/src/lib.rs line 57 column 1 function kani::mem::cbmc::same_allocation thread 0
Unwinding loop _RNvXs3_NtNtCsci0VKyKEi6N_4core4hash3sipINtB5_6HasherNtB5_11Sip13RoundsENtB7_6Hasher5writeCs27UYLqoUkb6_4redb.0 iteration 4 file /home/runner/.rustup/toolchains/nightly-2025-11-21-x86_64-unknown-linux-gnu/lib/rustlib/src/rust/library/core/src/hash/sip.rs line 281 column 9 function <core::hash::sip::Hasher<core::hash::sip::Sip13Rounds> as std::hash::Hasher>::write thread 0
aborting path on assume(false) at file /home/runner/work/kani/kani/library/kani/src/lib.rs line 57 column 1 function kani::mem::cbmc::same_allocation thread 0
Unwinding loop _RNvXs3_NtNtCsci0VKyKEi6N_4core4hash3sipINtB5_6HasherNtB5_11Sip13RoundsENtB7_6Hasher5writeCs27UYLqoUkb6_4redb.0 iteration 5 file /home/runner/.rustup/toolchains/nightly-2025-11-21-x86_64-unknown-linux-gnu/lib/rustlib/src/rust/library/core/src/hash/sip.rs line 281 column 9 function <core::hash::sip::Hasher<core::hash::sip::Sip13Rounds> as std::hash::Hasher>::write thread 0
aborting path on assume(false) at file /home/runner/work/kani/kani/library/kani/src/lib.rs line 57 column 1 function kani::mem::cbmc::same_allocation thread 0
Unwinding loop _RNvXs3_NtNtCsci0VKyKEi6N_4core4hash3sipINtB5_6HasherNtB5_11Sip13RoundsENtB7_6Hasher5writeCs27UYLqoUkb6_4redb.0 iteration 6 file /home/runner/.rustup/toolchains/nightly-2025-11-21-x86_64-unknown-linux-gnu/lib/rustlib/src/rust/library/core/src/hash/sip.rs line 281 column 9 function <core::hash::sip::Hasher<core::hash::sip::Sip13Rounds> as std::hash::Hasher>::write thread 0
aborting path on assume(false) at file /home/runner/work/kani/kani/library/kani/src/lib.rs line 57 column 1 function kani::mem::cbmc::same_allocation thread 0
Unwinding loop _RNvXs3_NtNtCsci0VKyKEi6N_4core4hash3sipINtB5_6HasherNtB5_11Sip13RoundsENtB7_6Hasher5writeCs27UYLqoUkb6_4redb.0 iteration 7 file /home/runner/.rustup/toolchains/nightly-2025-11-21-x86_64-unknown-linux-gnu/lib/rustlib/src/rust/library/core/src/hash/sip.rs line 281 column 9 function <core::hash::sip::Hasher<core::hash::sip::Sip13Rounds> as std::hash::Hasher>::write thread 0
aborting path on assume(false) at file /home/runner/work/kani/kani/library/kani/src/lib.rs line 57 column 1 function kani::mem::cbmc::same_allocation thread 0
Unwinding loop _RNvXs3_NtNtCsci0VKyKEi6N_4core4hash3sipINtB5_6HasherNtB5_11Sip13RoundsENtB7_6Hasher5writeCs27UYLqoUkb6_4redb.0 iteration 8 file /home/runner/.rustup/toolchains/nightly-2025-11-21-x86_64-unknown-linux-gnu/lib/rustlib/src/rust/library/core/src/hash/sip.rs line 281 column 9 function <core::hash::sip::Hasher<core::hash::sip::Sip13Rounds> as std::hash::Hasher>::write thread 0
aborting path on assume(false) at file /home/runner/work/kani/kani/library/kani/src/lib.rs line 57 column 1 function kani::mem::cbmc::same_allocation thread 0
Unwinding loop _RNvXs3_NtNtCsci0VKyKEi6N_4core4hash3sipINtB5_6HasherNtB5_11Sip13RoundsENtB7_6Hasher5writeCs27UYLqoUkb6_4redb.0 iteration 9 file /home/runner/.rustup/toolchains/nightly-2025-11-21-x86_64-unknown-linux-gnu/lib/rustlib/src/rust/library/core/src/hash/sip.rs line 281 column 9 function <core::hash::sip::Hasher<core::hash::sip::Sip13Rounds> as std::hash::Hasher>::write thread 0
aborting path on assume(false) at file /home/runner/work/kani/kani/library/kani/src/lib.rs line 57 column 1 function kani::mem::cbmc::same_allocation thread 0
Unwinding loop _RNvXs3_NtNtCsci0VKyKEi6N_4core4hash3sipINtB5_6HasherNtB5_11Sip13RoundsENtB7_6Hasher5writeCs27UYLqoUkb6_4redb.0 iteration 10 file /home/runner/.rustup/toolchains/nightly-2025-11-21-x86_64-unknown-linux-gnu/lib/rustlib/src/rust/library/core/src/hash/sip.rs line 281 column 9 function <core::hash::sip::Hasher<core::hash::sip::Sip13Rounds> as std::hash::Hasher>::write thread 0
aborting path on assume(false) at file /home/runner/work/kani/kani/library/kani/src/lib.rs line 57 column 1 function kani::mem::cbmc::same_allocation thread 0
Unwinding loop _RNvXs3_NtNtCsci0VKyKEi6N_4core4hash3sipINtB5_6HasherNtB5_11Sip13RoundsENtB7_6Hasher5writeCs27UYLqoUkb6_4redb.0 iteration 11 file /home/runner/.rustup/toolchains/nightly-2025-11-21-x86_64-unknown-linux-gnu/lib/rustlib/src/rust/library/core/src/hash/sip.rs line 281 column 9 function <core::hash::sip::Hasher<core::hash::sip::Sip13Rounds> as std::hash::Hasher>::write thread 0
aborting path on assume(false) at file /home/runner/work/kani/kani/library/kani/src/lib.rs line 57 column 1 function kani::mem::cbmc::same_allocation thread 0
Unwinding loop _RNvXs3_NtNtCsci0VKyKEi6N_4core4hash3sipINtB5_6HasherNtB5_11Sip13RoundsENtB7_6Hasher5writeCs27UYLqoUkb6_4redb.0 iteration 12 file /home/runner/.rustup/toolchains/nightly-2025-11-21-x86_64-unknown-linux-gnu/lib/rustlib/src/rust/library/core/src/hash/sip.rs line 281 column 9 function <core::hash::sip::Hasher<core::hash::sip::Sip13Rounds> as std::hash::Hasher>::write thread 0
aborting path on assume(false) at file /home/runner/work/kani/kani/library/kani/src/lib.rs line 57 column 1 function kani::mem::cbmc::same_allocation thread 0
Unwinding loop _RNvXs3_NtNtCsci0VKyKEi6N_4core4hash3sipINtB5_6HasherNtB5_11Sip13RoundsENtB7_6Hasher5writeCs27UYLqoUkb6_4redb.0 iteration 13 file /home/runner/.rustup/toolchains/nightly-2025-11-21-x86_64-unknown-linux-gnu/lib/rustlib/src/rust/library/core/src/hash/sip.rs line 281 column 9 function <core::hash::sip::Hasher<core::hash::sip::Sip13Rounds> as std::hash::Hasher>::write thread 0
aborting path on assume(false) at file /home/runner/work/kani/kani/library/kani/src/lib.rs line 57 column 1 function kani::mem::cbmc::same_allocation thread 0
Unwinding loop _RNvXs3_NtNtCsci0VKyKEi6N_4core4hash3sipINtB5_6HasherNtB5_11Sip13RoundsENtB7_6Hasher5writeCs27UYLqoUkb6_4redb.0 iteration 14 file /home/runner/.rustup/toolchains/nightly-2025-11-21-x86_64-unknown-linux-gnu/lib/rustlib/src/rust/library/core/src/hash/sip.rs line 281 column 9 function <core::hash::sip::Hasher<core::hash::sip::Sip13Rounds> as std::hash::Hasher>::write thread 0
aborting path on assume(false) at file /home/runner/work/kani/kani/library/kani/src/lib.rs line 57 column 1 function kani::mem::cbmc::same_allocation thread 0
Unwinding loop _RNvXs3_NtNtCsci0VKyKEi6N_4core4hash3sipINtB5_6HasherNtB5_11Sip13RoundsENtB7_6Hasher5writeCs27UYLqoUkb6_4redb.0 iteration 15 file /home/runner/.rustup/toolchains/nightly-2025-11-21-x86_64-unknown-linux-gnu/lib/rustlib/src/rust/library/core/src/hash/sip.rs line 281 column 9 function <core::hash::sip::Hasher<core::hash::sip::Sip13Rounds> as std::hash::Hasher>::write thread 0
aborting path on assume(false) at file /home/runner/work/kani/kani/library/kani/src/lib.rs line 57 column 1 function kani::mem::cbmc::same_allocation thread 0
Not unwinding loop _RNvXs3_NtNtCsci0VKyKEi6N_4core4hash3sipINtB5_6HasherNtB5_11Sip13RoundsENtB7_6Hasher5writeCs27UYLqoUkb6_4redb.0 iteration 16 file /home/runner/.rustup/toolchains/nightly-2025-11-21-x86_64-unknown-linux-gnu/lib/rustlib/src/rust/library/core/src/hash/sip.rs line 281 column 9 function <core::hash::sip::Hasher<core::hash::sip::Sip13Rounds> as std::hash::Hasher>::write thread 0
aborting path on assume(false) at file /home/runner/work/kani/kani/library/kani_core/src/models.rs line 176 column 17 function <usize as kani::rustc_intrinsics::ToISize>::to_isize thread 0
aborting path on assume(false) at file /home/runner/work/kani/kani/library/kani/src/lib.rs line 57 column 1 function <usize as kani::rustc_intrinsics::ToISize>::to_isize thread 0
aborting path on assume(false) at file /home/runner/work/kani/kani/library/kani/src/lib.rs line 57 column 1 function <usize as kani::rustc_intrinsics::ToISize>::to_isize thread 0
aborting path on assume(false) at file /home/runner/work/kani/kani/library/kani/src/lib.rs line 57 column 1 function kani::mem::cbmc::same_allocation thread 0
aborting path on assume(false) at file /home/runner/work/kani/kani/library/kani_core/src/models.rs line 176 column 17 function <usize as kani::rustc_intrinsics::ToISize>::to_isize thread 0
aborting path on assume(false) at file /home/runner/work/kani/kani/library/kani/src/lib.rs line 57 column 1 function <usize as kani::rustc_intrinsics::ToISize>::to_isize thread 0
aborting path on assume(false) at file /home/runner/work/kani/kani/library/kani/src/lib.rs line 57 column 1 function <usize as kani::rustc_intrinsics::ToISize>::to_isize thread 0
aborting path on assume(false) at file /home/runner/work/kani/kani/library/kani/src/lib.rs line 57 column 1 function kani::mem::cbmc::same_allocation thread 0
aborting path on assume(false) at file /home/runner/work/kani/kani/library/kani_core/src/models.rs line 176 column 17 function <usize as kani::rustc_intrinsics::ToISize>::to_isize thread 0
aborting path on assume(false) at file /home/runner/work/kani/kani/library/kani/src/lib.rs line 57 column 1 function <usize as kani::rustc_intrinsics::ToISize>::to_isize thread 0
aborting path on assume(false) at file /home/runner/work/kani/kani/library/kani/src/lib.rs line 57 column 1 function <usize as kani::rustc_intrinsics::ToISize>::to_isize thread 0
aborting path on assume(false) at file /home/runner/work/kani/kani/library/kani_core/src/models.rs line 176 column 17 function <usize as kani::rustc_intrinsics::ToISize>::to_isize thread 0
aborting path on assume(false) at file /home/runner/work/kani/kani/library/kani/src/lib.rs line 57 column 1 function <usize as kani::rustc_intrinsics::ToISize>::to_isize thread 0
aborting path on assume(false) at file /home/runner/work/kani/kani/library/kani/src/lib.rs line 57 column 1 function <usize as kani::rustc_intrinsics::ToISize>::to_isize thread 0
Unwinding loop _RNvXs3_NtNtCsci0VKyKEi6N_4core4hash3sipINtB5_6HasherNtB5_11Sip13RoundsENtB7_6Hasher5writeCs27UYLqoUkb6_4redb.0 iteration 1 file /home/runner/.rustup/toolchains/nightly-2025-11-21-x86_64-unknown-linux-gnu/lib/rustlib/src/rust/library/core/src/hash/sip.rs line 281 column 9 function <core::hash::sip::Hasher<core::hash::sip::Sip13Rounds> as std::hash::Hasher>::write thread 0
aborting path on assume(false) at file /home/runner/work/kani/kani/library/kani_core/src/models.rs line 176 column 17 function <usize as kani::rustc_intrinsics::ToISize>::to_isize thread 0
aborting path on assume(false) at file /home/runner/work/kani/kani/library/kani/src/lib.rs line 57 column 1 function <usize as kani::rustc_intrinsics::ToISize>::to_isize thread 0
aborting path on assume(false) at file /home/runner/work/kani/kani/library/kani/src/lib.rs line 57 column 1 function <usize as kani::rustc_intrinsics::ToISize>::to_isize thread 0
Unwinding loop _RNvXs3_NtNtCsci0VKyKEi6N_4core4hash3sipINtB5_6HasherNtB5_11Sip13RoundsENtB7_6Hasher5writeCs27UYLqoUkb6_4redb.0 iteration 2 file /home/runner/.rustup/toolchains/nightly-2025-11-21-x86_64-unknown-linux-gnu/lib/rustlib/src/rust/library/core/src/hash/sip.rs line 281 column 9 function <core::hash::sip::Hasher<core::hash::sip::Sip13Rounds> as std::hash::Hasher>::write thread 0
aborting path on assume(false) at file /home/runner/work/kani/kani/library/kani_core/src/models.rs line 176 column 17 function <usize as kani::rustc_intrinsics::ToISize>::to_isize thread 0
aborting path on assume(false) at file /home/runner/work/kani/kani/library/kani/src/lib.rs line 57 column 1 function <usize as kani::rustc_intrinsics::ToISize>::to_isize thread 0
aborting path on assume(false) at file /home/runner/work/kani/kani/library/kani/src/lib.rs line 57 column 1 function <usize as kani::rustc_intrinsics::ToISize>::to_isize thread 0
Unwinding loop _RNvXs3_NtNtCsci0VKyKEi6N_4core4hash3sipINtB5_6HasherNtB5_11Sip13RoundsENtB7_6Hasher5writeCs27UYLqoUkb6_4redb.0 iteration 3 file /home/runner/.rustup/toolchains/nightly-2025-11-21-x86_64-unknown-linux-gnu/lib/rustlib/src/rust/library/core/src/hash/sip.rs line 281 column 9 function <core::hash::sip::Hasher<core::hash::sip::Sip13Rounds> as std::hash::Hasher>::write thread 0
aborting path on assume(false) at file /home/runner/work/kani/kani/library/kani_core/src/models.rs line 176 column 17 function <usize as kani::rustc_intrinsics::ToISize>::to_isize thread 0
aborting path on assume(false) at file /home/runner/work/kani/kani/library/kani/src/lib.rs line 57 column 1 function <usize as kani::rustc_intrinsics::ToISize>::to_isize thread 0
aborting path on assume(false) at file /home/runner/work/kani/kani/library/kani/src/lib.rs line 57 column 1 function <usize as kani::rustc_intrinsics::ToISize>::to_isize thread 0
Unwinding loop _RNvXs3_NtNtCsci0VKyKEi6N_4core4hash3sipINtB5_6HasherNtB5_11Sip13RoundsENtB7_6Hasher5writeCs27UYLqoUkb6_4redb.0 iteration 4 file /home/runner/.rustup/toolchains/nightly-2025-11-21-x86_64-unknown-linux-gnu/lib/rustlib/src/rust/library/core/src/hash/sip.rs line 281 column 9 function <core::hash::sip::Hasher<core::hash::sip::Sip13Rounds> as std::hash::Hasher>::write thread 0
aborting path on assume(false) at file /home/runner/work/kani/kani/library/kani_core/src/models.rs line 176 column 17 function <usize as kani::rustc_intrinsics::ToISize>::to_isize thread 0
aborting path on assume(false) at file /home/runner/work/kani/kani/library/kani/src/lib.rs line 57 column 1 function <usize as kani::rustc_intrinsics::ToISize>::to_isize thread 0
aborting path on assume(false) at file /home/runner/work/kani/kani/library/kani/src/lib.rs line 57 column 1 function <usize as kani::rustc_intrinsics::ToISize>::to_isize thread 0
Unwinding loop _RNvXs3_NtNtCsci0VKyKEi6N_4core4hash3sipINtB5_6HasherNtB5_11Sip13RoundsENtB7_6Hasher5writeCs27UYLqoUkb6_4redb.0 iteration 5 file /home/runner/.rustup/toolchains/nightly-2025-11-21-x86_64-unknown-linux-gnu/lib/rustlib/src/rust/library/core/src/hash/sip.rs line 281 column 9 function <core::hash::sip::Hasher<core::hash::sip::Sip13Rounds> as std::hash::Hasher>::write thread 0
aborting path on assume(false) at file /home/runner/work/kani/kani/library/kani_core/src/models.rs line 176 column 17 function <usize as kani::rustc_intrinsics::ToISize>::to_isize thread 0
aborting path on assume(false) at file /home/runner/work/kani/kani/library/kani/src/lib.rs line 57 column 1 function <usize as kani::rustc_intrinsics::ToISize>::to_isize thread 0
aborting path on assume(false) at file /home/runner/work/kani/kani/library/kani/src/lib.rs line 57 column 1 function <usize as kani::rustc_intrinsics::ToISize>::to_isize thread 0
Unwinding loop _RNvXs3_NtNtCsci0VKyKEi6N_4core4hash3sipINtB5_6HasherNtB5_11Sip13RoundsENtB7_6Hasher5writeCs27UYLqoUkb6_4redb.0 iteration 6 file /home/runner/.rustup/toolchains/nightly-2025-11-21-x86_64-unknown-linux-gnu/lib/rustlib/src/rust/library/core/src/hash/sip.rs line 281 column 9 function <core::hash::sip::Hasher<core::hash::sip::Sip13Rounds> as std::hash::Hasher>::write thread 0
aborting path on assume(false) at file /home/runner/work/kani/kani/library/kani_core/src/models.rs line 176 column 17 function <usize as kani::rustc_intrinsics::ToISize>::to_isize thread 0
aborting path on assume(false) at file /home/runner/work/kani/kani/library/kani/src/lib.rs line 57 column 1 function <usize as kani::rustc_intrinsics::ToISize>::to_isize thread 0
aborting path on assume(false) at file /home/runner/work/kani/kani/library/kani/src/lib.rs line 57 column 1 function <usize as kani::rustc_intrinsics::ToISize>::to_isize thread 0
Unwinding loop _RNvXs3_NtNtCsci0VKyKEi6N_4core4hash3sipINtB5_6HasherNtB5_11Sip13RoundsENtB7_6Hasher5writeCs27UYLqoUkb6_4redb.0 iteration 7 file /home/runner/.rustup/toolchains/nightly-2025-11-21-x86_64-unknown-linux-gnu/lib/rustlib/src/rust/library/core/src/hash/sip.rs line 281 column 9 function <core::hash::sip::Hasher<core::hash::sip::Sip13Rounds> as std::hash::Hasher>::write thread 0
aborting path on assume(false) at file /home/runner/work/kani/kani/library/kani_core/src/models.rs line 176 column 17 function <usize as kani::rustc_intrinsics::ToISize>::to_isize thread 0
aborting path on assume(false) at file /home/runner/work/kani/kani/library/kani/src/lib.rs line 57 column 1 function <usize as kani::rustc_intrinsics::ToISize>::to_isize thread 0
aborting path on assume(false) at file /home/runner/work/kani/kani/library/kani/src/lib.rs line 57 column 1 function <usize as kani::rustc_intrinsics::ToISize>::to_isize thread 0
Unwinding loop _RNvXs3_NtNtCsci0VKyKEi6N_4core4hash3sipINtB5_6HasherNtB5_11Sip13RoundsENtB7_6Hasher5writeCs27UYLqoUkb6_4redb.0 iteration 8 file /home/runner/.rustup/toolchains/nightly-2025-11-21-x86_64-unknown-linux-gnu/lib/rustlib/src/rust/library/core/src/hash/sip.rs line 281 column 9 function <core::hash::sip::Hasher<core::hash::sip::Sip13Rounds> as std::hash::Hasher>::write thread 0
aborting path on assume(false) at file /home/runner/work/kani/kani/library/kani_core/src/models.rs line 176 column 17 function <usize as kani::rustc_intrinsics::ToISize>::to_isize thread 0
aborting path on assume(false) at file /home/runner/work/kani/kani/library/kani/src/lib.rs line 57 column 1 function <usize as kani::rustc_intrinsics::ToISize>::to_isize thread 0
aborting path on assume(false) at file /home/runner/work/kani/kani/library/kani/src/lib.rs line 57 column 1 function <usize as kani::rustc_intrinsics::ToISize>::to_isize thread 0
Unwinding loop _RNvXs3_NtNtCsci0VKyKEi6N_4core4hash3sipINtB5_6HasherNtB5_11Sip13RoundsENtB7_6Hasher5writeCs27UYLqoUkb6_4redb.0 iteration 9 file /home/runner/.rustup/toolchains/nightly-2025-11-21-x86_64-unknown-linux-gnu/lib/rustlib/src/rust/library/core/src/hash/sip.rs line 281 column 9 function <core::hash::sip::Hasher<core::hash::sip::Sip13Rounds> as std::hash::Hasher>::write thread 0
aborting path on assume(false) at file /home/runner/work/kani/kani/library/kani_core/src/models.rs line 176 column 17 function <usize as kani::rustc_intrinsics::ToISize>::to_isize thread 0
aborting path on assume(false) at file /home/runner/work/kani/kani/library/kani/src/lib.rs line 57 column 1 function <usize as kani::rustc_intrinsics::ToISize>::to_isize thread 0
aborting path on assume(false) at file /home/runner/work/kani/kani/library/kani/src/lib.rs line 57 column 1 function <usize as kani::rustc_intrinsics::ToISize>::to_isize thread 0
Unwinding loop _RNvXs3_NtNtCsci0VKyKEi6N_4core4hash3sipINtB5_6HasherNtB5_11Sip13RoundsENtB7_6Hasher5writeCs27UYLqoUkb6_4redb.0 iteration 10 file /home/runner/.rustup/toolchains/nightly-2025-11-21-x86_64-unknown-linux-gnu/lib/rustlib/src/rust/library/core/src/hash/sip.rs line 281 column 9 function <core::hash::sip::Hasher<core::hash::sip::Sip13Rounds> as std::hash::Hasher>::write thread 0
aborting path on assume(false) at file /home/runner/work/kani/kani/library/kani_core/src/models.rs line 176 column 17 function <usize as kani::rustc_intrinsics::ToISize>::to_isize thread 0
aborting path on assume(false) at file /home/runner/work/kani/kani/library/kani/src/lib.rs line 57 column 1 function <usize as kani::rustc_intrinsics::ToISize>::to_isize thread 0
aborting path on assume(false) at file /home/runner/work/kani/kani/library/kani/src/lib.rs line 57 column 1 function <usize as kani::rustc_intrinsics::ToISize>::to_isize thread 0
Unwinding loop _RNvXs3_NtNtCsci0VKyKEi6N_4core4hash3sipINtB5_6HasherNtB5_11Sip13RoundsENtB7_6Hasher5writeCs27UYLqoUkb6_4redb.0 iteration 11 file /home/runner/.rustup/toolchains/nightly-2025-11-21-x86_64-unknown-linux-gnu/lib/rustlib/src/rust/library/core/src/hash/sip.rs line 281 column 9 function <core::hash::sip::Hasher<core::hash::sip::Sip13Rounds> as std::hash::Hasher>::write thread 0
aborting path on assume(false) at file /home/runner/work/kani/kani/library/kani_core/src/models.rs line 176 column 17 function <usize as kani::rustc_intrinsics::ToISize>::to_isize thread 0
aborting path on assume(false) at file /home/runner/work/kani/kani/library/kani/src/lib.rs line 57 column 1 function <usize as kani::rustc_intrinsics::ToISize>::to_isize thread 0
aborting path on assume(false) at file /home/runner/work/kani/kani/library/kani/src/lib.rs line 57 column 1 function <usize as kani::rustc_intrinsics::ToISize>::to_isize thread 0
Unwinding loop _RNvXs3_NtNtCsci0VKyKEi6N_4core4hash3sipINtB5_6HasherNtB5_11Sip13RoundsENtB7_6Hasher5writeCs27UYLqoUkb6_4redb.0 iteration 12 file /home/runner/.rustup/toolchains/nightly-2025-11-21-x86_64-unknown-linux-gnu/lib/rustlib/src/rust/library/core/src/hash/sip.rs line 281 column 9 function <core::hash::sip::Hasher<core::hash::sip::Sip13Rounds> as std::hash::Hasher>::write thread 0
aborting path on assume(false) at file /home/runner/work/kani/kani/library/kani_core/src/models.rs line 176 column 17 function <usize as kani::rustc_intrinsics::ToISize>::to_isize thread 0
aborting path on assume(false) at file /home/runner/work/kani/kani/library/kani/src/lib.rs line 57 column 1 function <usize as kani::rustc_intrinsics::ToISize>::to_isize thread 0
aborting path on assume(false) at file /home/runner/work/kani/kani/library/kani/src/lib.rs line 57 column 1 function <usize as kani::rustc_intrinsics::ToISize>::to_isize thread 0
Unwinding loop _RNvXs3_NtNtCsci0VKyKEi6N_4core4hash3sipINtB5_6HasherNtB5_11Sip13RoundsENtB7_6Hasher5writeCs27UYLqoUkb6_4redb.0 iteration 13 file /home/runner/.rustup/toolchains/nightly-2025-11-21-x86_64-unknown-linux-gnu/lib/rustlib/src/rust/library/core/src/hash/sip.rs line 281 column 9 function <core::hash::sip::Hasher<core::hash::sip::Sip13Rounds> as std::hash::Hasher>::write thread 0
aborting path on assume(false) at file /home/runner/work/kani/kani/library/kani_core/src/models.rs line 176 column 17 function <usize as kani::rustc_intrinsics::ToISize>::to_isize thread 0
aborting path on assume(false) at file /home/runner/work/kani/kani/library/kani/src/lib.rs line 57 column 1 function <usize as kani::rustc_intrinsics::ToISize>::to_isize thread 0
aborting path on assume(false) at file /home/runner/work/kani/kani/library/kani/src/lib.rs line 57 column 1 function <usize as kani::rustc_intrinsics::ToISize>::to_isize thread 0
Unwinding loop _RNvXs3_NtNtCsci0VKyKEi6N_4core4hash3sipINtB5_6HasherNtB5_11Sip13RoundsENtB7_6Hasher5writeCs27UYLqoUkb6_4redb.0 iteration 14 file /home/runner/.rustup/toolchains/nightly-2025-11-21-x86_64-unknown-linux-gnu/lib/rustlib/src/rust/library/core/src/hash/sip.rs line 281 column 9 function <core::hash::sip::Hasher<core::hash::sip::Sip13Rounds> as std::hash::Hasher>::write thread 0
aborting path on assume(false) at file /home/runner/work/kani/kani/library/kani_core/src/models.rs line 176 column 17 function <usize as kani::rustc_intrinsics::ToISize>::to_isize thread 0
aborting path on assume(false) at file /home/runner/work/kani/kani/library/kani/src/lib.rs line 57 column 1 function <usize as kani::rustc_intrinsics::ToISize>::to_isize thread 0
aborting path on assume(false) at file /home/runner/work/kani/kani/library/kani/src/lib.rs line 57 column 1 function <usize as kani::rustc_intrinsics::ToISize>::to_isize thread 0
Unwinding loop _RNvXs3_NtNtCsci0VKyKEi6N_4core4hash3sipINtB5_6HasherNtB5_11Sip13RoundsENtB7_6Hasher5writeCs27UYLqoUkb6_4redb.0 iteration 15 file /home/runner/.rustup/toolchains/nightly-2025-11-21-x86_64-unknown-linux-gnu/lib/rustlib/src/rust/library/core/src/hash/sip.rs line 281 column 9 function <core::hash::sip::Hasher<core::hash::sip::Sip13Rounds> as std::hash::Hasher>::write thread 0
aborting path on assume(false) at file /home/runner/work/kani/kani/library/kani_core/src/models.rs line 176 column 17 function <usize as kani::rustc_intrinsics::ToISize>::to_isize thread 0
aborting path on assume(false) at file /home/runner/work/kani/kani/library/kani/src/lib.rs line 57 column 1 function <usize as kani::rustc_intrinsics::ToISize>::to_isize thread 0
aborting path on assume(false) at file /home/runner/work/kani/kani/library/kani/src/lib.rs line 57 column 1 function <usize as kani::rustc_intrinsics::ToISize>::to_isize thread 0
Not unwinding loop _RNvXs3_NtNtCsci0VKyKEi6N_4core4hash3sipINtB5_6HasherNtB5_11Sip13RoundsENtB7_6Hasher5writeCs27UYLqoUkb6_4redb.0 iteration 16 file /home/runner/.rustup/toolchains/nightly-2025-11-21-x86_64-unknown-linux-gnu/lib/rustlib/src/rust/library/core/src/hash/sip.rs line 281 column 9 function <core::hash::sip::Hasher<core::hash::sip::Sip13Rounds> as std::hash::Hasher>::write thread 0
aborting path on assume(false) at file /home/runner/work/kani/kani/library/kani_core/src/models.rs line 176 column 17 function <usize as kani::rustc_intrinsics::ToISize>::to_isize thread 0
aborting path on assume(false) at file /home/runner/work/kani/kani/library/kani/src/lib.rs line 57 column 1 function <usize as kani::rustc_intrinsics::ToISize>::to_isize thread 0
aborting path on assume(false) at file /home/runner/work/kani/kani/library/kani/src/lib.rs line 57 column 1 function <usize as kani::rustc_intrinsics::ToISize>::to_isize thread 0
aborting path on assume(false) at file /home/runner/work/kani/kani/library/kani_core/src/models.rs line 176 column 17 function <usize as kani::rustc_intrinsics::ToISize>::to_isize thread 0
aborting path on assume(false) at file /home/runner/work/kani/kani/library/kani/src/lib.rs line 57 column 1 function <usize as kani::rustc_intrinsics::ToISize>::to_isize thread 0
aborting path on assume(false) at file /home/runner/work/kani/kani/library/kani/src/lib.rs line 57 column 1 function <usize as kani::rustc_intrinsics::ToISize>::to_isize thread 0
aborting path on assume(false) at file /home/runner/.rustup/toolchains/nightly-2025-11-21-x86_64-unknown-linux-gnu/lib/rustlib/src/rust/library/core/src/slice/index.rs line 40 column 9 function core::slice::index::slice_index_fail::do_panic::runtime thread 0
aborting path on assume(false) at file /home/runner/.rustup/toolchains/nightly-2025-11-21-x86_64-unknown-linux-gnu/lib/rustlib/src/rust/library/core/src/intrinsics/mod.rs line 2449 column 9 function core::slice::index::slice_index_fail::do_panic thread 0
aborting path on assume(false) at file /home/runner/.rustup/toolchains/nightly-2025-11-21-x86_64-unknown-linux-gnu/lib/rustlib/src/rust/library/core/src/panic.rs line 178 column 9 function core::slice::index::slice_index_fail thread 0
aborting path on assume(false) at file /home/runner/.rustup/toolchains/nightly-2025-11-21-x86_64-unknown-linux-gnu/lib/rustlib/src/rust/library/core/src/slice/index.rs line 49 column 9 function core::slice::index::slice_index_fail::do_panic::runtime thread 0
aborting path on assume(false) at file /home/runner/.rustup/toolchains/nightly-2025-11-21-x86_64-unknown-linux-gnu/lib/rustlib/src/rust/library/core/src/intrinsics/mod.rs line 2449 column 9 function core::slice::index::slice_index_fail::do_panic thread 0
aborting path on assume(false) at file /home/runner/.rustup/toolchains/nightly-2025-11-21-x86_64-unknown-linux-gnu/lib/rustlib/src/rust/library/core/src/panic.rs line 178 column 9 function core::slice::index::slice_index_fail thread 0
aborting path on assume(false) at file /home/runner/.rustup/toolchains/nightly-2025-11-21-x86_64-unknown-linux-gnu/lib/rustlib/src/rust/library/core/src/slice/index.rs line 58 column 9 function core::slice::index::slice_index_fail::do_panic::runtime thread 0
aborting path on assume(false) at file /home/runner/.rustup/toolchains/nightly-2025-11-21-x86_64-unknown-linux-gnu/lib/rustlib/src/rust/library/core/src/intrinsics/mod.rs line 2449 column 9 function core::slice::index::slice_index_fail::do_panic thread 0
aborting path on assume(false) at file /home/runner/.rustup/toolchains/nightly-2025-11-21-x86_64-unknown-linux-gnu/lib/rustlib/src/rust/library/core/src/panic.rs line 178 column 9 function core::slice::index::slice_index_fail thread 0
aborting path on assume(false) at file /home/runner/.rustup/toolchains/nightly-2025-11-21-x86_64-unknown-linux-gnu/lib/rustlib/src/rust/library/core/src/slice/index.rs line 68 column 5 function core::slice::index::slice_index_fail::do_panic::runtime thread 0
aborting path on assume(false) at file /home/runner/.rustup/toolchains/nightly-2025-11-21-x86_64-unknown-linux-gnu/lib/rustlib/src/rust/library/core/src/intrinsics/mod.rs line 2449 column 9 function core::slice::index::slice_index_fail::do_panic thread 0
aborting path on assume(false) at file /home/runner/.rustup/toolchains/nightly-2025-11-21-x86_64-unknown-linux-gnu/lib/rustlib/src/rust/library/core/src/panic.rs line 178 column 9 function core::slice::index::slice_index_fail thread 0
aborting path on assume(false) at file /home/runner/.rustup/toolchains/nightly-2025-11-21-x86_64-unknown-linux-gnu/lib/rustlib/src/rust/library/core/src/slice/index.rs line 581 column 13 function <std::ops::RangeFrom<usize> as std::slice::SliceIndex<[u8]>>::index_mut thread 0
aborting path on assume(false) at file /home/runner/work/kani/kani/library/kani_core/src/models.rs line 176 column 17 function <usize as kani::rustc_intrinsics::ToISize>::to_isize thread 0
aborting path on assume(false) at file /home/runner/work/kani/kani/library/kani/src/lib.rs line 57 column 1 function <usize as kani::rustc_intrinsics::ToISize>::to_isize thread 0
aborting path on assume(false) at file /home/runner/work/kani/kani/library/kani/src/lib.rs line 57 column 1 function <usize as kani::rustc_intrinsics::ToISize>::to_isize thread 0
aborting path on assume(false) at file /home/runner/work/kani/kani/library/kani/src/lib.rs line 57 column 1 function kani::mem::cbmc::same_allocation thread 0
aborting path on assume(false) at file /home/runner/.rustup/toolchains/nightly-2025-11-21-x86_64-unknown-linux-gnu/lib/rustlib/src/rust/library/std/src/sys/random/linux.rs line 126 column 26 function std::sys::random::linux::getrandom thread 0
Unwinding loop _RNvNtNtNtCsh1i4bqfV5wd_3std3sys6random5linux9getrandom.0 iteration 7 file src/lib.rs line 0 column 0 function std::sys::random::linux::getrandom thread 0
aborting path on assume(false) at file /home/runner/.rustup/toolchains/nightly-2025-11-21-x86_64-unknown-linux-gnu/lib/rustlib/src/rust/library/std/src/sys/pal/unix/weak/syscall.rs line 7 column 9 function std::sys::random::linux::getrandom::getrandom thread 0
aborting path on assume(false) at file /home/runner/.cargo/registry/src/index.crates.io-1949cf8c6b5b557f/libc-0.2.177/src/unix/linux_like/linux/mod.rs line 6372 column 5 function std::sys::random::linux::getrandom::getrandom thread 0
aborting path on assume(false) at  thread 0
aborting path on assume(false) at file /home/runner/work/kani/kani/library/kani/src/lib.rs line 57 column 1 function kani::mem::cbmc::same_allocation thread 0
aborting path on assume(false) at file /home/runner/work/kani/kani/library/kani/src/lib.rs line 57 column 1 function kani::mem::cbmc::same_allocation thread 0
Unwinding loop _RNvXs3_NtNtCsci0VKyKEi6N_4core4hash3sipINtB5_6HasherNtB5_11Sip13RoundsENtB7_6Hasher5writeCs27UYLqoUkb6_4redb.0 iteration 1 file /home/runner/.rustup/toolchains/nightly-2025-11-21-x86_64-unknown-linux-gnu/lib/rustlib/src/rust/library/core/src/hash/sip.rs line 281 column 9 function <core::hash::sip::Hasher<core::hash::sip::Sip13Rounds> as std::hash::Hasher>::write thread 0
aborting path on assume(false) at file /home/runner/work/kani/kani/library/kani/src/lib.rs line 57 column 1 function kani::mem::cbmc::same_allocation thread 0
Unwinding loop _RNvXs3_NtNtCsci0VKyKEi6N_4core4hash3sipINtB5_6HasherNtB5_11Sip13RoundsENtB7_6Hasher5writeCs27UYLqoUkb6_4redb.0 iteration 2 file /home/runner/.rustup/toolchains/nightly-2025-11-21-x86_64-unknown-linux-gnu/lib/rustlib/src/rust/library/core/src/hash/sip.rs line 281 column 9 function <core::hash::sip::Hasher<core::hash::sip::Sip13Rounds> as std::hash::Hasher>::write thread 0
aborting path on assume(false) at file /home/runner/work/kani/kani/library/kani/src/lib.rs line 57 column 1 function kani::mem::cbmc::same_allocation thread 0
Unwinding loop _RNvXs3_NtNtCsci0VKyKEi6N_4core4hash3sipINtB5_6HasherNtB5_11Sip13RoundsENtB7_6Hasher5writeCs27UYLqoUkb6_4redb.0 iteration 3 file /home/runner/.rustup/toolchains/nightly-2025-11-21-x86_64-unknown-linux-gnu/lib/rustlib/src/rust/library/core/src/hash/sip.rs line 281 column 9 function <core::hash::sip::Hasher<core::hash::sip::Sip13Rounds> as std::hash::Hasher>::write thread 0
aborting path on assume(false) at file /home/runner/work/kani/kani/library/kani/src/lib.rs line 57 column 1 function kani::mem::cbmc::same_allocation thread 0
Unwinding loop _RNvXs3_NtNtCsci0VKyKEi6N_4core4hash3sipINtB5_6HasherNtB5_11Sip13RoundsENtB7_6Hasher5writeCs27UYLqoUkb6_4redb.0 iteration 4 file /home/runner/.rustup/toolchains/nightly-2025-11-21-x86_64-unknown-linux-gnu/lib/rustlib/src/rust/library/core/src/hash/sip.rs line 281 column 9 function <core::hash::sip::Hasher<core::hash::sip::Sip13Rounds> as std::hash::Hasher>::write thread 0
aborting path on assume(false) at file /home/runner/work/kani/kani/library/kani/src/lib.rs line 57 column 1 function kani::mem::cbmc::same_allocation thread 0
Unwinding loop _RNvXs3_NtNtCsci0VKyKEi6N_4core4hash3sipINtB5_6HasherNtB5_11Sip13RoundsENtB7_6Hasher5writeCs27UYLqoUkb6_4redb.0 iteration 5 file /home/runner/.rustup/toolchains/nightly-2025-11-21-x86_64-unknown-linux-gnu/lib/rustlib/src/rust/library/core/src/hash/sip.rs line 281 column 9 function <core::hash::sip::Hasher<core::hash::sip::Sip13Rounds> as std::hash::Hasher>::write thread 0
aborting path on assume(false) at file /home/runner/work/kani/kani/library/kani/src/lib.rs line 57 column 1 function kani::mem::cbmc::same_allocation thread 0
Unwinding loop _RNvXs3_NtNtCsci0VKyKEi6N_4core4hash3sipINtB5_6HasherNtB5_11Sip13RoundsENtB7_6Hasher5writeCs27UYLqoUkb6_4redb.0 iteration 6 file /home/runner/.rustup/toolchains/nightly-2025-11-21-x86_64-unknown-linux-gnu/lib/rustlib/src/rust/library/core/src/hash/sip.rs line 281 column 9 function <core::hash::sip::Hasher<core::hash::sip::Sip13Rounds> as std::hash::Hasher>::write thread 0
aborting path on assume(false) at file /home/runner/work/kani/kani/library/kani/src/lib.rs line 57 column 1 function kani::mem::cbmc::same_allocation thread 0
Unwinding loop _RNvXs3_NtNtCsci0VKyKEi6N_4core4hash3sipINtB5_6HasherNtB5_11Sip13RoundsENtB7_6Hasher5writeCs27UYLqoUkb6_4redb.0 iteration 7 file /home/runner/.rustup/toolchains/nightly-2025-11-21-x86_64-unknown-linux-gnu/lib/rustlib/src/rust/library/core/src/hash/sip.rs line 281 column 9 function <core::hash::sip::Hasher<core::hash::sip::Sip13Rounds> as std::hash::Hasher>::write thread 0
aborting path on assume(false) at file /home/runner/work/kani/kani/library/kani/src/lib.rs line 57 column 1 function kani::mem::cbmc::same_allocation thread 0
Unwinding loop _RNvXs3_NtNtCsci0VKyKEi6N_4core4hash3sipINtB5_6HasherNtB5_11Sip13RoundsENtB7_6Hasher5writeCs27UYLqoUkb6_4redb.0 iteration 8 file /home/runner/.rustup/toolchains/nightly-2025-11-21-x86_64-unknown-linux-gnu/lib/rustlib/src/rust/library/core/src/hash/sip.rs line 281 column 9 function <core::hash::sip::Hasher<core::hash::sip::Sip13Rounds> as std::hash::Hasher>::write thread 0
aborting path on assume(false) at file /home/runner/work/kani/kani/library/kani/src/lib.rs line 57 column 1 function kani::mem::cbmc::same_allocation thread 0
Unwinding loop _RNvXs3_NtNtCsci0VKyKEi6N_4core4hash3sipINtB5_6HasherNtB5_11Sip13RoundsENtB7_6Hasher5writeCs27UYLqoUkb6_4redb.0 iteration 9 file /home/runner/.rustup/toolchains/nightly-2025-11-21-x86_64-unknown-linux-gnu/lib/rustlib/src/rust/library/core/src/hash/sip.rs line 281 column 9 function <core::hash::sip::Hasher<core::hash::sip::Sip13Rounds> as std::hash::Hasher>::write thread 0
aborting path on assume(false) at file /home/runner/work/kani/kani/library/kani/src/lib.rs line 57 column 1 function kani::mem::cbmc::same_allocation thread 0
Unwinding loop _RNvXs3_NtNtCsci0VKyKEi6N_4core4hash3sipINtB5_6HasherNtB5_11Sip13RoundsENtB7_6Hasher5writeCs27UYLqoUkb6_4redb.0 iteration 10 file /home/runner/.rustup/toolchains/nightly-2025-11-21-x86_64-unknown-linux-gnu/lib/rustlib/src/rust/library/core/src/hash/sip.rs line 281 column 9 function <core::hash::sip::Hasher<core::hash::sip::Sip13Rounds> as std::hash::Hasher>::write thread 0
aborting path on assume(false) at file /home/runner/work/kani/kani/library/kani/src/lib.rs line 57 column 1 function kani::mem::cbmc::same_allocation thread 0
Unwinding loop _RNvXs3_NtNtCsci0VKyKEi6N_4core4hash3sipINtB5_6HasherNtB5_11Sip13RoundsENtB7_6Hasher5writeCs27UYLqoUkb6_4redb.0 iteration 11 file /home/runner/.rustup/toolchains/nightly-2025-11-21-x86_64-unknown-linux-gnu/lib/rustlib/src/rust/library/core/src/hash/sip.rs line 281 column 9 function <core::hash::sip::Hasher<core::hash::sip::Sip13Rounds> as std::hash::Hasher>::write thread 0
aborting path on assume(false) at file /home/runner/work/kani/kani/library/kani/src/lib.rs line 57 column 1 function kani::mem::cbmc::same_allocation thread 0
Unwinding loop _RNvXs3_NtNtCsci0VKyKEi6N_4core4hash3sipINtB5_6HasherNtB5_11Sip13RoundsENtB7_6Hasher5writeCs27UYLqoUkb6_4redb.0 iteration 12 file /home/runner/.rustup/toolchains/nightly-2025-11-21-x86_64-unknown-linux-gnu/lib/rustlib/src/rust/library/core/src/hash/sip.rs line 281 column 9 function <core::hash::sip::Hasher<core::hash::sip::Sip13Rounds> as std::hash::Hasher>::write thread 0
aborting path on assume(false) at file /home/runner/work/kani/kani/library/kani/src/lib.rs line 57 column 1 function kani::mem::cbmc::same_allocation thread 0
Unwinding loop _RNvXs3_NtNtCsci0VKyKEi6N_4core4hash3sipINtB5_6HasherNtB5_11Sip13RoundsENtB7_6Hasher5writeCs27UYLqoUkb6_4redb.0 iteration 13 file /home/runner/.rustup/toolchains/nightly-2025-11-21-x86_64-unknown-linux-gnu/lib/rustlib/src/rust/library/core/src/hash/sip.rs line 281 column 9 function <core::hash::sip::Hasher<core::hash::sip::Sip13Rounds> as std::hash::Hasher>::write thread 0
aborting path on assume(false) at file /home/runner/work/kani/kani/library/kani/src/lib.rs line 57 column 1 function kani::mem::cbmc::same_allocation thread 0
Unwinding loop _RNvXs3_NtNtCsci0VKyKEi6N_4core4hash3sipINtB5_6HasherNtB5_11Sip13RoundsENtB7_6Hasher5writeCs27UYLqoUkb6_4redb.0 iteration 14 file /home/runner/.rustup/toolchains/nightly-2025-11-21-x86_64-unknown-linux-gnu/lib/rustlib/src/rust/library/core/src/hash/sip.rs line 281 column 9 function <core::hash::sip::Hasher<core::hash::sip::Sip13Rounds> as std::hash::Hasher>::write thread 0
aborting path on assume(false) at file /home/runner/work/kani/kani/library/kani/src/lib.rs line 57 column 1 function kani::mem::cbmc::same_allocation thread 0
Unwinding loop _RNvXs3_NtNtCsci0VKyKEi6N_4core4hash3sipINtB5_6HasherNtB5_11Sip13RoundsENtB7_6Hasher5writeCs27UYLqoUkb6_4redb.0 iteration 15 file /home/runner/.rustup/toolchains/nightly-2025-11-21-x86_64-unknown-linux-gnu/lib/rustlib/src/rust/library/core/src/hash/sip.rs line 281 column 9 function <core::hash::sip::Hasher<core::hash::sip::Sip13Rounds> as std::hash::Hasher>::write thread 0
aborting path on assume(false) at file /home/runner/work/kani/kani/library/kani/src/lib.rs line 57 column 1 function kani::mem::cbmc::same_allocation thread 0
Not unwinding loop _RNvXs3_NtNtCsci0VKyKEi6N_4core4hash3sipINtB5_6HasherNtB5_11Sip13RoundsENtB7_6Hasher5writeCs27UYLqoUkb6_4redb.0 iteration 16 file /home/runner/.rustup/toolchains/nightly-2025-11-21-x86_64-unknown-linux-gnu/lib/rustlib/src/rust/library/core/src/hash/sip.rs line 281 column 9 function <core::hash::sip::Hasher<core::hash::sip::Sip13Rounds> as std::hash::Hasher>::write thread 0
aborting path on assume(false) at file /home/runner/work/kani/kani/library/kani_core/src/models.rs line 176 column 17 function <usize as kani::rustc_intrinsics::ToISize>::to_isize thread 0
aborting path on assume(false) at file /home/runner/work/kani/kani/library/kani/src/lib.rs line 57 column 1 function <usize as kani::rustc_intrinsics::ToISize>::to_isize thread 0
aborting path on assume(false) at file /home/runner/work/kani/kani/library/kani/src/lib.rs line 57 column 1 function <usize as kani::rustc_intrinsics::ToISize>::to_isize thread 0
aborting path on assume(false) at file /home/runner/work/kani/kani/library/kani/src/lib.rs line 57 column 1 function kani::mem::cbmc::same_allocation thread 0
aborting path on assume(false) at file /home/runner/work/kani/kani/library/kani_core/src/models.rs line 176 column 17 function <usize as kani::rustc_intrinsics::ToISize>::to_isize thread 0
aborting path on assume(false) at file /home/runner/work/kani/kani/library/kani/src/lib.rs line 57 column 1 function <usize as kani::rustc_intrinsics::ToISize>::to_isize thread 0
aborting path on assume(false) at file /home/runner/work/kani/kani/library/kani/src/lib.rs line 57 column 1 function <usize as kani::rustc_intrinsics::ToISize>::to_isize thread 0
aborting path on assume(false) at file /home/runner/work/kani/kani/library/kani/src/lib.rs line 57 column 1 function kani::mem::cbmc::same_allocation thread 0
aborting path on assume(false) at file /home/runner/work/kani/kani/library/kani_core/src/models.rs line 176 column 17 function <usize as kani::rustc_intrinsics::ToISize>::to_isize thread 0
aborting path on assume(false) at file /home/runner/work/kani/kani/library/kani/src/lib.rs line 57 column 1 function <usize as kani::rustc_intrinsics::ToISize>::to_isize thread 0
aborting path on assume(false) at file /home/runner/work/kani/kani/library/kani/src/lib.rs line 57 column 1 function <usize as kani::rustc_intrinsics::ToISize>::to_isize thread 0
aborting path on assume(false) at file /home/runner/work/kani/kani/library/kani_core/src/models.rs line 176 column 17 function <usize as kani::rustc_intrinsics::ToISize>::to_isize thread 0
aborting path on assume(false) at file /home/runner/work/kani/kani/library/kani/src/lib.rs line 57 column 1 function <usize as kani::rustc_intrinsics::ToISize>::to_isize thread 0
aborting path on assume(false) at file /home/runner/work/kani/kani/library/kani/src/lib.rs line 57 column 1 function <usize as kani::rustc_intrinsics::ToISize>::to_isize thread 0
Unwinding loop _RNvXs3_NtNtCsci0VKyKEi6N_4core4hash3sipINtB5_6HasherNtB5_11Sip13RoundsENtB7_6Hasher5writeCs27UYLqoUkb6_4redb.0 iteration 1 file /home/runner/.rustup/toolchains/nightly-2025-11-21-x86_64-unknown-linux-gnu/lib/rustlib/src/rust/library/core/src/hash/sip.rs line 281 column 9 function <core::hash::sip::Hasher<core::hash::sip::Sip13Rounds> as std::hash::Hasher>::write thread 0
aborting path on assume(false) at file /home/runner/work/kani/kani/library/kani_core/src/models.rs line 176 column 17 function <usize as kani::rustc_intrinsics::ToISize>::to_isize thread 0
aborting path on assume(false) at file /home/runner/work/kani/kani/library/kani/src/lib.rs line 57 column 1 function <usize as kani::rustc_intrinsics::ToISize>::to_isize thread 0
aborting path on assume(false) at file /home/runner/work/kani/kani/library/kani/src/lib.rs line 57 column 1 function <usize as kani::rustc_intrinsics::ToISize>::to_isize thread 0
Unwinding loop _RNvXs3_NtNtCsci0VKyKEi6N_4core4hash3sipINtB5_6HasherNtB5_11Sip13RoundsENtB7_6Hasher5writeCs27UYLqoUkb6_4redb.0 iteration 2 file /home/runner/.rustup/toolchains/nightly-2025-11-21-x86_64-unknown-linux-gnu/lib/rustlib/src/rust/library/core/src/hash/sip.rs line 281 column 9 function <core::hash::sip::Hasher<core::hash::sip::Sip13Rounds> as std::hash::Hasher>::write thread 0
aborting path on assume(false) at file /home/runner/work/kani/kani/library/kani_core/src/models.rs line 176 column 17 function <usize as kani::rustc_intrinsics::ToISize>::to_isize thread 0
aborting path on assume(false) at file /home/runner/work/kani/kani/library/kani/src/lib.rs line 57 column 1 function <usize as kani::rustc_intrinsics::ToISize>::to_isize thread 0
aborting path on assume(false) at file /home/runner/work/kani/kani/library/kani/src/lib.rs line 57 column 1 function <usize as kani::rustc_intrinsics::ToISize>::to_isize thread 0
Unwinding loop _RNvXs3_NtNtCsci0VKyKEi6N_4core4hash3sipINtB5_6HasherNtB5_11Sip13RoundsENtB7_6Hasher5writeCs27UYLqoUkb6_4redb.0 iteration 3 file /home/runner/.rustup/toolchains/nightly-2025-11-21-x86_64-unknown-linux-gnu/lib/rustlib/src/rust/library/core/src/hash/sip.rs line 281 column 9 function <core::hash::sip::Hasher<core::hash::sip::Sip13Rounds> as std::hash::Hasher>::write thread 0
aborting path on assume(false) at file /home/runner/work/kani/kani/library/kani_core/src/models.rs line 176 column 17 function <usize as kani::rustc_intrinsics::ToISize>::to_isize thread 0
aborting path on assume(false) at file /home/runner/work/kani/kani/library/kani/src/lib.rs line 57 column 1 function <usize as kani::rustc_intrinsics::ToISize>::to_isize thread 0
aborting path on assume(false) at file /home/runner/work/kani/kani/library/kani/src/lib.rs line 57 column 1 function <usize as kani::rustc_intrinsics::ToISize>::to_isize thread 0
Unwinding loop _RNvXs3_NtNtCsci0VKyKEi6N_4core4hash3sipINtB5_6HasherNtB5_11Sip13RoundsENtB7_6Hasher5writeCs27UYLqoUkb6_4redb.0 iteration 4 file /home/runner/.rustup/toolchains/nightly-2025-11-21-x86_64-unknown-linux-gnu/lib/rustlib/src/rust/library/core/src/hash/sip.rs line 281 column 9 function <core::hash::sip::Hasher<core::hash::sip::Sip13Rounds> as std::hash::Hasher>::write thread 0
aborting path on assume(false) at file /home/runner/work/kani/kani/library/kani_core/src/models.rs line 176 column 17 function <usize as kani::rustc_intrinsics::ToISize>::to_isize thread 0
aborting path on assume(false) at file /home/runner/work/kani/kani/library/kani/src/lib.rs line 57 column 1 function <usize as kani::rustc_intrinsics::ToISize>::to_isize thread 0
aborting path on assume(false) at file /home/runner/work/kani/kani/library/kani/src/lib.rs line 57 column 1 function <usize as kani::rustc_intrinsics::ToISize>::to_isize thread 0
Unwinding loop _RNvXs3_NtNtCsci0VKyKEi6N_4core4hash3sipINtB5_6HasherNtB5_11Sip13RoundsENtB7_6Hasher5writeCs27UYLqoUkb6_4redb.0 iteration 5 file /home/runner/.rustup/toolchains/nightly-2025-11-21-x86_64-unknown-linux-gnu/lib/rustlib/src/rust/library/core/src/hash/sip.rs line 281 column 9 function <core::hash::sip::Hasher<core::hash::sip::Sip13Rounds> as std::hash::Hasher>::write thread 0
aborting path on assume(false) at file /home/runner/work/kani/kani/library/kani_core/src/models.rs line 176 column 17 function <usize as kani::rustc_intrinsics::ToISize>::to_isize thread 0
aborting path on assume(false) at file /home/runner/work/kani/kani/library/kani/src/lib.rs line 57 column 1 function <usize as kani::rustc_intrinsics::ToISize>::to_isize thread 0
aborting path on assume(false) at file /home/runner/work/kani/kani/library/kani/src/lib.rs line 57 column 1 function <usize as kani::rustc_intrinsics::ToISize>::to_isize thread 0
Unwinding loop _RNvXs3_NtNtCsci0VKyKEi6N_4core4hash3sipINtB5_6HasherNtB5_11Sip13RoundsENtB7_6Hasher5writeCs27UYLqoUkb6_4redb.0 iteration 6 file /home/runner/.rustup/toolchains/nightly-2025-11-21-x86_64-unknown-linux-gnu/lib/rustlib/src/rust/library/core/src/hash/sip.rs line 281 column 9 function <core::hash::sip::Hasher<core::hash::sip::Sip13Rounds> as std::hash::Hasher>::write thread 0
aborting path on assume(false) at file /home/runner/work/kani/kani/library/kani_core/src/models.rs line 176 column 17 function <usize as kani::rustc_intrinsics::ToISize>::to_isize thread 0
aborting path on assume(false) at file /home/runner/work/kani/kani/library/kani/src/lib.rs line 57 column 1 function <usize as kani::rustc_intrinsics::ToISize>::to_isize thread 0
aborting path on assume(false) at file /home/runner/work/kani/kani/library/kani/src/lib.rs line 57 column 1 function <usize as kani::rustc_intrinsics::ToISize>::to_isize thread 0
Unwinding loop _RNvXs3_NtNtCsci0VKyKEi6N_4core4hash3sipINtB5_6HasherNtB5_11Sip13RoundsENtB7_6Hasher5writeCs27UYLqoUkb6_4redb.0 iteration 7 file /home/runner/.rustup/toolchains/nightly-2025-11-21-x86_64-unknown-linux-gnu/lib/rustlib/src/rust/library/core/src/hash/sip.rs line 281 column 9 function <core::hash::sip::Hasher<core::hash::sip::Sip13Rounds> as std::hash::Hasher>::write thread 0
aborting path on assume(false) at file /home/runner/work/kani/kani/library/kani_core/src/models.rs line 176 column 17 function <usize as kani::rustc_intrinsics::ToISize>::to_isize thread 0
aborting path on assume(false) at file /home/runner/work/kani/kani/library/kani/src/lib.rs line 57 column 1 function <usize as kani::rustc_intrinsics::ToISize>::to_isize thread 0
aborting path on assume(false) at file /home/runner/work/kani/kani/library/kani/src/lib.rs line 57 column 1 function <usize as kani::rustc_intrinsics::ToISize>::to_isize thread 0
Unwinding loop _RNvXs3_NtNtCsci0VKyKEi6N_4core4hash3sipINtB5_6HasherNtB5_11Sip13RoundsENtB7_6Hasher5writeCs27UYLqoUkb6_4redb.0 iteration 8 file /home/runner/.rustup/toolchains/nightly-2025-11-21-x86_64-unknown-linux-gnu/lib/rustlib/src/rust/library/core/src/hash/sip.rs line 281 column 9 function <core::hash::sip::Hasher<core::hash::sip::Sip13Rounds> as std::hash::Hasher>::write thread 0
aborting path on assume(false) at file /home/runner/work/kani/kani/library/kani_core/src/models.rs line 176 column 17 function <usize as kani::rustc_intrinsics::ToISize>::to_isize thread 0
aborting path on assume(false) at file /home/runner/work/kani/kani/library/kani/src/lib.rs line 57 column 1 function <usize as kani::rustc_intrinsics::ToISize>::to_isize thread 0
aborting path on assume(false) at file /home/runner/work/kani/kani/library/kani/src/lib.rs line 57 column 1 function <usize as kani::rustc_intrinsics::ToISize>::to_isize thread 0
Unwinding loop _RNvXs3_NtNtCsci0VKyKEi6N_4core4hash3sipINtB5_6HasherNtB5_11Sip13RoundsENtB7_6Hasher5writeCs27UYLqoUkb6_4redb.0 iteration 9 file /home/runner/.rustup/toolchains/nightly-2025-11-21-x86_64-unknown-linux-gnu/lib/rustlib/src/rust/library/core/src/hash/sip.rs line 281 column 9 function <core::hash::sip::Hasher<core::hash::sip::Sip13Rounds> as std::hash::Hasher>::write thread 0
aborting path on assume(false) at file /home/runner/work/kani/kani/library/kani_core/src/models.rs line 176 column 17 function <usize as kani::rustc_intrinsics::ToISize>::to_isize thread 0
aborting path on assume(false) at file /home/runner/work/kani/kani/library/kani/src/lib.rs line 57 column 1 function <usize as kani::rustc_intrinsics::ToISize>::to_isize thread 0
aborting path on assume(false) at file /home/runner/work/kani/kani/library/kani/src/lib.rs line 57 column 1 function <usize as kani::rustc_intrinsics::ToISize>::to_isize thread 0
Unwinding loop _RNvXs3_NtNtCsci0VKyKEi6N_4core4hash3sipINtB5_6HasherNtB5_11Sip13RoundsENtB7_6Hasher5writeCs27UYLqoUkb6_4redb.0 iteration 10 file /home/runner/.rustup/toolchains/nightly-2025-11-21-x86_64-unknown-linux-gnu/lib/rustlib/src/rust/library/core/src/hash/sip.rs line 281 column 9 function <core::hash::sip::Hasher<core::hash::sip::Sip13Rounds> as std::hash::Hasher>::write thread 0
aborting path on assume(false) at file /home/runner/work/kani/kani/library/kani_core/src/models.rs line 176 column 17 function <usize as kani::rustc_intrinsics::ToISize>::to_isize thread 0
aborting path on assume(false) at file /home/runner/work/kani/kani/library/kani/src/lib.rs line 57 column 1 function <usize as kani::rustc_intrinsics::ToISize>::to_isize thread 0
aborting path on assume(false) at file /home/runner/work/kani/kani/library/kani/src/lib.rs line 57 column 1 function <usize as kani::rustc_intrinsics::ToISize>::to_isize thread 0
Unwinding loop _RNvXs3_NtNtCsci0VKyKEi6N_4core4hash3sipINtB5_6HasherNtB5_11Sip13RoundsENtB7_6Hasher5writeCs27UYLqoUkb6_4redb.0 iteration 11 file /home/runner/.rustup/toolchains/nightly-2025-11-21-x86_64-unknown-linux-gnu/lib/rustlib/src/rust/library/core/src/hash/sip.rs line 281 column 9 function <core::hash::sip::Hasher<core::hash::sip::Sip13Rounds> as std::hash::Hasher>::write thread 0
aborting path on assume(false) at file /home/runner/work/kani/kani/library/kani_core/src/models.rs line 176 column 17 function <usize as kani::rustc_intrinsics::ToISize>::to_isize thread 0
aborting path on assume(false) at file /home/runner/work/kani/kani/library/kani/src/lib.rs line 57 column 1 function <usize as kani::rustc_intrinsics::ToISize>::to_isize thread 0
aborting path on assume(false) at file /home/runner/work/kani/kani/library/kani/src/lib.rs line 57 column 1 function <usize as kani::rustc_intrinsics::ToISize>::to_isize thread 0
Unwinding loop _RNvXs3_NtNtCsci0VKyKEi6N_4core4hash3sipINtB5_6HasherNtB5_11Sip13RoundsENtB7_6Hasher5writeCs27UYLqoUkb6_4redb.0 iteration 12 file /home/runner/.rustup/toolchains/nightly-2025-11-21-x86_64-unknown-linux-gnu/lib/rustlib/src/rust/library/core/src/hash/sip.rs line 281 column 9 function <core::hash::sip::Hasher<core::hash::sip::Sip13Rounds> as std::hash::Hasher>::write thread 0
aborting path on assume(false) at file /home/runner/work/kani/kani/library/kani_core/src/models.rs line 176 column 17 function <usize as kani::rustc_intrinsics::ToISize>::to_isize thread 0
aborting path on assume(false) at file /home/runner/work/kani/kani/library/kani/src/lib.rs line 57 column 1 function <usize as kani::rustc_intrinsics::ToISize>::to_isize thread 0
aborting path on assume(false) at file /home/runner/work/kani/kani/library/kani/src/lib.rs line 57 column 1 function <usize as kani::rustc_intrinsics::ToISize>::to_isize thread 0
Unwinding loop _RNvXs3_NtNtCsci0VKyKEi6N_4core4hash3sipINtB5_6HasherNtB5_11Sip13RoundsENtB7_6Hasher5writeCs27UYLqoUkb6_4redb.0 iteration 13 file /home/runner/.rustup/toolchains/nightly-2025-11-21-x86_64-unknown-linux-gnu/lib/rustlib/src/rust/library/core/src/hash/sip.rs line 281 column 9 function <core::hash::sip::Hasher<core::hash::sip::Sip13Rounds> as std::hash::Hasher>::write thread 0
aborting path on assume(false) at file /home/runner/work/kani/kani/library/kani_core/src/models.rs line 176 column 17 function <usize as kani::rustc_intrinsics::ToISize>::to_isize thread 0
aborting path on assume(false) at file /home/runner/work/kani/kani/library/kani/src/lib.rs line 57 column 1 function <usize as kani::rustc_intrinsics::ToISize>::to_isize thread 0
aborting path on assume(false) at file /home/runner/work/kani/kani/library/kani/src/lib.rs line 57 column 1 function <usize as kani::rustc_intrinsics::ToISize>::to_isize thread 0
Unwinding loop _RNvXs3_NtNtCsci0VKyKEi6N_4core4hash3sipINtB5_6HasherNtB5_11Sip13RoundsENtB7_6Hasher5writeCs27UYLqoUkb6_4redb.0 iteration 14 file /home/runner/.rustup/toolchains/nightly-2025-11-21-x86_64-unknown-linux-gnu/lib/rustlib/src/rust/library/core/src/hash/sip.rs line 281 column 9 function <core::hash::sip::Hasher<core::hash::sip::Sip13Rounds> as std::hash::Hasher>::write thread 0
aborting path on assume(false) at file /home/runner/work/kani/kani/library/kani_core/src/models.rs line 176 column 17 function <usize as kani::rustc_intrinsics::ToISize>::to_isize thread 0
aborting path on assume(false) at file /home/runner/work/kani/kani/library/kani/src/lib.rs line 57 column 1 function <usize as kani::rustc_intrinsics::ToISize>::to_isize thread 0
aborting path on assume(false) at file /home/runner/work/kani/kani/library/kani/src/lib.rs line 57 column 1 function <usize as kani::rustc_intrinsics::ToISize>::to_isize thread 0
Unwinding loop _RNvXs3_NtNtCsci0VKyKEi6N_4core4hash3sipINtB5_6HasherNtB5_11Sip13RoundsENtB7_6Hasher5writeCs27UYLqoUkb6_4redb.0 iteration 15 file /home/runner/.rustup/toolchains/nightly-2025-11-21-x86_64-unknown-linux-gnu/lib/rustlib/src/rust/library/core/src/hash/sip.rs line 281 column 9 function <core::hash::sip::Hasher<core::hash::sip::Sip13Rounds> as std::hash::Hasher>::write thread 0
aborting path on assume(false) at file /home/runner/work/kani/kani/library/kani_core/src/models.rs line 176 column 17 function <usize as kani::rustc_intrinsics::ToISize>::to_isize thread 0
aborting path on assume(false) at file /home/runner/work/kani/kani/library/kani/src/lib.rs line 57 column 1 function <usize as kani::rustc_intrinsics::ToISize>::to_isize thread 0
aborting path on assume(false) at file /home/runner/work/kani/kani/library/kani/src/lib.rs line 57 column 1 function <usize as kani::rustc_intrinsics::ToISize>::to_isize thread 0
Not unwinding loop _RNvXs3_NtNtCsci0VKyKEi6N_4core4hash3sipINtB5_6HasherNtB5_11Sip13RoundsENtB7_6Hasher5writeCs27UYLqoUkb6_4redb.0 iteration 16 file /home/runner/.rustup/toolchains/nightly-2025-11-21-x86_64-unknown-linux-gnu/lib/rustlib/src/rust/library/core/src/hash/sip.rs line 281 column 9 function <core::hash::sip::Hasher<core::hash::sip::Sip13Rounds> as std::hash::Hasher>::write thread 0
aborting path on assume(false) at file /home/runner/work/kani/kani/library/kani_core/src/models.rs line 176 column 17 function <usize as kani::rustc_intrinsics::ToISize>::to_isize thread 0
aborting path on assume(false) at file /home/runner/work/kani/kani/library/kani/src/lib.rs line 57 column 1 function <usize as kani::rustc_intrinsics::ToISize>::to_isize thread 0
aborting path on assume(false) at file /home/runner/work/kani/kani/library/kani/src/lib.rs line 57 column 1 function <usize as kani::rustc_intrinsics::ToISize>::to_isize thread 0
aborting path on assume(false) at file /home/runner/work/kani/kani/library/kani_core/src/models.rs line 176 column 17 function <usize as kani::rustc_intrinsics::ToISize>::to_isize thread 0
aborting path on assume(false) at file /home/runner/work/kani/kani/library/kani/src/lib.rs line 57 column 1 function <usize as kani::rustc_intrinsics::ToISize>::to_isize thread 0
aborting path on assume(false) at file /home/runner/work/kani/kani/library/kani/src/lib.rs line 57 column 1 function <usize as kani::rustc_intrinsics::ToISize>::to_isize thread 0
aborting path on assume(false) at file /home/runner/work/kani/kani/library/kani/src/lib.rs line 57 column 1 function kani::mem::cbmc::same_allocation thread 0
aborting path on assume(false) at file /home/runner/work/kani/kani/library/kani/src/lib.rs line 57 column 1 function kani::mem::cbmc::same_allocation thread 0
Unwinding loop _RNvXs3_NtNtCsci0VKyKEi6N_4core4hash3sipINtB5_6HasherNtB5_11Sip13RoundsENtB7_6Hasher5writeCs27UYLqoUkb6_4redb.0 iteration 1 file /home/runner/.rustup/toolchains/nightly-2025-11-21-x86_64-unknown-linux-gnu/lib/rustlib/src/rust/library/core/src/hash/sip.rs line 281 column 9 function <core::hash::sip::Hasher<core::hash::sip::Sip13Rounds> as std::hash::Hasher>::write thread 0
aborting path on assume(false) at file /home/runner/work/kani/kani/library/kani/src/lib.rs line 57 column 1 function kani::mem::cbmc::same_allocation thread 0
Unwinding loop _RNvXs3_NtNtCsci0VKyKEi6N_4core4hash3sipINtB5_6HasherNtB5_11Sip13RoundsENtB7_6Hasher5writeCs27UYLqoUkb6_4redb.0 iteration 2 file /home/runner/.rustup/toolchains/nightly-2025-11-21-x86_64-unknown-linux-gnu/lib/rustlib/src/rust/library/core/src/hash/sip.rs line 281 column 9 function <core::hash::sip::Hasher<core::hash::sip::Sip13Rounds> as std::hash::Hasher>::write thread 0
aborting path on assume(false) at file /home/runner/work/kani/kani/library/kani/src/lib.rs line 57 column 1 function kani::mem::cbmc::same_allocation thread 0
Unwinding loop _RNvXs3_NtNtCsci0VKyKEi6N_4core4hash3sipINtB5_6HasherNtB5_11Sip13RoundsENtB7_6Hasher5writeCs27UYLqoUkb6_4redb.0 iteration 3 file /home/runner/.rustup/toolchains/nightly-2025-11-21-x86_64-unknown-linux-gnu/lib/rustlib/src/rust/library/core/src/hash/sip.rs line 281 column 9 function <core::hash::sip::Hasher<core::hash::sip::Sip13Rounds> as std::hash::Hasher>::write thread 0
aborting path on assume(false) at file /home/runner/work/kani/kani/library/kani/src/lib.rs line 57 column 1 function kani::mem::cbmc::same_allocation thread 0
Unwinding loop _RNvXs3_NtNtCsci0VKyKEi6N_4core4hash3sipINtB5_6HasherNtB5_11Sip13RoundsENtB7_6Hasher5writeCs27UYLqoUkb6_4redb.0 iteration 4 file /home/runner/.rustup/toolchains/nightly-2025-11-21-x86_64-unknown-linux-gnu/lib/rustlib/src/rust/library/core/src/hash/sip.rs line 281 column 9 function <core::hash::sip::Hasher<core::hash::sip::Sip13Rounds> as std::hash::Hasher>::write thread 0
aborting path on assume(false) at file /home/runner/work/kani/kani/library/kani/src/lib.rs line 57 column 1 function kani::mem::cbmc::same_allocation thread 0
Unwinding loop _RNvXs3_NtNtCsci0VKyKEi6N_4core4hash3sipINtB5_6HasherNtB5_11Sip13RoundsENtB7_6Hasher5writeCs27UYLqoUkb6_4redb.0 iteration 5 file /home/runner/.rustup/toolchains/nightly-2025-11-21-x86_64-unknown-linux-gnu/lib/rustlib/src/rust/library/core/src/hash/sip.rs line 281 column 9 function <core::hash::sip::Hasher<core::hash::sip::Sip13Rounds> as std::hash::Hasher>::write thread 0
aborting path on assume(false) at file /home/runner/work/kani/kani/library/kani/src/lib.rs line 57 column 1 function kani::mem::cbmc::same_allocation thread 0
Unwinding loop _RNvXs3_NtNtCsci0VKyKEi6N_4core4hash3sipINtB5_6HasherNtB5_11Sip13RoundsENtB7_6Hasher5writeCs27UYLqoUkb6_4redb.0 iteration 6 file /home/runner/.rustup/toolchains/nightly-2025-11-21-x86_64-unknown-linux-gnu/lib/rustlib/src/rust/library/core/src/hash/sip.rs line 281 column 9 function <core::hash::sip::Hasher<core::hash::sip::Sip13Rounds> as std::hash::Hasher>::write thread 0
aborting path on assume(false) at file /home/runner/work/kani/kani/library/kani/src/lib.rs line 57 column 1 function kani::mem::cbmc::same_allocation thread 0
Unwinding loop _RNvXs3_NtNtCsci0VKyKEi6N_4core4hash3sipINtB5_6HasherNtB5_11Sip13RoundsENtB7_6Hasher5writeCs27UYLqoUkb6_4redb.0 iteration 7 file /home/runner/.rustup/toolchains/nightly-2025-11-21-x86_64-unknown-linux-gnu/lib/rustlib/src/rust/library/core/src/hash/sip.rs line 281 column 9 function <core::hash::sip::Hasher<core::hash::sip::Sip13Rounds> as std::hash::Hasher>::write thread 0
aborting path on assume(false) at file /home/runner/work/kani/kani/library/kani/src/lib.rs line 57 column 1 function kani::mem::cbmc::same_allocation thread 0
Unwinding loop _RNvXs3_NtNtCsci0VKyKEi6N_4core4hash3sipINtB5_6HasherNtB5_11Sip13RoundsENtB7_6Hasher5writeCs27UYLqoUkb6_4redb.0 iteration 8 file /home/runner/.rustup/toolchains/nightly-2025-11-21-x86_64-unknown-linux-gnu/lib/rustlib/src/rust/library/core/src/hash/sip.rs line 281 column 9 function <core::hash::sip::Hasher<core::hash::sip::Sip13Rounds> as std::hash::Hasher>::write thread 0
aborting path on assume(false) at file /home/runner/work/kani/kani/library/kani/src/lib.rs line 57 column 1 function kani::mem::cbmc::same_allocation thread 0
Unwinding loop _RNvXs3_NtNtCsci0VKyKEi6N_4core4hash3sipINtB5_6HasherNtB5_11Sip13RoundsENtB7_6Hasher5writeCs27UYLqoUkb6_4redb.0 iteration 9 file /home/runner/.rustup/toolchains/nightly-2025-11-21-x86_64-unknown-linux-gnu/lib/rustlib/src/rust/library/core/src/hash/sip.rs line 281 column 9 function <core::hash::sip::Hasher<core::hash::sip::Sip13Rounds> as std::hash::Hasher>::write thread 0
aborting path on assume(false) at file /home/runner/work/kani/kani/library/kani/src/lib.rs line 57 column 1 function kani::mem::cbmc::same_allocation thread 0
Unwinding loop _RNvXs3_NtNtCsci0VKyKEi6N_4core4hash3sipINtB5_6HasherNtB5_11Sip13RoundsENtB7_6Hasher5writeCs27UYLqoUkb6_4redb.0 iteration 10 file /home/runner/.rustup/toolchains/nightly-2025-11-21-x86_64-unknown-linux-gnu/lib/rustlib/src/rust/library/core/src/hash/sip.rs line 281 column 9 function <core::hash::sip::Hasher<core::hash::sip::Sip13Rounds> as std::hash::Hasher>::write thread 0
aborting path on assume(false) at file /home/runner/work/kani/kani/library/kani/src/lib.rs line 57 column 1 function kani::mem::cbmc::same_allocation thread 0
Unwinding loop _RNvXs3_NtNtCsci0VKyKEi6N_4core4hash3sipINtB5_6HasherNtB5_11Sip13RoundsENtB7_6Hasher5writeCs27UYLqoUkb6_4redb.0 iteration 11 file /home/runner/.rustup/toolchains/nightly-2025-11-21-x86_64-unknown-linux-gnu/lib/rustlib/src/rust/library/core/src/hash/sip.rs line 281 column 9 function <core::hash::sip::Hasher<core::hash::sip::Sip13Rounds> as std::hash::Hasher>::write thread 0
aborting path on assume(false) at file /home/runner/work/kani/kani/library/kani/src/lib.rs line 57 column 1 function kani::mem::cbmc::same_allocation thread 0
Unwinding loop _RNvXs3_NtNtCsci0VKyKEi6N_4core4hash3sipINtB5_6HasherNtB5_11Sip13RoundsENtB7_6Hasher5writeCs27UYLqoUkb6_4redb.0 iteration 12 file /home/runner/.rustup/toolchains/nightly-2025-11-21-x86_64-unknown-linux-gnu/lib/rustlib/src/rust/library/core/src/hash/sip.rs line 281 column 9 function <core::hash::sip::Hasher<core::hash::sip::Sip13Rounds> as std::hash::Hasher>::write thread 0
aborting path on assume(false) at file /home/runner/work/kani/kani/library/kani/src/lib.rs line 57 column 1 function kani::mem::cbmc::same_allocation thread 0
Unwinding loop _RNvXs3_NtNtCsci0VKyKEi6N_4core4hash3sipINtB5_6HasherNtB5_11Sip13RoundsENtB7_6Hasher5writeCs27UYLqoUkb6_4redb.0 iteration 13 file /home/runner/.rustup/toolchains/nightly-2025-11-21-x86_64-unknown-linux-gnu/lib/rustlib/src/rust/library/core/src/hash/sip.rs line 281 column 9 function <core::hash::sip::Hasher<core::hash::sip::Sip13Rounds> as std::hash::Hasher>::write thread 0
aborting path on assume(false) at file /home/runner/work/kani/kani/library/kani/src/lib.rs line 57 column 1 function kani::mem::cbmc::same_allocation thread 0
Unwinding loop _RNvXs3_NtNtCsci0VKyKEi6N_4core4hash3sipINtB5_6HasherNtB5_11Sip13RoundsENtB7_6Hasher5writeCs27UYLqoUkb6_4redb.0 iteration 14 file /home/runner/.rustup/toolchains/nightly-2025-11-21-x86_64-unknown-linux-gnu/lib/rustlib/src/rust/library/core/src/hash/sip.rs line 281 column 9 function <core::hash::sip::Hasher<core::hash::sip::Sip13Rounds> as std::hash::Hasher>::write thread 0
aborting path on assume(false) at file /home/runner/work/kani/kani/library/kani/src/lib.rs line 57 column 1 function kani::mem::cbmc::same_allocation thread 0
Unwinding loop _RNvXs3_NtNtCsci0VKyKEi6N_4core4hash3sipINtB5_6HasherNtB5_11Sip13RoundsENtB7_6Hasher5writeCs27UYLqoUkb6_4redb.0 iteration 15 file /home/runner/.rustup/toolchains/nightly-2025-11-21-x86_64-unknown-linux-gnu/lib/rustlib/src/rust/library/core/src/hash/sip.rs line 281 column 9 function <core::hash::sip::Hasher<core::hash::sip::Sip13Rounds> as std::hash::Hasher>::write thread 0
aborting path on assume(false) at file /home/runner/work/kani/kani/library/kani/src/lib.rs line 57 column 1 function kani::mem::cbmc::same_allocation thread 0
Not unwinding loop _RNvXs3_NtNtCsci0VKyKEi6N_4core4hash3sipINtB5_6HasherNtB5_11Sip13RoundsENtB7_6Hasher5writeCs27UYLqoUkb6_4redb.0 iteration 16 file /home/runner/.rustup/toolchains/nightly-2025-11-21-x86_64-unknown-linux-gnu/lib/rustlib/src/rust/library/core/src/hash/sip.rs line 281 column 9 function <core::hash::sip::Hasher<core::hash::sip::Sip13Rounds> as std::hash::Hasher>::write thread 0
aborting path on assume(false) at file /home/runner/work/kani/kani/library/kani_core/src/models.rs line 176 column 17 function <usize as kani::rustc_intrinsics::ToISize>::to_isize thread 0
aborting path on assume(false) at file /home/runner/work/kani/kani/library/kani/src/lib.rs line 57 column 1 function <usize as kani::rustc_intrinsics::ToISize>::to_isize thread 0
aborting path on assume(false) at file /home/runner/work/kani/kani/library/kani/src/lib.rs line 57 column 1 function <usize as kani::rustc_intrinsics::ToISize>::to_isize thread 0
aborting path on assume(false) at file /home/runner/work/kani/kani/library/kani/src/lib.rs line 57 column 1 function kani::mem::cbmc::same_allocation thread 0
aborting path on assume(false) at file /home/runner/work/kani/kani/library/kani_core/src/models.rs line 176 column 17 function <usize as kani::rustc_intrinsics::ToISize>::to_isize thread 0
aborting path on assume(false) at file /home/runner/work/kani/kani/library/kani/src/lib.rs line 57 column 1 function <usize as kani::rustc_intrinsics::ToISize>::to_isize thread 0
aborting path on assume(false) at file /home/runner/work/kani/kani/library/kani/src/lib.rs line 57 column 1 function <usize as kani::rustc_intrinsics::ToISize>::to_isize thread 0
aborting path on assume(false) at file /home/runner/work/kani/kani/library/kani/src/lib.rs line 57 column 1 function kani::mem::cbmc::same_allocation thread 0
aborting path on assume(false) at file /home/runner/work/kani/kani/library/kani_core/src/models.rs line 176 column 17 function <usize as kani::rustc_intrinsics::ToISize>::to_isize thread 0
aborting path on assume(false) at file /home/runner/work/kani/kani/library/kani/src/lib.rs line 57 column 1 function <usize as kani::rustc_intrinsics::ToISize>::to_isize thread 0
aborting path on assume(false) at file /home/runner/work/kani/kani/library/kani/src/lib.rs line 57 column 1 function <usize as kani::rustc_intrinsics::ToISize>::to_isize thread 0
aborting path on assume(false) at file /home/runner/work/kani/kani/library/kani_core/src/models.rs line 176 column 17 function <usize as kani::rustc_intrinsics::ToISize>::to_isize thread 0
aborting path on assume(false) at file /home/runner/work/kani/kani/library/kani/src/lib.rs line 57 column 1 function <usize as kani::rustc_intrinsics::ToISize>::to_isize thread 0
aborting path on assume(false) at file /home/runner/work/kani/kani/library/kani/src/lib.rs line 57 column 1 function <usize as kani::rustc_intrinsics::ToISize>::to_isize thread 0
Unwinding loop _RNvXs3_NtNtCsci0VKyKEi6N_4core4hash3sipINtB5_6HasherNtB5_11Sip13RoundsENtB7_6Hasher5writeCs27UYLqoUkb6_4redb.0 iteration 1 file /home/runner/.rustup/toolchains/nightly-2025-11-21-x86_64-unknown-linux-gnu/lib/rustlib/src/rust/library/core/src/hash/sip.rs line 281 column 9 function <core::hash::sip::Hasher<core::hash::sip::Sip13Rounds> as std::hash::Hasher>::write thread 0
aborting path on assume(false) at file /home/runner/work/kani/kani/library/kani_core/src/models.rs line 176 column 17 function <usize as kani::rustc_intrinsics::ToISize>::to_isize thread 0
aborting path on assume(false) at file /home/runner/work/kani/kani/library/kani/src/lib.rs line 57 column 1 function <usize as kani::rustc_intrinsics::ToISize>::to_isize thread 0
aborting path on assume(false) at file /home/runner/work/kani/kani/library/kani/src/lib.rs line 57 column 1 function <usize as kani::rustc_intrinsics::ToISize>::to_isize thread 0
Unwinding loop _RNvXs3_NtNtCsci0VKyKEi6N_4core4hash3sipINtB5_6HasherNtB5_11Sip13RoundsENtB7_6Hasher5writeCs27UYLqoUkb6_4redb.0 iteration 2 file /home/runner/.rustup/toolchains/nightly-2025-11-21-x86_64-unknown-linux-gnu/lib/rustlib/src/rust/library/core/src/hash/sip.rs line 281 column 9 function <core::hash::sip::Hasher<core::hash::sip::Sip13Rounds> as std::hash::Hasher>::write thread 0
aborting path on assume(false) at file /home/runner/work/kani/kani/library/kani_core/src/models.rs line 176 column 17 function <usize as kani::rustc_intrinsics::ToISize>::to_isize thread 0
aborting path on assume(false) at file /home/runner/work/kani/kani/library/kani/src/lib.rs line 57 column 1 function <usize as kani::rustc_intrinsics::ToISize>::to_isize thread 0
aborting path on assume(false) at file /home/runner/work/kani/kani/library/kani/src/lib.rs line 57 column 1 function <usize as kani::rustc_intrinsics::ToISize>::to_isize thread 0
Unwinding loop _RNvXs3_NtNtCsci0VKyKEi6N_4core4hash3sipINtB5_6HasherNtB5_11Sip13RoundsENtB7_6Hasher5writeCs27UYLqoUkb6_4redb.0 iteration 3 file /home/runner/.rustup/toolchains/nightly-2025-11-21-x86_64-unknown-linux-gnu/lib/rustlib/src/rust/library/core/src/hash/sip.rs line 281 column 9 function <core::hash::sip::Hasher<core::hash::sip::Sip13Rounds> as std::hash::Hasher>::write thread 0
aborting path on assume(false) at file /home/runner/work/kani/kani/library/kani_core/src/models.rs line 176 column 17 function <usize as kani::rustc_intrinsics::ToISize>::to_isize thread 0
aborting path on assume(false) at file /home/runner/work/kani/kani/library/kani/src/lib.rs line 57 column 1 function <usize as kani::rustc_intrinsics::ToISize>::to_isize thread 0
aborting path on assume(false) at file /home/runner/work/kani/kani/library/kani/src/lib.rs line 57 column 1 function <usize as kani::rustc_intrinsics::ToISize>::to_isize thread 0
Unwinding loop _RNvXs3_NtNtCsci0VKyKEi6N_4core4hash3sipINtB5_6HasherNtB5_11Sip13RoundsENtB7_6Hasher5writeCs27UYLqoUkb6_4redb.0 iteration 4 file /home/runner/.rustup/toolchains/nightly-2025-11-21-x86_64-unknown-linux-gnu/lib/rustlib/src/rust/library/core/src/hash/sip.rs line 281 column 9 function <core::hash::sip::Hasher<core::hash::sip::Sip13Rounds> as std::hash::Hasher>::write thread 0
aborting path on assume(false) at file /home/runner/work/kani/kani/library/kani_core/src/models.rs line 176 column 17 function <usize as kani::rustc_intrinsics::ToISize>::to_isize thread 0
aborting path on assume(false) at file /home/runner/work/kani/kani/library/kani/src/lib.rs line 57 column 1 function <usize as kani::rustc_intrinsics::ToISize>::to_isize thread 0
aborting path on assume(false) at file /home/runner/work/kani/kani/library/kani/src/lib.rs line 57 column 1 function <usize as kani::rustc_intrinsics::ToISize>::to_isize thread 0
Unwinding loop _RNvXs3_NtNtCsci0VKyKEi6N_4core4hash3sipINtB5_6HasherNtB5_11Sip13RoundsENtB7_6Hasher5writeCs27UYLqoUkb6_4redb.0 iteration 5 file /home/runner/.rustup/toolchains/nightly-2025-11-21-x86_64-unknown-linux-gnu/lib/rustlib/src/rust/library/core/src/hash/sip.rs line 281 column 9 function <core::hash::sip::Hasher<core::hash::sip::Sip13Rounds> as std::hash::Hasher>::write thread 0
aborting path on assume(false) at file /home/runner/work/kani/kani/library/kani_core/src/models.rs line 176 column 17 function <usize as kani::rustc_intrinsics::ToISize>::to_isize thread 0
aborting path on assume(false) at file /home/runner/work/kani/kani/library/kani/src/lib.rs line 57 column 1 function <usize as kani::rustc_intrinsics::ToISize>::to_isize thread 0
aborting path on assume(false) at file /home/runner/work/kani/kani/library/kani/src/lib.rs line 57 column 1 function <usize as kani::rustc_intrinsics::ToISize>::to_isize thread 0
Unwinding loop _RNvXs3_NtNtCsci0VKyKEi6N_4core4hash3sipINtB5_6HasherNtB5_11Sip13RoundsENtB7_6Hasher5writeCs27UYLqoUkb6_4redb.0 iteration 6 file /home/runner/.rustup/toolchains/nightly-2025-11-21-x86_64-unknown-linux-gnu/lib/rustlib/src/rust/library/core/src/hash/sip.rs line 281 column 9 function <core::hash::sip::Hasher<core::hash::sip::Sip13Rounds> as std::hash::Hasher>::write thread 0
aborting path on assume(false) at file /home/runner/work/kani/kani/library/kani_core/src/models.rs line 176 column 17 function <usize as kani::rustc_intrinsics::ToISize>::to_isize thread 0
aborting path on assume(false) at file /home/runner/work/kani/kani/library/kani/src/lib.rs line 57 column 1 function <usize as kani::rustc_intrinsics::ToISize>::to_isize thread 0
aborting path on assume(false) at file /home/runner/work/kani/kani/library/kani/src/lib.rs line 57 column 1 function <usize as kani::rustc_intrinsics::ToISize>::to_isize thread 0
Unwinding loop _RNvXs3_NtNtCsci0VKyKEi6N_4core4hash3sipINtB5_6HasherNtB5_11Sip13RoundsENtB7_6Hasher5writeCs27UYLqoUkb6_4redb.0 iteration 7 file /home/runner/.rustup/toolchains/nightly-2025-11-21-x86_64-unknown-linux-gnu/lib/rustlib/src/rust/library/core/src/hash/sip.rs line 281 column 9 function <core::hash::sip::Hasher<core::hash::sip::Sip13Rounds> as std::hash::Hasher>::write thread 0
aborting path on assume(false) at file /home/runner/work/kani/kani/library/kani_core/src/models.rs line 176 column 17 function <usize as kani::rustc_intrinsics::ToISize>::to_isize thread 0
aborting path on assume(false) at file /home/runner/work/kani/kani/library/kani/src/lib.rs line 57 column 1 function <usize as kani::rustc_intrinsics::ToISize>::to_isize thread 0
aborting path on assume(false) at file /home/runner/work/kani/kani/library/kani/src/lib.rs line 57 column 1 function <usize as kani::rustc_intrinsics::ToISize>::to_isize thread 0
Unwinding loop _RNvXs3_NtNtCsci0VKyKEi6N_4core4hash3sipINtB5_6HasherNtB5_11Sip13RoundsENtB7_6Hasher5writeCs27UYLqoUkb6_4redb.0 iteration 8 file /home/runner/.rustup/toolchains/nightly-2025-11-21-x86_64-unknown-linux-gnu/lib/rustlib/src/rust/library/core/src/hash/sip.rs line 281 column 9 function <core::hash::sip::Hasher<core::hash::sip::Sip13Rounds> as std::hash::Hasher>::write thread 0
aborting path on assume(false) at file /home/runner/work/kani/kani/library/kani_core/src/models.rs line 176 column 17 function <usize as kani::rustc_intrinsics::ToISize>::to_isize thread 0
aborting path on assume(false) at file /home/runner/work/kani/kani/library/kani/src/lib.rs line 57 column 1 function <usize as kani::rustc_intrinsics::ToISize>::to_isize thread 0
aborting path on assume(false) at file /home/runner/work/kani/kani/library/kani/src/lib.rs line 57 column 1 function <usize as kani::rustc_intrinsics::ToISize>::to_isize thread 0
Unwinding loop _RNvXs3_NtNtCsci0VKyKEi6N_4core4hash3sipINtB5_6HasherNtB5_11Sip13RoundsENtB7_6Hasher5writeCs27UYLqoUkb6_4redb.0 iteration 9 file /home/runner/.rustup/toolchains/nightly-2025-11-21-x86_64-unknown-linux-gnu/lib/rustlib/src/rust/library/core/src/hash/sip.rs line 281 column 9 function <core::hash::sip::Hasher<core::hash::sip::Sip13Rounds> as std::hash::Hasher>::write thread 0
aborting path on assume(false) at file /home/runner/work/kani/kani/library/kani_core/src/models.rs line 176 column 17 function <usize as kani::rustc_intrinsics::ToISize>::to_isize thread 0
aborting path on assume(false) at file /home/runner/work/kani/kani/library/kani/src/lib.rs line 57 column 1 function <usize as kani::rustc_intrinsics::ToISize>::to_isize thread 0
aborting path on assume(false) at file /home/runner/work/kani/kani/library/kani/src/lib.rs line 57 column 1 function <usize as kani::rustc_intrinsics::ToISize>::to_isize thread 0
Unwinding loop _RNvXs3_NtNtCsci0VKyKEi6N_4core4hash3sipINtB5_6HasherNtB5_11Sip13RoundsENtB7_6Hasher5writeCs27UYLqoUkb6_4redb.0 iteration 10 file /home/runner/.rustup/toolchains/nightly-2025-11-21-x86_64-unknown-linux-gnu/lib/rustlib/src/rust/library/core/src/hash/sip.rs line 281 column 9 function <core::hash::sip::Hasher<core::hash::sip::Sip13Rounds> as std::hash::Hasher>::write thread 0
aborting path on assume(false) at file /home/runner/work/kani/kani/library/kani_core/src/models.rs line 176 column 17 function <usize as kani::rustc_intrinsics::ToISize>::to_isize thread 0
aborting path on assume(false) at file /home/runner/work/kani/kani/library/kani/src/lib.rs line 57 column 1 function <usize as kani::rustc_intrinsics::ToISize>::to_isize thread 0
aborting path on assume(false) at file /home/runner/work/kani/kani/library/kani/src/lib.rs line 57 column 1 function <usize as kani::rustc_intrinsics::ToISize>::to_isize thread 0
Unwinding loop _RNvXs3_NtNtCsci0VKyKEi6N_4core4hash3sipINtB5_6HasherNtB5_11Sip13RoundsENtB7_6Hasher5writeCs27UYLqoUkb6_4redb.0 iteration 11 file /home/runner/.rustup/toolchains/nightly-2025-11-21-x86_64-unknown-linux-gnu/lib/rustlib/src/rust/library/core/src/hash/sip.rs line 281 column 9 function <core::hash::sip::Hasher<core::hash::sip::Sip13Rounds> as std::hash::Hasher>::write thread 0
aborting path on assume(false) at file /home/runner/work/kani/kani/library/kani_core/src/models.rs line 176 column 17 function <usize as kani::rustc_intrinsics::ToISize>::to_isize thread 0
aborting path on assume(false) at file /home/runner/work/kani/kani/library/kani/src/lib.rs line 57 column 1 function <usize as kani::rustc_intrinsics::ToISize>::to_isize thread 0
aborting path on assume(false) at file /home/runner/work/kani/kani/library/kani/src/lib.rs line 57 column 1 function <usize as kani::rustc_intrinsics::ToISize>::to_isize thread 0
Unwinding loop _RNvXs3_NtNtCsci0VKyKEi6N_4core4hash3sipINtB5_6HasherNtB5_11Sip13RoundsENtB7_6Hasher5writeCs27UYLqoUkb6_4redb.0 iteration 12 file /home/runner/.rustup/toolchains/nightly-2025-11-21-x86_64-unknown-linux-gnu/lib/rustlib/src/rust/library/core/src/hash/sip.rs line 281 column 9 function <core::hash::sip::Hasher<core::hash::sip::Sip13Rounds> as std::hash::Hasher>::write thread 0
aborting path on assume(false) at file /home/runner/work/kani/kani/library/kani_core/src/models.rs line 176 column 17 function <usize as kani::rustc_intrinsics::ToISize>::to_isize thread 0
aborting path on assume(false) at file /home/runner/work/kani/kani/library/kani/src/lib.rs line 57 column 1 function <usize as kani::rustc_intrinsics::ToISize>::to_isize thread 0
aborting path on assume(false) at file /home/runner/work/kani/kani/library/kani/src/lib.rs line 57 column 1 function <usize as kani::rustc_intrinsics::ToISize>::to_isize thread 0
Unwinding loop _RNvXs3_NtNtCsci0VKyKEi6N_4core4hash3sipINtB5_6HasherNtB5_11Sip13RoundsENtB7_6Hasher5writeCs27UYLqoUkb6_4redb.0 iteration 13 file /home/runner/.rustup/toolchains/nightly-2025-11-21-x86_64-unknown-linux-gnu/lib/rustlib/src/rust/library/core/src/hash/sip.rs line 281 column 9 function <core::hash::sip::Hasher<core::hash::sip::Sip13Rounds> as std::hash::Hasher>::write thread 0
aborting path on assume(false) at file /home/runner/work/kani/kani/library/kani_core/src/models.rs line 176 column 17 function <usize as kani::rustc_intrinsics::ToISize>::to_isize thread 0
aborting path on assume(false) at file /home/runner/work/kani/kani/library/kani/src/lib.rs line 57 column 1 function <usize as kani::rustc_intrinsics::ToISize>::to_isize thread 0
aborting path on assume(false) at file /home/runner/work/kani/kani/library/kani/src/lib.rs line 57 column 1 function <usize as kani::rustc_intrinsics::ToISize>::to_isize thread 0
Unwinding loop _RNvXs3_NtNtCsci0VKyKEi6N_4core4hash3sipINtB5_6HasherNtB5_11Sip13RoundsENtB7_6Hasher5writeCs27UYLqoUkb6_4redb.0 iteration 14 file /home/runner/.rustup/toolchains/nightly-2025-11-21-x86_64-unknown-linux-gnu/lib/rustlib/src/rust/library/core/src/hash/sip.rs line 281 column 9 function <core::hash::sip::Hasher<core::hash::sip::Sip13Rounds> as std::hash::Hasher>::write thread 0
aborting path on assume(false) at file /home/runner/work/kani/kani/library/kani_core/src/models.rs line 176 column 17 function <usize as kani::rustc_intrinsics::ToISize>::to_isize thread 0
aborting path on assume(false) at file /home/runner/work/kani/kani/library/kani/src/lib.rs line 57 column 1 function <usize as kani::rustc_intrinsics::ToISize>::to_isize thread 0
aborting path on assume(false) at file /home/runner/work/kani/kani/library/kani/src/lib.rs line 57 column 1 function <usize as kani::rustc_intrinsics::ToISize>::to_isize thread 0
Unwinding loop _RNvXs3_NtNtCsci0VKyKEi6N_4core4hash3sipINtB5_6HasherNtB5_11Sip13RoundsENtB7_6Hasher5writeCs27UYLqoUkb6_4redb.0 iteration 15 file /home/runner/.rustup/toolchains/nightly-2025-11-21-x86_64-unknown-linux-gnu/lib/rustlib/src/rust/library/core/src/hash/sip.rs line 281 column 9 function <core::hash::sip::Hasher<core::hash::sip::Sip13Rounds> as std::hash::Hasher>::write thread 0
aborting path on assume(false) at file /home/runner/work/kani/kani/library/kani_core/src/models.rs line 176 column 17 function <usize as kani::rustc_intrinsics::ToISize>::to_isize thread 0
aborting path on assume(false) at file /home/runner/work/kani/kani/library/kani/src/lib.rs line 57 column 1 function <usize as kani::rustc_intrinsics::ToISize>::to_isize thread 0
aborting path on assume(false) at file /home/runner/work/kani/kani/library/kani/src/lib.rs line 57 column 1 function <usize as kani::rustc_intrinsics::ToISize>::to_isize thread 0
Not unwinding loop _RNvXs3_NtNtCsci0VKyKEi6N_4core4hash3sipINtB5_6HasherNtB5_11Sip13RoundsENtB7_6Hasher5writeCs27UYLqoUkb6_4redb.0 iteration 16 file /home/runner/.rustup/toolchains/nightly-2025-11-21-x86_64-unknown-linux-gnu/lib/rustlib/src/rust/library/core/src/hash/sip.rs line 281 column 9 function <core::hash::sip::Hasher<core::hash::sip::Sip13Rounds> as std::hash::Hasher>::write thread 0
aborting path on assume(false) at file /home/runner/work/kani/kani/library/kani_core/src/models.rs line 176 column 17 function <usize as kani::rustc_intrinsics::ToISize>::to_isize thread 0
aborting path on assume(false) at file /home/runner/work/kani/kani/library/kani/src/lib.rs line 57 column 1 function <usize as kani::rustc_intrinsics::ToISize>::to_isize thread 0
aborting path on assume(false) at file /home/runner/work/kani/kani/library/kani/src/lib.rs line 57 column 1 function <usize as kani::rustc_intrinsics::ToISize>::to_isize thread 0
aborting path on assume(false) at file /home/runner/work/kani/kani/library/kani_core/src/models.rs line 176 column 17 function <usize as kani::rustc_intrinsics::ToISize>::to_isize thread 0
aborting path on assume(false) at file /home/runner/work/kani/kani/library/kani/src/lib.rs line 57 column 1 function <usize as kani::rustc_intrinsics::ToISize>::to_isize thread 0
aborting path on assume(false) at file /home/runner/work/kani/kani/library/kani/src/lib.rs line 57 column 1 function <usize as kani::rustc_intrinsics::ToISize>::to_isize thread 0
aborting path on assume(false) at file /home/runner/.rustup/toolchains/nightly-2025-11-21-x86_64-unknown-linux-gnu/lib/rustlib/src/rust/library/core/src/slice/index.rs line 40 column 9 function core::slice::index::slice_index_fail::do_panic::runtime thread 0
aborting path on assume(false) at file /home/runner/.rustup/toolchains/nightly-2025-11-21-x86_64-unknown-linux-gnu/lib/rustlib/src/rust/library/core/src/intrinsics/mod.rs line 2449 column 9 function core::slice::index::slice_index_fail::do_panic thread 0
aborting path on assume(false) at file /home/runner/.rustup/toolchains/nightly-2025-11-21-x86_64-unknown-linux-gnu/lib/rustlib/src/rust/library/core/src/panic.rs line 178 column 9 function core::slice::index::slice_index_fail thread 0
aborting path on assume(false) at file /home/runner/.rustup/toolchains/nightly-2025-11-21-x86_64-unknown-linux-gnu/lib/rustlib/src/rust/library/core/src/slice/index.rs line 49 column 9 function core::slice::index::slice_index_fail::do_panic::runtime thread 0
aborting path on assume(false) at file /home/runner/.rustup/toolchains/nightly-2025-11-21-x86_64-unknown-linux-gnu/lib/rustlib/src/rust/library/core/src/intrinsics/mod.rs line 2449 column 9 function core::slice::index::slice_index_fail::do_panic thread 0
aborting path on assume(false) at file /home/runner/.rustup/toolchains/nightly-2025-11-21-x86_64-unknown-linux-gnu/lib/rustlib/src/rust/library/core/src/panic.rs line 178 column 9 function core::slice::index::slice_index_fail thread 0
aborting path on assume(false) at file /home/runner/.rustup/toolchains/nightly-2025-11-21-x86_64-unknown-linux-gnu/lib/rustlib/src/rust/library/core/src/slice/index.rs line 58 column 9 function core::slice::index::slice_index_fail::do_panic::runtime thread 0
aborting path on assume(false) at file /home/runner/.rustup/toolchains/nightly-2025-11-21-x86_64-unknown-linux-gnu/lib/rustlib/src/rust/library/core/src/intrinsics/mod.rs line 2449 column 9 function core::slice::index::slice_index_fail::do_panic thread 0
aborting path on assume(false) at file /home/runner/.rustup/toolchains/nightly-2025-11-21-x86_64-unknown-linux-gnu/lib/rustlib/src/rust/library/core/src/panic.rs line 178 column 9 function core::slice::index::slice_index_fail thread 0
aborting path on assume(false) at file /home/runner/.rustup/toolchains/nightly-2025-11-21-x86_64-unknown-linux-gnu/lib/rustlib/src/rust/library/core/src/slice/index.rs line 68 column 5 function core::slice::index::slice_index_fail::do_panic::runtime thread 0
aborting path on assume(false) at file /home/runner/.rustup/toolchains/nightly-2025-11-21-x86_64-unknown-linux-gnu/lib/rustlib/src/rust/library/core/src/intrinsics/mod.rs line 2449 column 9 function core::slice::index::slice_index_fail::do_panic thread 0
aborting path on assume(false) at file /home/runner/.rustup/toolchains/nightly-2025-11-21-x86_64-unknown-linux-gnu/lib/rustlib/src/rust/library/core/src/panic.rs line 178 column 9 function core::slice::index::slice_index_fail thread 0
aborting path on assume(false) at file /home/runner/.rustup/toolchains/nightly-2025-11-21-x86_64-unknown-linux-gnu/lib/rustlib/src/rust/library/core/src/slice/index.rs line 581 column 13 function <std::ops::RangeFrom<usize> as std::slice::SliceIndex<[u8]>>::index_mut thread 0
aborting path on assume(false) at file /home/runner/work/kani/kani/library/kani_core/src/models.rs line 176 column 17 function <usize as kani::rustc_intrinsics::ToISize>::to_isize thread 0
aborting path on assume(false) at file /home/runner/work/kani/kani/library/kani/src/lib.rs line 57 column 1 function <usize as kani::rustc_intrinsics::ToISize>::to_isize thread 0
aborting path on assume(false) at file /home/runner/work/kani/kani/library/kani/src/lib.rs line 57 column 1 function <usize as kani::rustc_intrinsics::ToISize>::to_isize thread 0
aborting path on assume(false) at file /home/runner/work/kani/kani/library/kani/src/lib.rs line 57 column 1 function kani::mem::cbmc::same_allocation thread 0
aborting path on assume(false) at file /home/runner/.rustup/toolchains/nightly-2025-11-21-x86_64-unknown-linux-gnu/lib/rustlib/src/rust/library/std/src/sys/random/linux.rs line 126 column 26 function std::sys::random::linux::getrandom thread 0
Unwinding loop _RNvNtNtNtCsh1i4bqfV5wd_3std3sys6random5linux9getrandom.0 iteration 8 file src/lib.rs line 0 column 0 function std::sys::random::linux::getrandom thread 0
aborting path on assume(false) at file /home/runner/.rustup/toolchains/nightly-2025-11-21-x86_64-unknown-linux-gnu/lib/rustlib/src/rust/library/std/src/sys/pal/unix/weak/syscall.rs line 7 column 9 function std::sys::random::linux::getrandom::getrandom thread 0
aborting path on assume(false) at file /home/runner/.cargo/registry/src/index.crates.io-1949cf8c6b5b557f/libc-0.2.177/src/unix/linux_like/linux/mod.rs line 6372 column 5 function std::sys::random::linux::getrandom::getrandom thread 0
aborting path on assume(false) at  thread 0
aborting path on assume(false) at file /home/runner/work/kani/kani/library/kani/src/lib.rs line 57 column 1 function kani::mem::cbmc::same_allocation thread 0
aborting path on assume(false) at file /home/runner/work/kani/kani/library/kani/src/lib.rs line 57 column 1 function kani::mem::cbmc::same_allocation thread 0
Unwinding loop _RNvXs3_NtNtCsci0VKyKEi6N_4core4hash3sipINtB5_6HasherNtB5_11Sip13RoundsENtB7_6Hasher5writeCs27UYLqoUkb6_4redb.0 iteration 1 file /home/runner/.rustup/toolchains/nightly-2025-11-21-x86_64-unknown-linux-gnu/lib/rustlib/src/rust/library/core/src/hash/sip.rs line 281 column 9 function <core::hash::sip::Hasher<core::hash::sip::Sip13Rounds> as std::hash::Hasher>::write thread 0
aborting path on assume(false) at file /home/runner/work/kani/kani/library/kani/src/lib.rs line 57 column 1 function kani::mem::cbmc::same_allocation thread 0
Unwinding loop _RNvXs3_NtNtCsci0VKyKEi6N_4core4hash3sipINtB5_6HasherNtB5_11Sip13RoundsENtB7_6Hasher5writeCs27UYLqoUkb6_4redb.0 iteration 2 file /home/runner/.rustup/toolchains/nightly-2025-11-21-x86_64-unknown-linux-gnu/lib/rustlib/src/rust/library/core/src/hash/sip.rs line 281 column 9 function <core::hash::sip::Hasher<core::hash::sip::Sip13Rounds> as std::hash::Hasher>::write thread 0
aborting path on assume(false) at file /home/runner/work/kani/kani/library/kani/src/lib.rs line 57 column 1 function kani::mem::cbmc::same_allocation thread 0
Unwinding loop _RNvXs3_NtNtCsci0VKyKEi6N_4core4hash3sipINtB5_6HasherNtB5_11Sip13RoundsENtB7_6Hasher5writeCs27UYLqoUkb6_4redb.0 iteration 3 file /home/runner/.rustup/toolchains/nightly-2025-11-21-x86_64-unknown-linux-gnu/lib/rustlib/src/rust/library/core/src/hash/sip.rs line 281 column 9 function <core::hash::sip::Hasher<core::hash::sip::Sip13Rounds> as std::hash::Hasher>::write thread 0
aborting path on assume(false) at file /home/runner/work/kani/kani/library/kani/src/lib.rs line 57 column 1 function kani::mem::cbmc::same_allocation thread 0
Unwinding loop _RNvXs3_NtNtCsci0VKyKEi6N_4core4hash3sipINtB5_6HasherNtB5_11Sip13RoundsENtB7_6Hasher5writeCs27UYLqoUkb6_4redb.0 iteration 4 file /home/runner/.rustup/toolchains/nightly-2025-11-21-x86_64-unknown-linux-gnu/lib/rustlib/src/rust/library/core/src/hash/sip.rs line 281 column 9 function <core::hash::sip::Hasher<core::hash::sip::Sip13Rounds> as std::hash::Hasher>::write thread 0
aborting path on assume(false) at file /home/runner/work/kani/kani/library/kani/src/lib.rs line 57 column 1 function kani::mem::cbmc::same_allocation thread 0
Unwinding loop _RNvXs3_NtNtCsci0VKyKEi6N_4core4hash3sipINtB5_6HasherNtB5_11Sip13RoundsENtB7_6Hasher5writeCs27UYLqoUkb6_4redb.0 iteration 5 file /home/runner/.rustup/toolchains/nightly-2025-11-21-x86_64-unknown-linux-gnu/lib/rustlib/src/rust/library/core/src/hash/sip.rs line 281 column 9 function <core::hash::sip::Hasher<core::hash::sip::Sip13Rounds> as std::hash::Hasher>::write thread 0
aborting path on assume(false) at file /home/runner/work/kani/kani/library/kani/src/lib.rs line 57 column 1 function kani::mem::cbmc::same_allocation thread 0
Unwinding loop _RNvXs3_NtNtCsci0VKyKEi6N_4core4hash3sipINtB5_6HasherNtB5_11Sip13RoundsENtB7_6Hasher5writeCs27UYLqoUkb6_4redb.0 iteration 6 file /home/runner/.rustup/toolchains/nightly-2025-11-21-x86_64-unknown-linux-gnu/lib/rustlib/src/rust/library/core/src/hash/sip.rs line 281 column 9 function <core::hash::sip::Hasher<core::hash::sip::Sip13Rounds> as std::hash::Hasher>::write thread 0
aborting path on assume(false) at file /home/runner/work/kani/kani/library/kani/src/lib.rs line 57 column 1 function kani::mem::cbmc::same_allocation thread 0
Unwinding loop _RNvXs3_NtNtCsci0VKyKEi6N_4core4hash3sipINtB5_6HasherNtB5_11Sip13RoundsENtB7_6Hasher5writeCs27UYLqoUkb6_4redb.0 iteration 7 file /home/runner/.rustup/toolchains/nightly-2025-11-21-x86_64-unknown-linux-gnu/lib/rustlib/src/rust/library/core/src/hash/sip.rs line 281 column 9 function <core::hash::sip::Hasher<core::hash::sip::Sip13Rounds> as std::hash::Hasher>::write thread 0
aborting path on assume(false) at file /home/runner/work/kani/kani/library/kani/src/lib.rs line 57 column 1 function kani::mem::cbmc::same_allocation thread 0
Unwinding loop _RNvXs3_NtNtCsci0VKyKEi6N_4core4hash3sipINtB5_6HasherNtB5_11Sip13RoundsENtB7_6Hasher5writeCs27UYLqoUkb6_4redb.0 iteration 8 file /home/runner/.rustup/toolchains/nightly-2025-11-21-x86_64-unknown-linux-gnu/lib/rustlib/src/rust/library/core/src/hash/sip.rs line 281 column 9 function <core::hash::sip::Hasher<core::hash::sip::Sip13Rounds> as std::hash::Hasher>::write thread 0
aborting path on assume(false) at file /home/runner/work/kani/kani/library/kani/src/lib.rs line 57 column 1 function kani::mem::cbmc::same_allocation thread 0
Unwinding loop _RNvXs3_NtNtCsci0VKyKEi6N_4core4hash3sipINtB5_6HasherNtB5_11Sip13RoundsENtB7_6Hasher5writeCs27UYLqoUkb6_4redb.0 iteration 9 file /home/runner/.rustup/toolchains/nightly-2025-11-21-x86_64-unknown-linux-gnu/lib/rustlib/src/rust/library/core/src/hash/sip.rs line 281 column 9 function <core::hash::sip::Hasher<core::hash::sip::Sip13Rounds> as std::hash::Hasher>::write thread 0
aborting path on assume(false) at file /home/runner/work/kani/kani/library/kani/src/lib.rs line 57 column 1 function kani::mem::cbmc::same_allocation thread 0
Unwinding loop _RNvXs3_NtNtCsci0VKyKEi6N_4core4hash3sipINtB5_6HasherNtB5_11Sip13RoundsENtB7_6Hasher5writeCs27UYLqoUkb6_4redb.0 iteration 10 file /home/runner/.rustup/toolchains/nightly-2025-11-21-x86_64-unknown-linux-gnu/lib/rustlib/src/rust/library/core/src/hash/sip.rs line 281 column 9 function <core::hash::sip::Hasher<core::hash::sip::Sip13Rounds> as std::hash::Hasher>::write thread 0
aborting path on assume(false) at file /home/runner/work/kani/kani/library/kani/src/lib.rs line 57 column 1 function kani::mem::cbmc::same_allocation thread 0
Unwinding loop _RNvXs3_NtNtCsci0VKyKEi6N_4core4hash3sipINtB5_6HasherNtB5_11Sip13RoundsENtB7_6Hasher5writeCs27UYLqoUkb6_4redb.0 iteration 11 file /home/runner/.rustup/toolchains/nightly-2025-11-21-x86_64-unknown-linux-gnu/lib/rustlib/src/rust/library/core/src/hash/sip.rs line 281 column 9 function <core::hash::sip::Hasher<core::hash::sip::Sip13Rounds> as std::hash::Hasher>::write thread 0
aborting path on assume(false) at file /home/runner/work/kani/kani/library/kani/src/lib.rs line 57 column 1 function kani::mem::cbmc::same_allocation thread 0
Unwinding loop _RNvXs3_NtNtCsci0VKyKEi6N_4core4hash3sipINtB5_6HasherNtB5_11Sip13RoundsENtB7_6Hasher5writeCs27UYLqoUkb6_4redb.0 iteration 12 file /home/runner/.rustup/toolchains/nightly-2025-11-21-x86_64-unknown-linux-gnu/lib/rustlib/src/rust/library/core/src/hash/sip.rs line 281 column 9 function <core::hash::sip::Hasher<core::hash::sip::Sip13Rounds> as std::hash::Hasher>::write thread 0
aborting path on assume(false) at file /home/runner/work/kani/kani/library/kani/src/lib.rs line 57 column 1 function kani::mem::cbmc::same_allocation thread 0
Unwinding loop _RNvXs3_NtNtCsci0VKyKEi6N_4core4hash3sipINtB5_6HasherNtB5_11Sip13RoundsENtB7_6Hasher5writeCs27UYLqoUkb6_4redb.0 iteration 13 file /home/runner/.rustup/toolchains/nightly-2025-11-21-x86_64-unknown-linux-gnu/lib/rustlib/src/rust/library/core/src/hash/sip.rs line 281 column 9 function <core::hash::sip::Hasher<core::hash::sip::Sip13Rounds> as std::hash::Hasher>::write thread 0
aborting path on assume(false) at file /home/runner/work/kani/kani/library/kani/src/lib.rs line 57 column 1 function kani::mem::cbmc::same_allocation thread 0
Unwinding loop _RNvXs3_NtNtCsci0VKyKEi6N_4core4hash3sipINtB5_6HasherNtB5_11Sip13RoundsENtB7_6Hasher5writeCs27UYLqoUkb6_4redb.0 iteration 14 file /home/runner/.rustup/toolchains/nightly-2025-11-21-x86_64-unknown-linux-gnu/lib/rustlib/src/rust/library/core/src/hash/sip.rs line 281 column 9 function <core::hash::sip::Hasher<core::hash::sip::Sip13Rounds> as std::hash::Hasher>::write thread 0
aborting path on assume(false) at file /home/runner/work/kani/kani/library/kani/src/lib.rs line 57 column 1 function kani::mem::cbmc::same_allocation thread 0
Unwinding loop _RNvXs3_NtNtCsci0VKyKEi6N_4core4hash3sipINtB5_6HasherNtB5_11Sip13RoundsENtB7_6Hasher5writeCs27UYLqoUkb6_4redb.0 iteration 15 file /home/runner/.rustup/toolchains/nightly-2025-11-21-x86_64-unknown-linux-gnu/lib/rustlib/src/rust/library/core/src/hash/sip.rs line 281 column 9 function <core::hash::sip::Hasher<core::hash::sip::Sip13Rounds> as std::hash::Hasher>::write thread 0
aborting path on assume(false) at file /home/runner/work/kani/kani/library/kani/src/lib.rs line 57 column 1 function kani::mem::cbmc::same_allocation thread 0
Not unwinding loop _RNvXs3_NtNtCsci0VKyKEi6N_4core4hash3sipINtB5_6HasherNtB5_11Sip13RoundsENtB7_6Hasher5writeCs27UYLqoUkb6_4redb.0 iteration 16 file /home/runner/.rustup/toolchains/nightly-2025-11-21-x86_64-unknown-linux-gnu/lib/rustlib/src/rust/library/core/src/hash/sip.rs line 281 column 9 function <core::hash::sip::Hasher<core::hash::sip::Sip13Rounds> as std::hash::Hasher>::write thread 0
aborting path on assume(false) at file /home/runner/work/kani/kani/library/kani_core/src/models.rs line 176 column 17 function <usize as kani::rustc_intrinsics::ToISize>::to_isize thread 0
aborting path on assume(false) at file /home/runner/work/kani/kani/library/kani/src/lib.rs line 57 column 1 function <usize as kani::rustc_intrinsics::ToISize>::to_isize thread 0
aborting path on assume(false) at file /home/runner/work/kani/kani/library/kani/src/lib.rs line 57 column 1 function <usize as kani::rustc_intrinsics::ToISize>::to_isize thread 0
aborting path on assume(false) at file /home/runner/work/kani/kani/library/kani/src/lib.rs line 57 column 1 function kani::mem::cbmc::same_allocation thread 0
aborting path on assume(false) at file /home/runner/work/kani/kani/library/kani_core/src/models.rs line 176 column 17 function <usize as kani::rustc_intrinsics::ToISize>::to_isize thread 0
aborting path on assume(false) at file /home/runner/work/kani/kani/library/kani/src/lib.rs line 57 column 1 function <usize as kani::rustc_intrinsics::ToISize>::to_isize thread 0
aborting path on assume(false) at file /home/runner/work/kani/kani/library/kani/src/lib.rs line 57 column 1 function <usize as kani::rustc_intrinsics::ToISize>::to_isize thread 0
aborting path on assume(false) at file /home/runner/work/kani/kani/library/kani/src/lib.rs line 57 column 1 function kani::mem::cbmc::same_allocation thread 0
aborting path on assume(false) at file /home/runner/work/kani/kani/library/kani_core/src/models.rs line 176 column 17 function <usize as kani::rustc_intrinsics::ToISize>::to_isize thread 0
aborting path on assume(false) at file /home/runner/work/kani/kani/library/kani/src/lib.rs line 57 column 1 function <usize as kani::rustc_intrinsics::ToISize>::to_isize thread 0
aborting path on assume(false) at file /home/runner/work/kani/kani/library/kani/src/lib.rs line 57 column 1 function <usize as kani::rustc_intrinsics::ToISize>::to_isize thread 0
aborting path on assume(false) at file /home/runner/work/kani/kani/library/kani_core/src/models.rs line 176 column 17 function <usize as kani::rustc_intrinsics::ToISize>::to_isize thread 0
aborting path on assume(false) at file /home/runner/work/kani/kani/library/kani/src/lib.rs line 57 column 1 function <usize as kani::rustc_intrinsics::ToISize>::to_isize thread 0
aborting path on assume(false) at file /home/runner/work/kani/kani/library/kani/src/lib.rs line 57 column 1 function <usize as kani::rustc_intrinsics::ToISize>::to_isize thread 0
Unwinding loop _RNvXs3_NtNtCsci0VKyKEi6N_4core4hash3sipINtB5_6HasherNtB5_11Sip13RoundsENtB7_6Hasher5writeCs27UYLqoUkb6_4redb.0 iteration 1 file /home/runner/.rustup/toolchains/nightly-2025-11-21-x86_64-unknown-linux-gnu/lib/rustlib/src/rust/library/core/src/hash/sip.rs line 281 column 9 function <core::hash::sip::Hasher<core::hash::sip::Sip13Rounds> as std::hash::Hasher>::write thread 0
aborting path on assume(false) at file /home/runner/work/kani/kani/library/kani_core/src/models.rs line 176 column 17 function <usize as kani::rustc_intrinsics::ToISize>::to_isize thread 0
aborting path on assume(false) at file /home/runner/work/kani/kani/library/kani/src/lib.rs line 57 column 1 function <usize as kani::rustc_intrinsics::ToISize>::to_isize thread 0
aborting path on assume(false) at file /home/runner/work/kani/kani/library/kani/src/lib.rs line 57 column 1 function <usize as kani::rustc_intrinsics::ToISize>::to_isize thread 0
Unwinding loop _RNvXs3_NtNtCsci0VKyKEi6N_4core4hash3sipINtB5_6HasherNtB5_11Sip13RoundsENtB7_6Hasher5writeCs27UYLqoUkb6_4redb.0 iteration 2 file /home/runner/.rustup/toolchains/nightly-2025-11-21-x86_64-unknown-linux-gnu/lib/rustlib/src/rust/library/core/src/hash/sip.rs line 281 column 9 function <core::hash::sip::Hasher<core::hash::sip::Sip13Rounds> as std::hash::Hasher>::write thread 0
aborting path on assume(false) at file /home/runner/work/kani/kani/library/kani_core/src/models.rs line 176 column 17 function <usize as kani::rustc_intrinsics::ToISize>::to_isize thread 0
aborting path on assume(false) at file /home/runner/work/kani/kani/library/kani/src/lib.rs line 57 column 1 function <usize as kani::rustc_intrinsics::ToISize>::to_isize thread 0
aborting path on assume(false) at file /home/runner/work/kani/kani/library/kani/src/lib.rs line 57 column 1 function <usize as kani::rustc_intrinsics::ToISize>::to_isize thread 0
Unwinding loop _RNvXs3_NtNtCsci0VKyKEi6N_4core4hash3sipINtB5_6HasherNtB5_11Sip13RoundsENtB7_6Hasher5writeCs27UYLqoUkb6_4redb.0 iteration 3 file /home/runner/.rustup/toolchains/nightly-2025-11-21-x86_64-unknown-linux-gnu/lib/rustlib/src/rust/library/core/src/hash/sip.rs line 281 column 9 function <core::hash::sip::Hasher<core::hash::sip::Sip13Rounds> as std::hash::Hasher>::write thread 0
aborting path on assume(false) at file /home/runner/work/kani/kani/library/kani_core/src/models.rs line 176 column 17 function <usize as kani::rustc_intrinsics::ToISize>::to_isize thread 0
aborting path on assume(false) at file /home/runner/work/kani/kani/library/kani/src/lib.rs line 57 column 1 function <usize as kani::rustc_intrinsics::ToISize>::to_isize thread 0
aborting path on assume(false) at file /home/runner/work/kani/kani/library/kani/src/lib.rs line 57 column 1 function <usize as kani::rustc_intrinsics::ToISize>::to_isize thread 0
Unwinding loop _RNvXs3_NtNtCsci0VKyKEi6N_4core4hash3sipINtB5_6HasherNtB5_11Sip13RoundsENtB7_6Hasher5writeCs27UYLqoUkb6_4redb.0 iteration 4 file /home/runner/.rustup/toolchains/nightly-2025-11-21-x86_64-unknown-linux-gnu/lib/rustlib/src/rust/library/core/src/hash/sip.rs line 281 column 9 function <core::hash::sip::Hasher<core::hash::sip::Sip13Rounds> as std::hash::Hasher>::write thread 0
aborting path on assume(false) at file /home/runner/work/kani/kani/library/kani_core/src/models.rs line 176 column 17 function <usize as kani::rustc_intrinsics::ToISize>::to_isize thread 0
aborting path on assume(false) at file /home/runner/work/kani/kani/library/kani/src/lib.rs line 57 column 1 function <usize as kani::rustc_intrinsics::ToISize>::to_isize thread 0
aborting path on assume(false) at file /home/runner/work/kani/kani/library/kani/src/lib.rs line 57 column 1 function <usize as kani::rustc_intrinsics::ToISize>::to_isize thread 0
Unwinding loop _RNvXs3_NtNtCsci0VKyKEi6N_4core4hash3sipINtB5_6HasherNtB5_11Sip13RoundsENtB7_6Hasher5writeCs27UYLqoUkb6_4redb.0 iteration 5 file /home/runner/.rustup/toolchains/nightly-2025-11-21-x86_64-unknown-linux-gnu/lib/rustlib/src/rust/library/core/src/hash/sip.rs line 281 column 9 function <core::hash::sip::Hasher<core::hash::sip::Sip13Rounds> as std::hash::Hasher>::write thread 0
aborting path on assume(false) at file /home/runner/work/kani/kani/library/kani_core/src/models.rs line 176 column 17 function <usize as kani::rustc_intrinsics::ToISize>::to_isize thread 0
aborting path on assume(false) at file /home/runner/work/kani/kani/library/kani/src/lib.rs line 57 column 1 function <usize as kani::rustc_intrinsics::ToISize>::to_isize thread 0
aborting path on assume(false) at file /home/runner/work/kani/kani/library/kani/src/lib.rs line 57 column 1 function <usize as kani::rustc_intrinsics::ToISize>::to_isize thread 0
Unwinding loop _RNvXs3_NtNtCsci0VKyKEi6N_4core4hash3sipINtB5_6HasherNtB5_11Sip13RoundsENtB7_6Hasher5writeCs27UYLqoUkb6_4redb.0 iteration 6 file /home/runner/.rustup/toolchains/nightly-2025-11-21-x86_64-unknown-linux-gnu/lib/rustlib/src/rust/library/core/src/hash/sip.rs line 281 column 9 function <core::hash::sip::Hasher<core::hash::sip::Sip13Rounds> as std::hash::Hasher>::write thread 0
aborting path on assume(false) at file /home/runner/work/kani/kani/library/kani_core/src/models.rs line 176 column 17 function <usize as kani::rustc_intrinsics::ToISize>::to_isize thread 0
aborting path on assume(false) at file /home/runner/work/kani/kani/library/kani/src/lib.rs line 57 column 1 function <usize as kani::rustc_intrinsics::ToISize>::to_isize thread 0
aborting path on assume(false) at file /home/runner/work/kani/kani/library/kani/src/lib.rs line 57 column 1 function <usize as kani::rustc_intrinsics::ToISize>::to_isize thread 0
Unwinding loop _RNvXs3_NtNtCsci0VKyKEi6N_4core4hash3sipINtB5_6HasherNtB5_11Sip13RoundsENtB7_6Hasher5writeCs27UYLqoUkb6_4redb.0 iteration 7 file /home/runner/.rustup/toolchains/nightly-2025-11-21-x86_64-unknown-linux-gnu/lib/rustlib/src/rust/library/core/src/hash/sip.rs line 281 column 9 function <core::hash::sip::Hasher<core::hash::sip::Sip13Rounds> as std::hash::Hasher>::write thread 0
aborting path on assume(false) at file /home/runner/work/kani/kani/library/kani_core/src/models.rs line 176 column 17 function <usize as kani::rustc_intrinsics::ToISize>::to_isize thread 0
aborting path on assume(false) at file /home/runner/work/kani/kani/library/kani/src/lib.rs line 57 column 1 function <usize as kani::rustc_intrinsics::ToISize>::to_isize thread 0
aborting path on assume(false) at file /home/runner/work/kani/kani/library/kani/src/lib.rs line 57 column 1 function <usize as kani::rustc_intrinsics::ToISize>::to_isize thread 0
Unwinding loop _RNvXs3_NtNtCsci0VKyKEi6N_4core4hash3sipINtB5_6HasherNtB5_11Sip13RoundsENtB7_6Hasher5writeCs27UYLqoUkb6_4redb.0 iteration 8 file /home/runner/.rustup/toolchains/nightly-2025-11-21-x86_64-unknown-linux-gnu/lib/rustlib/src/rust/library/core/src/hash/sip.rs line 281 column 9 function <core::hash::sip::Hasher<core::hash::sip::Sip13Rounds> as std::hash::Hasher>::write thread 0
aborting path on assume(false) at file /home/runner/work/kani/kani/library/kani_core/src/models.rs line 176 column 17 function <usize as kani::rustc_intrinsics::ToISize>::to_isize thread 0
aborting path on assume(false) at file /home/runner/work/kani/kani/library/kani/src/lib.rs line 57 column 1 function <usize as kani::rustc_intrinsics::ToISize>::to_isize thread 0
aborting path on assume(false) at file /home/runner/work/kani/kani/library/kani/src/lib.rs line 57 column 1 function <usize as kani::rustc_intrinsics::ToISize>::to_isize thread 0
Unwinding loop _RNvXs3_NtNtCsci0VKyKEi6N_4core4hash3sipINtB5_6HasherNtB5_11Sip13RoundsENtB7_6Hasher5writeCs27UYLqoUkb6_4redb.0 iteration 9 file /home/runner/.rustup/toolchains/nightly-2025-11-21-x86_64-unknown-linux-gnu/lib/rustlib/src/rust/library/core/src/hash/sip.rs line 281 column 9 function <core::hash::sip::Hasher<core::hash::sip::Sip13Rounds> as std::hash::Hasher>::write thread 0
aborting path on assume(false) at file /home/runner/work/kani/kani/library/kani_core/src/models.rs line 176 column 17 function <usize as kani::rustc_intrinsics::ToISize>::to_isize thread 0
aborting path on assume(false) at file /home/runner/work/kani/kani/library/kani/src/lib.rs line 57 column 1 function <usize as kani::rustc_intrinsics::ToISize>::to_isize thread 0
aborting path on assume(false) at file /home/runner/work/kani/kani/library/kani/src/lib.rs line 57 column 1 function <usize as kani::rustc_intrinsics::ToISize>::to_isize thread 0
Unwinding loop _RNvXs3_NtNtCsci0VKyKEi6N_4core4hash3sipINtB5_6HasherNtB5_11Sip13RoundsENtB7_6Hasher5writeCs27UYLqoUkb6_4redb.0 iteration 10 file /home/runner/.rustup/toolchains/nightly-2025-11-21-x86_64-unknown-linux-gnu/lib/rustlib/src/rust/library/core/src/hash/sip.rs line 281 column 9 function <core::hash::sip::Hasher<core::hash::sip::Sip13Rounds> as std::hash::Hasher>::write thread 0
aborting path on assume(false) at file /home/runner/work/kani/kani/library/kani_core/src/models.rs line 176 column 17 function <usize as kani::rustc_intrinsics::ToISize>::to_isize thread 0
aborting path on assume(false) at file /home/runner/work/kani/kani/library/kani/src/lib.rs line 57 column 1 function <usize as kani::rustc_intrinsics::ToISize>::to_isize thread 0
aborting path on assume(false) at file /home/runner/work/kani/kani/library/kani/src/lib.rs line 57 column 1 function <usize as kani::rustc_intrinsics::ToISize>::to_isize thread 0
Unwinding loop _RNvXs3_NtNtCsci0VKyKEi6N_4core4hash3sipINtB5_6HasherNtB5_11Sip13RoundsENtB7_6Hasher5writeCs27UYLqoUkb6_4redb.0 iteration 11 file /home/runner/.rustup/toolchains/nightly-2025-11-21-x86_64-unknown-linux-gnu/lib/rustlib/src/rust/library/core/src/hash/sip.rs line 281 column 9 function <core::hash::sip::Hasher<core::hash::sip::Sip13Rounds> as std::hash::Hasher>::write thread 0
aborting path on assume(false) at file /home/runner/work/kani/kani/library/kani_core/src/models.rs line 176 column 17 function <usize as kani::rustc_intrinsics::ToISize>::to_isize thread 0
aborting path on assume(false) at file /home/runner/work/kani/kani/library/kani/src/lib.rs line 57 column 1 function <usize as kani::rustc_intrinsics::ToISize>::to_isize thread 0
aborting path on assume(false) at file /home/runner/work/kani/kani/library/kani/src/lib.rs line 57 column 1 function <usize as kani::rustc_intrinsics::ToISize>::to_isize thread 0
Unwinding loop _RNvXs3_NtNtCsci0VKyKEi6N_4core4hash3sipINtB5_6HasherNtB5_11Sip13RoundsENtB7_6Hasher5writeCs27UYLqoUkb6_4redb.0 iteration 12 file /home/runner/.rustup/toolchains/nightly-2025-11-21-x86_64-unknown-linux-gnu/lib/rustlib/src/rust/library/core/src/hash/sip.rs line 281 column 9 function <core::hash::sip::Hasher<core::hash::sip::Sip13Rounds> as std::hash::Hasher>::write thread 0
aborting path on assume(false) at file /home/runner/work/kani/kani/library/kani_core/src/models.rs line 176 column 17 function <usize as kani::rustc_intrinsics::ToISize>::to_isize thread 0
aborting path on assume(false) at file /home/runner/work/kani/kani/library/kani/src/lib.rs line 57 column 1 function <usize as kani::rustc_intrinsics::ToISize>::to_isize thread 0
aborting path on assume(false) at file /home/runner/work/kani/kani/library/kani/src/lib.rs line 57 column 1 function <usize as kani::rustc_intrinsics::ToISize>::to_isize thread 0
Unwinding loop _RNvXs3_NtNtCsci0VKyKEi6N_4core4hash3sipINtB5_6HasherNtB5_11Sip13RoundsENtB7_6Hasher5writeCs27UYLqoUkb6_4redb.0 iteration 13 file /home/runner/.rustup/toolchains/nightly-2025-11-21-x86_64-unknown-linux-gnu/lib/rustlib/src/rust/library/core/src/hash/sip.rs line 281 column 9 function <core::hash::sip::Hasher<core::hash::sip::Sip13Rounds> as std::hash::Hasher>::write thread 0
aborting path on assume(false) at file /home/runner/work/kani/kani/library/kani_core/src/models.rs line 176 column 17 function <usize as kani::rustc_intrinsics::ToISize>::to_isize thread 0
aborting path on assume(false) at file /home/runner/work/kani/kani/library/kani/src/lib.rs line 57 column 1 function <usize as kani::rustc_intrinsics::ToISize>::to_isize thread 0
aborting path on assume(false) at file /home/runner/work/kani/kani/library/kani/src/lib.rs line 57 column 1 function <usize as kani::rustc_intrinsics::ToISize>::to_isize thread 0
Unwinding loop _RNvXs3_NtNtCsci0VKyKEi6N_4core4hash3sipINtB5_6HasherNtB5_11Sip13RoundsENtB7_6Hasher5writeCs27UYLqoUkb6_4redb.0 iteration 14 file /home/runner/.rustup/toolchains/nightly-2025-11-21-x86_64-unknown-linux-gnu/lib/rustlib/src/rust/library/core/src/hash/sip.rs line 281 column 9 function <core::hash::sip::Hasher<core::hash::sip::Sip13Rounds> as std::hash::Hasher>::write thread 0
aborting path on assume(false) at file /home/runner/work/kani/kani/library/kani_core/src/models.rs line 176 column 17 function <usize as kani::rustc_intrinsics::ToISize>::to_isize thread 0
aborting path on assume(false) at file /home/runner/work/kani/kani/library/kani/src/lib.rs line 57 column 1 function <usize as kani::rustc_intrinsics::ToISize>::to_isize thread 0
aborting path on assume(false) at file /home/runner/work/kani/kani/library/kani/src/lib.rs line 57 column 1 function <usize as kani::rustc_intrinsics::ToISize>::to_isize thread 0
Unwinding loop _RNvXs3_NtNtCsci0VKyKEi6N_4core4hash3sipINtB5_6HasherNtB5_11Sip13RoundsENtB7_6Hasher5writeCs27UYLqoUkb6_4redb.0 iteration 15 file /home/runner/.rustup/toolchains/nightly-2025-11-21-x86_64-unknown-linux-gnu/lib/rustlib/src/rust/library/core/src/hash/sip.rs line 281 column 9 function <core::hash::sip::Hasher<core::hash::sip::Sip13Rounds> as std::hash::Hasher>::write thread 0
aborting path on assume(false) at file /home/runner/work/kani/kani/library/kani_core/src/models.rs line 176 column 17 function <usize as kani::rustc_intrinsics::ToISize>::to_isize thread 0
aborting path on assume(false) at file /home/runner/work/kani/kani/library/kani/src/lib.rs line 57 column 1 function <usize as kani::rustc_intrinsics::ToISize>::to_isize thread 0
aborting path on assume(false) at file /home/runner/work/kani/kani/library/kani/src/lib.rs line 57 column 1 function <usize as kani::rustc_intrinsics::ToISize>::to_isize thread 0
Not unwinding loop _RNvXs3_NtNtCsci0VKyKEi6N_4core4hash3sipINtB5_6HasherNtB5_11Sip13RoundsENtB7_6Hasher5writeCs27UYLqoUkb6_4redb.0 iteration 16 file /home/runner/.rustup/toolchains/nightly-2025-11-21-x86_64-unknown-linux-gnu/lib/rustlib/src/rust/library/core/src/hash/sip.rs line 281 column 9 function <core::hash::sip::Hasher<core::hash::sip::Sip13Rounds> as std::hash::Hasher>::write thread 0
aborting path on assume(false) at file /home/runner/work/kani/kani/library/kani_core/src/models.rs line 176 column 17 function <usize as kani::rustc_intrinsics::ToISize>::to_isize thread 0
aborting path on assume(false) at file /home/runner/work/kani/kani/library/kani/src/lib.rs line 57 column 1 function <usize as kani::rustc_intrinsics::ToISize>::to_isize thread 0
aborting path on assume(false) at file /home/runner/work/kani/kani/library/kani/src/lib.rs line 57 column 1 function <usize as kani::rustc_intrinsics::ToISize>::to_isize thread 0
aborting path on assume(false) at file /home/runner/work/kani/kani/library/kani_core/src/models.rs line 176 column 17 function <usize as kani::rustc_intrinsics::ToISize>::to_isize thread 0
aborting path on assume(false) at file /home/runner/work/kani/kani/library/kani/src/lib.rs line 57 column 1 function <usize as kani::rustc_intrinsics::ToISize>::to_isize thread 0
aborting path on assume(false) at file /home/runner/work/kani/kani/library/kani/src/lib.rs line 57 column 1 function <usize as kani::rustc_intrinsics::ToISize>::to_isize thread 0
aborting path on assume(false) at file /home/runner/work/kani/kani/library/kani/src/lib.rs line 57 column 1 function kani::mem::cbmc::same_allocation thread 0
aborting path on assume(false) at file /home/runner/work/kani/kani/library/kani/src/lib.rs line 57 column 1 function kani::mem::cbmc::same_allocation thread 0
Unwinding loop _RNvXs3_NtNtCsci0VKyKEi6N_4core4hash3sipINtB5_6HasherNtB5_11Sip13RoundsENtB7_6Hasher5writeCs27UYLqoUkb6_4redb.0 iteration 1 file /home/runner/.rustup/toolchains/nightly-2025-11-21-x86_64-unknown-linux-gnu/lib/rustlib/src/rust/library/core/src/hash/sip.rs line 281 column 9 function <core::hash::sip::Hasher<core::hash::sip::Sip13Rounds> as std::hash::Hasher>::write thread 0
aborting path on assume(false) at file /home/runner/work/kani/kani/library/kani/src/lib.rs line 57 column 1 function kani::mem::cbmc::same_allocation thread 0
Unwinding loop _RNvXs3_NtNtCsci0VKyKEi6N_4core4hash3sipINtB5_6HasherNtB5_11Sip13RoundsENtB7_6Hasher5writeCs27UYLqoUkb6_4redb.0 iteration 2 file /home/runner/.rustup/toolchains/nightly-2025-11-21-x86_64-unknown-linux-gnu/lib/rustlib/src/rust/library/core/src/hash/sip.rs line 281 column 9 function <core::hash::sip::Hasher<core::hash::sip::Sip13Rounds> as std::hash::Hasher>::write thread 0
aborting path on assume(false) at file /home/runner/work/kani/kani/library/kani/src/lib.rs line 57 column 1 function kani::mem::cbmc::same_allocation thread 0
Unwinding loop _RNvXs3_NtNtCsci0VKyKEi6N_4core4hash3sipINtB5_6HasherNtB5_11Sip13RoundsENtB7_6Hasher5writeCs27UYLqoUkb6_4redb.0 iteration 3 file /home/runner/.rustup/toolchains/nightly-2025-11-21-x86_64-unknown-linux-gnu/lib/rustlib/src/rust/library/core/src/hash/sip.rs line 281 column 9 function <core::hash::sip::Hasher<core::hash::sip::Sip13Rounds> as std::hash::Hasher>::write thread 0
aborting path on assume(false) at file /home/runner/work/kani/kani/library/kani/src/lib.rs line 57 column 1 function kani::mem::cbmc::same_allocation thread 0
Unwinding loop _RNvXs3_NtNtCsci0VKyKEi6N_4core4hash3sipINtB5_6HasherNtB5_11Sip13RoundsENtB7_6Hasher5writeCs27UYLqoUkb6_4redb.0 iteration 4 file /home/runner/.rustup/toolchains/nightly-2025-11-21-x86_64-unknown-linux-gnu/lib/rustlib/src/rust/library/core/src/hash/sip.rs line 281 column 9 function <core::hash::sip::Hasher<core::hash::sip::Sip13Rounds> as std::hash::Hasher>::write thread 0
aborting path on assume(false) at file /home/runner/work/kani/kani/library/kani/src/lib.rs line 57 column 1 function kani::mem::cbmc::same_allocation thread 0
Unwinding loop _RNvXs3_NtNtCsci0VKyKEi6N_4core4hash3sipINtB5_6HasherNtB5_11Sip13RoundsENtB7_6Hasher5writeCs27UYLqoUkb6_4redb.0 iteration 5 file /home/runner/.rustup/toolchains/nightly-2025-11-21-x86_64-unknown-linux-gnu/lib/rustlib/src/rust/library/core/src/hash/sip.rs line 281 column 9 function <core::hash::sip::Hasher<core::hash::sip::Sip13Rounds> as std::hash::Hasher>::write thread 0
aborting path on assume(false) at file /home/runner/work/kani/kani/library/kani/src/lib.rs line 57 column 1 function kani::mem::cbmc::same_allocation thread 0
Unwinding loop _RNvXs3_NtNtCsci0VKyKEi6N_4core4hash3sipINtB5_6HasherNtB5_11Sip13RoundsENtB7_6Hasher5writeCs27UYLqoUkb6_4redb.0 iteration 6 file /home/runner/.rustup/toolchains/nightly-2025-11-21-x86_64-unknown-linux-gnu/lib/rustlib/src/rust/library/core/src/hash/sip.rs line 281 column 9 function <core::hash::sip::Hasher<core::hash::sip::Sip13Rounds> as std::hash::Hasher>::write thread 0
aborting path on assume(false) at file /home/runner/work/kani/kani/library/kani/src/lib.rs line 57 column 1 function kani::mem::cbmc::same_allocation thread 0
Unwinding loop _RNvXs3_NtNtCsci0VKyKEi6N_4core4hash3sipINtB5_6HasherNtB5_11Sip13RoundsENtB7_6Hasher5writeCs27UYLqoUkb6_4redb.0 iteration 7 file /home/runner/.rustup/toolchains/nightly-2025-11-21-x86_64-unknown-linux-gnu/lib/rustlib/src/rust/library/core/src/hash/sip.rs line 281 column 9 function <core::hash::sip::Hasher<core::hash::sip::Sip13Rounds> as std::hash::Hasher>::write thread 0
aborting path on assume(false) at file /home/runner/work/kani/kani/library/kani/src/lib.rs line 57 column 1 function kani::mem::cbmc::same_allocation thread 0
Unwinding loop _RNvXs3_NtNtCsci0VKyKEi6N_4core4hash3sipINtB5_6HasherNtB5_11Sip13RoundsENtB7_6Hasher5writeCs27UYLqoUkb6_4redb.0 iteration 8 file /home/runner/.rustup/toolchains/nightly-2025-11-21-x86_64-unknown-linux-gnu/lib/rustlib/src/rust/library/core/src/hash/sip.rs line 281 column 9 function <core::hash::sip::Hasher<core::hash::sip::Sip13Rounds> as std::hash::Hasher>::write thread 0
aborting path on assume(false) at file /home/runner/work/kani/kani/library/kani/src/lib.rs line 57 column 1 function kani::mem::cbmc::same_allocation thread 0
Unwinding loop _RNvXs3_NtNtCsci0VKyKEi6N_4core4hash3sipINtB5_6HasherNtB5_11Sip13RoundsENtB7_6Hasher5writeCs27UYLqoUkb6_4redb.0 iteration 9 file /home/runner/.rustup/toolchains/nightly-2025-11-21-x86_64-unknown-linux-gnu/lib/rustlib/src/rust/library/core/src/hash/sip.rs line 281 column 9 function <core::hash::sip::Hasher<core::hash::sip::Sip13Rounds> as std::hash::Hasher>::write thread 0
aborting path on assume(false) at file /home/runner/work/kani/kani/library/kani/src/lib.rs line 57 column 1 function kani::mem::cbmc::same_allocation thread 0
Unwinding loop _RNvXs3_NtNtCsci0VKyKEi6N_4core4hash3sipINtB5_6HasherNtB5_11Sip13RoundsENtB7_6Hasher5writeCs27UYLqoUkb6_4redb.0 iteration 10 file /home/runner/.rustup/toolchains/nightly-2025-11-21-x86_64-unknown-linux-gnu/lib/rustlib/src/rust/library/core/src/hash/sip.rs line 281 column 9 function <core::hash::sip::Hasher<core::hash::sip::Sip13Rounds> as std::hash::Hasher>::write thread 0
aborting path on assume(false) at file /home/runner/work/kani/kani/library/kani/src/lib.rs line 57 column 1 function kani::mem::cbmc::same_allocation thread 0
Unwinding loop _RNvXs3_NtNtCsci0VKyKEi6N_4core4hash3sipINtB5_6HasherNtB5_11Sip13RoundsENtB7_6Hasher5writeCs27UYLqoUkb6_4redb.0 iteration 11 file /home/runner/.rustup/toolchains/nightly-2025-11-21-x86_64-unknown-linux-gnu/lib/rustlib/src/rust/library/core/src/hash/sip.rs line 281 column 9 function <core::hash::sip::Hasher<core::hash::sip::Sip13Rounds> as std::hash::Hasher>::write thread 0
aborting path on assume(false) at file /home/runner/work/kani/kani/library/kani/src/lib.rs line 57 column 1 function kani::mem::cbmc::same_allocation thread 0
Unwinding loop _RNvXs3_NtNtCsci0VKyKEi6N_4core4hash3sipINtB5_6HasherNtB5_11Sip13RoundsENtB7_6Hasher5writeCs27UYLqoUkb6_4redb.0 iteration 12 file /home/runner/.rustup/toolchains/nightly-2025-11-21-x86_64-unknown-linux-gnu/lib/rustlib/src/rust/library/core/src/hash/sip.rs line 281 column 9 function <core::hash::sip::Hasher<core::hash::sip::Sip13Rounds> as std::hash::Hasher>::write thread 0
aborting path on assume(false) at file /home/runner/work/kani/kani/library/kani/src/lib.rs line 57 column 1 function kani::mem::cbmc::same_allocation thread 0
Unwinding loop _RNvXs3_NtNtCsci0VKyKEi6N_4core4hash3sipINtB5_6HasherNtB5_11Sip13RoundsENtB7_6Hasher5writeCs27UYLqoUkb6_4redb.0 iteration 13 file /home/runner/.rustup/toolchains/nightly-2025-11-21-x86_64-unknown-linux-gnu/lib/rustlib/src/rust/library/core/src/hash/sip.rs line 281 column 9 function <core::hash::sip::Hasher<core::hash::sip::Sip13Rounds> as std::hash::Hasher>::write thread 0
aborting path on assume(false) at file /home/runner/work/kani/kani/library/kani/src/lib.rs line 57 column 1 function kani::mem::cbmc::same_allocation thread 0
Unwinding loop _RNvXs3_NtNtCsci0VKyKEi6N_4core4hash3sipINtB5_6HasherNtB5_11Sip13RoundsENtB7_6Hasher5writeCs27UYLqoUkb6_4redb.0 iteration 14 file /home/runner/.rustup/toolchains/nightly-2025-11-21-x86_64-unknown-linux-gnu/lib/rustlib/src/rust/library/core/src/hash/sip.rs line 281 column 9 function <core::hash::sip::Hasher<core::hash::sip::Sip13Rounds> as std::hash::Hasher>::write thread 0
aborting path on assume(false) at file /home/runner/work/kani/kani/library/kani/src/lib.rs line 57 column 1 function kani::mem::cbmc::same_allocation thread 0
Unwinding loop _RNvXs3_NtNtCsci0VKyKEi6N_4core4hash3sipINtB5_6HasherNtB5_11Sip13RoundsENtB7_6Hasher5writeCs27UYLqoUkb6_4redb.0 iteration 15 file /home/runner/.rustup/toolchains/nightly-2025-11-21-x86_64-unknown-linux-gnu/lib/rustlib/src/rust/library/core/src/hash/sip.rs line 281 column 9 function <core::hash::sip::Hasher<core::hash::sip::Sip13Rounds> as std::hash::Hasher>::write thread 0
aborting path on assume(false) at file /home/runner/work/kani/kani/library/kani/src/lib.rs line 57 column 1 function kani::mem::cbmc::same_allocation thread 0
Not unwinding loop _RNvXs3_NtNtCsci0VKyKEi6N_4core4hash3sipINtB5_6HasherNtB5_11Sip13RoundsENtB7_6Hasher5writeCs27UYLqoUkb6_4redb.0 iteration 16 file /home/runner/.rustup/toolchains/nightly-2025-11-21-x86_64-unknown-linux-gnu/lib/rustlib/src/rust/library/core/src/hash/sip.rs line 281 column 9 function <core::hash::sip::Hasher<core::hash::sip::Sip13Rounds> as std::hash::Hasher>::write thread 0
aborting path on assume(false) at file /home/runner/work/kani/kani/library/kani_core/src/models.rs line 176 column 17 function <usize as kani::rustc_intrinsics::ToISize>::to_isize thread 0
aborting path on assume(false) at file /home/runner/work/kani/kani/library/kani/src/lib.rs line 57 column 1 function <usize as kani::rustc_intrinsics::ToISize>::to_isize thread 0
aborting path on assume(false) at file /home/runner/work/kani/kani/library/kani/src/lib.rs line 57 column 1 function <usize as kani::rustc_intrinsics::ToISize>::to_isize thread 0
aborting path on assume(false) at file /home/runner/work/kani/kani/library/kani/src/lib.rs line 57 column 1 function kani::mem::cbmc::same_allocation thread 0
aborting path on assume(false) at file /home/runner/work/kani/kani/library/kani_core/src/models.rs line 176 column 17 function <usize as kani::rustc_intrinsics::ToISize>::to_isize thread 0
aborting path on assume(false) at file /home/runner/work/kani/kani/library/kani/src/lib.rs line 57 column 1 function <usize as kani::rustc_intrinsics::ToISize>::to_isize thread 0
aborting path on assume(false) at file /home/runner/work/kani/kani/library/kani/src/lib.rs line 57 column 1 function <usize as kani::rustc_intrinsics::ToISize>::to_isize thread 0
aborting path on assume(false) at file /home/runner/work/kani/kani/library/kani/src/lib.rs line 57 column 1 function kani::mem::cbmc::same_allocation thread 0
aborting path on assume(false) at file /home/runner/work/kani/kani/library/kani_core/src/models.rs line 176 column 17 function <usize as kani::rustc_intrinsics::ToISize>::to_isize thread 0
aborting path on assume(false) at file /home/runner/work/kani/kani/library/kani/src/lib.rs line 57 column 1 function <usize as kani::rustc_intrinsics::ToISize>::to_isize thread 0
aborting path on assume(false) at file /home/runner/work/kani/kani/library/kani/src/lib.rs line 57 column 1 function <usize as kani::rustc_intrinsics::ToISize>::to_isize thread 0
aborting path on assume(false) at file /home/runner/work/kani/kani/library/kani_core/src/models.rs line 176 column 17 function <usize as kani::rustc_intrinsics::ToISize>::to_isize thread 0
aborting path on assume(false) at file /home/runner/work/kani/kani/library/kani/src/lib.rs line 57 column 1 function <usize as kani::rustc_intrinsics::ToISize>::to_isize thread 0
aborting path on assume(false) at file /home/runner/work/kani/kani/library/kani/src/lib.rs line 57 column 1 function <usize as kani::rustc_intrinsics::ToISize>::to_isize thread 0
Unwinding loop _RNvXs3_NtNtCsci0VKyKEi6N_4core4hash3sipINtB5_6HasherNtB5_11Sip13RoundsENtB7_6Hasher5writeCs27UYLqoUkb6_4redb.0 iteration 1 file /home/runner/.rustup/toolchains/nightly-2025-11-21-x86_64-unknown-linux-gnu/lib/rustlib/src/rust/library/core/src/hash/sip.rs line 281 column 9 function <core::hash::sip::Hasher<core::hash::sip::Sip13Rounds> as std::hash::Hasher>::write thread 0
aborting path on assume(false) at file /home/runner/work/kani/kani/library/kani_core/src/models.rs line 176 column 17 function <usize as kani::rustc_intrinsics::ToISize>::to_isize thread 0
aborting path on assume(false) at file /home/runner/work/kani/kani/library/kani/src/lib.rs line 57 column 1 function <usize as kani::rustc_intrinsics::ToISize>::to_isize thread 0
aborting path on assume(false) at file /home/runner/work/kani/kani/library/kani/src/lib.rs line 57 column 1 function <usize as kani::rustc_intrinsics::ToISize>::to_isize thread 0
Unwinding loop _RNvXs3_NtNtCsci0VKyKEi6N_4core4hash3sipINtB5_6HasherNtB5_11Sip13RoundsENtB7_6Hasher5writeCs27UYLqoUkb6_4redb.0 iteration 2 file /home/runner/.rustup/toolchains/nightly-2025-11-21-x86_64-unknown-linux-gnu/lib/rustlib/src/rust/library/core/src/hash/sip.rs line 281 column 9 function <core::hash::sip::Hasher<core::hash::sip::Sip13Rounds> as std::hash::Hasher>::write thread 0
aborting path on assume(false) at file /home/runner/work/kani/kani/library/kani_core/src/models.rs line 176 column 17 function <usize as kani::rustc_intrinsics::ToISize>::to_isize thread 0
aborting path on assume(false) at file /home/runner/work/kani/kani/library/kani/src/lib.rs line 57 column 1 function <usize as kani::rustc_intrinsics::ToISize>::to_isize thread 0
aborting path on assume(false) at file /home/runner/work/kani/kani/library/kani/src/lib.rs line 57 column 1 function <usize as kani::rustc_intrinsics::ToISize>::to_isize thread 0
Unwinding loop _RNvXs3_NtNtCsci0VKyKEi6N_4core4hash3sipINtB5_6HasherNtB5_11Sip13RoundsENtB7_6Hasher5writeCs27UYLqoUkb6_4redb.0 iteration 3 file /home/runner/.rustup/toolchains/nightly-2025-11-21-x86_64-unknown-linux-gnu/lib/rustlib/src/rust/library/core/src/hash/sip.rs line 281 column 9 function <core::hash::sip::Hasher<core::hash::sip::Sip13Rounds> as std::hash::Hasher>::write thread 0
aborting path on assume(false) at file /home/runner/work/kani/kani/library/kani_core/src/models.rs line 176 column 17 function <usize as kani::rustc_intrinsics::ToISize>::to_isize thread 0
aborting path on assume(false) at file /home/runner/work/kani/kani/library/kani/src/lib.rs line 57 column 1 function <usize as kani::rustc_intrinsics::ToISize>::to_isize thread 0
aborting path on assume(false) at file /home/runner/work/kani/kani/library/kani/src/lib.rs line 57 column 1 function <usize as kani::rustc_intrinsics::ToISize>::to_isize thread 0
Unwinding loop _RNvXs3_NtNtCsci0VKyKEi6N_4core4hash3sipINtB5_6HasherNtB5_11Sip13RoundsENtB7_6Hasher5writeCs27UYLqoUkb6_4redb.0 iteration 4 file /home/runner/.rustup/toolchains/nightly-2025-11-21-x86_64-unknown-linux-gnu/lib/rustlib/src/rust/library/core/src/hash/sip.rs line 281 column 9 function <core::hash::sip::Hasher<core::hash::sip::Sip13Rounds> as std::hash::Hasher>::write thread 0
aborting path on assume(false) at file /home/runner/work/kani/kani/library/kani_core/src/models.rs line 176 column 17 function <usize as kani::rustc_intrinsics::ToISize>::to_isize thread 0
aborting path on assume(false) at file /home/runner/work/kani/kani/library/kani/src/lib.rs line 57 column 1 function <usize as kani::rustc_intrinsics::ToISize>::to_isize thread 0
aborting path on assume(false) at file /home/runner/work/kani/kani/library/kani/src/lib.rs line 57 column 1 function <usize as kani::rustc_intrinsics::ToISize>::to_isize thread 0
Unwinding loop _RNvXs3_NtNtCsci0VKyKEi6N_4core4hash3sipINtB5_6HasherNtB5_11Sip13RoundsENtB7_6Hasher5writeCs27UYLqoUkb6_4redb.0 iteration 5 file /home/runner/.rustup/toolchains/nightly-2025-11-21-x86_64-unknown-linux-gnu/lib/rustlib/src/rust/library/core/src/hash/sip.rs line 281 column 9 function <core::hash::sip::Hasher<core::hash::sip::Sip13Rounds> as std::hash::Hasher>::write thread 0
aborting path on assume(false) at file /home/runner/work/kani/kani/library/kani_core/src/models.rs line 176 column 17 function <usize as kani::rustc_intrinsics::ToISize>::to_isize thread 0
aborting path on assume(false) at file /home/runner/work/kani/kani/library/kani/src/lib.rs line 57 column 1 function <usize as kani::rustc_intrinsics::ToISize>::to_isize thread 0
aborting path on assume(false) at file /home/runner/work/kani/kani/library/kani/src/lib.rs line 57 column 1 function <usize as kani::rustc_intrinsics::ToISize>::to_isize thread 0
Unwinding loop _RNvXs3_NtNtCsci0VKyKEi6N_4core4hash3sipINtB5_6HasherNtB5_11Sip13RoundsENtB7_6Hasher5writeCs27UYLqoUkb6_4redb.0 iteration 6 file /home/runner/.rustup/toolchains/nightly-2025-11-21-x86_64-unknown-linux-gnu/lib/rustlib/src/rust/library/core/src/hash/sip.rs line 281 column 9 function <core::hash::sip::Hasher<core::hash::sip::Sip13Rounds> as std::hash::Hasher>::write thread 0
aborting path on assume(false) at file /home/runner/work/kani/kani/library/kani_core/src/models.rs line 176 column 17 function <usize as kani::rustc_intrinsics::ToISize>::to_isize thread 0
aborting path on assume(false) at file /home/runner/work/kani/kani/library/kani/src/lib.rs line 57 column 1 function <usize as kani::rustc_intrinsics::ToISize>::to_isize thread 0
aborting path on assume(false) at file /home/runner/work/kani/kani/library/kani/src/lib.rs line 57 column 1 function <usize as kani::rustc_intrinsics::ToISize>::to_isize thread 0
Unwinding loop _RNvXs3_NtNtCsci0VKyKEi6N_4core4hash3sipINtB5_6HasherNtB5_11Sip13RoundsENtB7_6Hasher5writeCs27UYLqoUkb6_4redb.0 iteration 7 file /home/runner/.rustup/toolchains/nightly-2025-11-21-x86_64-unknown-linux-gnu/lib/rustlib/src/rust/library/core/src/hash/sip.rs line 281 column 9 function <core::hash::sip::Hasher<core::hash::sip::Sip13Rounds> as std::hash::Hasher>::write thread 0
aborting path on assume(false) at file /home/runner/work/kani/kani/library/kani_core/src/models.rs line 176 column 17 function <usize as kani::rustc_intrinsics::ToISize>::to_isize thread 0
aborting path on assume(false) at file /home/runner/work/kani/kani/library/kani/src/lib.rs line 57 column 1 function <usize as kani::rustc_intrinsics::ToISize>::to_isize thread 0
aborting path on assume(false) at file /home/runner/work/kani/kani/library/kani/src/lib.rs line 57 column 1 function <usize as kani::rustc_intrinsics::ToISize>::to_isize thread 0
Unwinding loop _RNvXs3_NtNtCsci0VKyKEi6N_4core4hash3sipINtB5_6HasherNtB5_11Sip13RoundsENtB7_6Hasher5writeCs27UYLqoUkb6_4redb.0 iteration 8 file /home/runner/.rustup/toolchains/nightly-2025-11-21-x86_64-unknown-linux-gnu/lib/rustlib/src/rust/library/core/src/hash/sip.rs line 281 column 9 function <core::hash::sip::Hasher<core::hash::sip::Sip13Rounds> as std::hash::Hasher>::write thread 0
aborting path on assume(false) at file /home/runner/work/kani/kani/library/kani_core/src/models.rs line 176 column 17 function <usize as kani::rustc_intrinsics::ToISize>::to_isize thread 0
aborting path on assume(false) at file /home/runner/work/kani/kani/library/kani/src/lib.rs line 57 column 1 function <usize as kani::rustc_intrinsics::ToISize>::to_isize thread 0
aborting path on assume(false) at file /home/runner/work/kani/kani/library/kani/src/lib.rs line 57 column 1 function <usize as kani::rustc_intrinsics::ToISize>::to_isize thread 0
Unwinding loop _RNvXs3_NtNtCsci0VKyKEi6N_4core4hash3sipINtB5_6HasherNtB5_11Sip13RoundsENtB7_6Hasher5writeCs27UYLqoUkb6_4redb.0 iteration 9 file /home/runner/.rustup/toolchains/nightly-2025-11-21-x86_64-unknown-linux-gnu/lib/rustlib/src/rust/library/core/src/hash/sip.rs line 281 column 9 function <core::hash::sip::Hasher<core::hash::sip::Sip13Rounds> as std::hash::Hasher>::write thread 0
aborting path on assume(false) at file /home/runner/work/kani/kani/library/kani_core/src/models.rs line 176 column 17 function <usize as kani::rustc_intrinsics::ToISize>::to_isize thread 0
aborting path on assume(false) at file /home/runner/work/kani/kani/library/kani/src/lib.rs line 57 column 1 function <usize as kani::rustc_intrinsics::ToISize>::to_isize thread 0
aborting path on assume(false) at file /home/runner/work/kani/kani/library/kani/src/lib.rs line 57 column 1 function <usize as kani::rustc_intrinsics::ToISize>::to_isize thread 0
Unwinding loop _RNvXs3_NtNtCsci0VKyKEi6N_4core4hash3sipINtB5_6HasherNtB5_11Sip13RoundsENtB7_6Hasher5writeCs27UYLqoUkb6_4redb.0 iteration 10 file /home/runner/.rustup/toolchains/nightly-2025-11-21-x86_64-unknown-linux-gnu/lib/rustlib/src/rust/library/core/src/hash/sip.rs line 281 column 9 function <core::hash::sip::Hasher<core::hash::sip::Sip13Rounds> as std::hash::Hasher>::write thread 0
aborting path on assume(false) at file /home/runner/work/kani/kani/library/kani_core/src/models.rs line 176 column 17 function <usize as kani::rustc_intrinsics::ToISize>::to_isize thread 0
aborting path on assume(false) at file /home/runner/work/kani/kani/library/kani/src/lib.rs line 57 column 1 function <usize as kani::rustc_intrinsics::ToISize>::to_isize thread 0
aborting path on assume(false) at file /home/runner/work/kani/kani/library/kani/src/lib.rs line 57 column 1 function <usize as kani::rustc_intrinsics::ToISize>::to_isize thread 0
Unwinding loop _RNvXs3_NtNtCsci0VKyKEi6N_4core4hash3sipINtB5_6HasherNtB5_11Sip13RoundsENtB7_6Hasher5writeCs27UYLqoUkb6_4redb.0 iteration 11 file /home/runner/.rustup/toolchains/nightly-2025-11-21-x86_64-unknown-linux-gnu/lib/rustlib/src/rust/library/core/src/hash/sip.rs line 281 column 9 function <core::hash::sip::Hasher<core::hash::sip::Sip13Rounds> as std::hash::Hasher>::write thread 0
aborting path on assume(false) at file /home/runner/work/kani/kani/library/kani_core/src/models.rs line 176 column 17 function <usize as kani::rustc_intrinsics::ToISize>::to_isize thread 0
aborting path on assume(false) at file /home/runner/work/kani/kani/library/kani/src/lib.rs line 57 column 1 function <usize as kani::rustc_intrinsics::ToISize>::to_isize thread 0
aborting path on assume(false) at file /home/runner/work/kani/kani/library/kani/src/lib.rs line 57 column 1 function <usize as kani::rustc_intrinsics::ToISize>::to_isize thread 0
Unwinding loop _RNvXs3_NtNtCsci0VKyKEi6N_4core4hash3sipINtB5_6HasherNtB5_11Sip13RoundsENtB7_6Hasher5writeCs27UYLqoUkb6_4redb.0 iteration 12 file /home/runner/.rustup/toolchains/nightly-2025-11-21-x86_64-unknown-linux-gnu/lib/rustlib/src/rust/library/core/src/hash/sip.rs line 281 column 9 function <core::hash::sip::Hasher<core::hash::sip::Sip13Rounds> as std::hash::Hasher>::write thread 0
aborting path on assume(false) at file /home/runner/work/kani/kani/library/kani_core/src/models.rs line 176 column 17 function <usize as kani::rustc_intrinsics::ToISize>::to_isize thread 0
aborting path on assume(false) at file /home/runner/work/kani/kani/library/kani/src/lib.rs line 57 column 1 function <usize as kani::rustc_intrinsics::ToISize>::to_isize thread 0
aborting path on assume(false) at file /home/runner/work/kani/kani/library/kani/src/lib.rs line 57 column 1 function <usize as kani::rustc_intrinsics::ToISize>::to_isize thread 0
Unwinding loop _RNvXs3_NtNtCsci0VKyKEi6N_4core4hash3sipINtB5_6HasherNtB5_11Sip13RoundsENtB7_6Hasher5writeCs27UYLqoUkb6_4redb.0 iteration 13 file /home/runner/.rustup/toolchains/nightly-2025-11-21-x86_64-unknown-linux-gnu/lib/rustlib/src/rust/library/core/src/hash/sip.rs line 281 column 9 function <core::hash::sip::Hasher<core::hash::sip::Sip13Rounds> as std::hash::Hasher>::write thread 0
aborting path on assume(false) at file /home/runner/work/kani/kani/library/kani_core/src/models.rs line 176 column 17 function <usize as kani::rustc_intrinsics::ToISize>::to_isize thread 0
aborting path on assume(false) at file /home/runner/work/kani/kani/library/kani/src/lib.rs line 57 column 1 function <usize as kani::rustc_intrinsics::ToISize>::to_isize thread 0
aborting path on assume(false) at file /home/runner/work/kani/kani/library/kani/src/lib.rs line 57 column 1 function <usize as kani::rustc_intrinsics::ToISize>::to_isize thread 0
Unwinding loop _RNvXs3_NtNtCsci0VKyKEi6N_4core4hash3sipINtB5_6HasherNtB5_11Sip13RoundsENtB7_6Hasher5writeCs27UYLqoUkb6_4redb.0 iteration 14 file /home/runner/.rustup/toolchains/nightly-2025-11-21-x86_64-unknown-linux-gnu/lib/rustlib/src/rust/library/core/src/hash/sip.rs line 281 column 9 function <core::hash::sip::Hasher<core::hash::sip::Sip13Rounds> as std::hash::Hasher>::write thread 0
aborting path on assume(false) at file /home/runner/work/kani/kani/library/kani_core/src/models.rs line 176 column 17 function <usize as kani::rustc_intrinsics::ToISize>::to_isize thread 0
aborting path on assume(false) at file /home/runner/work/kani/kani/library/kani/src/lib.rs line 57 column 1 function <usize as kani::rustc_intrinsics::ToISize>::to_isize thread 0
aborting path on assume(false) at file /home/runner/work/kani/kani/library/kani/src/lib.rs line 57 column 1 function <usize as kani::rustc_intrinsics::ToISize>::to_isize thread 0
Unwinding loop _RNvXs3_NtNtCsci0VKyKEi6N_4core4hash3sipINtB5_6HasherNtB5_11Sip13RoundsENtB7_6Hasher5writeCs27UYLqoUkb6_4redb.0 iteration 15 file /home/runner/.rustup/toolchains/nightly-2025-11-21-x86_64-unknown-linux-gnu/lib/rustlib/src/rust/library/core/src/hash/sip.rs line 281 column 9 function <core::hash::sip::Hasher<core::hash::sip::Sip13Rounds> as std::hash::Hasher>::write thread 0
aborting path on assume(false) at file /home/runner/work/kani/kani/library/kani_core/src/models.rs line 176 column 17 function <usize as kani::rustc_intrinsics::ToISize>::to_isize thread 0
aborting path on assume(false) at file /home/runner/work/kani/kani/library/kani/src/lib.rs line 57 column 1 function <usize as kani::rustc_intrinsics::ToISize>::to_isize thread 0
aborting path on assume(false) at file /home/runner/work/kani/kani/library/kani/src/lib.rs line 57 column 1 function <usize as kani::rustc_intrinsics::ToISize>::to_isize thread 0
Not unwinding loop _RNvXs3_NtNtCsci0VKyKEi6N_4core4hash3sipINtB5_6HasherNtB5_11Sip13RoundsENtB7_6Hasher5writeCs27UYLqoUkb6_4redb.0 iteration 16 file /home/runner/.rustup/toolchains/nightly-2025-11-21-x86_64-unknown-linux-gnu/lib/rustlib/src/rust/library/core/src/hash/sip.rs line 281 column 9 function <core::hash::sip::Hasher<core::hash::sip::Sip13Rounds> as std::hash::Hasher>::write thread 0
aborting path on assume(false) at file /home/runner/work/kani/kani/library/kani_core/src/models.rs line 176 column 17 function <usize as kani::rustc_intrinsics::ToISize>::to_isize thread 0
aborting path on assume(false) at file /home/runner/work/kani/kani/library/kani/src/lib.rs line 57 column 1 function <usize as kani::rustc_intrinsics::ToISize>::to_isize thread 0
aborting path on assume(false) at file /home/runner/work/kani/kani/library/kani/src/lib.rs line 57 column 1 function <usize as kani::rustc_intrinsics::ToISize>::to_isize thread 0
aborting path on assume(false) at file /home/runner/work/kani/kani/library/kani_core/src/models.rs line 176 column 17 function <usize as kani::rustc_intrinsics::ToISize>::to_isize thread 0
aborting path on assume(false) at file /home/runner/work/kani/kani/library/kani/src/lib.rs line 57 column 1 function <usize as kani::rustc_intrinsics::ToISize>::to_isize thread 0
aborting path on assume(false) at file /home/runner/work/kani/kani/library/kani/src/lib.rs line 57 column 1 function <usize as kani::rustc_intrinsics::ToISize>::to_isize thread 0
aborting path on assume(false) at file /home/runner/.rustup/toolchains/nightly-2025-11-21-x86_64-unknown-linux-gnu/lib/rustlib/src/rust/library/core/src/slice/index.rs line 40 column 9 function core::slice::index::slice_index_fail::do_panic::runtime thread 0
aborting path on assume(false) at file /home/runner/.rustup/toolchains/nightly-2025-11-21-x86_64-unknown-linux-gnu/lib/rustlib/src/rust/library/core/src/intrinsics/mod.rs line 2449 column 9 function core::slice::index::slice_index_fail::do_panic thread 0
aborting path on assume(false) at file /home/runner/.rustup/toolchains/nightly-2025-11-21-x86_64-unknown-linux-gnu/lib/rustlib/src/rust/library/core/src/panic.rs line 178 column 9 function core::slice::index::slice_index_fail thread 0
aborting path on assume(false) at file /home/runner/.rustup/toolchains/nightly-2025-11-21-x86_64-unknown-linux-gnu/lib/rustlib/src/rust/library/core/src/slice/index.rs line 49 column 9 function core::slice::index::slice_index_fail::do_panic::runtime thread 0
aborting path on assume(false) at file /home/runner/.rustup/toolchains/nightly-2025-11-21-x86_64-unknown-linux-gnu/lib/rustlib/src/rust/library/core/src/intrinsics/mod.rs line 2449 column 9 function core::slice::index::slice_index_fail::do_panic thread 0
aborting path on assume(false) at file /home/runner/.rustup/toolchains/nightly-2025-11-21-x86_64-unknown-linux-gnu/lib/rustlib/src/rust/library/core/src/panic.rs line 178 column 9 function core::slice::index::slice_index_fail thread 0
aborting path on assume(false) at file /home/runner/.rustup/toolchains/nightly-2025-11-21-x86_64-unknown-linux-gnu/lib/rustlib/src/rust/library/core/src/slice/index.rs line 58 column 9 function core::slice::index::slice_index_fail::do_panic::runtime thread 0
aborting path on assume(false) at file /home/runner/.rustup/toolchains/nightly-2025-11-21-x86_64-unknown-linux-gnu/lib/rustlib/src/rust/library/core/src/intrinsics/mod.rs line 2449 column 9 function core::slice::index::slice_index_fail::do_panic thread 0
aborting path on assume(false) at file /home/runner/.rustup/toolchains/nightly-2025-11-21-x86_64-unknown-linux-gnu/lib/rustlib/src/rust/library/core/src/panic.rs line 178 column 9 function core::slice::index::slice_index_fail thread 0
aborting path on assume(false) at file /home/runner/.rustup/toolchains/nightly-2025-11-21-x86_64-unknown-linux-gnu/lib/rustlib/src/rust/library/core/src/slice/index.rs line 68 column 5 function core::slice::index::slice_index_fail::do_panic::runtime thread 0
aborting path on assume(false) at file /home/runner/.rustup/toolchains/nightly-2025-11-21-x86_64-unknown-linux-gnu/lib/rustlib/src/rust/library/core/src/intrinsics/mod.rs line 2449 column 9 function core::slice::index::slice_index_fail::do_panic thread 0
aborting path on assume(false) at file /home/runner/.rustup/toolchains/nightly-2025-11-21-x86_64-unknown-linux-gnu/lib/rustlib/src/rust/library/core/src/panic.rs line 178 column 9 function core::slice::index::slice_index_fail thread 0
aborting path on assume(false) at file /home/runner/.rustup/toolchains/nightly-2025-11-21-x86_64-unknown-linux-gnu/lib/rustlib/src/rust/library/core/src/slice/index.rs line 581 column 13 function <std::ops::RangeFrom<usize> as std::slice::SliceIndex<[u8]>>::index_mut thread 0
aborting path on assume(false) at file /home/runner/work/kani/kani/library/kani_core/src/models.rs line 176 column 17 function <usize as kani::rustc_intrinsics::ToISize>::to_isize thread 0
aborting path on assume(false) at file /home/runner/work/kani/kani/library/kani/src/lib.rs line 57 column 1 function <usize as kani::rustc_intrinsics::ToISize>::to_isize thread 0
aborting path on assume(false) at file /home/runner/work/kani/kani/library/kani/src/lib.rs line 57 column 1 function <usize as kani::rustc_intrinsics::ToISize>::to_isize thread 0
aborting path on assume(false) at file /home/runner/work/kani/kani/library/kani/src/lib.rs line 57 column 1 function kani::mem::cbmc::same_allocation thread 0
aborting path on assume(false) at file /home/runner/.rustup/toolchains/nightly-2025-11-21-x86_64-unknown-linux-gnu/lib/rustlib/src/rust/library/std/src/sys/random/linux.rs line 126 column 26 function std::sys::random::linux::getrandom thread 0
Unwinding loop _RNvNtNtNtCsh1i4bqfV5wd_3std3sys6random5linux9getrandom.0 iteration 9 file src/lib.rs line 0 column 0 function std::sys::random::linux::getrandom thread 0
aborting path on assume(false) at file /home/runner/.rustup/toolchains/nightly-2025-11-21-x86_64-unknown-linux-gnu/lib/rustlib/src/rust/library/std/src/sys/pal/unix/weak/syscall.rs line 7 column 9 function std::sys::random::linux::getrandom::getrandom thread 0
aborting path on assume(false) at file /home/runner/.cargo/registry/src/index.crates.io-1949cf8c6b5b557f/libc-0.2.177/src/unix/linux_like/linux/mod.rs line 6372 column 5 function std::sys::random::linux::getrandom::getrandom thread 0
aborting path on assume(false) at  thread 0
aborting path on assume(false) at file /home/runner/work/kani/kani/library/kani/src/lib.rs line 57 column 1 function kani::mem::cbmc::same_allocation thread 0
aborting path on assume(false) at file /home/runner/work/kani/kani/library/kani/src/lib.rs line 57 column 1 function kani::mem::cbmc::same_allocation thread 0
Unwinding loop _RNvXs3_NtNtCsci0VKyKEi6N_4core4hash3sipINtB5_6HasherNtB5_11Sip13RoundsENtB7_6Hasher5writeCs27UYLqoUkb6_4redb.0 iteration 1 file /home/runner/.rustup/toolchains/nightly-2025-11-21-x86_64-unknown-linux-gnu/lib/rustlib/src/rust/library/core/src/hash/sip.rs line 281 column 9 function <core::hash::sip::Hasher<core::hash::sip::Sip13Rounds> as std::hash::Hasher>::write thread 0
aborting path on assume(false) at file /home/runner/work/kani/kani/library/kani/src/lib.rs line 57 column 1 function kani::mem::cbmc::same_allocation thread 0
Unwinding loop _RNvXs3_NtNtCsci0VKyKEi6N_4core4hash3sipINtB5_6HasherNtB5_11Sip13RoundsENtB7_6Hasher5writeCs27UYLqoUkb6_4redb.0 iteration 2 file /home/runner/.rustup/toolchains/nightly-2025-11-21-x86_64-unknown-linux-gnu/lib/rustlib/src/rust/library/core/src/hash/sip.rs line 281 column 9 function <core::hash::sip::Hasher<core::hash::sip::Sip13Rounds> as std::hash::Hasher>::write thread 0
aborting path on assume(false) at file /home/runner/work/kani/kani/library/kani/src/lib.rs line 57 column 1 function kani::mem::cbmc::same_allocation thread 0
Unwinding loop _RNvXs3_NtNtCsci0VKyKEi6N_4core4hash3sipINtB5_6HasherNtB5_11Sip13RoundsENtB7_6Hasher5writeCs27UYLqoUkb6_4redb.0 iteration 3 file /home/runner/.rustup/toolchains/nightly-2025-11-21-x86_64-unknown-linux-gnu/lib/rustlib/src/rust/library/core/src/hash/sip.rs line 281 column 9 function <core::hash::sip::Hasher<core::hash::sip::Sip13Rounds> as std::hash::Hasher>::write thread 0
aborting path on assume(false) at file /home/runner/work/kani/kani/library/kani/src/lib.rs line 57 column 1 function kani::mem::cbmc::same_allocation thread 0
Unwinding loop _RNvXs3_NtNtCsci0VKyKEi6N_4core4hash3sipINtB5_6HasherNtB5_11Sip13RoundsENtB7_6Hasher5writeCs27UYLqoUkb6_4redb.0 iteration 4 file /home/runner/.rustup/toolchains/nightly-2025-11-21-x86_64-unknown-linux-gnu/lib/rustlib/src/rust/library/core/src/hash/sip.rs line 281 column 9 function <core::hash::sip::Hasher<core::hash::sip::Sip13Rounds> as std::hash::Hasher>::write thread 0
aborting path on assume(false) at file /home/runner/work/kani/kani/library/kani/src/lib.rs line 57 column 1 function kani::mem::cbmc::same_allocation thread 0
Unwinding loop _RNvXs3_NtNtCsci0VKyKEi6N_4core4hash3sipINtB5_6HasherNtB5_11Sip13RoundsENtB7_6Hasher5writeCs27UYLqoUkb6_4redb.0 iteration 5 file /home/runner/.rustup/toolchains/nightly-2025-11-21-x86_64-unknown-linux-gnu/lib/rustlib/src/rust/library/core/src/hash/sip.rs line 281 column 9 function <core::hash::sip::Hasher<core::hash::sip::Sip13Rounds> as std::hash::Hasher>::write thread 0
aborting path on assume(false) at file /home/runner/work/kani/kani/library/kani/src/lib.rs line 57 column 1 function kani::mem::cbmc::same_allocation thread 0
Unwinding loop _RNvXs3_NtNtCsci0VKyKEi6N_4core4hash3sipINtB5_6HasherNtB5_11Sip13RoundsENtB7_6Hasher5writeCs27UYLqoUkb6_4redb.0 iteration 6 file /home/runner/.rustup/toolchains/nightly-2025-11-21-x86_64-unknown-linux-gnu/lib/rustlib/src/rust/library/core/src/hash/sip.rs line 281 column 9 function <core::hash::sip::Hasher<core::hash::sip::Sip13Rounds> as std::hash::Hasher>::write thread 0
aborting path on assume(false) at file /home/runner/work/kani/kani/library/kani/src/lib.rs line 57 column 1 function kani::mem::cbmc::same_allocation thread 0
Unwinding loop _RNvXs3_NtNtCsci0VKyKEi6N_4core4hash3sipINtB5_6HasherNtB5_11Sip13RoundsENtB7_6Hasher5writeCs27UYLqoUkb6_4redb.0 iteration 7 file /home/runner/.rustup/toolchains/nightly-2025-11-21-x86_64-unknown-linux-gnu/lib/rustlib/src/rust/library/core/src/hash/sip.rs line 281 column 9 function <core::hash::sip::Hasher<core::hash::sip::Sip13Rounds> as std::hash::Hasher>::write thread 0
aborting path on assume(false) at file /home/runner/work/kani/kani/library/kani/src/lib.rs line 57 column 1 function kani::mem::cbmc::same_allocation thread 0
Unwinding loop _RNvXs3_NtNtCsci0VKyKEi6N_4core4hash3sipINtB5_6HasherNtB5_11Sip13RoundsENtB7_6Hasher5writeCs27UYLqoUkb6_4redb.0 iteration 8 file /home/runner/.rustup/toolchains/nightly-2025-11-21-x86_64-unknown-linux-gnu/lib/rustlib/src/rust/library/core/src/hash/sip.rs line 281 column 9 function <core::hash::sip::Hasher<core::hash::sip::Sip13Rounds> as std::hash::Hasher>::write thread 0
aborting path on assume(false) at file /home/runner/work/kani/kani/library/kani/src/lib.rs line 57 column 1 function kani::mem::cbmc::same_allocation thread 0
Unwinding loop _RNvXs3_NtNtCsci0VKyKEi6N_4core4hash3sipINtB5_6HasherNtB5_11Sip13RoundsENtB7_6Hasher5writeCs27UYLqoUkb6_4redb.0 iteration 9 file /home/runner/.rustup/toolchains/nightly-2025-11-21-x86_64-unknown-linux-gnu/lib/rustlib/src/rust/library/core/src/hash/sip.rs line 281 column 9 function <core::hash::sip::Hasher<core::hash::sip::Sip13Rounds> as std::hash::Hasher>::write thread 0
aborting path on assume(false) at file /home/runner/work/kani/kani/library/kani/src/lib.rs line 57 column 1 function kani::mem::cbmc::same_allocation thread 0
Unwinding loop _RNvXs3_NtNtCsci0VKyKEi6N_4core4hash3sipINtB5_6HasherNtB5_11Sip13RoundsENtB7_6Hasher5writeCs27UYLqoUkb6_4redb.0 iteration 10 file /home/runner/.rustup/toolchains/nightly-2025-11-21-x86_64-unknown-linux-gnu/lib/rustlib/src/rust/library/core/src/hash/sip.rs line 281 column 9 function <core::hash::sip::Hasher<core::hash::sip::Sip13Rounds> as std::hash::Hasher>::write thread 0
aborting path on assume(false) at file /home/runner/work/kani/kani/library/kani/src/lib.rs line 57 column 1 function kani::mem::cbmc::same_allocation thread 0
Unwinding loop _RNvXs3_NtNtCsci0VKyKEi6N_4core4hash3sipINtB5_6HasherNtB5_11Sip13RoundsENtB7_6Hasher5writeCs27UYLqoUkb6_4redb.0 iteration 11 file /home/runner/.rustup/toolchains/nightly-2025-11-21-x86_64-unknown-linux-gnu/lib/rustlib/src/rust/library/core/src/hash/sip.rs line 281 column 9 function <core::hash::sip::Hasher<core::hash::sip::Sip13Rounds> as std::hash::Hasher>::write thread 0
aborting path on assume(false) at file /home/runner/work/kani/kani/library/kani/src/lib.rs line 57 column 1 function kani::mem::cbmc::same_allocation thread 0
Unwinding loop _RNvXs3_NtNtCsci0VKyKEi6N_4core4hash3sipINtB5_6HasherNtB5_11Sip13RoundsENtB7_6Hasher5writeCs27UYLqoUkb6_4redb.0 iteration 12 file /home/runner/.rustup/toolchains/nightly-2025-11-21-x86_64-unknown-linux-gnu/lib/rustlib/src/rust/library/core/src/hash/sip.rs line 281 column 9 function <core::hash::sip::Hasher<core::hash::sip::Sip13Rounds> as std::hash::Hasher>::write thread 0
aborting path on assume(false) at file /home/runner/work/kani/kani/library/kani/src/lib.rs line 57 column 1 function kani::mem::cbmc::same_allocation thread 0
Unwinding loop _RNvXs3_NtNtCsci0VKyKEi6N_4core4hash3sipINtB5_6HasherNtB5_11Sip13RoundsENtB7_6Hasher5writeCs27UYLqoUkb6_4redb.0 iteration 13 file /home/runner/.rustup/toolchains/nightly-2025-11-21-x86_64-unknown-linux-gnu/lib/rustlib/src/rust/library/core/src/hash/sip.rs line 281 column 9 function <core::hash::sip::Hasher<core::hash::sip::Sip13Rounds> as std::hash::Hasher>::write thread 0
aborting path on assume(false) at file /home/runner/work/kani/kani/library/kani/src/lib.rs line 57 column 1 function kani::mem::cbmc::same_allocation thread 0
Unwinding loop _RNvXs3_NtNtCsci0VKyKEi6N_4core4hash3sipINtB5_6HasherNtB5_11Sip13RoundsENtB7_6Hasher5writeCs27UYLqoUkb6_4redb.0 iteration 14 file /home/runner/.rustup/toolchains/nightly-2025-11-21-x86_64-unknown-linux-gnu/lib/rustlib/src/rust/library/core/src/hash/sip.rs line 281 column 9 function <core::hash::sip::Hasher<core::hash::sip::Sip13Rounds> as std::hash::Hasher>::write thread 0
aborting path on assume(false) at file /home/runner/work/kani/kani/library/kani/src/lib.rs line 57 column 1 function kani::mem::cbmc::same_allocation thread 0
Unwinding loop _RNvXs3_NtNtCsci0VKyKEi6N_4core4hash3sipINtB5_6HasherNtB5_11Sip13RoundsENtB7_6Hasher5writeCs27UYLqoUkb6_4redb.0 iteration 15 file /home/runner/.rustup/toolchains/nightly-2025-11-21-x86_64-unknown-linux-gnu/lib/rustlib/src/rust/library/core/src/hash/sip.rs line 281 column 9 function <core::hash::sip::Hasher<core::hash::sip::Sip13Rounds> as std::hash::Hasher>::write thread 0
aborting path on assume(false) at file /home/runner/work/kani/kani/library/kani/src/lib.rs line 57 column 1 function kani::mem::cbmc::same_allocation thread 0
Not unwinding loop _RNvXs3_NtNtCsci0VKyKEi6N_4core4hash3sipINtB5_6HasherNtB5_11Sip13RoundsENtB7_6Hasher5writeCs27UYLqoUkb6_4redb.0 iteration 16 file /home/runner/.rustup/toolchains/nightly-2025-11-21-x86_64-unknown-linux-gnu/lib/rustlib/src/rust/library/core/src/hash/sip.rs line 281 column 9 function <core::hash::sip::Hasher<core::hash::sip::Sip13Rounds> as std::hash::Hasher>::write thread 0
aborting path on assume(false) at file /home/runner/work/kani/kani/library/kani_core/src/models.rs line 176 column 17 function <usize as kani::rustc_intrinsics::ToISize>::to_isize thread 0
aborting path on assume(false) at file /home/runner/work/kani/kani/library/kani/src/lib.rs line 57 column 1 function <usize as kani::rustc_intrinsics::ToISize>::to_isize thread 0
aborting path on assume(false) at file /home/runner/work/kani/kani/library/kani/src/lib.rs line 57 column 1 function <usize as kani::rustc_intrinsics::ToISize>::to_isize thread 0
aborting path on assume(false) at file /home/runner/work/kani/kani/library/kani/src/lib.rs line 57 column 1 function kani::mem::cbmc::same_allocation thread 0
aborting path on assume(false) at file /home/runner/work/kani/kani/library/kani_core/src/models.rs line 176 column 17 function <usize as kani::rustc_intrinsics::ToISize>::to_isize thread 0
aborting path on assume(false) at file /home/runner/work/kani/kani/library/kani/src/lib.rs line 57 column 1 function <usize as kani::rustc_intrinsics::ToISize>::to_isize thread 0
aborting path on assume(false) at file /home/runner/work/kani/kani/library/kani/src/lib.rs line 57 column 1 function <usize as kani::rustc_intrinsics::ToISize>::to_isize thread 0
aborting path on assume(false) at file /home/runner/work/kani/kani/library/kani/src/lib.rs line 57 column 1 function kani::mem::cbmc::same_allocation thread 0
aborting path on assume(false) at file /home/runner/work/kani/kani/library/kani_core/src/models.rs line 176 column 17 function <usize as kani::rustc_intrinsics::ToISize>::to_isize thread 0
aborting path on assume(false) at file /home/runner/work/kani/kani/library/kani/src/lib.rs line 57 column 1 function <usize as kani::rustc_intrinsics::ToISize>::to_isize thread 0
aborting path on assume(false) at file /home/runner/work/kani/kani/library/kani/src/lib.rs line 57 column 1 function <usize as kani::rustc_intrinsics::ToISize>::to_isize thread 0
aborting path on assume(false) at file /home/runner/work/kani/kani/library/kani_core/src/models.rs line 176 column 17 function <usize as kani::rustc_intrinsics::ToISize>::to_isize thread 0
aborting path on assume(false) at file /home/runner/work/kani/kani/library/kani/src/lib.rs line 57 column 1 function <usize as kani::rustc_intrinsics::ToISize>::to_isize thread 0
aborting path on assume(false) at file /home/runner/work/kani/kani/library/kani/src/lib.rs line 57 column 1 function <usize as kani::rustc_intrinsics::ToISize>::to_isize thread 0
Unwinding loop _RNvXs3_NtNtCsci0VKyKEi6N_4core4hash3sipINtB5_6HasherNtB5_11Sip13RoundsENtB7_6Hasher5writeCs27UYLqoUkb6_4redb.0 iteration 1 file /home/runner/.rustup/toolchains/nightly-2025-11-21-x86_64-unknown-linux-gnu/lib/rustlib/src/rust/library/core/src/hash/sip.rs line 281 column 9 function <core::hash::sip::Hasher<core::hash::sip::Sip13Rounds> as std::hash::Hasher>::write thread 0
aborting path on assume(false) at file /home/runner/work/kani/kani/library/kani_core/src/models.rs line 176 column 17 function <usize as kani::rustc_intrinsics::ToISize>::to_isize thread 0
aborting path on assume(false) at file /home/runner/work/kani/kani/library/kani/src/lib.rs line 57 column 1 function <usize as kani::rustc_intrinsics::ToISize>::to_isize thread 0
aborting path on assume(false) at file /home/runner/work/kani/kani/library/kani/src/lib.rs line 57 column 1 function <usize as kani::rustc_intrinsics::ToISize>::to_isize thread 0
Unwinding loop _RNvXs3_NtNtCsci0VKyKEi6N_4core4hash3sipINtB5_6HasherNtB5_11Sip13RoundsENtB7_6Hasher5writeCs27UYLqoUkb6_4redb.0 iteration 2 file /home/runner/.rustup/toolchains/nightly-2025-11-21-x86_64-unknown-linux-gnu/lib/rustlib/src/rust/library/core/src/hash/sip.rs line 281 column 9 function <core::hash::sip::Hasher<core::hash::sip::Sip13Rounds> as std::hash::Hasher>::write thread 0
aborting path on assume(false) at file /home/runner/work/kani/kani/library/kani_core/src/models.rs line 176 column 17 function <usize as kani::rustc_intrinsics::ToISize>::to_isize thread 0
aborting path on assume(false) at file /home/runner/work/kani/kani/library/kani/src/lib.rs line 57 column 1 function <usize as kani::rustc_intrinsics::ToISize>::to_isize thread 0
aborting path on assume(false) at file /home/runner/work/kani/kani/library/kani/src/lib.rs line 57 column 1 function <usize as kani::rustc_intrinsics::ToISize>::to_isize thread 0
Unwinding loop _RNvXs3_NtNtCsci0VKyKEi6N_4core4hash3sipINtB5_6HasherNtB5_11Sip13RoundsENtB7_6Hasher5writeCs27UYLqoUkb6_4redb.0 iteration 3 file /home/runner/.rustup/toolchains/nightly-2025-11-21-x86_64-unknown-linux-gnu/lib/rustlib/src/rust/library/core/src/hash/sip.rs line 281 column 9 function <core::hash::sip::Hasher<core::hash::sip::Sip13Rounds> as std::hash::Hasher>::write thread 0
aborting path on assume(false) at file /home/runner/work/kani/kani/library/kani_core/src/models.rs line 176 column 17 function <usize as kani::rustc_intrinsics::ToISize>::to_isize thread 0
aborting path on assume(false) at file /home/runner/work/kani/kani/library/kani/src/lib.rs line 57 column 1 function <usize as kani::rustc_intrinsics::ToISize>::to_isize thread 0
aborting path on assume(false) at file /home/runner/work/kani/kani/library/kani/src/lib.rs line 57 column 1 function <usize as kani::rustc_intrinsics::ToISize>::to_isize thread 0
Unwinding loop _RNvXs3_NtNtCsci0VKyKEi6N_4core4hash3sipINtB5_6HasherNtB5_11Sip13RoundsENtB7_6Hasher5writeCs27UYLqoUkb6_4redb.0 iteration 4 file /home/runner/.rustup/toolchains/nightly-2025-11-21-x86_64-unknown-linux-gnu/lib/rustlib/src/rust/library/core/src/hash/sip.rs line 281 column 9 function <core::hash::sip::Hasher<core::hash::sip::Sip13Rounds> as std::hash::Hasher>::write thread 0
aborting path on assume(false) at file /home/runner/work/kani/kani/library/kani_core/src/models.rs line 176 column 17 function <usize as kani::rustc_intrinsics::ToISize>::to_isize thread 0
aborting path on assume(false) at file /home/runner/work/kani/kani/library/kani/src/lib.rs line 57 column 1 function <usize as kani::rustc_intrinsics::ToISize>::to_isize thread 0
aborting path on assume(false) at file /home/runner/work/kani/kani/library/kani/src/lib.rs line 57 column 1 function <usize as kani::rustc_intrinsics::ToISize>::to_isize thread 0
Unwinding loop _RNvXs3_NtNtCsci0VKyKEi6N_4core4hash3sipINtB5_6HasherNtB5_11Sip13RoundsENtB7_6Hasher5writeCs27UYLqoUkb6_4redb.0 iteration 5 file /home/runner/.rustup/toolchains/nightly-2025-11-21-x86_64-unknown-linux-gnu/lib/rustlib/src/rust/library/core/src/hash/sip.rs line 281 column 9 function <core::hash::sip::Hasher<core::hash::sip::Sip13Rounds> as std::hash::Hasher>::write thread 0
aborting path on assume(false) at file /home/runner/work/kani/kani/library/kani_core/src/models.rs line 176 column 17 function <usize as kani::rustc_intrinsics::ToISize>::to_isize thread 0
aborting path on assume(false) at file /home/runner/work/kani/kani/library/kani/src/lib.rs line 57 column 1 function <usize as kani::rustc_intrinsics::ToISize>::to_isize thread 0
aborting path on assume(false) at file /home/runner/work/kani/kani/library/kani/src/lib.rs line 57 column 1 function <usize as kani::rustc_intrinsics::ToISize>::to_isize thread 0
Unwinding loop _RNvXs3_NtNtCsci0VKyKEi6N_4core4hash3sipINtB5_6HasherNtB5_11Sip13RoundsENtB7_6Hasher5writeCs27UYLqoUkb6_4redb.0 iteration 6 file /home/runner/.rustup/toolchains/nightly-2025-11-21-x86_64-unknown-linux-gnu/lib/rustlib/src/rust/library/core/src/hash/sip.rs line 281 column 9 function <core::hash::sip::Hasher<core::hash::sip::Sip13Rounds> as std::hash::Hasher>::write thread 0
aborting path on assume(false) at file /home/runner/work/kani/kani/library/kani_core/src/models.rs line 176 column 17 function <usize as kani::rustc_intrinsics::ToISize>::to_isize thread 0
aborting path on assume(false) at file /home/runner/work/kani/kani/library/kani/src/lib.rs line 57 column 1 function <usize as kani::rustc_intrinsics::ToISize>::to_isize thread 0
aborting path on assume(false) at file /home/runner/work/kani/kani/library/kani/src/lib.rs line 57 column 1 function <usize as kani::rustc_intrinsics::ToISize>::to_isize thread 0
Unwinding loop _RNvXs3_NtNtCsci0VKyKEi6N_4core4hash3sipINtB5_6HasherNtB5_11Sip13RoundsENtB7_6Hasher5writeCs27UYLqoUkb6_4redb.0 iteration 7 file /home/runner/.rustup/toolchains/nightly-2025-11-21-x86_64-unknown-linux-gnu/lib/rustlib/src/rust/library/core/src/hash/sip.rs line 281 column 9 function <core::hash::sip::Hasher<core::hash::sip::Sip13Rounds> as std::hash::Hasher>::write thread 0
aborting path on assume(false) at file /home/runner/work/kani/kani/library/kani_core/src/models.rs line 176 column 17 function <usize as kani::rustc_intrinsics::ToISize>::to_isize thread 0
aborting path on assume(false) at file /home/runner/work/kani/kani/library/kani/src/lib.rs line 57 column 1 function <usize as kani::rustc_intrinsics::ToISize>::to_isize thread 0
aborting path on assume(false) at file /home/runner/work/kani/kani/library/kani/src/lib.rs line 57 column 1 function <usize as kani::rustc_intrinsics::ToISize>::to_isize thread 0
Unwinding loop _RNvXs3_NtNtCsci0VKyKEi6N_4core4hash3sipINtB5_6HasherNtB5_11Sip13RoundsENtB7_6Hasher5writeCs27UYLqoUkb6_4redb.0 iteration 8 file /home/runner/.rustup/toolchains/nightly-2025-11-21-x86_64-unknown-linux-gnu/lib/rustlib/src/rust/library/core/src/hash/sip.rs line 281 column 9 function <core::hash::sip::Hasher<core::hash::sip::Sip13Rounds> as std::hash::Hasher>::write thread 0
aborting path on assume(false) at file /home/runner/work/kani/kani/library/kani_core/src/models.rs line 176 column 17 function <usize as kani::rustc_intrinsics::ToISize>::to_isize thread 0
aborting path on assume(false) at file /home/runner/work/kani/kani/library/kani/src/lib.rs line 57 column 1 function <usize as kani::rustc_intrinsics::ToISize>::to_isize thread 0
aborting path on assume(false) at file /home/runner/work/kani/kani/library/kani/src/lib.rs line 57 column 1 function <usize as kani::rustc_intrinsics::ToISize>::to_isize thread 0
Unwinding loop _RNvXs3_NtNtCsci0VKyKEi6N_4core4hash3sipINtB5_6HasherNtB5_11Sip13RoundsENtB7_6Hasher5writeCs27UYLqoUkb6_4redb.0 iteration 9 file /home/runner/.rustup/toolchains/nightly-2025-11-21-x86_64-unknown-linux-gnu/lib/rustlib/src/rust/library/core/src/hash/sip.rs line 281 column 9 function <core::hash::sip::Hasher<core::hash::sip::Sip13Rounds> as std::hash::Hasher>::write thread 0
aborting path on assume(false) at file /home/runner/work/kani/kani/library/kani_core/src/models.rs line 176 column 17 function <usize as kani::rustc_intrinsics::ToISize>::to_isize thread 0
aborting path on assume(false) at file /home/runner/work/kani/kani/library/kani/src/lib.rs line 57 column 1 function <usize as kani::rustc_intrinsics::ToISize>::to_isize thread 0
aborting path on assume(false) at file /home/runner/work/kani/kani/library/kani/src/lib.rs line 57 column 1 function <usize as kani::rustc_intrinsics::ToISize>::to_isize thread 0
Unwinding loop _RNvXs3_NtNtCsci0VKyKEi6N_4core4hash3sipINtB5_6HasherNtB5_11Sip13RoundsENtB7_6Hasher5writeCs27UYLqoUkb6_4redb.0 iteration 10 file /home/runner/.rustup/toolchains/nightly-2025-11-21-x86_64-unknown-linux-gnu/lib/rustlib/src/rust/library/core/src/hash/sip.rs line 281 column 9 function <core::hash::sip::Hasher<core::hash::sip::Sip13Rounds> as std::hash::Hasher>::write thread 0
aborting path on assume(false) at file /home/runner/work/kani/kani/library/kani_core/src/models.rs line 176 column 17 function <usize as kani::rustc_intrinsics::ToISize>::to_isize thread 0
aborting path on assume(false) at file /home/runner/work/kani/kani/library/kani/src/lib.rs line 57 column 1 function <usize as kani::rustc_intrinsics::ToISize>::to_isize thread 0
aborting path on assume(false) at file /home/runner/work/kani/kani/library/kani/src/lib.rs line 57 column 1 function <usize as kani::rustc_intrinsics::ToISize>::to_isize thread 0
Unwinding loop _RNvXs3_NtNtCsci0VKyKEi6N_4core4hash3sipINtB5_6HasherNtB5_11Sip13RoundsENtB7_6Hasher5writeCs27UYLqoUkb6_4redb.0 iteration 11 file /home/runner/.rustup/toolchains/nightly-2025-11-21-x86_64-unknown-linux-gnu/lib/rustlib/src/rust/library/core/src/hash/sip.rs line 281 column 9 function <core::hash::sip::Hasher<core::hash::sip::Sip13Rounds> as std::hash::Hasher>::write thread 0
aborting path on assume(false) at file /home/runner/work/kani/kani/library/kani_core/src/models.rs line 176 column 17 function <usize as kani::rustc_intrinsics::ToISize>::to_isize thread 0
aborting path on assume(false) at file /home/runner/work/kani/kani/library/kani/src/lib.rs line 57 column 1 function <usize as kani::rustc_intrinsics::ToISize>::to_isize thread 0
aborting path on assume(false) at file /home/runner/work/kani/kani/library/kani/src/lib.rs line 57 column 1 function <usize as kani::rustc_intrinsics::ToISize>::to_isize thread 0
Unwinding loop _RNvXs3_NtNtCsci0VKyKEi6N_4core4hash3sipINtB5_6HasherNtB5_11Sip13RoundsENtB7_6Hasher5writeCs27UYLqoUkb6_4redb.0 iteration 12 file /home/runner/.rustup/toolchains/nightly-2025-11-21-x86_64-unknown-linux-gnu/lib/rustlib/src/rust/library/core/src/hash/sip.rs line 281 column 9 function <core::hash::sip::Hasher<core::hash::sip::Sip13Rounds> as std::hash::Hasher>::write thread 0
aborting path on assume(false) at file /home/runner/work/kani/kani/library/kani_core/src/models.rs line 176 column 17 function <usize as kani::rustc_intrinsics::ToISize>::to_isize thread 0
aborting path on assume(false) at file /home/runner/work/kani/kani/library/kani/src/lib.rs line 57 column 1 function <usize as kani::rustc_intrinsics::ToISize>::to_isize thread 0
aborting path on assume(false) at file /home/runner/work/kani/kani/library/kani/src/lib.rs line 57 column 1 function <usize as kani::rustc_intrinsics::ToISize>::to_isize thread 0
Unwinding loop _RNvXs3_NtNtCsci0VKyKEi6N_4core4hash3sipINtB5_6HasherNtB5_11Sip13RoundsENtB7_6Hasher5writeCs27UYLqoUkb6_4redb.0 iteration 13 file /home/runner/.rustup/toolchains/nightly-2025-11-21-x86_64-unknown-linux-gnu/lib/rustlib/src/rust/library/core/src/hash/sip.rs line 281 column 9 function <core::hash::sip::Hasher<core::hash::sip::Sip13Rounds> as std::hash::Hasher>::write thread 0
aborting path on assume(false) at file /home/runner/work/kani/kani/library/kani_core/src/models.rs line 176 column 17 function <usize as kani::rustc_intrinsics::ToISize>::to_isize thread 0
aborting path on assume(false) at file /home/runner/work/kani/kani/library/kani/src/lib.rs line 57 column 1 function <usize as kani::rustc_intrinsics::ToISize>::to_isize thread 0
aborting path on assume(false) at file /home/runner/work/kani/kani/library/kani/src/lib.rs line 57 column 1 function <usize as kani::rustc_intrinsics::ToISize>::to_isize thread 0
Unwinding loop _RNvXs3_NtNtCsci0VKyKEi6N_4core4hash3sipINtB5_6HasherNtB5_11Sip13RoundsENtB7_6Hasher5writeCs27UYLqoUkb6_4redb.0 iteration 14 file /home/runner/.rustup/toolchains/nightly-2025-11-21-x86_64-unknown-linux-gnu/lib/rustlib/src/rust/library/core/src/hash/sip.rs line 281 column 9 function <core::hash::sip::Hasher<core::hash::sip::Sip13Rounds> as std::hash::Hasher>::write thread 0
aborting path on assume(false) at file /home/runner/work/kani/kani/library/kani_core/src/models.rs line 176 column 17 function <usize as kani::rustc_intrinsics::ToISize>::to_isize thread 0
aborting path on assume(false) at file /home/runner/work/kani/kani/library/kani/src/lib.rs line 57 column 1 function <usize as kani::rustc_intrinsics::ToISize>::to_isize thread 0
aborting path on assume(false) at file /home/runner/work/kani/kani/library/kani/src/lib.rs line 57 column 1 function <usize as kani::rustc_intrinsics::ToISize>::to_isize thread 0
Unwinding loop _RNvXs3_NtNtCsci0VKyKEi6N_4core4hash3sipINtB5_6HasherNtB5_11Sip13RoundsENtB7_6Hasher5writeCs27UYLqoUkb6_4redb.0 iteration 15 file /home/runner/.rustup/toolchains/nightly-2025-11-21-x86_64-unknown-linux-gnu/lib/rustlib/src/rust/library/core/src/hash/sip.rs line 281 column 9 function <core::hash::sip::Hasher<core::hash::sip::Sip13Rounds> as std::hash::Hasher>::write thread 0
aborting path on assume(false) at file /home/runner/work/kani/kani/library/kani_core/src/models.rs line 176 column 17 function <usize as kani::rustc_intrinsics::ToISize>::to_isize thread 0
aborting path on assume(false) at file /home/runner/work/kani/kani/library/kani/src/lib.rs line 57 column 1 function <usize as kani::rustc_intrinsics::ToISize>::to_isize thread 0
aborting path on assume(false) at file /home/runner/work/kani/kani/library/kani/src/lib.rs line 57 column 1 function <usize as kani::rustc_intrinsics::ToISize>::to_isize thread 0
Not unwinding loop _RNvXs3_NtNtCsci0VKyKEi6N_4core4hash3sipINtB5_6HasherNtB5_11Sip13RoundsENtB7_6Hasher5writeCs27UYLqoUkb6_4redb.0 iteration 16 file /home/runner/.rustup/toolchains/nightly-2025-11-21-x86_64-unknown-linux-gnu/lib/rustlib/src/rust/library/core/src/hash/sip.rs line 281 column 9 function <core::hash::sip::Hasher<core::hash::sip::Sip13Rounds> as std::hash::Hasher>::write thread 0
aborting path on assume(false) at file /home/runner/work/kani/kani/library/kani_core/src/models.rs line 176 column 17 function <usize as kani::rustc_intrinsics::ToISize>::to_isize thread 0
aborting path on assume(false) at file /home/runner/work/kani/kani/library/kani/src/lib.rs line 57 column 1 function <usize as kani::rustc_intrinsics::ToISize>::to_isize thread 0
aborting path on assume(false) at file /home/runner/work/kani/kani/library/kani/src/lib.rs line 57 column 1 function <usize as kani::rustc_intrinsics::ToISize>::to_isize thread 0
aborting path on assume(false) at file /home/runner/work/kani/kani/library/kani_core/src/models.rs line 176 column 17 function <usize as kani::rustc_intrinsics::ToISize>::to_isize thread 0
aborting path on assume(false) at file /home/runner/work/kani/kani/library/kani/src/lib.rs line 57 column 1 function <usize as kani::rustc_intrinsics::ToISize>::to_isize thread 0
aborting path on assume(false) at file /home/runner/work/kani/kani/library/kani/src/lib.rs line 57 column 1 function <usize as kani::rustc_intrinsics::ToISize>::to_isize thread 0
aborting path on assume(false) at file /home/runner/work/kani/kani/library/kani/src/lib.rs line 57 column 1 function kani::mem::cbmc::same_allocation thread 0
aborting path on assume(false) at file /home/runner/work/kani/kani/library/kani/src/lib.rs line 57 column 1 function kani::mem::cbmc::same_allocation thread 0
Unwinding loop _RNvXs3_NtNtCsci0VKyKEi6N_4core4hash3sipINtB5_6HasherNtB5_11Sip13RoundsENtB7_6Hasher5writeCs27UYLqoUkb6_4redb.0 iteration 1 file /home/runner/.rustup/toolchains/nightly-2025-11-21-x86_64-unknown-linux-gnu/lib/rustlib/src/rust/library/core/src/hash/sip.rs line 281 column 9 function <core::hash::sip::Hasher<core::hash::sip::Sip13Rounds> as std::hash::Hasher>::write thread 0
aborting path on assume(false) at file /home/runner/work/kani/kani/library/kani/src/lib.rs line 57 column 1 function kani::mem::cbmc::same_allocation thread 0
Unwinding loop _RNvXs3_NtNtCsci0VKyKEi6N_4core4hash3sipINtB5_6HasherNtB5_11Sip13RoundsENtB7_6Hasher5writeCs27UYLqoUkb6_4redb.0 iteration 2 file /home/runner/.rustup/toolchains/nightly-2025-11-21-x86_64-unknown-linux-gnu/lib/rustlib/src/rust/library/core/src/hash/sip.rs line 281 column 9 function <core::hash::sip::Hasher<core::hash::sip::Sip13Rounds> as std::hash::Hasher>::write thread 0
aborting path on assume(false) at file /home/runner/work/kani/kani/library/kani/src/lib.rs line 57 column 1 function kani::mem::cbmc::same_allocation thread 0
Unwinding loop _RNvXs3_NtNtCsci0VKyKEi6N_4core4hash3sipINtB5_6HasherNtB5_11Sip13RoundsENtB7_6Hasher5writeCs27UYLqoUkb6_4redb.0 iteration 3 file /home/runner/.rustup/toolchains/nightly-2025-11-21-x86_64-unknown-linux-gnu/lib/rustlib/src/rust/library/core/src/hash/sip.rs line 281 column 9 function <core::hash::sip::Hasher<core::hash::sip::Sip13Rounds> as std::hash::Hasher>::write thread 0
aborting path on assume(false) at file /home/runner/work/kani/kani/library/kani/src/lib.rs line 57 column 1 function kani::mem::cbmc::same_allocation thread 0
Unwinding loop _RNvXs3_NtNtCsci0VKyKEi6N_4core4hash3sipINtB5_6HasherNtB5_11Sip13RoundsENtB7_6Hasher5writeCs27UYLqoUkb6_4redb.0 iteration 4 file /home/runner/.rustup/toolchains/nightly-2025-11-21-x86_64-unknown-linux-gnu/lib/rustlib/src/rust/library/core/src/hash/sip.rs line 281 column 9 function <core::hash::sip::Hasher<core::hash::sip::Sip13Rounds> as std::hash::Hasher>::write thread 0
aborting path on assume(false) at file /home/runner/work/kani/kani/library/kani/src/lib.rs line 57 column 1 function kani::mem::cbmc::same_allocation thread 0
Unwinding loop _RNvXs3_NtNtCsci0VKyKEi6N_4core4hash3sipINtB5_6HasherNtB5_11Sip13RoundsENtB7_6Hasher5writeCs27UYLqoUkb6_4redb.0 iteration 5 file /home/runner/.rustup/toolchains/nightly-2025-11-21-x86_64-unknown-linux-gnu/lib/rustlib/src/rust/library/core/src/hash/sip.rs line 281 column 9 function <core::hash::sip::Hasher<core::hash::sip::Sip13Rounds> as std::hash::Hasher>::write thread 0
aborting path on assume(false) at file /home/runner/work/kani/kani/library/kani/src/lib.rs line 57 column 1 function kani::mem::cbmc::same_allocation thread 0
Unwinding loop _RNvXs3_NtNtCsci0VKyKEi6N_4core4hash3sipINtB5_6HasherNtB5_11Sip13RoundsENtB7_6Hasher5writeCs27UYLqoUkb6_4redb.0 iteration 6 file /home/runner/.rustup/toolchains/nightly-2025-11-21-x86_64-unknown-linux-gnu/lib/rustlib/src/rust/library/core/src/hash/sip.rs line 281 column 9 function <core::hash::sip::Hasher<core::hash::sip::Sip13Rounds> as std::hash::Hasher>::write thread 0
aborting path on assume(false) at file /home/runner/work/kani/kani/library/kani/src/lib.rs line 57 column 1 function kani::mem::cbmc::same_allocation thread 0
Unwinding loop _RNvXs3_NtNtCsci0VKyKEi6N_4core4hash3sipINtB5_6HasherNtB5_11Sip13RoundsENtB7_6Hasher5writeCs27UYLqoUkb6_4redb.0 iteration 7 file /home/runner/.rustup/toolchains/nightly-2025-11-21-x86_64-unknown-linux-gnu/lib/rustlib/src/rust/library/core/src/hash/sip.rs line 281 column 9 function <core::hash::sip::Hasher<core::hash::sip::Sip13Rounds> as std::hash::Hasher>::write thread 0
aborting path on assume(false) at file /home/runner/work/kani/kani/library/kani/src/lib.rs line 57 column 1 function kani::mem::cbmc::same_allocation thread 0
Unwinding loop _RNvXs3_NtNtCsci0VKyKEi6N_4core4hash3sipINtB5_6HasherNtB5_11Sip13RoundsENtB7_6Hasher5writeCs27UYLqoUkb6_4redb.0 iteration 8 file /home/runner/.rustup/toolchains/nightly-2025-11-21-x86_64-unknown-linux-gnu/lib/rustlib/src/rust/library/core/src/hash/sip.rs line 281 column 9 function <core::hash::sip::Hasher<core::hash::sip::Sip13Rounds> as std::hash::Hasher>::write thread 0
aborting path on assume(false) at file /home/runner/work/kani/kani/library/kani/src/lib.rs line 57 column 1 function kani::mem::cbmc::same_allocation thread 0
Unwinding loop _RNvXs3_NtNtCsci0VKyKEi6N_4core4hash3sipINtB5_6HasherNtB5_11Sip13RoundsENtB7_6Hasher5writeCs27UYLqoUkb6_4redb.0 iteration 9 file /home/runner/.rustup/toolchains/nightly-2025-11-21-x86_64-unknown-linux-gnu/lib/rustlib/src/rust/library/core/src/hash/sip.rs line 281 column 9 function <core::hash::sip::Hasher<core::hash::sip::Sip13Rounds> as std::hash::Hasher>::write thread 0
aborting path on assume(false) at file /home/runner/work/kani/kani/library/kani/src/lib.rs line 57 column 1 function kani::mem::cbmc::same_allocation thread 0
Unwinding loop _RNvXs3_NtNtCsci0VKyKEi6N_4core4hash3sipINtB5_6HasherNtB5_11Sip13RoundsENtB7_6Hasher5writeCs27UYLqoUkb6_4redb.0 iteration 10 file /home/runner/.rustup/toolchains/nightly-2025-11-21-x86_64-unknown-linux-gnu/lib/rustlib/src/rust/library/core/src/hash/sip.rs line 281 column 9 function <core::hash::sip::Hasher<core::hash::sip::Sip13Rounds> as std::hash::Hasher>::write thread 0
aborting path on assume(false) at file /home/runner/work/kani/kani/library/kani/src/lib.rs line 57 column 1 function kani::mem::cbmc::same_allocation thread 0
Unwinding loop _RNvXs3_NtNtCsci0VKyKEi6N_4core4hash3sipINtB5_6HasherNtB5_11Sip13RoundsENtB7_6Hasher5writeCs27UYLqoUkb6_4redb.0 iteration 11 file /home/runner/.rustup/toolchains/nightly-2025-11-21-x86_64-unknown-linux-gnu/lib/rustlib/src/rust/library/core/src/hash/sip.rs line 281 column 9 function <core::hash::sip::Hasher<core::hash::sip::Sip13Rounds> as std::hash::Hasher>::write thread 0
aborting path on assume(false) at file /home/runner/work/kani/kani/library/kani/src/lib.rs line 57 column 1 function kani::mem::cbmc::same_allocation thread 0
Unwinding loop _RNvXs3_NtNtCsci0VKyKEi6N_4core4hash3sipINtB5_6HasherNtB5_11Sip13RoundsENtB7_6Hasher5writeCs27UYLqoUkb6_4redb.0 iteration 12 file /home/runner/.rustup/toolchains/nightly-2025-11-21-x86_64-unknown-linux-gnu/lib/rustlib/src/rust/library/core/src/hash/sip.rs line 281 column 9 function <core::hash::sip::Hasher<core::hash::sip::Sip13Rounds> as std::hash::Hasher>::write thread 0
aborting path on assume(false) at file /home/runner/work/kani/kani/library/kani/src/lib.rs line 57 column 1 function kani::mem::cbmc::same_allocation thread 0
Unwinding loop _RNvXs3_NtNtCsci0VKyKEi6N_4core4hash3sipINtB5_6HasherNtB5_11Sip13RoundsENtB7_6Hasher5writeCs27UYLqoUkb6_4redb.0 iteration 13 file /home/runner/.rustup/toolchains/nightly-2025-11-21-x86_64-unknown-linux-gnu/lib/rustlib/src/rust/library/core/src/hash/sip.rs line 281 column 9 function <core::hash::sip::Hasher<core::hash::sip::Sip13Rounds> as std::hash::Hasher>::write thread 0
aborting path on assume(false) at file /home/runner/work/kani/kani/library/kani/src/lib.rs line 57 column 1 function kani::mem::cbmc::same_allocation thread 0
Unwinding loop _RNvXs3_NtNtCsci0VKyKEi6N_4core4hash3sipINtB5_6HasherNtB5_11Sip13RoundsENtB7_6Hasher5writeCs27UYLqoUkb6_4redb.0 iteration 14 file /home/runner/.rustup/toolchains/nightly-2025-11-21-x86_64-unknown-linux-gnu/lib/rustlib/src/rust/library/core/src/hash/sip.rs line 281 column 9 function <core::hash::sip::Hasher<core::hash::sip::Sip13Rounds> as std::hash::Hasher>::write thread 0
aborting path on assume(false) at file /home/runner/work/kani/kani/library/kani/src/lib.rs line 57 column 1 function kani::mem::cbmc::same_allocation thread 0
Unwinding loop _RNvXs3_NtNtCsci0VKyKEi6N_4core4hash3sipINtB5_6HasherNtB5_11Sip13RoundsENtB7_6Hasher5writeCs27UYLqoUkb6_4redb.0 iteration 15 file /home/runner/.rustup/toolchains/nightly-2025-11-21-x86_64-unknown-linux-gnu/lib/rustlib/src/rust/library/core/src/hash/sip.rs line 281 column 9 function <core::hash::sip::Hasher<core::hash::sip::Sip13Rounds> as std::hash::Hasher>::write thread 0
aborting path on assume(false) at file /home/runner/work/kani/kani/library/kani/src/lib.rs line 57 column 1 function kani::mem::cbmc::same_allocation thread 0
Not unwinding loop _RNvXs3_NtNtCsci0VKyKEi6N_4core4hash3sipINtB5_6HasherNtB5_11Sip13RoundsENtB7_6Hasher5writeCs27UYLqoUkb6_4redb.0 iteration 16 file /home/runner/.rustup/toolchains/nightly-2025-11-21-x86_64-unknown-linux-gnu/lib/rustlib/src/rust/library/core/src/hash/sip.rs line 281 column 9 function <core::hash::sip::Hasher<core::hash::sip::Sip13Rounds> as std::hash::Hasher>::write thread 0
aborting path on assume(false) at file /home/runner/work/kani/kani/library/kani_core/src/models.rs line 176 column 17 function <usize as kani::rustc_intrinsics::ToISize>::to_isize thread 0
aborting path on assume(false) at file /home/runner/work/kani/kani/library/kani/src/lib.rs line 57 column 1 function <usize as kani::rustc_intrinsics::ToISize>::to_isize thread 0
aborting path on assume(false) at file /home/runner/work/kani/kani/library/kani/src/lib.rs line 57 column 1 function <usize as kani::rustc_intrinsics::ToISize>::to_isize thread 0
aborting path on assume(false) at file /home/runner/work/kani/kani/library/kani/src/lib.rs line 57 column 1 function kani::mem::cbmc::same_allocation thread 0
aborting path on assume(false) at file /home/runner/work/kani/kani/library/kani_core/src/models.rs line 176 column 17 function <usize as kani::rustc_intrinsics::ToISize>::to_isize thread 0
aborting path on assume(false) at file /home/runner/work/kani/kani/library/kani/src/lib.rs line 57 column 1 function <usize as kani::rustc_intrinsics::ToISize>::to_isize thread 0
aborting path on assume(false) at file /home/runner/work/kani/kani/library/kani/src/lib.rs line 57 column 1 function <usize as kani::rustc_intrinsics::ToISize>::to_isize thread 0
aborting path on assume(false) at file /home/runner/work/kani/kani/library/kani/src/lib.rs line 57 column 1 function kani::mem::cbmc::same_allocation thread 0
aborting path on assume(false) at file /home/runner/work/kani/kani/library/kani_core/src/models.rs line 176 column 17 function <usize as kani::rustc_intrinsics::ToISize>::to_isize thread 0
aborting path on assume(false) at file /home/runner/work/kani/kani/library/kani/src/lib.rs line 57 column 1 function <usize as kani::rustc_intrinsics::ToISize>::to_isize thread 0
aborting path on assume(false) at file /home/runner/work/kani/kani/library/kani/src/lib.rs line 57 column 1 function <usize as kani::rustc_intrinsics::ToISize>::to_isize thread 0
aborting path on assume(false) at file /home/runner/work/kani/kani/library/kani_core/src/models.rs line 176 column 17 function <usize as kani::rustc_intrinsics::ToISize>::to_isize thread 0
aborting path on assume(false) at file /home/runner/work/kani/kani/library/kani/src/lib.rs line 57 column 1 function <usize as kani::rustc_intrinsics::ToISize>::to_isize thread 0
aborting path on assume(false) at file /home/runner/work/kani/kani/library/kani/src/lib.rs line 57 column 1 function <usize as kani::rustc_intrinsics::ToISize>::to_isize thread 0
Unwinding loop _RNvXs3_NtNtCsci0VKyKEi6N_4core4hash3sipINtB5_6HasherNtB5_11Sip13RoundsENtB7_6Hasher5writeCs27UYLqoUkb6_4redb.0 iteration 1 file /home/runner/.rustup/toolchains/nightly-2025-11-21-x86_64-unknown-linux-gnu/lib/rustlib/src/rust/library/core/src/hash/sip.rs line 281 column 9 function <core::hash::sip::Hasher<core::hash::sip::Sip13Rounds> as std::hash::Hasher>::write thread 0
aborting path on assume(false) at file /home/runner/work/kani/kani/library/kani_core/src/models.rs line 176 column 17 function <usize as kani::rustc_intrinsics::ToISize>::to_isize thread 0
aborting path on assume(false) at file /home/runner/work/kani/kani/library/kani/src/lib.rs line 57 column 1 function <usize as kani::rustc_intrinsics::ToISize>::to_isize thread 0
aborting path on assume(false) at file /home/runner/work/kani/kani/library/kani/src/lib.rs line 57 column 1 function <usize as kani::rustc_intrinsics::ToISize>::to_isize thread 0
Unwinding loop _RNvXs3_NtNtCsci0VKyKEi6N_4core4hash3sipINtB5_6HasherNtB5_11Sip13RoundsENtB7_6Hasher5writeCs27UYLqoUkb6_4redb.0 iteration 2 file /home/runner/.rustup/toolchains/nightly-2025-11-21-x86_64-unknown-linux-gnu/lib/rustlib/src/rust/library/core/src/hash/sip.rs line 281 column 9 function <core::hash::sip::Hasher<core::hash::sip::Sip13Rounds> as std::hash::Hasher>::write thread 0
aborting path on assume(false) at file /home/runner/work/kani/kani/library/kani_core/src/models.rs line 176 column 17 function <usize as kani::rustc_intrinsics::ToISize>::to_isize thread 0
aborting path on assume(false) at file /home/runner/work/kani/kani/library/kani/src/lib.rs line 57 column 1 function <usize as kani::rustc_intrinsics::ToISize>::to_isize thread 0
aborting path on assume(false) at file /home/runner/work/kani/kani/library/kani/src/lib.rs line 57 column 1 function <usize as kani::rustc_intrinsics::ToISize>::to_isize thread 0
Unwinding loop _RNvXs3_NtNtCsci0VKyKEi6N_4core4hash3sipINtB5_6HasherNtB5_11Sip13RoundsENtB7_6Hasher5writeCs27UYLqoUkb6_4redb.0 iteration 3 file /home/runner/.rustup/toolchains/nightly-2025-11-21-x86_64-unknown-linux-gnu/lib/rustlib/src/rust/library/core/src/hash/sip.rs line 281 column 9 function <core::hash::sip::Hasher<core::hash::sip::Sip13Rounds> as std::hash::Hasher>::write thread 0
aborting path on assume(false) at file /home/runner/work/kani/kani/library/kani_core/src/models.rs line 176 column 17 function <usize as kani::rustc_intrinsics::ToISize>::to_isize thread 0
aborting path on assume(false) at file /home/runner/work/kani/kani/library/kani/src/lib.rs line 57 column 1 function <usize as kani::rustc_intrinsics::ToISize>::to_isize thread 0
aborting path on assume(false) at file /home/runner/work/kani/kani/library/kani/src/lib.rs line 57 column 1 function <usize as kani::rustc_intrinsics::ToISize>::to_isize thread 0
Unwinding loop _RNvXs3_NtNtCsci0VKyKEi6N_4core4hash3sipINtB5_6HasherNtB5_11Sip13RoundsENtB7_6Hasher5writeCs27UYLqoUkb6_4redb.0 iteration 4 file /home/runner/.rustup/toolchains/nightly-2025-11-21-x86_64-unknown-linux-gnu/lib/rustlib/src/rust/library/core/src/hash/sip.rs line 281 column 9 function <core::hash::sip::Hasher<core::hash::sip::Sip13Rounds> as std::hash::Hasher>::write thread 0
aborting path on assume(false) at file /home/runner/work/kani/kani/library/kani_core/src/models.rs line 176 column 17 function <usize as kani::rustc_intrinsics::ToISize>::to_isize thread 0
aborting path on assume(false) at file /home/runner/work/kani/kani/library/kani/src/lib.rs line 57 column 1 function <usize as kani::rustc_intrinsics::ToISize>::to_isize thread 0
aborting path on assume(false) at file /home/runner/work/kani/kani/library/kani/src/lib.rs line 57 column 1 function <usize as kani::rustc_intrinsics::ToISize>::to_isize thread 0
Unwinding loop _RNvXs3_NtNtCsci0VKyKEi6N_4core4hash3sipINtB5_6HasherNtB5_11Sip13RoundsENtB7_6Hasher5writeCs27UYLqoUkb6_4redb.0 iteration 5 file /home/runner/.rustup/toolchains/nightly-2025-11-21-x86_64-unknown-linux-gnu/lib/rustlib/src/rust/library/core/src/hash/sip.rs line 281 column 9 function <core::hash::sip::Hasher<core::hash::sip::Sip13Rounds> as std::hash::Hasher>::write thread 0
aborting path on assume(false) at file /home/runner/work/kani/kani/library/kani_core/src/models.rs line 176 column 17 function <usize as kani::rustc_intrinsics::ToISize>::to_isize thread 0
aborting path on assume(false) at file /home/runner/work/kani/kani/library/kani/src/lib.rs line 57 column 1 function <usize as kani::rustc_intrinsics::ToISize>::to_isize thread 0
aborting path on assume(false) at file /home/runner/work/kani/kani/library/kani/src/lib.rs line 57 column 1 function <usize as kani::rustc_intrinsics::ToISize>::to_isize thread 0
Unwinding loop _RNvXs3_NtNtCsci0VKyKEi6N_4core4hash3sipINtB5_6HasherNtB5_11Sip13RoundsENtB7_6Hasher5writeCs27UYLqoUkb6_4redb.0 iteration 6 file /home/runner/.rustup/toolchains/nightly-2025-11-21-x86_64-unknown-linux-gnu/lib/rustlib/src/rust/library/core/src/hash/sip.rs line 281 column 9 function <core::hash::sip::Hasher<core::hash::sip::Sip13Rounds> as std::hash::Hasher>::write thread 0
aborting path on assume(false) at file /home/runner/work/kani/kani/library/kani_core/src/models.rs line 176 column 17 function <usize as kani::rustc_intrinsics::ToISize>::to_isize thread 0
aborting path on assume(false) at file /home/runner/work/kani/kani/library/kani/src/lib.rs line 57 column 1 function <usize as kani::rustc_intrinsics::ToISize>::to_isize thread 0
aborting path on assume(false) at file /home/runner/work/kani/kani/library/kani/src/lib.rs line 57 column 1 function <usize as kani::rustc_intrinsics::ToISize>::to_isize thread 0
Unwinding loop _RNvXs3_NtNtCsci0VKyKEi6N_4core4hash3sipINtB5_6HasherNtB5_11Sip13RoundsENtB7_6Hasher5writeCs27UYLqoUkb6_4redb.0 iteration 7 file /home/runner/.rustup/toolchains/nightly-2025-11-21-x86_64-unknown-linux-gnu/lib/rustlib/src/rust/library/core/src/hash/sip.rs line 281 column 9 function <core::hash::sip::Hasher<core::hash::sip::Sip13Rounds> as std::hash::Hasher>::write thread 0
aborting path on assume(false) at file /home/runner/work/kani/kani/library/kani_core/src/models.rs line 176 column 17 function <usize as kani::rustc_intrinsics::ToISize>::to_isize thread 0
aborting path on assume(false) at file /home/runner/work/kani/kani/library/kani/src/lib.rs line 57 column 1 function <usize as kani::rustc_intrinsics::ToISize>::to_isize thread 0
aborting path on assume(false) at file /home/runner/work/kani/kani/library/kani/src/lib.rs line 57 column 1 function <usize as kani::rustc_intrinsics::ToISize>::to_isize thread 0
Unwinding loop _RNvXs3_NtNtCsci0VKyKEi6N_4core4hash3sipINtB5_6HasherNtB5_11Sip13RoundsENtB7_6Hasher5writeCs27UYLqoUkb6_4redb.0 iteration 8 file /home/runner/.rustup/toolchains/nightly-2025-11-21-x86_64-unknown-linux-gnu/lib/rustlib/src/rust/library/core/src/hash/sip.rs line 281 column 9 function <core::hash::sip::Hasher<core::hash::sip::Sip13Rounds> as std::hash::Hasher>::write thread 0
aborting path on assume(false) at file /home/runner/work/kani/kani/library/kani_core/src/models.rs line 176 column 17 function <usize as kani::rustc_intrinsics::ToISize>::to_isize thread 0
aborting path on assume(false) at file /home/runner/work/kani/kani/library/kani/src/lib.rs line 57 column 1 function <usize as kani::rustc_intrinsics::ToISize>::to_isize thread 0
aborting path on assume(false) at file /home/runner/work/kani/kani/library/kani/src/lib.rs line 57 column 1 function <usize as kani::rustc_intrinsics::ToISize>::to_isize thread 0
Unwinding loop _RNvXs3_NtNtCsci0VKyKEi6N_4core4hash3sipINtB5_6HasherNtB5_11Sip13RoundsENtB7_6Hasher5writeCs27UYLqoUkb6_4redb.0 iteration 9 file /home/runner/.rustup/toolchains/nightly-2025-11-21-x86_64-unknown-linux-gnu/lib/rustlib/src/rust/library/core/src/hash/sip.rs line 281 column 9 function <core::hash::sip::Hasher<core::hash::sip::Sip13Rounds> as std::hash::Hasher>::write thread 0
aborting path on assume(false) at file /home/runner/work/kani/kani/library/kani_core/src/models.rs line 176 column 17 function <usize as kani::rustc_intrinsics::ToISize>::to_isize thread 0
aborting path on assume(false) at file /home/runner/work/kani/kani/library/kani/src/lib.rs line 57 column 1 function <usize as kani::rustc_intrinsics::ToISize>::to_isize thread 0
aborting path on assume(false) at file /home/runner/work/kani/kani/library/kani/src/lib.rs line 57 column 1 function <usize as kani::rustc_intrinsics::ToISize>::to_isize thread 0
Unwinding loop _RNvXs3_NtNtCsci0VKyKEi6N_4core4hash3sipINtB5_6HasherNtB5_11Sip13RoundsENtB7_6Hasher5writeCs27UYLqoUkb6_4redb.0 iteration 10 file /home/runner/.rustup/toolchains/nightly-2025-11-21-x86_64-unknown-linux-gnu/lib/rustlib/src/rust/library/core/src/hash/sip.rs line 281 column 9 function <core::hash::sip::Hasher<core::hash::sip::Sip13Rounds> as std::hash::Hasher>::write thread 0
aborting path on assume(false) at file /home/runner/work/kani/kani/library/kani_core/src/models.rs line 176 column 17 function <usize as kani::rustc_intrinsics::ToISize>::to_isize thread 0
aborting path on assume(false) at file /home/runner/work/kani/kani/library/kani/src/lib.rs line 57 column 1 function <usize as kani::rustc_intrinsics::ToISize>::to_isize thread 0
aborting path on assume(false) at file /home/runner/work/kani/kani/library/kani/src/lib.rs line 57 column 1 function <usize as kani::rustc_intrinsics::ToISize>::to_isize thread 0
Unwinding loop _RNvXs3_NtNtCsci0VKyKEi6N_4core4hash3sipINtB5_6HasherNtB5_11Sip13RoundsENtB7_6Hasher5writeCs27UYLqoUkb6_4redb.0 iteration 11 file /home/runner/.rustup/toolchains/nightly-2025-11-21-x86_64-unknown-linux-gnu/lib/rustlib/src/rust/library/core/src/hash/sip.rs line 281 column 9 function <core::hash::sip::Hasher<core::hash::sip::Sip13Rounds> as std::hash::Hasher>::write thread 0
aborting path on assume(false) at file /home/runner/work/kani/kani/library/kani_core/src/models.rs line 176 column 17 function <usize as kani::rustc_intrinsics::ToISize>::to_isize thread 0
aborting path on assume(false) at file /home/runner/work/kani/kani/library/kani/src/lib.rs line 57 column 1 function <usize as kani::rustc_intrinsics::ToISize>::to_isize thread 0
aborting path on assume(false) at file /home/runner/work/kani/kani/library/kani/src/lib.rs line 57 column 1 function <usize as kani::rustc_intrinsics::ToISize>::to_isize thread 0
Unwinding loop _RNvXs3_NtNtCsci0VKyKEi6N_4core4hash3sipINtB5_6HasherNtB5_11Sip13RoundsENtB7_6Hasher5writeCs27UYLqoUkb6_4redb.0 iteration 12 file /home/runner/.rustup/toolchains/nightly-2025-11-21-x86_64-unknown-linux-gnu/lib/rustlib/src/rust/library/core/src/hash/sip.rs line 281 column 9 function <core::hash::sip::Hasher<core::hash::sip::Sip13Rounds> as std::hash::Hasher>::write thread 0
aborting path on assume(false) at file /home/runner/work/kani/kani/library/kani_core/src/models.rs line 176 column 17 function <usize as kani::rustc_intrinsics::ToISize>::to_isize thread 0
aborting path on assume(false) at file /home/runner/work/kani/kani/library/kani/src/lib.rs line 57 column 1 function <usize as kani::rustc_intrinsics::ToISize>::to_isize thread 0
aborting path on assume(false) at file /home/runner/work/kani/kani/library/kani/src/lib.rs line 57 column 1 function <usize as kani::rustc_intrinsics::ToISize>::to_isize thread 0
Unwinding loop _RNvXs3_NtNtCsci0VKyKEi6N_4core4hash3sipINtB5_6HasherNtB5_11Sip13RoundsENtB7_6Hasher5writeCs27UYLqoUkb6_4redb.0 iteration 13 file /home/runner/.rustup/toolchains/nightly-2025-11-21-x86_64-unknown-linux-gnu/lib/rustlib/src/rust/library/core/src/hash/sip.rs line 281 column 9 function <core::hash::sip::Hasher<core::hash::sip::Sip13Rounds> as std::hash::Hasher>::write thread 0
aborting path on assume(false) at file /home/runner/work/kani/kani/library/kani_core/src/models.rs line 176 column 17 function <usize as kani::rustc_intrinsics::ToISize>::to_isize thread 0
aborting path on assume(false) at file /home/runner/work/kani/kani/library/kani/src/lib.rs line 57 column 1 function <usize as kani::rustc_intrinsics::ToISize>::to_isize thread 0
aborting path on assume(false) at file /home/runner/work/kani/kani/library/kani/src/lib.rs line 57 column 1 function <usize as kani::rustc_intrinsics::ToISize>::to_isize thread 0
Unwinding loop _RNvXs3_NtNtCsci0VKyKEi6N_4core4hash3sipINtB5_6HasherNtB5_11Sip13RoundsENtB7_6Hasher5writeCs27UYLqoUkb6_4redb.0 iteration 14 file /home/runner/.rustup/toolchains/nightly-2025-11-21-x86_64-unknown-linux-gnu/lib/rustlib/src/rust/library/core/src/hash/sip.rs line 281 column 9 function <core::hash::sip::Hasher<core::hash::sip::Sip13Rounds> as std::hash::Hasher>::write thread 0
aborting path on assume(false) at file /home/runner/work/kani/kani/library/kani_core/src/models.rs line 176 column 17 function <usize as kani::rustc_intrinsics::ToISize>::to_isize thread 0
aborting path on assume(false) at file /home/runner/work/kani/kani/library/kani/src/lib.rs line 57 column 1 function <usize as kani::rustc_intrinsics::ToISize>::to_isize thread 0
aborting path on assume(false) at file /home/runner/work/kani/kani/library/kani/src/lib.rs line 57 column 1 function <usize as kani::rustc_intrinsics::ToISize>::to_isize thread 0
Unwinding loop _RNvXs3_NtNtCsci0VKyKEi6N_4core4hash3sipINtB5_6HasherNtB5_11Sip13RoundsENtB7_6Hasher5writeCs27UYLqoUkb6_4redb.0 iteration 15 file /home/runner/.rustup/toolchains/nightly-2025-11-21-x86_64-unknown-linux-gnu/lib/rustlib/src/rust/library/core/src/hash/sip.rs line 281 column 9 function <core::hash::sip::Hasher<core::hash::sip::Sip13Rounds> as std::hash::Hasher>::write thread 0
aborting path on assume(false) at file /home/runner/work/kani/kani/library/kani_core/src/models.rs line 176 column 17 function <usize as kani::rustc_intrinsics::ToISize>::to_isize thread 0
aborting path on assume(false) at file /home/runner/work/kani/kani/library/kani/src/lib.rs line 57 column 1 function <usize as kani::rustc_intrinsics::ToISize>::to_isize thread 0
aborting path on assume(false) at file /home/runner/work/kani/kani/library/kani/src/lib.rs line 57 column 1 function <usize as kani::rustc_intrinsics::ToISize>::to_isize thread 0
Not unwinding loop _RNvXs3_NtNtCsci0VKyKEi6N_4core4hash3sipINtB5_6HasherNtB5_11Sip13RoundsENtB7_6Hasher5writeCs27UYLqoUkb6_4redb.0 iteration 16 file /home/runner/.rustup/toolchains/nightly-2025-11-21-x86_64-unknown-linux-gnu/lib/rustlib/src/rust/library/core/src/hash/sip.rs line 281 column 9 function <core::hash::sip::Hasher<core::hash::sip::Sip13Rounds> as std::hash::Hasher>::write thread 0
aborting path on assume(false) at file /home/runner/work/kani/kani/library/kani_core/src/models.rs line 176 column 17 function <usize as kani::rustc_intrinsics::ToISize>::to_isize thread 0
aborting path on assume(false) at file /home/runner/work/kani/kani/library/kani/src/lib.rs line 57 column 1 function <usize as kani::rustc_intrinsics::ToISize>::to_isize thread 0
aborting path on assume(false) at file /home/runner/work/kani/kani/library/kani/src/lib.rs line 57 column 1 function <usize as kani::rustc_intrinsics::ToISize>::to_isize thread 0
aborting path on assume(false) at file /home/runner/work/kani/kani/library/kani_core/src/models.rs line 176 column 17 function <usize as kani::rustc_intrinsics::ToISize>::to_isize thread 0
aborting path on assume(false) at file /home/runner/work/kani/kani/library/kani/src/lib.rs line 57 column 1 function <usize as kani::rustc_intrinsics::ToISize>::to_isize thread 0
aborting path on assume(false) at file /home/runner/work/kani/kani/library/kani/src/lib.rs line 57 column 1 function <usize as kani::rustc_intrinsics::ToISize>::to_isize thread 0
aborting path on assume(false) at file /home/runner/.rustup/toolchains/nightly-2025-11-21-x86_64-unknown-linux-gnu/lib/rustlib/src/rust/library/core/src/slice/index.rs line 40 column 9 function core::slice::index::slice_index_fail::do_panic::runtime thread 0
aborting path on assume(false) at file /home/runner/.rustup/toolchains/nightly-2025-11-21-x86_64-unknown-linux-gnu/lib/rustlib/src/rust/library/core/src/intrinsics/mod.rs line 2449 column 9 function core::slice::index::slice_index_fail::do_panic thread 0
aborting path on assume(false) at file /home/runner/.rustup/toolchains/nightly-2025-11-21-x86_64-unknown-linux-gnu/lib/rustlib/src/rust/library/core/src/panic.rs line 178 column 9 function core::slice::index::slice_index_fail thread 0
aborting path on assume(false) at file /home/runner/.rustup/toolchains/nightly-2025-11-21-x86_64-unknown-linux-gnu/lib/rustlib/src/rust/library/core/src/slice/index.rs line 49 column 9 function core::slice::index::slice_index_fail::do_panic::runtime thread 0
aborting path on assume(false) at file /home/runner/.rustup/toolchains/nightly-2025-11-21-x86_64-unknown-linux-gnu/lib/rustlib/src/rust/library/core/src/intrinsics/mod.rs line 2449 column 9 function core::slice::index::slice_index_fail::do_panic thread 0
aborting path on assume(false) at file /home/runner/.rustup/toolchains/nightly-2025-11-21-x86_64-unknown-linux-gnu/lib/rustlib/src/rust/library/core/src/panic.rs line 178 column 9 function core::slice::index::slice_index_fail thread 0
aborting path on assume(false) at file /home/runner/.rustup/toolchains/nightly-2025-11-21-x86_64-unknown-linux-gnu/lib/rustlib/src/rust/library/core/src/slice/index.rs line 58 column 9 function core::slice::index::slice_index_fail::do_panic::runtime thread 0
aborting path on assume(false) at file /home/runner/.rustup/toolchains/nightly-2025-11-21-x86_64-unknown-linux-gnu/lib/rustlib/src/rust/library/core/src/intrinsics/mod.rs line 2449 column 9 function core::slice::index::slice_index_fail::do_panic thread 0
aborting path on assume(false) at file /home/runner/.rustup/toolchains/nightly-2025-11-21-x86_64-unknown-linux-gnu/lib/rustlib/src/rust/library/core/src/panic.rs line 178 column 9 function core::slice::index::slice_index_fail thread 0
aborting path on assume(false) at file /home/runner/.rustup/toolchains/nightly-2025-11-21-x86_64-unknown-linux-gnu/lib/rustlib/src/rust/library/core/src/slice/index.rs line 68 column 5 function core::slice::index::slice_index_fail::do_panic::runtime thread 0
aborting path on assume(false) at file /home/runner/.rustup/toolchains/nightly-2025-11-21-x86_64-unknown-linux-gnu/lib/rustlib/src/rust/library/core/src/intrinsics/mod.rs line 2449 column 9 function core::slice::index::slice_index_fail::do_panic thread 0
aborting path on assume(false) at file /home/runner/.rustup/toolchains/nightly-2025-11-21-x86_64-unknown-linux-gnu/lib/rustlib/src/rust/library/core/src/panic.rs line 178 column 9 function core::slice::index::slice_index_fail thread 0
aborting path on assume(false) at file /home/runner/.rustup/toolchains/nightly-2025-11-21-x86_64-unknown-linux-gnu/lib/rustlib/src/rust/library/core/src/slice/index.rs line 581 column 13 function <std::ops::RangeFrom<usize> as std::slice::SliceIndex<[u8]>>::index_mut thread 0
aborting path on assume(false) at file /home/runner/work/kani/kani/library/kani_core/src/models.rs line 176 column 17 function <usize as kani::rustc_intrinsics::ToISize>::to_isize thread 0
aborting path on assume(false) at file /home/runner/work/kani/kani/library/kani/src/lib.rs line 57 column 1 function <usize as kani::rustc_intrinsics::ToISize>::to_isize thread 0
aborting path on assume(false) at file /home/runner/work/kani/kani/library/kani/src/lib.rs line 57 column 1 function <usize as kani::rustc_intrinsics::ToISize>::to_isize thread 0
aborting path on assume(false) at file /home/runner/work/kani/kani/library/kani/src/lib.rs line 57 column 1 function kani::mem::cbmc::same_allocation thread 0
aborting path on assume(false) at file /home/runner/.rustup/toolchains/nightly-2025-11-21-x86_64-unknown-linux-gnu/lib/rustlib/src/rust/library/std/src/sys/random/linux.rs line 126 column 26 function std::sys::random::linux::getrandom thread 0
Unwinding loop _RNvNtNtNtCsh1i4bqfV5wd_3std3sys6random5linux9getrandom.0 iteration 10 file src/lib.rs line 0 column 0 function std::sys::random::linux::getrandom thread 0
aborting path on assume(false) at file /home/runner/.rustup/toolchains/nightly-2025-11-21-x86_64-unknown-linux-gnu/lib/rustlib/src/rust/library/std/src/sys/pal/unix/weak/syscall.rs line 7 column 9 function std::sys::random::linux::getrandom::getrandom thread 0
aborting path on assume(false) at file /home/runner/.cargo/registry/src/index.crates.io-1949cf8c6b5b557f/libc-0.2.177/src/unix/linux_like/linux/mod.rs line 6372 column 5 function std::sys::random::linux::getrandom::getrandom thread 0
aborting path on assume(false) at  thread 0
aborting path on assume(false) at file /home/runner/work/kani/kani/library/kani/src/lib.rs line 57 column 1 function kani::mem::cbmc::same_allocation thread 0
aborting path on assume(false) at file /home/runner/work/kani/kani/library/kani/src/lib.rs line 57 column 1 function kani::mem::cbmc::same_allocation thread 0
Unwinding loop _RNvXs3_NtNtCsci0VKyKEi6N_4core4hash3sipINtB5_6HasherNtB5_11Sip13RoundsENtB7_6Hasher5writeCs27UYLqoUkb6_4redb.0 iteration 1 file /home/runner/.rustup/toolchains/nightly-2025-11-21-x86_64-unknown-linux-gnu/lib/rustlib/src/rust/library/core/src/hash/sip.rs line 281 column 9 function <core::hash::sip::Hasher<core::hash::sip::Sip13Rounds> as std::hash::Hasher>::write thread 0
aborting path on assume(false) at file /home/runner/work/kani/kani/library/kani/src/lib.rs line 57 column 1 function kani::mem::cbmc::same_allocation thread 0
Unwinding loop _RNvXs3_NtNtCsci0VKyKEi6N_4core4hash3sipINtB5_6HasherNtB5_11Sip13RoundsENtB7_6Hasher5writeCs27UYLqoUkb6_4redb.0 iteration 2 file /home/runner/.rustup/toolchains/nightly-2025-11-21-x86_64-unknown-linux-gnu/lib/rustlib/src/rust/library/core/src/hash/sip.rs line 281 column 9 function <core::hash::sip::Hasher<core::hash::sip::Sip13Rounds> as std::hash::Hasher>::write thread 0
aborting path on assume(false) at file /home/runner/work/kani/kani/library/kani/src/lib.rs line 57 column 1 function kani::mem::cbmc::same_allocation thread 0
Unwinding loop _RNvXs3_NtNtCsci0VKyKEi6N_4core4hash3sipINtB5_6HasherNtB5_11Sip13RoundsENtB7_6Hasher5writeCs27UYLqoUkb6_4redb.0 iteration 3 file /home/runner/.rustup/toolchains/nightly-2025-11-21-x86_64-unknown-linux-gnu/lib/rustlib/src/rust/library/core/src/hash/sip.rs line 281 column 9 function <core::hash::sip::Hasher<core::hash::sip::Sip13Rounds> as std::hash::Hasher>::write thread 0
aborting path on assume(false) at file /home/runner/work/kani/kani/library/kani/src/lib.rs line 57 column 1 function kani::mem::cbmc::same_allocation thread 0
Unwinding loop _RNvXs3_NtNtCsci0VKyKEi6N_4core4hash3sipINtB5_6HasherNtB5_11Sip13RoundsENtB7_6Hasher5writeCs27UYLqoUkb6_4redb.0 iteration 4 file /home/runner/.rustup/toolchains/nightly-2025-11-21-x86_64-unknown-linux-gnu/lib/rustlib/src/rust/library/core/src/hash/sip.rs line 281 column 9 function <core::hash::sip::Hasher<core::hash::sip::Sip13Rounds> as std::hash::Hasher>::write thread 0
aborting path on assume(false) at file /home/runner/work/kani/kani/library/kani/src/lib.rs line 57 column 1 function kani::mem::cbmc::same_allocation thread 0
Unwinding loop _RNvXs3_NtNtCsci0VKyKEi6N_4core4hash3sipINtB5_6HasherNtB5_11Sip13RoundsENtB7_6Hasher5writeCs27UYLqoUkb6_4redb.0 iteration 5 file /home/runner/.rustup/toolchains/nightly-2025-11-21-x86_64-unknown-linux-gnu/lib/rustlib/src/rust/library/core/src/hash/sip.rs line 281 column 9 function <core::hash::sip::Hasher<core::hash::sip::Sip13Rounds> as std::hash::Hasher>::write thread 0
aborting path on assume(false) at file /home/runner/work/kani/kani/library/kani/src/lib.rs line 57 column 1 function kani::mem::cbmc::same_allocation thread 0
Unwinding loop _RNvXs3_NtNtCsci0VKyKEi6N_4core4hash3sipINtB5_6HasherNtB5_11Sip13RoundsENtB7_6Hasher5writeCs27UYLqoUkb6_4redb.0 iteration 6 file /home/runner/.rustup/toolchains/nightly-2025-11-21-x86_64-unknown-linux-gnu/lib/rustlib/src/rust/library/core/src/hash/sip.rs line 281 column 9 function <core::hash::sip::Hasher<core::hash::sip::Sip13Rounds> as std::hash::Hasher>::write thread 0
aborting path on assume(false) at file /home/runner/work/kani/kani/library/kani/src/lib.rs line 57 column 1 function kani::mem::cbmc::same_allocation thread 0
Unwinding loop _RNvXs3_NtNtCsci0VKyKEi6N_4core4hash3sipINtB5_6HasherNtB5_11Sip13RoundsENtB7_6Hasher5writeCs27UYLqoUkb6_4redb.0 iteration 7 file /home/runner/.rustup/toolchains/nightly-2025-11-21-x86_64-unknown-linux-gnu/lib/rustlib/src/rust/library/core/src/hash/sip.rs line 281 column 9 function <core::hash::sip::Hasher<core::hash::sip::Sip13Rounds> as std::hash::Hasher>::write thread 0
aborting path on assume(false) at file /home/runner/work/kani/kani/library/kani/src/lib.rs line 57 column 1 function kani::mem::cbmc::same_allocation thread 0
Unwinding loop _RNvXs3_NtNtCsci0VKyKEi6N_4core4hash3sipINtB5_6HasherNtB5_11Sip13RoundsENtB7_6Hasher5writeCs27UYLqoUkb6_4redb.0 iteration 8 file /home/runner/.rustup/toolchains/nightly-2025-11-21-x86_64-unknown-linux-gnu/lib/rustlib/src/rust/library/core/src/hash/sip.rs line 281 column 9 function <core::hash::sip::Hasher<core::hash::sip::Sip13Rounds> as std::hash::Hasher>::write thread 0
aborting path on assume(false) at file /home/runner/work/kani/kani/library/kani/src/lib.rs line 57 column 1 function kani::mem::cbmc::same_allocation thread 0
Unwinding loop _RNvXs3_NtNtCsci0VKyKEi6N_4core4hash3sipINtB5_6HasherNtB5_11Sip13RoundsENtB7_6Hasher5writeCs27UYLqoUkb6_4redb.0 iteration 9 file /home/runner/.rustup/toolchains/nightly-2025-11-21-x86_64-unknown-linux-gnu/lib/rustlib/src/rust/library/core/src/hash/sip.rs line 281 column 9 function <core::hash::sip::Hasher<core::hash::sip::Sip13Rounds> as std::hash::Hasher>::write thread 0
aborting path on assume(false) at file /home/runner/work/kani/kani/library/kani/src/lib.rs line 57 column 1 function kani::mem::cbmc::same_allocation thread 0
Unwinding loop _RNvXs3_NtNtCsci0VKyKEi6N_4core4hash3sipINtB5_6HasherNtB5_11Sip13RoundsENtB7_6Hasher5writeCs27UYLqoUkb6_4redb.0 iteration 10 file /home/runner/.rustup/toolchains/nightly-2025-11-21-x86_64-unknown-linux-gnu/lib/rustlib/src/rust/library/core/src/hash/sip.rs line 281 column 9 function <core::hash::sip::Hasher<core::hash::sip::Sip13Rounds> as std::hash::Hasher>::write thread 0
aborting path on assume(false) at file /home/runner/work/kani/kani/library/kani/src/lib.rs line 57 column 1 function kani::mem::cbmc::same_allocation thread 0
Unwinding loop _RNvXs3_NtNtCsci0VKyKEi6N_4core4hash3sipINtB5_6HasherNtB5_11Sip13RoundsENtB7_6Hasher5writeCs27UYLqoUkb6_4redb.0 iteration 11 file /home/runner/.rustup/toolchains/nightly-2025-11-21-x86_64-unknown-linux-gnu/lib/rustlib/src/rust/library/core/src/hash/sip.rs line 281 column 9 function <core::hash::sip::Hasher<core::hash::sip::Sip13Rounds> as std::hash::Hasher>::write thread 0
aborting path on assume(false) at file /home/runner/work/kani/kani/library/kani/src/lib.rs line 57 column 1 function kani::mem::cbmc::same_allocation thread 0
Unwinding loop _RNvXs3_NtNtCsci0VKyKEi6N_4core4hash3sipINtB5_6HasherNtB5_11Sip13RoundsENtB7_6Hasher5writeCs27UYLqoUkb6_4redb.0 iteration 12 file /home/runner/.rustup/toolchains/nightly-2025-11-21-x86_64-unknown-linux-gnu/lib/rustlib/src/rust/library/core/src/hash/sip.rs line 281 column 9 function <core::hash::sip::Hasher<core::hash::sip::Sip13Rounds> as std::hash::Hasher>::write thread 0
aborting path on assume(false) at file /home/runner/work/kani/kani/library/kani/src/lib.rs line 57 column 1 function kani::mem::cbmc::same_allocation thread 0
Unwinding loop _RNvXs3_NtNtCsci0VKyKEi6N_4core4hash3sipINtB5_6HasherNtB5_11Sip13RoundsENtB7_6Hasher5writeCs27UYLqoUkb6_4redb.0 iteration 13 file /home/runner/.rustup/toolchains/nightly-2025-11-21-x86_64-unknown-linux-gnu/lib/rustlib/src/rust/library/core/src/hash/sip.rs line 281 column 9 function <core::hash::sip::Hasher<core::hash::sip::Sip13Rounds> as std::hash::Hasher>::write thread 0
aborting path on assume(false) at file /home/runner/work/kani/kani/library/kani/src/lib.rs line 57 column 1 function kani::mem::cbmc::same_allocation thread 0
Unwinding loop _RNvXs3_NtNtCsci0VKyKEi6N_4core4hash3sipINtB5_6HasherNtB5_11Sip13RoundsENtB7_6Hasher5writeCs27UYLqoUkb6_4redb.0 iteration 14 file /home/runner/.rustup/toolchains/nightly-2025-11-21-x86_64-unknown-linux-gnu/lib/rustlib/src/rust/library/core/src/hash/sip.rs line 281 column 9 function <core::hash::sip::Hasher<core::hash::sip::Sip13Rounds> as std::hash::Hasher>::write thread 0
aborting path on assume(false) at file /home/runner/work/kani/kani/library/kani/src/lib.rs line 57 column 1 function kani::mem::cbmc::same_allocation thread 0
Unwinding loop _RNvXs3_NtNtCsci0VKyKEi6N_4core4hash3sipINtB5_6HasherNtB5_11Sip13RoundsENtB7_6Hasher5writeCs27UYLqoUkb6_4redb.0 iteration 15 file /home/runner/.rustup/toolchains/nightly-2025-11-21-x86_64-unknown-linux-gnu/lib/rustlib/src/rust/library/core/src/hash/sip.rs line 281 column 9 function <core::hash::sip::Hasher<core::hash::sip::Sip13Rounds> as std::hash::Hasher>::write thread 0
aborting path on assume(false) at file /home/runner/work/kani/kani/library/kani/src/lib.rs line 57 column 1 function kani::mem::cbmc::same_allocation thread 0
Not unwinding loop _RNvXs3_NtNtCsci0VKyKEi6N_4core4hash3sipINtB5_6HasherNtB5_11Sip13RoundsENtB7_6Hasher5writeCs27UYLqoUkb6_4redb.0 iteration 16 file /home/runner/.rustup/toolchains/nightly-2025-11-21-x86_64-unknown-linux-gnu/lib/rustlib/src/rust/library/core/src/hash/sip.rs line 281 column 9 function <core::hash::sip::Hasher<core::hash::sip::Sip13Rounds> as std::hash::Hasher>::write thread 0
aborting path on assume(false) at file /home/runner/work/kani/kani/library/kani_core/src/models.rs line 176 column 17 function <usize as kani::rustc_intrinsics::ToISize>::to_isize thread 0
aborting path on assume(false) at file /home/runner/work/kani/kani/library/kani/src/lib.rs line 57 column 1 function <usize as kani::rustc_intrinsics::ToISize>::to_isize thread 0
aborting path on assume(false) at file /home/runner/work/kani/kani/library/kani/src/lib.rs line 57 column 1 function <usize as kani::rustc_intrinsics::ToISize>::to_isize thread 0
aborting path on assume(false) at file /home/runner/work/kani/kani/library/kani/src/lib.rs line 57 column 1 function kani::mem::cbmc::same_allocation thread 0
aborting path on assume(false) at file /home/runner/work/kani/kani/library/kani_core/src/models.rs line 176 column 17 function <usize as kani::rustc_intrinsics::ToISize>::to_isize thread 0
aborting path on assume(false) at file /home/runner/work/kani/kani/library/kani/src/lib.rs line 57 column 1 function <usize as kani::rustc_intrinsics::ToISize>::to_isize thread 0
aborting path on assume(false) at file /home/runner/work/kani/kani/library/kani/src/lib.rs line 57 column 1 function <usize as kani::rustc_intrinsics::ToISize>::to_isize thread 0
aborting path on assume(false) at file /home/runner/work/kani/kani/library/kani/src/lib.rs line 57 column 1 function kani::mem::cbmc::same_allocation thread 0
aborting path on assume(false) at file /home/runner/work/kani/kani/library/kani_core/src/models.rs line 176 column 17 function <usize as kani::rustc_intrinsics::ToISize>::to_isize thread 0
aborting path on assume(false) at file /home/runner/work/kani/kani/library/kani/src/lib.rs line 57 column 1 function <usize as kani::rustc_intrinsics::ToISize>::to_isize thread 0
aborting path on assume(false) at file /home/runner/work/kani/kani/library/kani/src/lib.rs line 57 column 1 function <usize as kani::rustc_intrinsics::ToISize>::to_isize thread 0
aborting path on assume(false) at file /home/runner/work/kani/kani/library/kani_core/src/models.rs line 176 column 17 function <usize as kani::rustc_intrinsics::ToISize>::to_isize thread 0
aborting path on assume(false) at file /home/runner/work/kani/kani/library/kani/src/lib.rs line 57 column 1 function <usize as kani::rustc_intrinsics::ToISize>::to_isize thread 0
aborting path on assume(false) at file /home/runner/work/kani/kani/library/kani/src/lib.rs line 57 column 1 function <usize as kani::rustc_intrinsics::ToISize>::to_isize thread 0
Unwinding loop _RNvXs3_NtNtCsci0VKyKEi6N_4core4hash3sipINtB5_6HasherNtB5_11Sip13RoundsENtB7_6Hasher5writeCs27UYLqoUkb6_4redb.0 iteration 1 file /home/runner/.rustup/toolchains/nightly-2025-11-21-x86_64-unknown-linux-gnu/lib/rustlib/src/rust/library/core/src/hash/sip.rs line 281 column 9 function <core::hash::sip::Hasher<core::hash::sip::Sip13Rounds> as std::hash::Hasher>::write thread 0
aborting path on assume(false) at file /home/runner/work/kani/kani/library/kani_core/src/models.rs line 176 column 17 function <usize as kani::rustc_intrinsics::ToISize>::to_isize thread 0
aborting path on assume(false) at file /home/runner/work/kani/kani/library/kani/src/lib.rs line 57 column 1 function <usize as kani::rustc_intrinsics::ToISize>::to_isize thread 0
aborting path on assume(false) at file /home/runner/work/kani/kani/library/kani/src/lib.rs line 57 column 1 function <usize as kani::rustc_intrinsics::ToISize>::to_isize thread 0
Unwinding loop _RNvXs3_NtNtCsci0VKyKEi6N_4core4hash3sipINtB5_6HasherNtB5_11Sip13RoundsENtB7_6Hasher5writeCs27UYLqoUkb6_4redb.0 iteration 2 file /home/runner/.rustup/toolchains/nightly-2025-11-21-x86_64-unknown-linux-gnu/lib/rustlib/src/rust/library/core/src/hash/sip.rs line 281 column 9 function <core::hash::sip::Hasher<core::hash::sip::Sip13Rounds> as std::hash::Hasher>::write thread 0
aborting path on assume(false) at file /home/runner/work/kani/kani/library/kani_core/src/models.rs line 176 column 17 function <usize as kani::rustc_intrinsics::ToISize>::to_isize thread 0
aborting path on assume(false) at file /home/runner/work/kani/kani/library/kani/src/lib.rs line 57 column 1 function <usize as kani::rustc_intrinsics::ToISize>::to_isize thread 0
aborting path on assume(false) at file /home/runner/work/kani/kani/library/kani/src/lib.rs line 57 column 1 function <usize as kani::rustc_intrinsics::ToISize>::to_isize thread 0
Unwinding loop _RNvXs3_NtNtCsci0VKyKEi6N_4core4hash3sipINtB5_6HasherNtB5_11Sip13RoundsENtB7_6Hasher5writeCs27UYLqoUkb6_4redb.0 iteration 3 file /home/runner/.rustup/toolchains/nightly-2025-11-21-x86_64-unknown-linux-gnu/lib/rustlib/src/rust/library/core/src/hash/sip.rs line 281 column 9 function <core::hash::sip::Hasher<core::hash::sip::Sip13Rounds> as std::hash::Hasher>::write thread 0
aborting path on assume(false) at file /home/runner/work/kani/kani/library/kani_core/src/models.rs line 176 column 17 function <usize as kani::rustc_intrinsics::ToISize>::to_isize thread 0
aborting path on assume(false) at file /home/runner/work/kani/kani/library/kani/src/lib.rs line 57 column 1 function <usize as kani::rustc_intrinsics::ToISize>::to_isize thread 0
aborting path on assume(false) at file /home/runner/work/kani/kani/library/kani/src/lib.rs line 57 column 1 function <usize as kani::rustc_intrinsics::ToISize>::to_isize thread 0
Unwinding loop _RNvXs3_NtNtCsci0VKyKEi6N_4core4hash3sipINtB5_6HasherNtB5_11Sip13RoundsENtB7_6Hasher5writeCs27UYLqoUkb6_4redb.0 iteration 4 file /home/runner/.rustup/toolchains/nightly-2025-11-21-x86_64-unknown-linux-gnu/lib/rustlib/src/rust/library/core/src/hash/sip.rs line 281 column 9 function <core::hash::sip::Hasher<core::hash::sip::Sip13Rounds> as std::hash::Hasher>::write thread 0
aborting path on assume(false) at file /home/runner/work/kani/kani/library/kani_core/src/models.rs line 176 column 17 function <usize as kani::rustc_intrinsics::ToISize>::to_isize thread 0
aborting path on assume(false) at file /home/runner/work/kani/kani/library/kani/src/lib.rs line 57 column 1 function <usize as kani::rustc_intrinsics::ToISize>::to_isize thread 0
aborting path on assume(false) at file /home/runner/work/kani/kani/library/kani/src/lib.rs line 57 column 1 function <usize as kani::rustc_intrinsics::ToISize>::to_isize thread 0
Unwinding loop _RNvXs3_NtNtCsci0VKyKEi6N_4core4hash3sipINtB5_6HasherNtB5_11Sip13RoundsENtB7_6Hasher5writeCs27UYLqoUkb6_4redb.0 iteration 5 file /home/runner/.rustup/toolchains/nightly-2025-11-21-x86_64-unknown-linux-gnu/lib/rustlib/src/rust/library/core/src/hash/sip.rs line 281 column 9 function <core::hash::sip::Hasher<core::hash::sip::Sip13Rounds> as std::hash::Hasher>::write thread 0
aborting path on assume(false) at file /home/runner/work/kani/kani/library/kani_core/src/models.rs line 176 column 17 function <usize as kani::rustc_intrinsics::ToISize>::to_isize thread 0
aborting path on assume(false) at file /home/runner/work/kani/kani/library/kani/src/lib.rs line 57 column 1 function <usize as kani::rustc_intrinsics::ToISize>::to_isize thread 0
aborting path on assume(false) at file /home/runner/work/kani/kani/library/kani/src/lib.rs line 57 column 1 function <usize as kani::rustc_intrinsics::ToISize>::to_isize thread 0
Unwinding loop _RNvXs3_NtNtCsci0VKyKEi6N_4core4hash3sipINtB5_6HasherNtB5_11Sip13RoundsENtB7_6Hasher5writeCs27UYLqoUkb6_4redb.0 iteration 6 file /home/runner/.rustup/toolchains/nightly-2025-11-21-x86_64-unknown-linux-gnu/lib/rustlib/src/rust/library/core/src/hash/sip.rs line 281 column 9 function <core::hash::sip::Hasher<core::hash::sip::Sip13Rounds> as std::hash::Hasher>::write thread 0
aborting path on assume(false) at file /home/runner/work/kani/kani/library/kani_core/src/models.rs line 176 column 17 function <usize as kani::rustc_intrinsics::ToISize>::to_isize thread 0
aborting path on assume(false) at file /home/runner/work/kani/kani/library/kani/src/lib.rs line 57 column 1 function <usize as kani::rustc_intrinsics::ToISize>::to_isize thread 0
aborting path on assume(false) at file /home/runner/work/kani/kani/library/kani/src/lib.rs line 57 column 1 function <usize as kani::rustc_intrinsics::ToISize>::to_isize thread 0
Unwinding loop _RNvXs3_NtNtCsci0VKyKEi6N_4core4hash3sipINtB5_6HasherNtB5_11Sip13RoundsENtB7_6Hasher5writeCs27UYLqoUkb6_4redb.0 iteration 7 file /home/runner/.rustup/toolchains/nightly-2025-11-21-x86_64-unknown-linux-gnu/lib/rustlib/src/rust/library/core/src/hash/sip.rs line 281 column 9 function <core::hash::sip::Hasher<core::hash::sip::Sip13Rounds> as std::hash::Hasher>::write thread 0
aborting path on assume(false) at file /home/runner/work/kani/kani/library/kani_core/src/models.rs line 176 column 17 function <usize as kani::rustc_intrinsics::ToISize>::to_isize thread 0
aborting path on assume(false) at file /home/runner/work/kani/kani/library/kani/src/lib.rs line 57 column 1 function <usize as kani::rustc_intrinsics::ToISize>::to_isize thread 0
aborting path on assume(false) at file /home/runner/work/kani/kani/library/kani/src/lib.rs line 57 column 1 function <usize as kani::rustc_intrinsics::ToISize>::to_isize thread 0
Unwinding loop _RNvXs3_NtNtCsci0VKyKEi6N_4core4hash3sipINtB5_6HasherNtB5_11Sip13RoundsENtB7_6Hasher5writeCs27UYLqoUkb6_4redb.0 iteration 8 file /home/runner/.rustup/toolchains/nightly-2025-11-21-x86_64-unknown-linux-gnu/lib/rustlib/src/rust/library/core/src/hash/sip.rs line 281 column 9 function <core::hash::sip::Hasher<core::hash::sip::Sip13Rounds> as std::hash::Hasher>::write thread 0
aborting path on assume(false) at file /home/runner/work/kani/kani/library/kani_core/src/models.rs line 176 column 17 function <usize as kani::rustc_intrinsics::ToISize>::to_isize thread 0
aborting path on assume(false) at file /home/runner/work/kani/kani/library/kani/src/lib.rs line 57 column 1 function <usize as kani::rustc_intrinsics::ToISize>::to_isize thread 0
aborting path on assume(false) at file /home/runner/work/kani/kani/library/kani/src/lib.rs line 57 column 1 function <usize as kani::rustc_intrinsics::ToISize>::to_isize thread 0
Unwinding loop _RNvXs3_NtNtCsci0VKyKEi6N_4core4hash3sipINtB5_6HasherNtB5_11Sip13RoundsENtB7_6Hasher5writeCs27UYLqoUkb6_4redb.0 iteration 9 file /home/runner/.rustup/toolchains/nightly-2025-11-21-x86_64-unknown-linux-gnu/lib/rustlib/src/rust/library/core/src/hash/sip.rs line 281 column 9 function <core::hash::sip::Hasher<core::hash::sip::Sip13Rounds> as std::hash::Hasher>::write thread 0
aborting path on assume(false) at file /home/runner/work/kani/kani/library/kani_core/src/models.rs line 176 column 17 function <usize as kani::rustc_intrinsics::ToISize>::to_isize thread 0
aborting path on assume(false) at file /home/runner/work/kani/kani/library/kani/src/lib.rs line 57 column 1 function <usize as kani::rustc_intrinsics::ToISize>::to_isize thread 0
aborting path on assume(false) at file /home/runner/work/kani/kani/library/kani/src/lib.rs line 57 column 1 function <usize as kani::rustc_intrinsics::ToISize>::to_isize thread 0
Unwinding loop _RNvXs3_NtNtCsci0VKyKEi6N_4core4hash3sipINtB5_6HasherNtB5_11Sip13RoundsENtB7_6Hasher5writeCs27UYLqoUkb6_4redb.0 iteration 10 file /home/runner/.rustup/toolchains/nightly-2025-11-21-x86_64-unknown-linux-gnu/lib/rustlib/src/rust/library/core/src/hash/sip.rs line 281 column 9 function <core::hash::sip::Hasher<core::hash::sip::Sip13Rounds> as std::hash::Hasher>::write thread 0
aborting path on assume(false) at file /home/runner/work/kani/kani/library/kani_core/src/models.rs line 176 column 17 function <usize as kani::rustc_intrinsics::ToISize>::to_isize thread 0
aborting path on assume(false) at file /home/runner/work/kani/kani/library/kani/src/lib.rs line 57 column 1 function <usize as kani::rustc_intrinsics::ToISize>::to_isize thread 0
aborting path on assume(false) at file /home/runner/work/kani/kani/library/kani/src/lib.rs line 57 column 1 function <usize as kani::rustc_intrinsics::ToISize>::to_isize thread 0
Unwinding loop _RNvXs3_NtNtCsci0VKyKEi6N_4core4hash3sipINtB5_6HasherNtB5_11Sip13RoundsENtB7_6Hasher5writeCs27UYLqoUkb6_4redb.0 iteration 11 file /home/runner/.rustup/toolchains/nightly-2025-11-21-x86_64-unknown-linux-gnu/lib/rustlib/src/rust/library/core/src/hash/sip.rs line 281 column 9 function <core::hash::sip::Hasher<core::hash::sip::Sip13Rounds> as std::hash::Hasher>::write thread 0
aborting path on assume(false) at file /home/runner/work/kani/kani/library/kani_core/src/models.rs line 176 column 17 function <usize as kani::rustc_intrinsics::ToISize>::to_isize thread 0
aborting path on assume(false) at file /home/runner/work/kani/kani/library/kani/src/lib.rs line 57 column 1 function <usize as kani::rustc_intrinsics::ToISize>::to_isize thread 0
aborting path on assume(false) at file /home/runner/work/kani/kani/library/kani/src/lib.rs line 57 column 1 function <usize as kani::rustc_intrinsics::ToISize>::to_isize thread 0
Unwinding loop _RNvXs3_NtNtCsci0VKyKEi6N_4core4hash3sipINtB5_6HasherNtB5_11Sip13RoundsENtB7_6Hasher5writeCs27UYLqoUkb6_4redb.0 iteration 12 file /home/runner/.rustup/toolchains/nightly-2025-11-21-x86_64-unknown-linux-gnu/lib/rustlib/src/rust/library/core/src/hash/sip.rs line 281 column 9 function <core::hash::sip::Hasher<core::hash::sip::Sip13Rounds> as std::hash::Hasher>::write thread 0
aborting path on assume(false) at file /home/runner/work/kani/kani/library/kani_core/src/models.rs line 176 column 17 function <usize as kani::rustc_intrinsics::ToISize>::to_isize thread 0
aborting path on assume(false) at file /home/runner/work/kani/kani/library/kani/src/lib.rs line 57 column 1 function <usize as kani::rustc_intrinsics::ToISize>::to_isize thread 0
aborting path on assume(false) at file /home/runner/work/kani/kani/library/kani/src/lib.rs line 57 column 1 function <usize as kani::rustc_intrinsics::ToISize>::to_isize thread 0
Unwinding loop _RNvXs3_NtNtCsci0VKyKEi6N_4core4hash3sipINtB5_6HasherNtB5_11Sip13RoundsENtB7_6Hasher5writeCs27UYLqoUkb6_4redb.0 iteration 13 file /home/runner/.rustup/toolchains/nightly-2025-11-21-x86_64-unknown-linux-gnu/lib/rustlib/src/rust/library/core/src/hash/sip.rs line 281 column 9 function <core::hash::sip::Hasher<core::hash::sip::Sip13Rounds> as std::hash::Hasher>::write thread 0
aborting path on assume(false) at file /home/runner/work/kani/kani/library/kani_core/src/models.rs line 176 column 17 function <usize as kani::rustc_intrinsics::ToISize>::to_isize thread 0
aborting path on assume(false) at file /home/runner/work/kani/kani/library/kani/src/lib.rs line 57 column 1 function <usize as kani::rustc_intrinsics::ToISize>::to_isize thread 0
aborting path on assume(false) at file /home/runner/work/kani/kani/library/kani/src/lib.rs line 57 column 1 function <usize as kani::rustc_intrinsics::ToISize>::to_isize thread 0
Unwinding loop _RNvXs3_NtNtCsci0VKyKEi6N_4core4hash3sipINtB5_6HasherNtB5_11Sip13RoundsENtB7_6Hasher5writeCs27UYLqoUkb6_4redb.0 iteration 14 file /home/runner/.rustup/toolchains/nightly-2025-11-21-x86_64-unknown-linux-gnu/lib/rustlib/src/rust/library/core/src/hash/sip.rs line 281 column 9 function <core::hash::sip::Hasher<core::hash::sip::Sip13Rounds> as std::hash::Hasher>::write thread 0
aborting path on assume(false) at file /home/runner/work/kani/kani/library/kani_core/src/models.rs line 176 column 17 function <usize as kani::rustc_intrinsics::ToISize>::to_isize thread 0
aborting path on assume(false) at file /home/runner/work/kani/kani/library/kani/src/lib.rs line 57 column 1 function <usize as kani::rustc_intrinsics::ToISize>::to_isize thread 0
aborting path on assume(false) at file /home/runner/work/kani/kani/library/kani/src/lib.rs line 57 column 1 function <usize as kani::rustc_intrinsics::ToISize>::to_isize thread 0
Unwinding loop _RNvXs3_NtNtCsci0VKyKEi6N_4core4hash3sipINtB5_6HasherNtB5_11Sip13RoundsENtB7_6Hasher5writeCs27UYLqoUkb6_4redb.0 iteration 15 file /home/runner/.rustup/toolchains/nightly-2025-11-21-x86_64-unknown-linux-gnu/lib/rustlib/src/rust/library/core/src/hash/sip.rs line 281 column 9 function <core::hash::sip::Hasher<core::hash::sip::Sip13Rounds> as std::hash::Hasher>::write thread 0
aborting path on assume(false) at file /home/runner/work/kani/kani/library/kani_core/src/models.rs line 176 column 17 function <usize as kani::rustc_intrinsics::ToISize>::to_isize thread 0
aborting path on assume(false) at file /home/runner/work/kani/kani/library/kani/src/lib.rs line 57 column 1 function <usize as kani::rustc_intrinsics::ToISize>::to_isize thread 0
aborting path on assume(false) at file /home/runner/work/kani/kani/library/kani/src/lib.rs line 57 column 1 function <usize as kani::rustc_intrinsics::ToISize>::to_isize thread 0
Not unwinding loop _RNvXs3_NtNtCsci0VKyKEi6N_4core4hash3sipINtB5_6HasherNtB5_11Sip13RoundsENtB7_6Hasher5writeCs27UYLqoUkb6_4redb.0 iteration 16 file /home/runner/.rustup/toolchains/nightly-2025-11-21-x86_64-unknown-linux-gnu/lib/rustlib/src/rust/library/core/src/hash/sip.rs line 281 column 9 function <core::hash::sip::Hasher<core::hash::sip::Sip13Rounds> as std::hash::Hasher>::write thread 0
aborting path on assume(false) at file /home/runner/work/kani/kani/library/kani_core/src/models.rs line 176 column 17 function <usize as kani::rustc_intrinsics::ToISize>::to_isize thread 0
aborting path on assume(false) at file /home/runner/work/kani/kani/library/kani/src/lib.rs line 57 column 1 function <usize as kani::rustc_intrinsics::ToISize>::to_isize thread 0
aborting path on assume(false) at file /home/runner/work/kani/kani/library/kani/src/lib.rs line 57 column 1 function <usize as kani::rustc_intrinsics::ToISize>::to_isize thread 0
aborting path on assume(false) at file /home/runner/work/kani/kani/library/kani_core/src/models.rs line 176 column 17 function <usize as kani::rustc_intrinsics::ToISize>::to_isize thread 0
aborting path on assume(false) at file /home/runner/work/kani/kani/library/kani/src/lib.rs line 57 column 1 function <usize as kani::rustc_intrinsics::ToISize>::to_isize thread 0
aborting path on assume(false) at file /home/runner/work/kani/kani/library/kani/src/lib.rs line 57 column 1 function <usize as kani::rustc_intrinsics::ToISize>::to_isize thread 0
aborting path on assume(false) at file /home/runner/work/kani/kani/library/kani/src/lib.rs line 57 column 1 function kani::mem::cbmc::same_allocation thread 0
aborting path on assume(false) at file /home/runner/work/kani/kani/library/kani/src/lib.rs line 57 column 1 function kani::mem::cbmc::same_allocation thread 0
Unwinding loop _RNvXs3_NtNtCsci0VKyKEi6N_4core4hash3sipINtB5_6HasherNtB5_11Sip13RoundsENtB7_6Hasher5writeCs27UYLqoUkb6_4redb.0 iteration 1 file /home/runner/.rustup/toolchains/nightly-2025-11-21-x86_64-unknown-linux-gnu/lib/rustlib/src/rust/library/core/src/hash/sip.rs line 281 column 9 function <core::hash::sip::Hasher<core::hash::sip::Sip13Rounds> as std::hash::Hasher>::write thread 0
aborting path on assume(false) at file /home/runner/work/kani/kani/library/kani/src/lib.rs line 57 column 1 function kani::mem::cbmc::same_allocation thread 0
Unwinding loop _RNvXs3_NtNtCsci0VKyKEi6N_4core4hash3sipINtB5_6HasherNtB5_11Sip13RoundsENtB7_6Hasher5writeCs27UYLqoUkb6_4redb.0 iteration 2 file /home/runner/.rustup/toolchains/nightly-2025-11-21-x86_64-unknown-linux-gnu/lib/rustlib/src/rust/library/core/src/hash/sip.rs line 281 column 9 function <core::hash::sip::Hasher<core::hash::sip::Sip13Rounds> as std::hash::Hasher>::write thread 0
aborting path on assume(false) at file /home/runner/work/kani/kani/library/kani/src/lib.rs line 57 column 1 function kani::mem::cbmc::same_allocation thread 0
Unwinding loop _RNvXs3_NtNtCsci0VKyKEi6N_4core4hash3sipINtB5_6HasherNtB5_11Sip13RoundsENtB7_6Hasher5writeCs27UYLqoUkb6_4redb.0 iteration 3 file /home/runner/.rustup/toolchains/nightly-2025-11-21-x86_64-unknown-linux-gnu/lib/rustlib/src/rust/library/core/src/hash/sip.rs line 281 column 9 function <core::hash::sip::Hasher<core::hash::sip::Sip13Rounds> as std::hash::Hasher>::write thread 0
aborting path on assume(false) at file /home/runner/work/kani/kani/library/kani/src/lib.rs line 57 column 1 function kani::mem::cbmc::same_allocation thread 0
Unwinding loop _RNvXs3_NtNtCsci0VKyKEi6N_4core4hash3sipINtB5_6HasherNtB5_11Sip13RoundsENtB7_6Hasher5writeCs27UYLqoUkb6_4redb.0 iteration 4 file /home/runner/.rustup/toolchains/nightly-2025-11-21-x86_64-unknown-linux-gnu/lib/rustlib/src/rust/library/core/src/hash/sip.rs line 281 column 9 function <core::hash::sip::Hasher<core::hash::sip::Sip13Rounds> as std::hash::Hasher>::write thread 0
aborting path on assume(false) at file /home/runner/work/kani/kani/library/kani/src/lib.rs line 57 column 1 function kani::mem::cbmc::same_allocation thread 0
Unwinding loop _RNvXs3_NtNtCsci0VKyKEi6N_4core4hash3sipINtB5_6HasherNtB5_11Sip13RoundsENtB7_6Hasher5writeCs27UYLqoUkb6_4redb.0 iteration 5 file /home/runner/.rustup/toolchains/nightly-2025-11-21-x86_64-unknown-linux-gnu/lib/rustlib/src/rust/library/core/src/hash/sip.rs line 281 column 9 function <core::hash::sip::Hasher<core::hash::sip::Sip13Rounds> as std::hash::Hasher>::write thread 0
aborting path on assume(false) at file /home/runner/work/kani/kani/library/kani/src/lib.rs line 57 column 1 function kani::mem::cbmc::same_allocation thread 0
Unwinding loop _RNvXs3_NtNtCsci0VKyKEi6N_4core4hash3sipINtB5_6HasherNtB5_11Sip13RoundsENtB7_6Hasher5writeCs27UYLqoUkb6_4redb.0 iteration 6 file /home/runner/.rustup/toolchains/nightly-2025-11-21-x86_64-unknown-linux-gnu/lib/rustlib/src/rust/library/core/src/hash/sip.rs line 281 column 9 function <core::hash::sip::Hasher<core::hash::sip::Sip13Rounds> as std::hash::Hasher>::write thread 0
aborting path on assume(false) at file /home/runner/work/kani/kani/library/kani/src/lib.rs line 57 column 1 function kani::mem::cbmc::same_allocation thread 0
Unwinding loop _RNvXs3_NtNtCsci0VKyKEi6N_4core4hash3sipINtB5_6HasherNtB5_11Sip13RoundsENtB7_6Hasher5writeCs27UYLqoUkb6_4redb.0 iteration 7 file /home/runner/.rustup/toolchains/nightly-2025-11-21-x86_64-unknown-linux-gnu/lib/rustlib/src/rust/library/core/src/hash/sip.rs line 281 column 9 function <core::hash::sip::Hasher<core::hash::sip::Sip13Rounds> as std::hash::Hasher>::write thread 0
aborting path on assume(false) at file /home/runner/work/kani/kani/library/kani/src/lib.rs line 57 column 1 function kani::mem::cbmc::same_allocation thread 0
Unwinding loop _RNvXs3_NtNtCsci0VKyKEi6N_4core4hash3sipINtB5_6HasherNtB5_11Sip13RoundsENtB7_6Hasher5writeCs27UYLqoUkb6_4redb.0 iteration 8 file /home/runner/.rustup/toolchains/nightly-2025-11-21-x86_64-unknown-linux-gnu/lib/rustlib/src/rust/library/core/src/hash/sip.rs line 281 column 9 function <core::hash::sip::Hasher<core::hash::sip::Sip13Rounds> as std::hash::Hasher>::write thread 0
aborting path on assume(false) at file /home/runner/work/kani/kani/library/kani/src/lib.rs line 57 column 1 function kani::mem::cbmc::same_allocation thread 0
Unwinding loop _RNvXs3_NtNtCsci0VKyKEi6N_4core4hash3sipINtB5_6HasherNtB5_11Sip13RoundsENtB7_6Hasher5writeCs27UYLqoUkb6_4redb.0 iteration 9 file /home/runner/.rustup/toolchains/nightly-2025-11-21-x86_64-unknown-linux-gnu/lib/rustlib/src/rust/library/core/src/hash/sip.rs line 281 column 9 function <core::hash::sip::Hasher<core::hash::sip::Sip13Rounds> as std::hash::Hasher>::write thread 0
aborting path on assume(false) at file /home/runner/work/kani/kani/library/kani/src/lib.rs line 57 column 1 function kani::mem::cbmc::same_allocation thread 0
Unwinding loop _RNvXs3_NtNtCsci0VKyKEi6N_4core4hash3sipINtB5_6HasherNtB5_11Sip13RoundsENtB7_6Hasher5writeCs27UYLqoUkb6_4redb.0 iteration 10 file /home/runner/.rustup/toolchains/nightly-2025-11-21-x86_64-unknown-linux-gnu/lib/rustlib/src/rust/library/core/src/hash/sip.rs line 281 column 9 function <core::hash::sip::Hasher<core::hash::sip::Sip13Rounds> as std::hash::Hasher>::write thread 0
aborting path on assume(false) at file /home/runner/work/kani/kani/library/kani/src/lib.rs line 57 column 1 function kani::mem::cbmc::same_allocation thread 0
Unwinding loop _RNvXs3_NtNtCsci0VKyKEi6N_4core4hash3sipINtB5_6HasherNtB5_11Sip13RoundsENtB7_6Hasher5writeCs27UYLqoUkb6_4redb.0 iteration 11 file /home/runner/.rustup/toolchains/nightly-2025-11-21-x86_64-unknown-linux-gnu/lib/rustlib/src/rust/library/core/src/hash/sip.rs line 281 column 9 function <core::hash::sip::Hasher<core::hash::sip::Sip13Rounds> as std::hash::Hasher>::write thread 0
aborting path on assume(false) at file /home/runner/work/kani/kani/library/kani/src/lib.rs line 57 column 1 function kani::mem::cbmc::same_allocation thread 0
Unwinding loop _RNvXs3_NtNtCsci0VKyKEi6N_4core4hash3sipINtB5_6HasherNtB5_11Sip13RoundsENtB7_6Hasher5writeCs27UYLqoUkb6_4redb.0 iteration 12 file /home/runner/.rustup/toolchains/nightly-2025-11-21-x86_64-unknown-linux-gnu/lib/rustlib/src/rust/library/core/src/hash/sip.rs line 281 column 9 function <core::hash::sip::Hasher<core::hash::sip::Sip13Rounds> as std::hash::Hasher>::write thread 0
aborting path on assume(false) at file /home/runner/work/kani/kani/library/kani/src/lib.rs line 57 column 1 function kani::mem::cbmc::same_allocation thread 0
Unwinding loop _RNvXs3_NtNtCsci0VKyKEi6N_4core4hash3sipINtB5_6HasherNtB5_11Sip13RoundsENtB7_6Hasher5writeCs27UYLqoUkb6_4redb.0 iteration 13 file /home/runner/.rustup/toolchains/nightly-2025-11-21-x86_64-unknown-linux-gnu/lib/rustlib/src/rust/library/core/src/hash/sip.rs line 281 column 9 function <core::hash::sip::Hasher<core::hash::sip::Sip13Rounds> as std::hash::Hasher>::write thread 0
aborting path on assume(false) at file /home/runner/work/kani/kani/library/kani/src/lib.rs line 57 column 1 function kani::mem::cbmc::same_allocation thread 0
Unwinding loop _RNvXs3_NtNtCsci0VKyKEi6N_4core4hash3sipINtB5_6HasherNtB5_11Sip13RoundsENtB7_6Hasher5writeCs27UYLqoUkb6_4redb.0 iteration 14 file /home/runner/.rustup/toolchains/nightly-2025-11-21-x86_64-unknown-linux-gnu/lib/rustlib/src/rust/library/core/src/hash/sip.rs line 281 column 9 function <core::hash::sip::Hasher<core::hash::sip::Sip13Rounds> as std::hash::Hasher>::write thread 0
aborting path on assume(false) at file /home/runner/work/kani/kani/library/kani/src/lib.rs line 57 column 1 function kani::mem::cbmc::same_allocation thread 0
Unwinding loop _RNvXs3_NtNtCsci0VKyKEi6N_4core4hash3sipINtB5_6HasherNtB5_11Sip13RoundsENtB7_6Hasher5writeCs27UYLqoUkb6_4redb.0 iteration 15 file /home/runner/.rustup/toolchains/nightly-2025-11-21-x86_64-unknown-linux-gnu/lib/rustlib/src/rust/library/core/src/hash/sip.rs line 281 column 9 function <core::hash::sip::Hasher<core::hash::sip::Sip13Rounds> as std::hash::Hasher>::write thread 0
aborting path on assume(false) at file /home/runner/work/kani/kani/library/kani/src/lib.rs line 57 column 1 function kani::mem::cbmc::same_allocation thread 0
Not unwinding loop _RNvXs3_NtNtCsci0VKyKEi6N_4core4hash3sipINtB5_6HasherNtB5_11Sip13RoundsENtB7_6Hasher5writeCs27UYLqoUkb6_4redb.0 iteration 16 file /home/runner/.rustup/toolchains/nightly-2025-11-21-x86_64-unknown-linux-gnu/lib/rustlib/src/rust/library/core/src/hash/sip.rs line 281 column 9 function <core::hash::sip::Hasher<core::hash::sip::Sip13Rounds> as std::hash::Hasher>::write thread 0
aborting path on assume(false) at file /home/runner/work/kani/kani/library/kani_core/src/models.rs line 176 column 17 function <usize as kani::rustc_intrinsics::ToISize>::to_isize thread 0
aborting path on assume(false) at file /home/runner/work/kani/kani/library/kani/src/lib.rs line 57 column 1 function <usize as kani::rustc_intrinsics::ToISize>::to_isize thread 0
aborting path on assume(false) at file /home/runner/work/kani/kani/library/kani/src/lib.rs line 57 column 1 function <usize as kani::rustc_intrinsics::ToISize>::to_isize thread 0
aborting path on assume(false) at file /home/runner/work/kani/kani/library/kani/src/lib.rs line 57 column 1 function kani::mem::cbmc::same_allocation thread 0
aborting path on assume(false) at file /home/runner/work/kani/kani/library/kani_core/src/models.rs line 176 column 17 function <usize as kani::rustc_intrinsics::ToISize>::to_isize thread 0
aborting path on assume(false) at file /home/runner/work/kani/kani/library/kani/src/lib.rs line 57 column 1 function <usize as kani::rustc_intrinsics::ToISize>::to_isize thread 0
aborting path on assume(false) at file /home/runner/work/kani/kani/library/kani/src/lib.rs line 57 column 1 function <usize as kani::rustc_intrinsics::ToISize>::to_isize thread 0
aborting path on assume(false) at file /home/runner/work/kani/kani/library/kani/src/lib.rs line 57 column 1 function kani::mem::cbmc::same_allocation thread 0
aborting path on assume(false) at file /home/runner/work/kani/kani/library/kani_core/src/models.rs line 176 column 17 function <usize as kani::rustc_intrinsics::ToISize>::to_isize thread 0
aborting path on assume(false) at file /home/runner/work/kani/kani/library/kani/src/lib.rs line 57 column 1 function <usize as kani::rustc_intrinsics::ToISize>::to_isize thread 0
aborting path on assume(false) at file /home/runner/work/kani/kani/library/kani/src/lib.rs line 57 column 1 function <usize as kani::rustc_intrinsics::ToISize>::to_isize thread 0
aborting path on assume(false) at file /home/runner/work/kani/kani/library/kani_core/src/models.rs line 176 column 17 function <usize as kani::rustc_intrinsics::ToISize>::to_isize thread 0
aborting path on assume(false) at file /home/runner/work/kani/kani/library/kani/src/lib.rs line 57 column 1 function <usize as kani::rustc_intrinsics::ToISize>::to_isize thread 0
aborting path on assume(false) at file /home/runner/work/kani/kani/library/kani/src/lib.rs line 57 column 1 function <usize as kani::rustc_intrinsics::ToISize>::to_isize thread 0
Unwinding loop _RNvXs3_NtNtCsci0VKyKEi6N_4core4hash3sipINtB5_6HasherNtB5_11Sip13RoundsENtB7_6Hasher5writeCs27UYLqoUkb6_4redb.0 iteration 1 file /home/runner/.rustup/toolchains/nightly-2025-11-21-x86_64-unknown-linux-gnu/lib/rustlib/src/rust/library/core/src/hash/sip.rs line 281 column 9 function <core::hash::sip::Hasher<core::hash::sip::Sip13Rounds> as std::hash::Hasher>::write thread 0
aborting path on assume(false) at file /home/runner/work/kani/kani/library/kani_core/src/models.rs line 176 column 17 function <usize as kani::rustc_intrinsics::ToISize>::to_isize thread 0
aborting path on assume(false) at file /home/runner/work/kani/kani/library/kani/src/lib.rs line 57 column 1 function <usize as kani::rustc_intrinsics::ToISize>::to_isize thread 0
aborting path on assume(false) at file /home/runner/work/kani/kani/library/kani/src/lib.rs line 57 column 1 function <usize as kani::rustc_intrinsics::ToISize>::to_isize thread 0
Unwinding loop _RNvXs3_NtNtCsci0VKyKEi6N_4core4hash3sipINtB5_6HasherNtB5_11Sip13RoundsENtB7_6Hasher5writeCs27UYLqoUkb6_4redb.0 iteration 2 file /home/runner/.rustup/toolchains/nightly-2025-11-21-x86_64-unknown-linux-gnu/lib/rustlib/src/rust/library/core/src/hash/sip.rs line 281 column 9 function <core::hash::sip::Hasher<core::hash::sip::Sip13Rounds> as std::hash::Hasher>::write thread 0
aborting path on assume(false) at file /home/runner/work/kani/kani/library/kani_core/src/models.rs line 176 column 17 function <usize as kani::rustc_intrinsics::ToISize>::to_isize thread 0
aborting path on assume(false) at file /home/runner/work/kani/kani/library/kani/src/lib.rs line 57 column 1 function <usize as kani::rustc_intrinsics::ToISize>::to_isize thread 0
aborting path on assume(false) at file /home/runner/work/kani/kani/library/kani/src/lib.rs line 57 column 1 function <usize as kani::rustc_intrinsics::ToISize>::to_isize thread 0
Unwinding loop _RNvXs3_NtNtCsci0VKyKEi6N_4core4hash3sipINtB5_6HasherNtB5_11Sip13RoundsENtB7_6Hasher5writeCs27UYLqoUkb6_4redb.0 iteration 3 file /home/runner/.rustup/toolchains/nightly-2025-11-21-x86_64-unknown-linux-gnu/lib/rustlib/src/rust/library/core/src/hash/sip.rs line 281 column 9 function <core::hash::sip::Hasher<core::hash::sip::Sip13Rounds> as std::hash::Hasher>::write thread 0
aborting path on assume(false) at file /home/runner/work/kani/kani/library/kani_core/src/models.rs line 176 column 17 function <usize as kani::rustc_intrinsics::ToISize>::to_isize thread 0
aborting path on assume(false) at file /home/runner/work/kani/kani/library/kani/src/lib.rs line 57 column 1 function <usize as kani::rustc_intrinsics::ToISize>::to_isize thread 0
aborting path on assume(false) at file /home/runner/work/kani/kani/library/kani/src/lib.rs line 57 column 1 function <usize as kani::rustc_intrinsics::ToISize>::to_isize thread 0
Unwinding loop _RNvXs3_NtNtCsci0VKyKEi6N_4core4hash3sipINtB5_6HasherNtB5_11Sip13RoundsENtB7_6Hasher5writeCs27UYLqoUkb6_4redb.0 iteration 4 file /home/runner/.rustup/toolchains/nightly-2025-11-21-x86_64-unknown-linux-gnu/lib/rustlib/src/rust/library/core/src/hash/sip.rs line 281 column 9 function <core::hash::sip::Hasher<core::hash::sip::Sip13Rounds> as std::hash::Hasher>::write thread 0
aborting path on assume(false) at file /home/runner/work/kani/kani/library/kani_core/src/models.rs line 176 column 17 function <usize as kani::rustc_intrinsics::ToISize>::to_isize thread 0
aborting path on assume(false) at file /home/runner/work/kani/kani/library/kani/src/lib.rs line 57 column 1 function <usize as kani::rustc_intrinsics::ToISize>::to_isize thread 0
aborting path on assume(false) at file /home/runner/work/kani/kani/library/kani/src/lib.rs line 57 column 1 function <usize as kani::rustc_intrinsics::ToISize>::to_isize thread 0
Unwinding loop _RNvXs3_NtNtCsci0VKyKEi6N_4core4hash3sipINtB5_6HasherNtB5_11Sip13RoundsENtB7_6Hasher5writeCs27UYLqoUkb6_4redb.0 iteration 5 file /home/runner/.rustup/toolchains/nightly-2025-11-21-x86_64-unknown-linux-gnu/lib/rustlib/src/rust/library/core/src/hash/sip.rs line 281 column 9 function <core::hash::sip::Hasher<core::hash::sip::Sip13Rounds> as std::hash::Hasher>::write thread 0
aborting path on assume(false) at file /home/runner/work/kani/kani/library/kani_core/src/models.rs line 176 column 17 function <usize as kani::rustc_intrinsics::ToISize>::to_isize thread 0
aborting path on assume(false) at file /home/runner/work/kani/kani/library/kani/src/lib.rs line 57 column 1 function <usize as kani::rustc_intrinsics::ToISize>::to_isize thread 0
aborting path on assume(false) at file /home/runner/work/kani/kani/library/kani/src/lib.rs line 57 column 1 function <usize as kani::rustc_intrinsics::ToISize>::to_isize thread 0
Unwinding loop _RNvXs3_NtNtCsci0VKyKEi6N_4core4hash3sipINtB5_6HasherNtB5_11Sip13RoundsENtB7_6Hasher5writeCs27UYLqoUkb6_4redb.0 iteration 6 file /home/runner/.rustup/toolchains/nightly-2025-11-21-x86_64-unknown-linux-gnu/lib/rustlib/src/rust/library/core/src/hash/sip.rs line 281 column 9 function <core::hash::sip::Hasher<core::hash::sip::Sip13Rounds> as std::hash::Hasher>::write thread 0
aborting path on assume(false) at file /home/runner/work/kani/kani/library/kani_core/src/models.rs line 176 column 17 function <usize as kani::rustc_intrinsics::ToISize>::to_isize thread 0
aborting path on assume(false) at file /home/runner/work/kani/kani/library/kani/src/lib.rs line 57 column 1 function <usize as kani::rustc_intrinsics::ToISize>::to_isize thread 0
aborting path on assume(false) at file /home/runner/work/kani/kani/library/kani/src/lib.rs line 57 column 1 function <usize as kani::rustc_intrinsics::ToISize>::to_isize thread 0
Unwinding loop _RNvXs3_NtNtCsci0VKyKEi6N_4core4hash3sipINtB5_6HasherNtB5_11Sip13RoundsENtB7_6Hasher5writeCs27UYLqoUkb6_4redb.0 iteration 7 file /home/runner/.rustup/toolchains/nightly-2025-11-21-x86_64-unknown-linux-gnu/lib/rustlib/src/rust/library/core/src/hash/sip.rs line 281 column 9 function <core::hash::sip::Hasher<core::hash::sip::Sip13Rounds> as std::hash::Hasher>::write thread 0
aborting path on assume(false) at file /home/runner/work/kani/kani/library/kani_core/src/models.rs line 176 column 17 function <usize as kani::rustc_intrinsics::ToISize>::to_isize thread 0
aborting path on assume(false) at file /home/runner/work/kani/kani/library/kani/src/lib.rs line 57 column 1 function <usize as kani::rustc_intrinsics::ToISize>::to_isize thread 0
aborting path on assume(false) at file /home/runner/work/kani/kani/library/kani/src/lib.rs line 57 column 1 function <usize as kani::rustc_intrinsics::ToISize>::to_isize thread 0
Unwinding loop _RNvXs3_NtNtCsci0VKyKEi6N_4core4hash3sipINtB5_6HasherNtB5_11Sip13RoundsENtB7_6Hasher5writeCs27UYLqoUkb6_4redb.0 iteration 8 file /home/runner/.rustup/toolchains/nightly-2025-11-21-x86_64-unknown-linux-gnu/lib/rustlib/src/rust/library/core/src/hash/sip.rs line 281 column 9 function <core::hash::sip::Hasher<core::hash::sip::Sip13Rounds> as std::hash::Hasher>::write thread 0
aborting path on assume(false) at file /home/runner/work/kani/kani/library/kani_core/src/models.rs line 176 column 17 function <usize as kani::rustc_intrinsics::ToISize>::to_isize thread 0
aborting path on assume(false) at file /home/runner/work/kani/kani/library/kani/src/lib.rs line 57 column 1 function <usize as kani::rustc_intrinsics::ToISize>::to_isize thread 0
aborting path on assume(false) at file /home/runner/work/kani/kani/library/kani/src/lib.rs line 57 column 1 function <usize as kani::rustc_intrinsics::ToISize>::to_isize thread 0
Unwinding loop _RNvXs3_NtNtCsci0VKyKEi6N_4core4hash3sipINtB5_6HasherNtB5_11Sip13RoundsENtB7_6Hasher5writeCs27UYLqoUkb6_4redb.0 iteration 9 file /home/runner/.rustup/toolchains/nightly-2025-11-21-x86_64-unknown-linux-gnu/lib/rustlib/src/rust/library/core/src/hash/sip.rs line 281 column 9 function <core::hash::sip::Hasher<core::hash::sip::Sip13Rounds> as std::hash::Hasher>::write thread 0
aborting path on assume(false) at file /home/runner/work/kani/kani/library/kani_core/src/models.rs line 176 column 17 function <usize as kani::rustc_intrinsics::ToISize>::to_isize thread 0
aborting path on assume(false) at file /home/runner/work/kani/kani/library/kani/src/lib.rs line 57 column 1 function <usize as kani::rustc_intrinsics::ToISize>::to_isize thread 0
aborting path on assume(false) at file /home/runner/work/kani/kani/library/kani/src/lib.rs line 57 column 1 function <usize as kani::rustc_intrinsics::ToISize>::to_isize thread 0
Unwinding loop _RNvXs3_NtNtCsci0VKyKEi6N_4core4hash3sipINtB5_6HasherNtB5_11Sip13RoundsENtB7_6Hasher5writeCs27UYLqoUkb6_4redb.0 iteration 10 file /home/runner/.rustup/toolchains/nightly-2025-11-21-x86_64-unknown-linux-gnu/lib/rustlib/src/rust/library/core/src/hash/sip.rs line 281 column 9 function <core::hash::sip::Hasher<core::hash::sip::Sip13Rounds> as std::hash::Hasher>::write thread 0
aborting path on assume(false) at file /home/runner/work/kani/kani/library/kani_core/src/models.rs line 176 column 17 function <usize as kani::rustc_intrinsics::ToISize>::to_isize thread 0
aborting path on assume(false) at file /home/runner/work/kani/kani/library/kani/src/lib.rs line 57 column 1 function <usize as kani::rustc_intrinsics::ToISize>::to_isize thread 0
aborting path on assume(false) at file /home/runner/work/kani/kani/library/kani/src/lib.rs line 57 column 1 function <usize as kani::rustc_intrinsics::ToISize>::to_isize thread 0
Unwinding loop _RNvXs3_NtNtCsci0VKyKEi6N_4core4hash3sipINtB5_6HasherNtB5_11Sip13RoundsENtB7_6Hasher5writeCs27UYLqoUkb6_4redb.0 iteration 11 file /home/runner/.rustup/toolchains/nightly-2025-11-21-x86_64-unknown-linux-gnu/lib/rustlib/src/rust/library/core/src/hash/sip.rs line 281 column 9 function <core::hash::sip::Hasher<core::hash::sip::Sip13Rounds> as std::hash::Hasher>::write thread 0
aborting path on assume(false) at file /home/runner/work/kani/kani/library/kani_core/src/models.rs line 176 column 17 function <usize as kani::rustc_intrinsics::ToISize>::to_isize thread 0
aborting path on assume(false) at file /home/runner/work/kani/kani/library/kani/src/lib.rs line 57 column 1 function <usize as kani::rustc_intrinsics::ToISize>::to_isize thread 0
aborting path on assume(false) at file /home/runner/work/kani/kani/library/kani/src/lib.rs line 57 column 1 function <usize as kani::rustc_intrinsics::ToISize>::to_isize thread 0
Unwinding loop _RNvXs3_NtNtCsci0VKyKEi6N_4core4hash3sipINtB5_6HasherNtB5_11Sip13RoundsENtB7_6Hasher5writeCs27UYLqoUkb6_4redb.0 iteration 12 file /home/runner/.rustup/toolchains/nightly-2025-11-21-x86_64-unknown-linux-gnu/lib/rustlib/src/rust/library/core/src/hash/sip.rs line 281 column 9 function <core::hash::sip::Hasher<core::hash::sip::Sip13Rounds> as std::hash::Hasher>::write thread 0
aborting path on assume(false) at file /home/runner/work/kani/kani/library/kani_core/src/models.rs line 176 column 17 function <usize as kani::rustc_intrinsics::ToISize>::to_isize thread 0
aborting path on assume(false) at file /home/runner/work/kani/kani/library/kani/src/lib.rs line 57 column 1 function <usize as kani::rustc_intrinsics::ToISize>::to_isize thread 0
aborting path on assume(false) at file /home/runner/work/kani/kani/library/kani/src/lib.rs line 57 column 1 function <usize as kani::rustc_intrinsics::ToISize>::to_isize thread 0
Unwinding loop _RNvXs3_NtNtCsci0VKyKEi6N_4core4hash3sipINtB5_6HasherNtB5_11Sip13RoundsENtB7_6Hasher5writeCs27UYLqoUkb6_4redb.0 iteration 13 file /home/runner/.rustup/toolchains/nightly-2025-11-21-x86_64-unknown-linux-gnu/lib/rustlib/src/rust/library/core/src/hash/sip.rs line 281 column 9 function <core::hash::sip::Hasher<core::hash::sip::Sip13Rounds> as std::hash::Hasher>::write thread 0
aborting path on assume(false) at file /home/runner/work/kani/kani/library/kani_core/src/models.rs line 176 column 17 function <usize as kani::rustc_intrinsics::ToISize>::to_isize thread 0
aborting path on assume(false) at file /home/runner/work/kani/kani/library/kani/src/lib.rs line 57 column 1 function <usize as kani::rustc_intrinsics::ToISize>::to_isize thread 0
aborting path on assume(false) at file /home/runner/work/kani/kani/library/kani/src/lib.rs line 57 column 1 function <usize as kani::rustc_intrinsics::ToISize>::to_isize thread 0
Unwinding loop _RNvXs3_NtNtCsci0VKyKEi6N_4core4hash3sipINtB5_6HasherNtB5_11Sip13RoundsENtB7_6Hasher5writeCs27UYLqoUkb6_4redb.0 iteration 14 file /home/runner/.rustup/toolchains/nightly-2025-11-21-x86_64-unknown-linux-gnu/lib/rustlib/src/rust/library/core/src/hash/sip.rs line 281 column 9 function <core::hash::sip::Hasher<core::hash::sip::Sip13Rounds> as std::hash::Hasher>::write thread 0
aborting path on assume(false) at file /home/runner/work/kani/kani/library/kani_core/src/models.rs line 176 column 17 function <usize as kani::rustc_intrinsics::ToISize>::to_isize thread 0
aborting path on assume(false) at file /home/runner/work/kani/kani/library/kani/src/lib.rs line 57 column 1 function <usize as kani::rustc_intrinsics::ToISize>::to_isize thread 0
aborting path on assume(false) at file /home/runner/work/kani/kani/library/kani/src/lib.rs line 57 column 1 function <usize as kani::rustc_intrinsics::ToISize>::to_isize thread 0
Unwinding loop _RNvXs3_NtNtCsci0VKyKEi6N_4core4hash3sipINtB5_6HasherNtB5_11Sip13RoundsENtB7_6Hasher5writeCs27UYLqoUkb6_4redb.0 iteration 15 file /home/runner/.rustup/toolchains/nightly-2025-11-21-x86_64-unknown-linux-gnu/lib/rustlib/src/rust/library/core/src/hash/sip.rs line 281 column 9 function <core::hash::sip::Hasher<core::hash::sip::Sip13Rounds> as std::hash::Hasher>::write thread 0
aborting path on assume(false) at file /home/runner/work/kani/kani/library/kani_core/src/models.rs line 176 column 17 function <usize as kani::rustc_intrinsics::ToISize>::to_isize thread 0
aborting path on assume(false) at file /home/runner/work/kani/kani/library/kani/src/lib.rs line 57 column 1 function <usize as kani::rustc_intrinsics::ToISize>::to_isize thread 0
aborting path on assume(false) at file /home/runner/work/kani/kani/library/kani/src/lib.rs line 57 column 1 function <usize as kani::rustc_intrinsics::ToISize>::to_isize thread 0
Not unwinding loop _RNvXs3_NtNtCsci0VKyKEi6N_4core4hash3sipINtB5_6HasherNtB5_11Sip13RoundsENtB7_6Hasher5writeCs27UYLqoUkb6_4redb.0 iteration 16 file /home/runner/.rustup/toolchains/nightly-2025-11-21-x86_64-unknown-linux-gnu/lib/rustlib/src/rust/library/core/src/hash/sip.rs line 281 column 9 function <core::hash::sip::Hasher<core::hash::sip::Sip13Rounds> as std::hash::Hasher>::write thread 0
aborting path on assume(false) at file /home/runner/work/kani/kani/library/kani_core/src/models.rs line 176 column 17 function <usize as kani::rustc_intrinsics::ToISize>::to_isize thread 0
aborting path on assume(false) at file /home/runner/work/kani/kani/library/kani/src/lib.rs line 57 column 1 function <usize as kani::rustc_intrinsics::ToISize>::to_isize thread 0
aborting path on assume(false) at file /home/runner/work/kani/kani/library/kani/src/lib.rs line 57 column 1 function <usize as kani::rustc_intrinsics::ToISize>::to_isize thread 0
aborting path on assume(false) at file /home/runner/work/kani/kani/library/kani_core/src/models.rs line 176 column 17 function <usize as kani::rustc_intrinsics::ToISize>::to_isize thread 0
aborting path on assume(false) at file /home/runner/work/kani/kani/library/kani/src/lib.rs line 57 column 1 function <usize as kani::rustc_intrinsics::ToISize>::to_isize thread 0
aborting path on assume(false) at file /home/runner/work/kani/kani/library/kani/src/lib.rs line 57 column 1 function <usize as kani::rustc_intrinsics::ToISize>::to_isize thread 0
aborting path on assume(false) at file /home/runner/.rustup/toolchains/nightly-2025-11-21-x86_64-unknown-linux-gnu/lib/rustlib/src/rust/library/core/src/slice/index.rs line 40 column 9 function core::slice::index::slice_index_fail::do_panic::runtime thread 0
aborting path on assume(false) at file /home/runner/.rustup/toolchains/nightly-2025-11-21-x86_64-unknown-linux-gnu/lib/rustlib/src/rust/library/core/src/intrinsics/mod.rs line 2449 column 9 function core::slice::index::slice_index_fail::do_panic thread 0
aborting path on assume(false) at file /home/runner/.rustup/toolchains/nightly-2025-11-21-x86_64-unknown-linux-gnu/lib/rustlib/src/rust/library/core/src/panic.rs line 178 column 9 function core::slice::index::slice_index_fail thread 0
aborting path on assume(false) at file /home/runner/.rustup/toolchains/nightly-2025-11-21-x86_64-unknown-linux-gnu/lib/rustlib/src/rust/library/core/src/slice/index.rs line 49 column 9 function core::slice::index::slice_index_fail::do_panic::runtime thread 0
aborting path on assume(false) at file /home/runner/.rustup/toolchains/nightly-2025-11-21-x86_64-unknown-linux-gnu/lib/rustlib/src/rust/library/core/src/intrinsics/mod.rs line 2449 column 9 function core::slice::index::slice_index_fail::do_panic thread 0
aborting path on assume(false) at file /home/runner/.rustup/toolchains/nightly-2025-11-21-x86_64-unknown-linux-gnu/lib/rustlib/src/rust/library/core/src/panic.rs line 178 column 9 function core::slice::index::slice_index_fail thread 0
aborting path on assume(false) at file /home/runner/.rustup/toolchains/nightly-2025-11-21-x86_64-unknown-linux-gnu/lib/rustlib/src/rust/library/core/src/slice/index.rs line 58 column 9 function core::slice::index::slice_index_fail::do_panic::runtime thread 0
aborting path on assume(false) at file /home/runner/.rustup/toolchains/nightly-2025-11-21-x86_64-unknown-linux-gnu/lib/rustlib/src/rust/library/core/src/intrinsics/mod.rs line 2449 column 9 function core::slice::index::slice_index_fail::do_panic thread 0
aborting path on assume(false) at file /home/runner/.rustup/toolchains/nightly-2025-11-21-x86_64-unknown-linux-gnu/lib/rustlib/src/rust/library/core/src/panic.rs line 178 column 9 function core::slice::index::slice_index_fail thread 0
aborting path on assume(false) at file /home/runner/.rustup/toolchains/nightly-2025-11-21-x86_64-unknown-linux-gnu/lib/rustlib/src/rust/library/core/src/slice/index.rs line 68 column 5 function core::slice::index::slice_index_fail::do_panic::runtime thread 0
aborting path on assume(false) at file /home/runner/.rustup/toolchains/nightly-2025-11-21-x86_64-unknown-linux-gnu/lib/rustlib/src/rust/library/core/src/intrinsics/mod.rs line 2449 column 9 function core::slice::index::slice_index_fail::do_panic thread 0
aborting path on assume(false) at file /home/runner/.rustup/toolchains/nightly-2025-11-21-x86_64-unknown-linux-gnu/lib/rustlib/src/rust/library/core/src/panic.rs line 178 column 9 function core::slice::index::slice_index_fail thread 0
aborting path on assume(false) at file /home/runner/.rustup/toolchains/nightly-2025-11-21-x86_64-unknown-linux-gnu/lib/rustlib/src/rust/library/core/src/slice/index.rs line 581 column 13 function <std::ops::RangeFrom<usize> as std::slice::SliceIndex<[u8]>>::index_mut thread 0
aborting path on assume(false) at file /home/runner/work/kani/kani/library/kani_core/src/models.rs line 176 column 17 function <usize as kani::rustc_intrinsics::ToISize>::to_isize thread 0
aborting path on assume(false) at file /home/runner/work/kani/kani/library/kani/src/lib.rs line 57 column 1 function <usize as kani::rustc_intrinsics::ToISize>::to_isize thread 0
aborting path on assume(false) at file /home/runner/work/kani/kani/library/kani/src/lib.rs line 57 column 1 function <usize as kani::rustc_intrinsics::ToISize>::to_isize thread 0
aborting path on assume(false) at file /home/runner/work/kani/kani/library/kani/src/lib.rs line 57 column 1 function kani::mem::cbmc::same_allocation thread 0
aborting path on assume(false) at file /home/runner/.rustup/toolchains/nightly-2025-11-21-x86_64-unknown-linux-gnu/lib/rustlib/src/rust/library/std/src/sys/random/linux.rs line 126 column 26 function std::sys::random::linux::getrandom thread 0
Unwinding loop _RNvNtNtNtCsh1i4bqfV5wd_3std3sys6random5linux9getrandom.0 iteration 11 file src/lib.rs line 0 column 0 function std::sys::random::linux::getrandom thread 0
aborting path on assume(false) at file /home/runner/.rustup/toolchains/nightly-2025-11-21-x86_64-unknown-linux-gnu/lib/rustlib/src/rust/library/std/src/sys/pal/unix/weak/syscall.rs line 7 column 9 function std::sys::random::linux::getrandom::getrandom thread 0
aborting path on assume(false) at file /home/runner/.cargo/registry/src/index.crates.io-1949cf8c6b5b557f/libc-0.2.177/src/unix/linux_like/linux/mod.rs line 6372 column 5 function std::sys::random::linux::getrandom::getrandom thread 0
aborting path on assume(false) at  thread 0
aborting path on assume(false) at file /home/runner/work/kani/kani/library/kani/src/lib.rs line 57 column 1 function kani::mem::cbmc::same_allocation thread 0
aborting path on assume(false) at file /home/runner/work/kani/kani/library/kani/src/lib.rs line 57 column 1 function kani::mem::cbmc::same_allocation thread 0
Unwinding loop _RNvXs3_NtNtCsci0VKyKEi6N_4core4hash3sipINtB5_6HasherNtB5_11Sip13RoundsENtB7_6Hasher5writeCs27UYLqoUkb6_4redb.0 iteration 1 file /home/runner/.rustup/toolchains/nightly-2025-11-21-x86_64-unknown-linux-gnu/lib/rustlib/src/rust/library/core/src/hash/sip.rs line 281 column 9 function <core::hash::sip::Hasher<core::hash::sip::Sip13Rounds> as std::hash::Hasher>::write thread 0
aborting path on assume(false) at file /home/runner/work/kani/kani/library/kani/src/lib.rs line 57 column 1 function kani::mem::cbmc::same_allocation thread 0
Unwinding loop _RNvXs3_NtNtCsci0VKyKEi6N_4core4hash3sipINtB5_6HasherNtB5_11Sip13RoundsENtB7_6Hasher5writeCs27UYLqoUkb6_4redb.0 iteration 2 file /home/runner/.rustup/toolchains/nightly-2025-11-21-x86_64-unknown-linux-gnu/lib/rustlib/src/rust/library/core/src/hash/sip.rs line 281 column 9 function <core::hash::sip::Hasher<core::hash::sip::Sip13Rounds> as std::hash::Hasher>::write thread 0
aborting path on assume(false) at file /home/runner/work/kani/kani/library/kani/src/lib.rs line 57 column 1 function kani::mem::cbmc::same_allocation thread 0
Unwinding loop _RNvXs3_NtNtCsci0VKyKEi6N_4core4hash3sipINtB5_6HasherNtB5_11Sip13RoundsENtB7_6Hasher5writeCs27UYLqoUkb6_4redb.0 iteration 3 file /home/runner/.rustup/toolchains/nightly-2025-11-21-x86_64-unknown-linux-gnu/lib/rustlib/src/rust/library/core/src/hash/sip.rs line 281 column 9 function <core::hash::sip::Hasher<core::hash::sip::Sip13Rounds> as std::hash::Hasher>::write thread 0
aborting path on assume(false) at file /home/runner/work/kani/kani/library/kani/src/lib.rs line 57 column 1 function kani::mem::cbmc::same_allocation thread 0
Unwinding loop _RNvXs3_NtNtCsci0VKyKEi6N_4core4hash3sipINtB5_6HasherNtB5_11Sip13RoundsENtB7_6Hasher5writeCs27UYLqoUkb6_4redb.0 iteration 4 file /home/runner/.rustup/toolchains/nightly-2025-11-21-x86_64-unknown-linux-gnu/lib/rustlib/src/rust/library/core/src/hash/sip.rs line 281 column 9 function <core::hash::sip::Hasher<core::hash::sip::Sip13Rounds> as std::hash::Hasher>::write thread 0
aborting path on assume(false) at file /home/runner/work/kani/kani/library/kani/src/lib.rs line 57 column 1 function kani::mem::cbmc::same_allocation thread 0
Unwinding loop _RNvXs3_NtNtCsci0VKyKEi6N_4core4hash3sipINtB5_6HasherNtB5_11Sip13RoundsENtB7_6Hasher5writeCs27UYLqoUkb6_4redb.0 iteration 5 file /home/runner/.rustup/toolchains/nightly-2025-11-21-x86_64-unknown-linux-gnu/lib/rustlib/src/rust/library/core/src/hash/sip.rs line 281 column 9 function <core::hash::sip::Hasher<core::hash::sip::Sip13Rounds> as std::hash::Hasher>::write thread 0
aborting path on assume(false) at file /home/runner/work/kani/kani/library/kani/src/lib.rs line 57 column 1 function kani::mem::cbmc::same_allocation thread 0
Unwinding loop _RNvXs3_NtNtCsci0VKyKEi6N_4core4hash3sipINtB5_6HasherNtB5_11Sip13RoundsENtB7_6Hasher5writeCs27UYLqoUkb6_4redb.0 iteration 6 file /home/runner/.rustup/toolchains/nightly-2025-11-21-x86_64-unknown-linux-gnu/lib/rustlib/src/rust/library/core/src/hash/sip.rs line 281 column 9 function <core::hash::sip::Hasher<core::hash::sip::Sip13Rounds> as std::hash::Hasher>::write thread 0
aborting path on assume(false) at file /home/runner/work/kani/kani/library/kani/src/lib.rs line 57 column 1 function kani::mem::cbmc::same_allocation thread 0
Unwinding loop _RNvXs3_NtNtCsci0VKyKEi6N_4core4hash3sipINtB5_6HasherNtB5_11Sip13RoundsENtB7_6Hasher5writeCs27UYLqoUkb6_4redb.0 iteration 7 file /home/runner/.rustup/toolchains/nightly-2025-11-21-x86_64-unknown-linux-gnu/lib/rustlib/src/rust/library/core/src/hash/sip.rs line 281 column 9 function <core::hash::sip::Hasher<core::hash::sip::Sip13Rounds> as std::hash::Hasher>::write thread 0
aborting path on assume(false) at file /home/runner/work/kani/kani/library/kani/src/lib.rs line 57 column 1 function kani::mem::cbmc::same_allocation thread 0
Unwinding loop _RNvXs3_NtNtCsci0VKyKEi6N_4core4hash3sipINtB5_6HasherNtB5_11Sip13RoundsENtB7_6Hasher5writeCs27UYLqoUkb6_4redb.0 iteration 8 file /home/runner/.rustup/toolchains/nightly-2025-11-21-x86_64-unknown-linux-gnu/lib/rustlib/src/rust/library/core/src/hash/sip.rs line 281 column 9 function <core::hash::sip::Hasher<core::hash::sip::Sip13Rounds> as std::hash::Hasher>::write thread 0
aborting path on assume(false) at file /home/runner/work/kani/kani/library/kani/src/lib.rs line 57 column 1 function kani::mem::cbmc::same_allocation thread 0
Unwinding loop _RNvXs3_NtNtCsci0VKyKEi6N_4core4hash3sipINtB5_6HasherNtB5_11Sip13RoundsENtB7_6Hasher5writeCs27UYLqoUkb6_4redb.0 iteration 9 file /home/runner/.rustup/toolchains/nightly-2025-11-21-x86_64-unknown-linux-gnu/lib/rustlib/src/rust/library/core/src/hash/sip.rs line 281 column 9 function <core::hash::sip::Hasher<core::hash::sip::Sip13Rounds> as std::hash::Hasher>::write thread 0
aborting path on assume(false) at file /home/runner/work/kani/kani/library/kani/src/lib.rs line 57 column 1 function kani::mem::cbmc::same_allocation thread 0
Unwinding loop _RNvXs3_NtNtCsci0VKyKEi6N_4core4hash3sipINtB5_6HasherNtB5_11Sip13RoundsENtB7_6Hasher5writeCs27UYLqoUkb6_4redb.0 iteration 10 file /home/runner/.rustup/toolchains/nightly-2025-11-21-x86_64-unknown-linux-gnu/lib/rustlib/src/rust/library/core/src/hash/sip.rs line 281 column 9 function <core::hash::sip::Hasher<core::hash::sip::Sip13Rounds> as std::hash::Hasher>::write thread 0
aborting path on assume(false) at file /home/runner/work/kani/kani/library/kani/src/lib.rs line 57 column 1 function kani::mem::cbmc::same_allocation thread 0
Unwinding loop _RNvXs3_NtNtCsci0VKyKEi6N_4core4hash3sipINtB5_6HasherNtB5_11Sip13RoundsENtB7_6Hasher5writeCs27UYLqoUkb6_4redb.0 iteration 11 file /home/runner/.rustup/toolchains/nightly-2025-11-21-x86_64-unknown-linux-gnu/lib/rustlib/src/rust/library/core/src/hash/sip.rs line 281 column 9 function <core::hash::sip::Hasher<core::hash::sip::Sip13Rounds> as std::hash::Hasher>::write thread 0
aborting path on assume(false) at file /home/runner/work/kani/kani/library/kani/src/lib.rs line 57 column 1 function kani::mem::cbmc::same_allocation thread 0
Unwinding loop _RNvXs3_NtNtCsci0VKyKEi6N_4core4hash3sipINtB5_6HasherNtB5_11Sip13RoundsENtB7_6Hasher5writeCs27UYLqoUkb6_4redb.0 iteration 12 file /home/runner/.rustup/toolchains/nightly-2025-11-21-x86_64-unknown-linux-gnu/lib/rustlib/src/rust/library/core/src/hash/sip.rs line 281 column 9 function <core::hash::sip::Hasher<core::hash::sip::Sip13Rounds> as std::hash::Hasher>::write thread 0
aborting path on assume(false) at file /home/runner/work/kani/kani/library/kani/src/lib.rs line 57 column 1 function kani::mem::cbmc::same_allocation thread 0
Unwinding loop _RNvXs3_NtNtCsci0VKyKEi6N_4core4hash3sipINtB5_6HasherNtB5_11Sip13RoundsENtB7_6Hasher5writeCs27UYLqoUkb6_4redb.0 iteration 13 file /home/runner/.rustup/toolchains/nightly-2025-11-21-x86_64-unknown-linux-gnu/lib/rustlib/src/rust/library/core/src/hash/sip.rs line 281 column 9 function <core::hash::sip::Hasher<core::hash::sip::Sip13Rounds> as std::hash::Hasher>::write thread 0
aborting path on assume(false) at file /home/runner/work/kani/kani/library/kani/src/lib.rs line 57 column 1 function kani::mem::cbmc::same_allocation thread 0
Unwinding loop _RNvXs3_NtNtCsci0VKyKEi6N_4core4hash3sipINtB5_6HasherNtB5_11Sip13RoundsENtB7_6Hasher5writeCs27UYLqoUkb6_4redb.0 iteration 14 file /home/runner/.rustup/toolchains/nightly-2025-11-21-x86_64-unknown-linux-gnu/lib/rustlib/src/rust/library/core/src/hash/sip.rs line 281 column 9 function <core::hash::sip::Hasher<core::hash::sip::Sip13Rounds> as std::hash::Hasher>::write thread 0
aborting path on assume(false) at file /home/runner/work/kani/kani/library/kani/src/lib.rs line 57 column 1 function kani::mem::cbmc::same_allocation thread 0
Unwinding loop _RNvXs3_NtNtCsci0VKyKEi6N_4core4hash3sipINtB5_6HasherNtB5_11Sip13RoundsENtB7_6Hasher5writeCs27UYLqoUkb6_4redb.0 iteration 15 file /home/runner/.rustup/toolchains/nightly-2025-11-21-x86_64-unknown-linux-gnu/lib/rustlib/src/rust/library/core/src/hash/sip.rs line 281 column 9 function <core::hash::sip::Hasher<core::hash::sip::Sip13Rounds> as std::hash::Hasher>::write thread 0
aborting path on assume(false) at file /home/runner/work/kani/kani/library/kani/src/lib.rs line 57 column 1 function kani::mem::cbmc::same_allocation thread 0
Not unwinding loop _RNvXs3_NtNtCsci0VKyKEi6N_4core4hash3sipINtB5_6HasherNtB5_11Sip13RoundsENtB7_6Hasher5writeCs27UYLqoUkb6_4redb.0 iteration 16 file /home/runner/.rustup/toolchains/nightly-2025-11-21-x86_64-unknown-linux-gnu/lib/rustlib/src/rust/library/core/src/hash/sip.rs line 281 column 9 function <core::hash::sip::Hasher<core::hash::sip::Sip13Rounds> as std::hash::Hasher>::write thread 0
aborting path on assume(false) at file /home/runner/work/kani/kani/library/kani_core/src/models.rs line 176 column 17 function <usize as kani::rustc_intrinsics::ToISize>::to_isize thread 0
aborting path on assume(false) at file /home/runner/work/kani/kani/library/kani/src/lib.rs line 57 column 1 function <usize as kani::rustc_intrinsics::ToISize>::to_isize thread 0
aborting path on assume(false) at file /home/runner/work/kani/kani/library/kani/src/lib.rs line 57 column 1 function <usize as kani::rustc_intrinsics::ToISize>::to_isize thread 0
aborting path on assume(false) at file /home/runner/work/kani/kani/library/kani/src/lib.rs line 57 column 1 function kani::mem::cbmc::same_allocation thread 0
aborting path on assume(false) at file /home/runner/work/kani/kani/library/kani_core/src/models.rs line 176 column 17 function <usize as kani::rustc_intrinsics::ToISize>::to_isize thread 0
aborting path on assume(false) at file /home/runner/work/kani/kani/library/kani/src/lib.rs line 57 column 1 function <usize as kani::rustc_intrinsics::ToISize>::to_isize thread 0
aborting path on assume(false) at file /home/runner/work/kani/kani/library/kani/src/lib.rs line 57 column 1 function <usize as kani::rustc_intrinsics::ToISize>::to_isize thread 0
aborting path on assume(false) at file /home/runner/work/kani/kani/library/kani/src/lib.rs line 57 column 1 function kani::mem::cbmc::same_allocation thread 0
aborting path on assume(false) at file /home/runner/work/kani/kani/library/kani_core/src/models.rs line 176 column 17 function <usize as kani::rustc_intrinsics::ToISize>::to_isize thread 0
aborting path on assume(false) at file /home/runner/work/kani/kani/library/kani/src/lib.rs line 57 column 1 function <usize as kani::rustc_intrinsics::ToISize>::to_isize thread 0
aborting path on assume(false) at file /home/runner/work/kani/kani/library/kani/src/lib.rs line 57 column 1 function <usize as kani::rustc_intrinsics::ToISize>::to_isize thread 0
aborting path on assume(false) at file /home/runner/work/kani/kani/library/kani_core/src/models.rs line 176 column 17 function <usize as kani::rustc_intrinsics::ToISize>::to_isize thread 0
aborting path on assume(false) at file /home/runner/work/kani/kani/library/kani/src/lib.rs line 57 column 1 function <usize as kani::rustc_intrinsics::ToISize>::to_isize thread 0
aborting path on assume(false) at file /home/runner/work/kani/kani/library/kani/src/lib.rs line 57 column 1 function <usize as kani::rustc_intrinsics::ToISize>::to_isize thread 0
Unwinding loop _RNvXs3_NtNtCsci0VKyKEi6N_4core4hash3sipINtB5_6HasherNtB5_11Sip13RoundsENtB7_6Hasher5writeCs27UYLqoUkb6_4redb.0 iteration 1 file /home/runner/.rustup/toolchains/nightly-2025-11-21-x86_64-unknown-linux-gnu/lib/rustlib/src/rust/library/core/src/hash/sip.rs line 281 column 9 function <core::hash::sip::Hasher<core::hash::sip::Sip13Rounds> as std::hash::Hasher>::write thread 0
aborting path on assume(false) at file /home/runner/work/kani/kani/library/kani_core/src/models.rs line 176 column 17 function <usize as kani::rustc_intrinsics::ToISize>::to_isize thread 0
aborting path on assume(false) at file /home/runner/work/kani/kani/library/kani/src/lib.rs line 57 column 1 function <usize as kani::rustc_intrinsics::ToISize>::to_isize thread 0
aborting path on assume(false) at file /home/runner/work/kani/kani/library/kani/src/lib.rs line 57 column 1 function <usize as kani::rustc_intrinsics::ToISize>::to_isize thread 0
Unwinding loop _RNvXs3_NtNtCsci0VKyKEi6N_4core4hash3sipINtB5_6HasherNtB5_11Sip13RoundsENtB7_6Hasher5writeCs27UYLqoUkb6_4redb.0 iteration 2 file /home/runner/.rustup/toolchains/nightly-2025-11-21-x86_64-unknown-linux-gnu/lib/rustlib/src/rust/library/core/src/hash/sip.rs line 281 column 9 function <core::hash::sip::Hasher<core::hash::sip::Sip13Rounds> as std::hash::Hasher>::write thread 0
aborting path on assume(false) at file /home/runner/work/kani/kani/library/kani_core/src/models.rs line 176 column 17 function <usize as kani::rustc_intrinsics::ToISize>::to_isize thread 0
aborting path on assume(false) at file /home/runner/work/kani/kani/library/kani/src/lib.rs line 57 column 1 function <usize as kani::rustc_intrinsics::ToISize>::to_isize thread 0
aborting path on assume(false) at file /home/runner/work/kani/kani/library/kani/src/lib.rs line 57 column 1 function <usize as kani::rustc_intrinsics::ToISize>::to_isize thread 0
Unwinding loop _RNvXs3_NtNtCsci0VKyKEi6N_4core4hash3sipINtB5_6HasherNtB5_11Sip13RoundsENtB7_6Hasher5writeCs27UYLqoUkb6_4redb.0 iteration 3 file /home/runner/.rustup/toolchains/nightly-2025-11-21-x86_64-unknown-linux-gnu/lib/rustlib/src/rust/library/core/src/hash/sip.rs line 281 column 9 function <core::hash::sip::Hasher<core::hash::sip::Sip13Rounds> as std::hash::Hasher>::write thread 0
aborting path on assume(false) at file /home/runner/work/kani/kani/library/kani_core/src/models.rs line 176 column 17 function <usize as kani::rustc_intrinsics::ToISize>::to_isize thread 0
aborting path on assume(false) at file /home/runner/work/kani/kani/library/kani/src/lib.rs line 57 column 1 function <usize as kani::rustc_intrinsics::ToISize>::to_isize thread 0
aborting path on assume(false) at file /home/runner/work/kani/kani/library/kani/src/lib.rs line 57 column 1 function <usize as kani::rustc_intrinsics::ToISize>::to_isize thread 0
Unwinding loop _RNvXs3_NtNtCsci0VKyKEi6N_4core4hash3sipINtB5_6HasherNtB5_11Sip13RoundsENtB7_6Hasher5writeCs27UYLqoUkb6_4redb.0 iteration 4 file /home/runner/.rustup/toolchains/nightly-2025-11-21-x86_64-unknown-linux-gnu/lib/rustlib/src/rust/library/core/src/hash/sip.rs line 281 column 9 function <core::hash::sip::Hasher<core::hash::sip::Sip13Rounds> as std::hash::Hasher>::write thread 0
aborting path on assume(false) at file /home/runner/work/kani/kani/library/kani_core/src/models.rs line 176 column 17 function <usize as kani::rustc_intrinsics::ToISize>::to_isize thread 0
aborting path on assume(false) at file /home/runner/work/kani/kani/library/kani/src/lib.rs line 57 column 1 function <usize as kani::rustc_intrinsics::ToISize>::to_isize thread 0
aborting path on assume(false) at file /home/runner/work/kani/kani/library/kani/src/lib.rs line 57 column 1 function <usize as kani::rustc_intrinsics::ToISize>::to_isize thread 0
Unwinding loop _RNvXs3_NtNtCsci0VKyKEi6N_4core4hash3sipINtB5_6HasherNtB5_11Sip13RoundsENtB7_6Hasher5writeCs27UYLqoUkb6_4redb.0 iteration 5 file /home/runner/.rustup/toolchains/nightly-2025-11-21-x86_64-unknown-linux-gnu/lib/rustlib/src/rust/library/core/src/hash/sip.rs line 281 column 9 function <core::hash::sip::Hasher<core::hash::sip::Sip13Rounds> as std::hash::Hasher>::write thread 0
aborting path on assume(false) at file /home/runner/work/kani/kani/library/kani_core/src/models.rs line 176 column 17 function <usize as kani::rustc_intrinsics::ToISize>::to_isize thread 0
aborting path on assume(false) at file /home/runner/work/kani/kani/library/kani/src/lib.rs line 57 column 1 function <usize as kani::rustc_intrinsics::ToISize>::to_isize thread 0
aborting path on assume(false) at file /home/runner/work/kani/kani/library/kani/src/lib.rs line 57 column 1 function <usize as kani::rustc_intrinsics::ToISize>::to_isize thread 0
Unwinding loop _RNvXs3_NtNtCsci0VKyKEi6N_4core4hash3sipINtB5_6HasherNtB5_11Sip13RoundsENtB7_6Hasher5writeCs27UYLqoUkb6_4redb.0 iteration 6 file /home/runner/.rustup/toolchains/nightly-2025-11-21-x86_64-unknown-linux-gnu/lib/rustlib/src/rust/library/core/src/hash/sip.rs line 281 column 9 function <core::hash::sip::Hasher<core::hash::sip::Sip13Rounds> as std::hash::Hasher>::write thread 0
aborting path on assume(false) at file /home/runner/work/kani/kani/library/kani_core/src/models.rs line 176 column 17 function <usize as kani::rustc_intrinsics::ToISize>::to_isize thread 0
aborting path on assume(false) at file /home/runner/work/kani/kani/library/kani/src/lib.rs line 57 column 1 function <usize as kani::rustc_intrinsics::ToISize>::to_isize thread 0
aborting path on assume(false) at file /home/runner/work/kani/kani/library/kani/src/lib.rs line 57 column 1 function <usize as kani::rustc_intrinsics::ToISize>::to_isize thread 0
Unwinding loop _RNvXs3_NtNtCsci0VKyKEi6N_4core4hash3sipINtB5_6HasherNtB5_11Sip13RoundsENtB7_6Hasher5writeCs27UYLqoUkb6_4redb.0 iteration 7 file /home/runner/.rustup/toolchains/nightly-2025-11-21-x86_64-unknown-linux-gnu/lib/rustlib/src/rust/library/core/src/hash/sip.rs line 281 column 9 function <core::hash::sip::Hasher<core::hash::sip::Sip13Rounds> as std::hash::Hasher>::write thread 0
aborting path on assume(false) at file /home/runner/work/kani/kani/library/kani_core/src/models.rs line 176 column 17 function <usize as kani::rustc_intrinsics::ToISize>::to_isize thread 0
aborting path on assume(false) at file /home/runner/work/kani/kani/library/kani/src/lib.rs line 57 column 1 function <usize as kani::rustc_intrinsics::ToISize>::to_isize thread 0
aborting path on assume(false) at file /home/runner/work/kani/kani/library/kani/src/lib.rs line 57 column 1 function <usize as kani::rustc_intrinsics::ToISize>::to_isize thread 0
Unwinding loop _RNvXs3_NtNtCsci0VKyKEi6N_4core4hash3sipINtB5_6HasherNtB5_11Sip13RoundsENtB7_6Hasher5writeCs27UYLqoUkb6_4redb.0 iteration 8 file /home/runner/.rustup/toolchains/nightly-2025-11-21-x86_64-unknown-linux-gnu/lib/rustlib/src/rust/library/core/src/hash/sip.rs line 281 column 9 function <core::hash::sip::Hasher<core::hash::sip::Sip13Rounds> as std::hash::Hasher>::write thread 0
aborting path on assume(false) at file /home/runner/work/kani/kani/library/kani_core/src/models.rs line 176 column 17 function <usize as kani::rustc_intrinsics::ToISize>::to_isize thread 0
aborting path on assume(false) at file /home/runner/work/kani/kani/library/kani/src/lib.rs line 57 column 1 function <usize as kani::rustc_intrinsics::ToISize>::to_isize thread 0
aborting path on assume(false) at file /home/runner/work/kani/kani/library/kani/src/lib.rs line 57 column 1 function <usize as kani::rustc_intrinsics::ToISize>::to_isize thread 0
Unwinding loop _RNvXs3_NtNtCsci0VKyKEi6N_4core4hash3sipINtB5_6HasherNtB5_11Sip13RoundsENtB7_6Hasher5writeCs27UYLqoUkb6_4redb.0 iteration 9 file /home/runner/.rustup/toolchains/nightly-2025-11-21-x86_64-unknown-linux-gnu/lib/rustlib/src/rust/library/core/src/hash/sip.rs line 281 column 9 function <core::hash::sip::Hasher<core::hash::sip::Sip13Rounds> as std::hash::Hasher>::write thread 0
aborting path on assume(false) at file /home/runner/work/kani/kani/library/kani_core/src/models.rs line 176 column 17 function <usize as kani::rustc_intrinsics::ToISize>::to_isize thread 0
aborting path on assume(false) at file /home/runner/work/kani/kani/library/kani/src/lib.rs line 57 column 1 function <usize as kani::rustc_intrinsics::ToISize>::to_isize thread 0
aborting path on assume(false) at file /home/runner/work/kani/kani/library/kani/src/lib.rs line 57 column 1 function <usize as kani::rustc_intrinsics::ToISize>::to_isize thread 0
Unwinding loop _RNvXs3_NtNtCsci0VKyKEi6N_4core4hash3sipINtB5_6HasherNtB5_11Sip13RoundsENtB7_6Hasher5writeCs27UYLqoUkb6_4redb.0 iteration 10 file /home/runner/.rustup/toolchains/nightly-2025-11-21-x86_64-unknown-linux-gnu/lib/rustlib/src/rust/library/core/src/hash/sip.rs line 281 column 9 function <core::hash::sip::Hasher<core::hash::sip::Sip13Rounds> as std::hash::Hasher>::write thread 0
aborting path on assume(false) at file /home/runner/work/kani/kani/library/kani_core/src/models.rs line 176 column 17 function <usize as kani::rustc_intrinsics::ToISize>::to_isize thread 0
aborting path on assume(false) at file /home/runner/work/kani/kani/library/kani/src/lib.rs line 57 column 1 function <usize as kani::rustc_intrinsics::ToISize>::to_isize thread 0
aborting path on assume(false) at file /home/runner/work/kani/kani/library/kani/src/lib.rs line 57 column 1 function <usize as kani::rustc_intrinsics::ToISize>::to_isize thread 0
Unwinding loop _RNvXs3_NtNtCsci0VKyKEi6N_4core4hash3sipINtB5_6HasherNtB5_11Sip13RoundsENtB7_6Hasher5writeCs27UYLqoUkb6_4redb.0 iteration 11 file /home/runner/.rustup/toolchains/nightly-2025-11-21-x86_64-unknown-linux-gnu/lib/rustlib/src/rust/library/core/src/hash/sip.rs line 281 column 9 function <core::hash::sip::Hasher<core::hash::sip::Sip13Rounds> as std::hash::Hasher>::write thread 0
aborting path on assume(false) at file /home/runner/work/kani/kani/library/kani_core/src/models.rs line 176 column 17 function <usize as kani::rustc_intrinsics::ToISize>::to_isize thread 0
aborting path on assume(false) at file /home/runner/work/kani/kani/library/kani/src/lib.rs line 57 column 1 function <usize as kani::rustc_intrinsics::ToISize>::to_isize thread 0
aborting path on assume(false) at file /home/runner/work/kani/kani/library/kani/src/lib.rs line 57 column 1 function <usize as kani::rustc_intrinsics::ToISize>::to_isize thread 0
Unwinding loop _RNvXs3_NtNtCsci0VKyKEi6N_4core4hash3sipINtB5_6HasherNtB5_11Sip13RoundsENtB7_6Hasher5writeCs27UYLqoUkb6_4redb.0 iteration 12 file /home/runner/.rustup/toolchains/nightly-2025-11-21-x86_64-unknown-linux-gnu/lib/rustlib/src/rust/library/core/src/hash/sip.rs line 281 column 9 function <core::hash::sip::Hasher<core::hash::sip::Sip13Rounds> as std::hash::Hasher>::write thread 0
aborting path on assume(false) at file /home/runner/work/kani/kani/library/kani_core/src/models.rs line 176 column 17 function <usize as kani::rustc_intrinsics::ToISize>::to_isize thread 0
aborting path on assume(false) at file /home/runner/work/kani/kani/library/kani/src/lib.rs line 57 column 1 function <usize as kani::rustc_intrinsics::ToISize>::to_isize thread 0
aborting path on assume(false) at file /home/runner/work/kani/kani/library/kani/src/lib.rs line 57 column 1 function <usize as kani::rustc_intrinsics::ToISize>::to_isize thread 0
Unwinding loop _RNvXs3_NtNtCsci0VKyKEi6N_4core4hash3sipINtB5_6HasherNtB5_11Sip13RoundsENtB7_6Hasher5writeCs27UYLqoUkb6_4redb.0 iteration 13 file /home/runner/.rustup/toolchains/nightly-2025-11-21-x86_64-unknown-linux-gnu/lib/rustlib/src/rust/library/core/src/hash/sip.rs line 281 column 9 function <core::hash::sip::Hasher<core::hash::sip::Sip13Rounds> as std::hash::Hasher>::write thread 0
aborting path on assume(false) at file /home/runner/work/kani/kani/library/kani_core/src/models.rs line 176 column 17 function <usize as kani::rustc_intrinsics::ToISize>::to_isize thread 0
aborting path on assume(false) at file /home/runner/work/kani/kani/library/kani/src/lib.rs line 57 column 1 function <usize as kani::rustc_intrinsics::ToISize>::to_isize thread 0
aborting path on assume(false) at file /home/runner/work/kani/kani/library/kani/src/lib.rs line 57 column 1 function <usize as kani::rustc_intrinsics::ToISize>::to_isize thread 0
Unwinding loop _RNvXs3_NtNtCsci0VKyKEi6N_4core4hash3sipINtB5_6HasherNtB5_11Sip13RoundsENtB7_6Hasher5writeCs27UYLqoUkb6_4redb.0 iteration 14 file /home/runner/.rustup/toolchains/nightly-2025-11-21-x86_64-unknown-linux-gnu/lib/rustlib/src/rust/library/core/src/hash/sip.rs line 281 column 9 function <core::hash::sip::Hasher<core::hash::sip::Sip13Rounds> as std::hash::Hasher>::write thread 0
aborting path on assume(false) at file /home/runner/work/kani/kani/library/kani_core/src/models.rs line 176 column 17 function <usize as kani::rustc_intrinsics::ToISize>::to_isize thread 0
aborting path on assume(false) at file /home/runner/work/kani/kani/library/kani/src/lib.rs line 57 column 1 function <usize as kani::rustc_intrinsics::ToISize>::to_isize thread 0
aborting path on assume(false) at file /home/runner/work/kani/kani/library/kani/src/lib.rs line 57 column 1 function <usize as kani::rustc_intrinsics::ToISize>::to_isize thread 0
Unwinding loop _RNvXs3_NtNtCsci0VKyKEi6N_4core4hash3sipINtB5_6HasherNtB5_11Sip13RoundsENtB7_6Hasher5writeCs27UYLqoUkb6_4redb.0 iteration 15 file /home/runner/.rustup/toolchains/nightly-2025-11-21-x86_64-unknown-linux-gnu/lib/rustlib/src/rust/library/core/src/hash/sip.rs line 281 column 9 function <core::hash::sip::Hasher<core::hash::sip::Sip13Rounds> as std::hash::Hasher>::write thread 0
aborting path on assume(false) at file /home/runner/work/kani/kani/library/kani_core/src/models.rs line 176 column 17 function <usize as kani::rustc_intrinsics::ToISize>::to_isize thread 0
aborting path on assume(false) at file /home/runner/work/kani/kani/library/kani/src/lib.rs line 57 column 1 function <usize as kani::rustc_intrinsics::ToISize>::to_isize thread 0
aborting path on assume(false) at file /home/runner/work/kani/kani/library/kani/src/lib.rs line 57 column 1 function <usize as kani::rustc_intrinsics::ToISize>::to_isize thread 0
Not unwinding loop _RNvXs3_NtNtCsci0VKyKEi6N_4core4hash3sipINtB5_6HasherNtB5_11Sip13RoundsENtB7_6Hasher5writeCs27UYLqoUkb6_4redb.0 iteration 16 file /home/runner/.rustup/toolchains/nightly-2025-11-21-x86_64-unknown-linux-gnu/lib/rustlib/src/rust/library/core/src/hash/sip.rs line 281 column 9 function <core::hash::sip::Hasher<core::hash::sip::Sip13Rounds> as std::hash::Hasher>::write thread 0
aborting path on assume(false) at file /home/runner/work/kani/kani/library/kani_core/src/models.rs line 176 column 17 function <usize as kani::rustc_intrinsics::ToISize>::to_isize thread 0
aborting path on assume(false) at file /home/runner/work/kani/kani/library/kani/src/lib.rs line 57 column 1 function <usize as kani::rustc_intrinsics::ToISize>::to_isize thread 0
aborting path on assume(false) at file /home/runner/work/kani/kani/library/kani/src/lib.rs line 57 column 1 function <usize as kani::rustc_intrinsics::ToISize>::to_isize thread 0
aborting path on assume(false) at file /home/runner/work/kani/kani/library/kani_core/src/models.rs line 176 column 17 function <usize as kani::rustc_intrinsics::ToISize>::to_isize thread 0
aborting path on assume(false) at file /home/runner/work/kani/kani/library/kani/src/lib.rs line 57 column 1 function <usize as kani::rustc_intrinsics::ToISize>::to_isize thread 0
aborting path on assume(false) at file /home/runner/work/kani/kani/library/kani/src/lib.rs line 57 column 1 function <usize as kani::rustc_intrinsics::ToISize>::to_isize thread 0
aborting path on assume(false) at file /home/runner/work/kani/kani/library/kani/src/lib.rs line 57 column 1 function kani::mem::cbmc::same_allocation thread 0
aborting path on assume(false) at file /home/runner/work/kani/kani/library/kani/src/lib.rs line 57 column 1 function kani::mem::cbmc::same_allocation thread 0
Unwinding loop _RNvXs3_NtNtCsci0VKyKEi6N_4core4hash3sipINtB5_6HasherNtB5_11Sip13RoundsENtB7_6Hasher5writeCs27UYLqoUkb6_4redb.0 iteration 1 file /home/runner/.rustup/toolchains/nightly-2025-11-21-x86_64-unknown-linux-gnu/lib/rustlib/src/rust/library/core/src/hash/sip.rs line 281 column 9 function <core::hash::sip::Hasher<core::hash::sip::Sip13Rounds> as std::hash::Hasher>::write thread 0
aborting path on assume(false) at file /home/runner/work/kani/kani/library/kani/src/lib.rs line 57 column 1 function kani::mem::cbmc::same_allocation thread 0
Unwinding loop _RNvXs3_NtNtCsci0VKyKEi6N_4core4hash3sipINtB5_6HasherNtB5_11Sip13RoundsENtB7_6Hasher5writeCs27UYLqoUkb6_4redb.0 iteration 2 file /home/runner/.rustup/toolchains/nightly-2025-11-21-x86_64-unknown-linux-gnu/lib/rustlib/src/rust/library/core/src/hash/sip.rs line 281 column 9 function <core::hash::sip::Hasher<core::hash::sip::Sip13Rounds> as std::hash::Hasher>::write thread 0
aborting path on assume(false) at file /home/runner/work/kani/kani/library/kani/src/lib.rs line 57 column 1 function kani::mem::cbmc::same_allocation thread 0
Unwinding loop _RNvXs3_NtNtCsci0VKyKEi6N_4core4hash3sipINtB5_6HasherNtB5_11Sip13RoundsENtB7_6Hasher5writeCs27UYLqoUkb6_4redb.0 iteration 3 file /home/runner/.rustup/toolchains/nightly-2025-11-21-x86_64-unknown-linux-gnu/lib/rustlib/src/rust/library/core/src/hash/sip.rs line 281 column 9 function <core::hash::sip::Hasher<core::hash::sip::Sip13Rounds> as std::hash::Hasher>::write thread 0
aborting path on assume(false) at file /home/runner/work/kani/kani/library/kani/src/lib.rs line 57 column 1 function kani::mem::cbmc::same_allocation thread 0
Unwinding loop _RNvXs3_NtNtCsci0VKyKEi6N_4core4hash3sipINtB5_6HasherNtB5_11Sip13RoundsENtB7_6Hasher5writeCs27UYLqoUkb6_4redb.0 iteration 4 file /home/runner/.rustup/toolchains/nightly-2025-11-21-x86_64-unknown-linux-gnu/lib/rustlib/src/rust/library/core/src/hash/sip.rs line 281 column 9 function <core::hash::sip::Hasher<core::hash::sip::Sip13Rounds> as std::hash::Hasher>::write thread 0
aborting path on assume(false) at file /home/runner/work/kani/kani/library/kani/src/lib.rs line 57 column 1 function kani::mem::cbmc::same_allocation thread 0
Unwinding loop _RNvXs3_NtNtCsci0VKyKEi6N_4core4hash3sipINtB5_6HasherNtB5_11Sip13RoundsENtB7_6Hasher5writeCs27UYLqoUkb6_4redb.0 iteration 5 file /home/runner/.rustup/toolchains/nightly-2025-11-21-x86_64-unknown-linux-gnu/lib/rustlib/src/rust/library/core/src/hash/sip.rs line 281 column 9 function <core::hash::sip::Hasher<core::hash::sip::Sip13Rounds> as std::hash::Hasher>::write thread 0
aborting path on assume(false) at file /home/runner/work/kani/kani/library/kani/src/lib.rs line 57 column 1 function kani::mem::cbmc::same_allocation thread 0
Unwinding loop _RNvXs3_NtNtCsci0VKyKEi6N_4core4hash3sipINtB5_6HasherNtB5_11Sip13RoundsENtB7_6Hasher5writeCs27UYLqoUkb6_4redb.0 iteration 6 file /home/runner/.rustup/toolchains/nightly-2025-11-21-x86_64-unknown-linux-gnu/lib/rustlib/src/rust/library/core/src/hash/sip.rs line 281 column 9 function <core::hash::sip::Hasher<core::hash::sip::Sip13Rounds> as std::hash::Hasher>::write thread 0
aborting path on assume(false) at file /home/runner/work/kani/kani/library/kani/src/lib.rs line 57 column 1 function kani::mem::cbmc::same_allocation thread 0
Command exited with non-zero status 124
	Command being timed: "timeout 5m cargo kani --harness kani_policy_tier_ceiling"
	User time (seconds): 0.02
	System time (seconds): 0.02
	Percent of CPU this job got: 0%
	Elapsed (wall clock) time (h:mm:ss or m:ss): 5:00.00
	Average shared text size (kbytes): 0
	Average unshared data size (kbytes): 0
	Average stack size (kbytes): 0
	Average total size (kbytes): 0
	Maximum resident set size (kbytes): 15832
	Average resident set size (kbytes): 0
	Major (requiring I/O) page faults: 0
	Minor (reclaiming a frame) page faults: 2159
	Voluntary context switches: 32
	Involuntary context switches: 3
	Swaps: 0
	File system inputs: 0
	File system outputs: 0
	Socket messages sent: 0
	Socket messages received: 0
	Signals delivered: 0
	Page size (bytes): 4096
	Exit status: 124
