Kani Rust Verifier 0.67.0 (cargo plugin)
   Compiling edisondb v0.6.0-p3m9 (/tmp/edisondb-fv3-count-reaudit)
warning: Found the following unsupported constructs:
             - caller_location (1)
             - foreign function (2)
         
         Verification will fail if one or more of these constructs is reachable.
         See https://model-checking.github.io/kani/rust-feature-support.html for more details.

    Finished `dev` profile [unoptimized + debuginfo] target(s) in 2.88s
   Compiling edisondb v0.6.0-p3m9 (/tmp/edisondb-fv3-count-reaudit)
    Finished `dev` profile [unoptimized + debuginfo] target(s) in 2.52s
   Compiling edisondb v0.6.0-p3m9 (/tmp/edisondb-fv3-count-reaudit)
    Finished `dev` profile [unoptimized + debuginfo] target(s) in 1.17s
Checking harness verification::kani_harnesses::kani_persisted_record_metadata...
CBMC 6.8.0 (cbmc-6.8.0)
CBMC version 6.8.0 (cbmc-6.8.0) 64-bit x86_64 linux
Reading GOTO program from file /tmp/edisondb-fv3-count-reaudit/target/kani/x86_64-unknown-linux-gnu/debug/deps/edisondb__RNvNtNtCs8zVKvWqpudH_8edisondb12verification14kani_harnesses30kani_persisted_record_metadata.out
Generating GOTO Program
Adding CPROVER library (x86_64)
Removal of function pointers and virtual functions
Generic Property Instrumentation
Running with 16 object bits, 48 offset bits (user-specified)
Starting Bounded Model Checking
Runtime Symex: 0.00743197s
size of program expression: 156 steps
slicing removed 50 assignments
Generated 2 VCC(s), 2 remaining after simplification
Runtime Postprocess Equation: 0.000108706s
Passing problem to propositional reduction
converting SSA
Runtime Convert SSA: 0.000845591s
Running propositional reduction
Post-processing
Runtime Post-process: 1.3676e-05s
Solving with CaDiCaL 2.0.0
108 variables, 189 clauses
SAT checker: instance is SATISFIABLE
Runtime Solver: 0.000118184s
Runtime decision procedure: 0.00111582s
Running propositional reduction
Solving with CaDiCaL 2.0.0
109 variables, 190 clauses
SAT checker: instance is UNSATISFIABLE
Runtime Solver: 9.7955e-05s
Runtime decision procedure: 0.000140937s

RESULTS:
Check 1: verification::kani_harnesses::kani_persisted_record_metadata.assertion.1
	 - Status: SUCCESS
	 - Description: "assertion failed: persisted_record_metadata_valid(key_matches, tier_matches, id_is_unique,) ==
key_matches && tier_matches && id_is_unique"
	 - Location: src/verification.rs:315:9 in function verification::kani_harnesses::kani_persisted_record_metadata


SUMMARY:
 ** 0 of 1 failed

VERIFICATION:- SUCCESSFUL
Verification Time: 0.05948847s

Checking harness verification::kani_harnesses::kani_storage_id_immutability...
CBMC 6.8.0 (cbmc-6.8.0)
CBMC version 6.8.0 (cbmc-6.8.0) 64-bit x86_64 linux
Reading GOTO program from file /tmp/edisondb-fv3-count-reaudit/target/kani/x86_64-unknown-linux-gnu/debug/deps/edisondb__RNvNtNtCs8zVKvWqpudH_8edisondb12verification14kani_harnesses28kani_storage_id_immutability.out
Generating GOTO Program
Adding CPROVER library (x86_64)
Removal of function pointers and virtual functions
Generic Property Instrumentation
Running with 16 object bits, 48 offset bits (user-specified)
Starting Bounded Model Checking
Runtime Symex: 0.00787593s
size of program expression: 134 steps
slicing removed 73 assignments
Generated 9 VCC(s), 2 remaining after simplification
Runtime Postprocess Equation: 8.487e-05s
Passing problem to propositional reduction
converting SSA
Runtime Convert SSA: 0.000683845s
Running propositional reduction
Post-processing
Runtime Post-process: 1.4087e-05s
Solving with CaDiCaL 2.0.0
102 variables, 128 clauses
SAT checker: instance is SATISFIABLE
Runtime Solver: 0.000152609s
Runtime decision procedure: 0.000957443s
Running propositional reduction
Solving with CaDiCaL 2.0.0
103 variables, 129 clauses
SAT checker: instance is UNSATISFIABLE
Runtime Solver: 8.1324e-05s
Runtime decision procedure: 0.000138983s

RESULTS:
Check 1: verification::kani_harnesses::kani_storage_id_immutability.assertion.1
	 - Status: SUCCESS
	 - Description: "assertion failed: ensure_new_record_id(id_exists).is_ok() == !id_exists"
	 - Location: src/verification.rs:303:9 in function verification::kani_harnesses::kani_storage_id_immutability

Check 2: std::result::Result::<(), EdisonError>::is_ok.pointer_dereference.1
	 - Status: SUCCESS
	 - Description: "dereference failure: pointer NULL"
	 - Location: ../../home/runner/.rustup/toolchains/nightly-2025-11-21-x86_64-unknown-linux-gnu/lib/rustlib/src/rust/library/core/src/result.rs:594:18 in function std::result::Result::<(), EdisonError>::is_ok

Check 3: std::result::Result::<(), EdisonError>::is_ok.pointer_dereference.2
	 - Status: SUCCESS
	 - Description: "dereference failure: pointer invalid"
	 - Location: ../../home/runner/.rustup/toolchains/nightly-2025-11-21-x86_64-unknown-linux-gnu/lib/rustlib/src/rust/library/core/src/result.rs:594:18 in function std::result::Result::<(), EdisonError>::is_ok

Check 4: std::result::Result::<(), EdisonError>::is_ok.pointer_dereference.3
	 - Status: SUCCESS
	 - Description: "dereference failure: deallocated dynamic object"
	 - Location: ../../home/runner/.rustup/toolchains/nightly-2025-11-21-x86_64-unknown-linux-gnu/lib/rustlib/src/rust/library/core/src/result.rs:594:18 in function std::result::Result::<(), EdisonError>::is_ok

Check 5: std::result::Result::<(), EdisonError>::is_ok.pointer_dereference.4
	 - Status: SUCCESS
	 - Description: "dereference failure: dead object"
	 - Location: ../../home/runner/.rustup/toolchains/nightly-2025-11-21-x86_64-unknown-linux-gnu/lib/rustlib/src/rust/library/core/src/result.rs:594:18 in function std::result::Result::<(), EdisonError>::is_ok

Check 6: std::result::Result::<(), EdisonError>::is_ok.pointer_dereference.5
	 - Status: SUCCESS
	 - Description: "dereference failure: pointer outside object bounds"
	 - Location: ../../home/runner/.rustup/toolchains/nightly-2025-11-21-x86_64-unknown-linux-gnu/lib/rustlib/src/rust/library/core/src/result.rs:594:18 in function std::result::Result::<(), EdisonError>::is_ok

Check 7: std::result::Result::<(), EdisonError>::is_ok.pointer_dereference.6
	 - Status: SUCCESS
	 - Description: "dereference failure: invalid integer address"
	 - Location: ../../home/runner/.rustup/toolchains/nightly-2025-11-21-x86_64-unknown-linux-gnu/lib/rustlib/src/rust/library/core/src/result.rs:594:18 in function std::result::Result::<(), EdisonError>::is_ok

Check 8: ensure_new_record_id.pointer_dereference.1
	 - Status: SUCCESS
	 - Description: "dereference failure: dead object"
	 - Location: src/lib.rs:120:9 in function ensure_new_record_id


SUMMARY:
 ** 0 of 8 failed

VERIFICATION:- SUCCESSFUL
Verification Time: 0.054532327s

Checking harness verification::kani_harnesses::kani_record_identity_validation...
CBMC 6.8.0 (cbmc-6.8.0)
CBMC version 6.8.0 (cbmc-6.8.0) 64-bit x86_64 linux
Reading GOTO program from file /tmp/edisondb-fv3-count-reaudit/target/kani/x86_64-unknown-linux-gnu/debug/deps/edisondb__RNvNtNtCs8zVKvWqpudH_8edisondb12verification14kani_harnesses31kani_record_identity_validation.out
Generating GOTO Program
Adding CPROVER library (x86_64)
Removal of function pointers and virtual functions
Generic Property Instrumentation
Running with 16 object bits, 48 offset bits (user-specified)
Starting Bounded Model Checking
aborting path on assume(false) at file /home/runner/.rustup/toolchains/nightly-2025-11-21-x86_64-unknown-linux-gnu/lib/rustlib/src/rust/library/core/src/alloc/layout.rs line 359 column 5 function std::alloc::Layout::repeat thread 0
aborting path on assume(false) at file /home/runner/.rustup/toolchains/nightly-2025-11-21-x86_64-unknown-linux-gnu/lib/rustlib/src/rust/library/core/src/result.rs line 835 column 15 function std::result::Result::<(std::alloc::Layout, usize), std::alloc::LayoutError>::map::<std::alloc::Layout, {closure@alloc::raw_vec::layout_array::{closure#0}}> thread 0
aborting path on assume(false) at file /home/runner/.rustup/toolchains/nightly-2025-11-21-x86_64-unknown-linux-gnu/lib/rustlib/src/rust/library/core/src/result.rs line 966 column 15 function std::result::Result::<std::alloc::Layout, std::alloc::LayoutError>::map_err::<std::collections::TryReserveError, {closure@alloc::raw_vec::layout_array::{closure#1}}> thread 0
aborting path on assume(false) at file src/lib.rs line 0 column 0 function alloc::raw_vec::RawVecInner::try_allocate_in thread 0
aborting path on assume(false) at file /home/runner/.rustup/toolchains/nightly-2025-11-21-x86_64-unknown-linux-gnu/lib/rustlib/src/rust/library/alloc/src/raw_vec/mod.rs line 419 column 15 function alloc::raw_vec::RawVecInner::with_capacity_in thread 0
aborting path on assume(false) at file /home/runner/.rustup/toolchains/nightly-2025-11-21-x86_64-unknown-linux-gnu/lib/rustlib/src/rust/library/alloc/src/collections/mod.rs line 93 column 10 function <std::collections::TryReserveErrorKind as std::clone::Clone>::clone thread 0
aborting path on assume(false) at file /home/runner/.rustup/toolchains/nightly-2025-11-21-x86_64-unknown-linux-gnu/lib/rustlib/src/rust/library/alloc/src/raw_vec/mod.rs line 845 column 11 function alloc::raw_vec::handle_error thread 0
aborting path on assume(false) at file /home/runner/.rustup/toolchains/nightly-2025-11-21-x86_64-unknown-linux-gnu/lib/rustlib/src/rust/library/alloc/src/alloc.rs line 366 column 5 function std::alloc::handle_alloc_error::rt_error thread 0
aborting path on assume(false) at file /home/runner/.rustup/toolchains/nightly-2025-11-21-x86_64-unknown-linux-gnu/lib/rustlib/src/rust/library/alloc/src/alloc.rs line 407 column 13 function std::alloc::handle_alloc_error::rt_error thread 0
aborting path on assume(false) at file /home/runner/.rustup/toolchains/nightly-2025-11-21-x86_64-unknown-linux-gnu/lib/rustlib/src/rust/library/alloc/src/alloc.rs line 413 column 9 function std::alloc::handle_alloc_error thread 0
aborting path on assume(false) at file /home/runner/.rustup/toolchains/nightly-2025-11-21-x86_64-unknown-linux-gnu/lib/rustlib/src/rust/library/alloc/src/raw_vec/mod.rs line 847 column 38 function alloc::raw_vec::handle_error thread 0
aborting path on assume(false) at file /home/runner/.rustup/toolchains/nightly-2025-11-21-x86_64-unknown-linux-gnu/lib/rustlib/src/rust/library/alloc/src/raw_vec/mod.rs line 28 column 5 function alloc::raw_vec::capacity_overflow thread 0
aborting path on assume(false) at file /home/runner/.rustup/toolchains/nightly-2025-11-21-x86_64-unknown-linux-gnu/lib/rustlib/src/rust/library/alloc/src/raw_vec/mod.rs line 846 column 29 function alloc::raw_vec::handle_error thread 0
aborting path on assume(false) at file /home/runner/.rustup/toolchains/nightly-2025-11-21-x86_64-unknown-linux-gnu/lib/rustlib/src/rust/library/alloc/src/raw_vec/mod.rs line 427 column 25 function alloc::raw_vec::RawVecInner::with_capacity_in thread 0
aborting path on assume(false) at file /home/runner/.rustup/toolchains/nightly-2025-11-21-x86_64-unknown-linux-gnu/lib/rustlib/src/rust/library/core/src/alloc/layout.rs line 359 column 5 function std::alloc::Layout::repeat thread 0
aborting path on assume(false) at file /home/runner/.rustup/toolchains/nightly-2025-11-21-x86_64-unknown-linux-gnu/lib/rustlib/src/rust/library/core/src/result.rs line 835 column 15 function std::result::Result::<(std::alloc::Layout, usize), std::alloc::LayoutError>::map::<std::alloc::Layout, {closure@alloc::raw_vec::layout_array::{closure#0}}> thread 0
aborting path on assume(false) at file /home/runner/.rustup/toolchains/nightly-2025-11-21-x86_64-unknown-linux-gnu/lib/rustlib/src/rust/library/core/src/result.rs line 966 column 15 function std::result::Result::<std::alloc::Layout, std::alloc::LayoutError>::map_err::<std::collections::TryReserveError, {closure@alloc::raw_vec::layout_array::{closure#1}}> thread 0
aborting path on assume(false) at file src/lib.rs line 0 column 0 function alloc::raw_vec::RawVecInner::try_allocate_in thread 0
aborting path on assume(false) at file /home/runner/.rustup/toolchains/nightly-2025-11-21-x86_64-unknown-linux-gnu/lib/rustlib/src/rust/library/alloc/src/raw_vec/mod.rs line 419 column 15 function alloc::raw_vec::RawVecInner::with_capacity_in thread 0
aborting path on assume(false) at file /home/runner/.rustup/toolchains/nightly-2025-11-21-x86_64-unknown-linux-gnu/lib/rustlib/src/rust/library/alloc/src/collections/mod.rs line 93 column 10 function <std::collections::TryReserveErrorKind as std::clone::Clone>::clone thread 0
aborting path on assume(false) at file /home/runner/.rustup/toolchains/nightly-2025-11-21-x86_64-unknown-linux-gnu/lib/rustlib/src/rust/library/alloc/src/raw_vec/mod.rs line 845 column 11 function alloc::raw_vec::handle_error thread 0
aborting path on assume(false) at file /home/runner/.rustup/toolchains/nightly-2025-11-21-x86_64-unknown-linux-gnu/lib/rustlib/src/rust/library/alloc/src/alloc.rs line 366 column 5 function std::alloc::handle_alloc_error::rt_error thread 0
aborting path on assume(false) at file /home/runner/.rustup/toolchains/nightly-2025-11-21-x86_64-unknown-linux-gnu/lib/rustlib/src/rust/library/alloc/src/alloc.rs line 407 column 13 function std::alloc::handle_alloc_error::rt_error thread 0
aborting path on assume(false) at file /home/runner/.rustup/toolchains/nightly-2025-11-21-x86_64-unknown-linux-gnu/lib/rustlib/src/rust/library/alloc/src/alloc.rs line 413 column 9 function std::alloc::handle_alloc_error thread 0
aborting path on assume(false) at file /home/runner/.rustup/toolchains/nightly-2025-11-21-x86_64-unknown-linux-gnu/lib/rustlib/src/rust/library/alloc/src/raw_vec/mod.rs line 847 column 38 function alloc::raw_vec::handle_error thread 0
aborting path on assume(false) at file /home/runner/.rustup/toolchains/nightly-2025-11-21-x86_64-unknown-linux-gnu/lib/rustlib/src/rust/library/alloc/src/raw_vec/mod.rs line 28 column 5 function alloc::raw_vec::capacity_overflow thread 0
aborting path on assume(false) at file /home/runner/.rustup/toolchains/nightly-2025-11-21-x86_64-unknown-linux-gnu/lib/rustlib/src/rust/library/alloc/src/raw_vec/mod.rs line 846 column 29 function alloc::raw_vec::handle_error thread 0
aborting path on assume(false) at file /home/runner/.rustup/toolchains/nightly-2025-11-21-x86_64-unknown-linux-gnu/lib/rustlib/src/rust/library/alloc/src/raw_vec/mod.rs line 427 column 25 function alloc::raw_vec::RawVecInner::with_capacity_in thread 0
aborting path on assume(false) at file /home/runner/.rustup/toolchains/nightly-2025-11-21-x86_64-unknown-linux-gnu/lib/rustlib/src/rust/library/alloc/src/raw_vec/mod.rs line 830 column 5 function alloc::raw_vec::RawVecInner::deallocate thread 0
aborting path on assume(false) at file /home/runner/.rustup/toolchains/nightly-2025-11-21-x86_64-unknown-linux-gnu/lib/rustlib/src/rust/library/alloc/src/raw_vec/mod.rs line 830 column 5 function alloc::raw_vec::RawVecInner::deallocate thread 0
Runtime Symex: 0.326529s
size of program expression: 9414 steps
slicing removed 5973 assignments
Generated 587 VCC(s), 116 remaining after simplification
Runtime Postprocess Equation: 0.00553335s
Passing problem to propositional reduction
converting SSA
Runtime Convert SSA: 0.0544752s
Running propositional reduction
Post-processing
Runtime Post-process: 0.0116215s
Solving with CaDiCaL 2.0.0
47749 variables, 82931 clauses
SAT checker: instance is SATISFIABLE
Runtime Solver: 0.0149131s
Runtime decision procedure: 0.071006s
Running propositional reduction
Solving with CaDiCaL 2.0.0
47750 variables, 82932 clauses
SAT checker: instance is UNSATISFIABLE
Runtime Solver: 0.00412177s
Runtime decision procedure: 0.00439183s

RESULTS:
Check 1: __rust_dealloc.assertion.1
	 - Status: SUCCESS
	 - Description: "Alignment is power of two"
	 - Location: ../../home/edisonbl/.kani/kani-0.67.0/library/kani/kani_lib.c:83 in function __rust_dealloc

Check 2: __rust_dealloc.assertion.2
	 - Status: SUCCESS
	 - Description: "rust_dealloc must be called on an object whose allocated size matches its layout"
	 - Location: ../../home/edisonbl/.kani/kani-0.67.0/library/kani/kani_lib.c:85 in function __rust_dealloc

Check 3: core::num::<impl usize>::unchecked_mul.arithmetic_overflow.1
	 - Status: SUCCESS
	 - Description: "attempt to compute `unchecked_mul` which would overflow"
	 - Location: ../../home/runner/.rustup/toolchains/nightly-2025-11-21-x86_64-unknown-linux-gnu/lib/rustlib/src/rust/library/core/src/num/uint_macros.rs:1117:17 in function core::num::<impl usize>::unchecked_mul

Check 4: core::panicking::panic_nounwind_fmt::runtime.unsupported_construct.1
	 - Status: SUCCESS
	 - Description: "call to foreign "Rust" function `_RNvCs1hStedNDpZ2_7___rustc17rust_begin_unwind` is not currently supported by Kani. Please post your example at https://github.com/model-checking/kani/issues/new/choose"
	 - Location: ../../home/runner/.rustup/toolchains/nightly-2025-11-21-x86_64-unknown-linux-gnu/lib/rustlib/src/rust/library/core/src/panicking.rs:110:17 in function core::panicking::panic_nounwind_fmt::runtime

Check 5: calloc.assertion.1
	 - Status: SUCCESS
	 - Description: "max allocation size exceeded"
	 - Location: <builtin-library-calloc>:31 in function calloc

Check 6: calloc.assertion.2
	 - Status: SUCCESS
	 - Description: "max allocation may fail"
	 - Location: <builtin-library-calloc>:36 in function calloc

Check 7: __rust_alloc_zeroed.assertion.1
	 - Status: SUCCESS
	 - Description: "__rust_alloc_zeroed must be called with a size greater than 0"
	 - Location: ../../home/edisonbl/.kani/kani-0.67.0/library/kani/kani_lib.c:62 in function __rust_alloc_zeroed

Check 8: __rust_alloc_zeroed.assertion.2
	 - Status: SUCCESS
	 - Description: "Alignment is power of two"
	 - Location: ../../home/edisonbl/.kani/kani-0.67.0/library/kani/kani_lib.c:65 in function __rust_alloc_zeroed

Check 9: std::alloc::Layout::repeat_packed.unreachable.1
	 - Status: SUCCESS
	 - Description: "unreachable code"
	 - Location: ../../home/runner/.rustup/toolchains/nightly-2025-11-21-x86_64-unknown-linux-gnu/lib/rustlib/src/rust/library/core/src/alloc/layout.rs:447:5 in function std::alloc::Layout::repeat_packed

Check 10: std::alloc::Global::alloc_impl.unreachable.1
	 - Status: SUCCESS
	 - Description: "unreachable code"
	 - Location: ../../home/runner/.rustup/toolchains/nightly-2025-11-21-x86_64-unknown-linux-gnu/lib/rustlib/src/rust/library/alloc/src/alloc.rs:191:27 in function std::alloc::Global::alloc_impl

Check 11: std::alloc::handle_alloc_error::rt_error.unsupported_construct.1
	 - Status: SUCCESS
	 - Description: "call to foreign "Rust" function `_RNvCs1hStedNDpZ2_7___rustc26___rust_alloc_error_handler` is not currently supported by Kani. Please post your example at https://github.com/model-checking/kani/issues/new/choose"
	 - Location: ../../home/runner/.rustup/toolchains/nightly-2025-11-21-x86_64-unknown-linux-gnu/lib/rustlib/src/rust/library/alloc/src/alloc.rs:366:5 in function std::alloc::handle_alloc_error::rt_error

Check 12: __rust_alloc.assertion.1
	 - Status: SUCCESS
	 - Description: "__rust_alloc must be called with a size greater than 0"
	 - Location: ../../home/edisonbl/.kani/kani-0.67.0/library/kani/kani_lib.c:43 in function __rust_alloc

Check 13: __rust_alloc.assertion.2
	 - Status: SUCCESS
	 - Description: "Alignment is power of two"
	 - Location: ../../home/edisonbl/.kani/kani-0.67.0/library/kani/kani_lib.c:46 in function __rust_alloc

Check 14: malloc.assertion.1
	 - Status: SUCCESS
	 - Description: "max allocation size exceeded"
	 - Location: <builtin-library-malloc>:31 in function malloc

Check 15: malloc.assertion.2
	 - Status: SUCCESS
	 - Description: "max allocation may fail"
	 - Location: <builtin-library-malloc>:36 in function malloc

Check 16: std::vec::Vec::<u8>::len.assume.1
	 - Status: SUCCESS
	 - Description: "Rust intrinsic assumption failed"
	 - Location: ../../home/runner/.rustup/toolchains/nightly-2025-11-21-x86_64-unknown-linux-gnu/lib/rustlib/src/rust/library/alloc/src/vec/mod.rs:2859:18 in function std::vec::Vec::<u8>::len

Check 17: alloc::raw_vec::handle_error.unreachable.1
	 - Status: SUCCESS
	 - Description: "unreachable code"
	 - Location: ../../home/runner/.rustup/toolchains/nightly-2025-11-21-x86_64-unknown-linux-gnu/lib/rustlib/src/rust/library/alloc/src/raw_vec/mod.rs:845:11 in function alloc::raw_vec::handle_error

Check 18: alloc::raw_vec::RawVecInner::with_capacity_in.unreachable.1
	 - Status: SUCCESS
	 - Description: "unreachable code"
	 - Location: ../../home/runner/.rustup/toolchains/nightly-2025-11-21-x86_64-unknown-linux-gnu/lib/rustlib/src/rust/library/alloc/src/raw_vec/mod.rs:419:15 in function alloc::raw_vec::RawVecInner::with_capacity_in

Check 19: std::result::Result::<std::alloc::Layout, std::alloc::LayoutError>::map_err::<std::collections::TryReserveError, {closure@alloc::raw_vec::layout_array::{closure#1}}>.unreachable.1
	 - Status: SUCCESS
	 - Description: "unreachable code"
	 - Location: ../../home/runner/.rustup/toolchains/nightly-2025-11-21-x86_64-unknown-linux-gnu/lib/rustlib/src/rust/library/core/src/result.rs:966:15 in function std::result::Result::<std::alloc::Layout, std::alloc::LayoutError>::map_err::<std::collections::TryReserveError, {closure@alloc::raw_vec::layout_array::{closure#1}}>

Check 20: std::hint::assert_unchecked.assume.1
	 - Status: SUCCESS
	 - Description: "Rust intrinsic assumption failed"
	 - Location: ../../home/runner/.rustup/toolchains/nightly-2025-11-21-x86_64-unknown-linux-gnu/lib/rustlib/src/rust/library/core/src/hint.rs:210:9 in function std::hint::assert_unchecked

Check 21: <std::result::Result<std::ptr::NonNull<u8>, std::alloc::AllocError> as std::ops::Try>::branch.unreachable.1
	 - Status: SUCCESS
	 - Description: "unreachable code"
	 - Location: ../../home/runner/.rustup/toolchains/nightly-2025-11-21-x86_64-unknown-linux-gnu/lib/rustlib/src/rust/library/core/src/result.rs:2173:15 in function <std::result::Result<std::ptr::NonNull<u8>, std::alloc::AllocError> as std::ops::Try>::branch

Check 22: std::result::Result::<(std::alloc::Layout, usize), std::alloc::LayoutError>::map::<std::alloc::Layout, {closure@alloc::raw_vec::layout_array::{closure#0}}>.unreachable.1
	 - Status: SUCCESS
	 - Description: "unreachable code"
	 - Location: ../../home/runner/.rustup/toolchains/nightly-2025-11-21-x86_64-unknown-linux-gnu/lib/rustlib/src/rust/library/core/src/result.rs:835:15 in function std::result::Result::<(std::alloc::Layout, usize), std::alloc::LayoutError>::map::<std::alloc::Layout, {closure@alloc::raw_vec::layout_array::{closure#0}}>

Check 23: std::ptr::drop_in_place::<alloc::raw_vec::RawVec<u8>>.safety_check.1
	 - Status: SUCCESS
	 - Description: "misaligned pointer to reference cast: address must be a multiple of its type's alignment"
	 - Location: ../../home/runner/.rustup/toolchains/nightly-2025-11-21-x86_64-unknown-linux-gnu/lib/rustlib/src/rust/library/core/src/ptr/mod.rs:805:1 in function std::ptr::drop_in_place::<alloc::raw_vec::RawVec<u8>>

Check 24: std::ptr::drop_in_place::<alloc::raw_vec::RawVec<u8>>.safety_check.2
	 - Status: SUCCESS
	 - Description: "dereference failure: pointer invalid"
	 - Location: ../../home/runner/.rustup/toolchains/nightly-2025-11-21-x86_64-unknown-linux-gnu/lib/rustlib/src/rust/library/core/src/ptr/mod.rs:805:1 in function std::ptr::drop_in_place::<alloc::raw_vec::RawVec<u8>>

Check 25: std::ptr::const_ptr::<impl *const ()>::is_aligned_to.assertion.1
	 - Status: UNREACHABLE
	 - Description: "attempt to subtract with overflow"
	 - Location: ../../home/runner/.rustup/toolchains/nightly-2025-11-21-x86_64-unknown-linux-gnu/lib/rustlib/src/rust/library/core/src/ptr/const_ptr.rs:1377:23 in function std::ptr::const_ptr::<impl *const ()>::is_aligned_to

Check 26: std::ptr::const_ptr::<impl *const ()>::is_aligned_to.assertion.2
	 - Status: SUCCESS
	 - Description: "This is a placeholder message; Kani doesn't support message formatted at runtime"
	 - Location: ../../home/runner/.rustup/toolchains/nightly-2025-11-21-x86_64-unknown-linux-gnu/lib/rustlib/src/rust/library/core/src/ptr/const_ptr.rs:1374:13 in function std::ptr::const_ptr::<impl *const ()>::is_aligned_to

Check 27: std::alloc::Layout::max_size_for_align.assertion.1
	 - Status: SUCCESS
	 - Description: "attempt to add with overflow"
	 - Location: ../../home/runner/.rustup/toolchains/nightly-2025-11-21-x86_64-unknown-linux-gnu/lib/rustlib/src/rust/library/core/src/alloc/layout.rs:95:32 in function std::alloc::Layout::max_size_for_align

Check 28: std::alloc::Layout::max_size_for_align.arithmetic_overflow.1
	 - Status: SUCCESS
	 - Description: "attempt to compute `unchecked_sub` which would overflow"
	 - Location: ../../home/runner/.rustup/toolchains/nightly-2025-11-21-x86_64-unknown-linux-gnu/lib/rustlib/src/rust/library/core/src/alloc/layout.rs:95:18 in function std::alloc::Layout::max_size_for_align

Check 29: std::alloc::Layout::repeat.unreachable.1
	 - Status: SUCCESS
	 - Description: "unreachable code"
	 - Location: ../../home/runner/.rustup/toolchains/nightly-2025-11-21-x86_64-unknown-linux-gnu/lib/rustlib/src/rust/library/core/src/alloc/layout.rs:359:5 in function std::alloc::Layout::repeat

Check 30: alloc::raw_vec::capacity_overflow.assertion.1
	 - Status: SUCCESS
	 - Description: "This is a placeholder message; Kani doesn't support message formatted at runtime"
	 - Location: ../../home/runner/.rustup/toolchains/nightly-2025-11-21-x86_64-unknown-linux-gnu/lib/rustlib/src/rust/library/alloc/src/raw_vec/mod.rs:28:5 in function alloc::raw_vec::capacity_overflow

Check 31: <std::collections::TryReserveErrorKind as std::clone::Clone>::clone.unreachable.1
	 - Status: SUCCESS
	 - Description: "unreachable code"
	 - Location: ../../home/runner/.rustup/toolchains/nightly-2025-11-21-x86_64-unknown-linux-gnu/lib/rustlib/src/rust/library/alloc/src/collections/mod.rs:93:10 in function <std::collections::TryReserveErrorKind as std::clone::Clone>::clone

Check 32: std::panic::Location::<'_>::caller.unsupported_construct.1
	 - Status: SUCCESS
	 - Description: "caller_location is not currently supported by Kani. Please post your example at https://github.com/model-checking/kani/issues/374"
	 - Location: ../../home/runner/.rustup/toolchains/nightly-2025-11-21-x86_64-unknown-linux-gnu/lib/rustlib/src/rust/library/core/src/panic/location.rs:147:9 in function std::panic::Location::<'_>::caller

Check 33: std::alloc::Layout::size_rounded_up_to_custom_align.arithmetic_overflow.1
	 - Status: SUCCESS
	 - Description: "attempt to compute `unchecked_sub` which would overflow"
	 - Location: ../../home/runner/.rustup/toolchains/nightly-2025-11-21-x86_64-unknown-linux-gnu/lib/rustlib/src/rust/library/core/src/alloc/layout.rs:304:28 in function std::alloc::Layout::size_rounded_up_to_custom_align

Check 34: std::alloc::Layout::size_rounded_up_to_custom_align.arithmetic_overflow.2
	 - Status: SUCCESS
	 - Description: "attempt to compute `unchecked_add` which would overflow"
	 - Location: ../../home/runner/.rustup/toolchains/nightly-2025-11-21-x86_64-unknown-linux-gnu/lib/rustlib/src/rust/library/core/src/alloc/layout.rs:305:13 in function std::alloc::Layout::size_rounded_up_to_custom_align

Check 35: verification::kani_harnesses::kani_record_identity_validation.assertion.1
	 - Status: SUCCESS
	 - Description: "assertion failed: record.validate().is_ok() == !id_empty && !owner_empty"
	 - Location: src/verification.rs:293:9 in function verification::kani_harnesses::kani_record_identity_validation

Check 36: std::ptr::drop_in_place::<std::vec::Vec<u8>>.safety_check.1
	 - Status: SUCCESS
	 - Description: "misaligned pointer to reference cast: address must be a multiple of its type's alignment"
	 - Location: ../../home/runner/.rustup/toolchains/nightly-2025-11-21-x86_64-unknown-linux-gnu/lib/rustlib/src/rust/library/core/src/ptr/mod.rs:805:1 in function std::ptr::drop_in_place::<std::vec::Vec<u8>>

Check 37: std::ptr::drop_in_place::<std::vec::Vec<u8>>.safety_check.2
	 - Status: SUCCESS
	 - Description: "dereference failure: pointer invalid"
	 - Location: ../../home/runner/.rustup/toolchains/nightly-2025-11-21-x86_64-unknown-linux-gnu/lib/rustlib/src/rust/library/core/src/ptr/mod.rs:805:1 in function std::ptr::drop_in_place::<std::vec::Vec<u8>>

Check 38: alloc::raw_vec::RawVecInner::deallocate.unreachable.1
	 - Status: SUCCESS
	 - Description: "unreachable code"
	 - Location: ../../home/runner/.rustup/toolchains/nightly-2025-11-21-x86_64-unknown-linux-gnu/lib/rustlib/src/rust/library/alloc/src/raw_vec/mod.rs:830:5 in function alloc::raw_vec::RawVecInner::deallocate

Check 39: std::option::Option::<std::ptr::NonNull<u8>>::ok_or::<std::alloc::AllocError>.unreachable.1
	 - Status: SUCCESS
	 - Description: "unreachable code"
	 - Location: ../../home/runner/.rustup/toolchains/nightly-2025-11-21-x86_64-unknown-linux-gnu/lib/rustlib/src/rust/library/core/src/option.rs:1338:15 in function std::option::Option::<std::ptr::NonNull<u8>>::ok_or::<std::alloc::AllocError>

Check 40: std::ptr::copy_nonoverlapping::<u8>.safety_check.1
	 - Status: SUCCESS
	 - Description: "`src` must be properly aligned"
	 - Location: ../../home/runner/.rustup/toolchains/nightly-2025-11-21-x86_64-unknown-linux-gnu/lib/rustlib/src/rust/library/core/src/ptr/mod.rs:547:14 in function std::ptr::copy_nonoverlapping::<u8>

Check 41: std::ptr::copy_nonoverlapping::<u8>.safety_check.2
	 - Status: SUCCESS
	 - Description: "`dst` must be properly aligned"
	 - Location: ../../home/runner/.rustup/toolchains/nightly-2025-11-21-x86_64-unknown-linux-gnu/lib/rustlib/src/rust/library/core/src/ptr/mod.rs:547:14 in function std::ptr::copy_nonoverlapping::<u8>

Check 42: std::ptr::copy_nonoverlapping::<u8>.arithmetic_overflow.1
	 - Status: SUCCESS
	 - Description: "copy_nonoverlapping: attempt to compute number in bytes which would overflow"
	 - Location: ../../home/runner/.rustup/toolchains/nightly-2025-11-21-x86_64-unknown-linux-gnu/lib/rustlib/src/rust/library/core/src/ptr/mod.rs:547:14 in function std::ptr::copy_nonoverlapping::<u8>

Check 43: std::alloc::Layout::is_size_align_valid.unreachable.1
	 - Status: SUCCESS
	 - Description: "unreachable code"
	 - Location: ../../home/runner/.rustup/toolchains/nightly-2025-11-21-x86_64-unknown-linux-gnu/lib/rustlib/src/rust/library/core/src/alloc/layout.rs:68:5 in function std::alloc::Layout::is_size_align_valid

Check 44: core::ub_checks::maybe_is_nonoverlapping::runtime.unreachable.1
	 - Status: SUCCESS
	 - Description: "unreachable code"
	 - Location: ../../home/runner/.rustup/toolchains/nightly-2025-11-21-x86_64-unknown-linux-gnu/lib/rustlib/src/rust/library/core/src/intrinsics/mod.rs:2437:9 in function core::ub_checks::maybe_is_nonoverlapping::runtime

Check 45: alloc::raw_vec::RawVecInner::try_allocate_in.unreachable.1
	 - Status: SUCCESS
	 - Description: "unreachable code"
	 - Location: src/lib.rs:0:0 in function alloc::raw_vec::RawVecInner::try_allocate_in

Check 46: core::num::<impl usize>::abs_diff.assertion.1
	 - Status: UNREACHABLE
	 - Description: "attempt to subtract with overflow"
	 - Location: ../../home/runner/.rustup/toolchains/nightly-2025-11-21-x86_64-unknown-linux-gnu/lib/rustlib/src/rust/library/core/src/num/uint_macros.rs:2852:21 in function core::num::<impl usize>::abs_diff

Check 47: core::num::<impl usize>::abs_diff.assertion.2
	 - Status: UNREACHABLE
	 - Description: "attempt to subtract with overflow"
	 - Location: ../../home/runner/.rustup/toolchains/nightly-2025-11-21-x86_64-unknown-linux-gnu/lib/rustlib/src/rust/library/core/src/num/uint_macros.rs:2854:21 in function core::num::<impl usize>::abs_diff

Check 48: std::fmt::Arguments::<'_>::from_str.assertion.1
	 - Status: UNREACHABLE
	 - Description: "attempt to shift left with overflow"
	 - Location: ../../home/runner/.rustup/toolchains/nightly-2025-11-21-x86_64-unknown-linux-gnu/lib/rustlib/src/rust/library/core/src/fmt/mod.rs:820:38 in function std::fmt::Arguments::<'_>::from_str

Check 49: std::alloc::Layout::dangling.pointer_dereference.1
	 - Status: SUCCESS
	 - Description: "dereference failure: pointer NULL"
	 - Location: ../../home/runner/.rustup/toolchains/nightly-2025-11-21-x86_64-unknown-linux-gnu/lib/rustlib/src/rust/library/core/src/alloc/layout.rs:223:37 in function std::alloc::Layout::dangling

Check 50: std::alloc::Layout::dangling.pointer_dereference.2
	 - Status: SUCCESS
	 - Description: "dereference failure: pointer invalid"
	 - Location: ../../home/runner/.rustup/toolchains/nightly-2025-11-21-x86_64-unknown-linux-gnu/lib/rustlib/src/rust/library/core/src/alloc/layout.rs:223:37 in function std::alloc::Layout::dangling

Check 51: std::alloc::Layout::dangling.pointer_dereference.3
	 - Status: SUCCESS
	 - Description: "dereference failure: deallocated dynamic object"
	 - Location: ../../home/runner/.rustup/toolchains/nightly-2025-11-21-x86_64-unknown-linux-gnu/lib/rustlib/src/rust/library/core/src/alloc/layout.rs:223:37 in function std::alloc::Layout::dangling

Check 52: std::alloc::Layout::dangling.pointer_dereference.4
	 - Status: SUCCESS
	 - Description: "dereference failure: dead object"
	 - Location: ../../home/runner/.rustup/toolchains/nightly-2025-11-21-x86_64-unknown-linux-gnu/lib/rustlib/src/rust/library/core/src/alloc/layout.rs:223:37 in function std::alloc::Layout::dangling

Check 53: std::alloc::Layout::dangling.pointer_dereference.5
	 - Status: SUCCESS
	 - Description: "dereference failure: pointer outside object bounds"
	 - Location: ../../home/runner/.rustup/toolchains/nightly-2025-11-21-x86_64-unknown-linux-gnu/lib/rustlib/src/rust/library/core/src/alloc/layout.rs:223:37 in function std::alloc::Layout::dangling

Check 54: std::alloc::Layout::dangling.pointer_dereference.6
	 - Status: SUCCESS
	 - Description: "dereference failure: invalid integer address"
	 - Location: ../../home/runner/.rustup/toolchains/nightly-2025-11-21-x86_64-unknown-linux-gnu/lib/rustlib/src/rust/library/core/src/alloc/layout.rs:223:37 in function std::alloc::Layout::dangling

Check 55: std::alloc::Layout::alignment.pointer_dereference.1
	 - Status: SUCCESS
	 - Description: "dereference failure: pointer NULL"
	 - Location: ../../home/runner/.rustup/toolchains/nightly-2025-11-21-x86_64-unknown-linux-gnu/lib/rustlib/src/rust/library/core/src/alloc/layout.rs:515:9 in function std::alloc::Layout::alignment

Check 56: std::alloc::Layout::alignment.pointer_dereference.2
	 - Status: SUCCESS
	 - Description: "dereference failure: pointer invalid"
	 - Location: ../../home/runner/.rustup/toolchains/nightly-2025-11-21-x86_64-unknown-linux-gnu/lib/rustlib/src/rust/library/core/src/alloc/layout.rs:515:9 in function std::alloc::Layout::alignment

Check 57: std::alloc::Layout::alignment.pointer_dereference.3
	 - Status: SUCCESS
	 - Description: "dereference failure: deallocated dynamic object"
	 - Location: ../../home/runner/.rustup/toolchains/nightly-2025-11-21-x86_64-unknown-linux-gnu/lib/rustlib/src/rust/library/core/src/alloc/layout.rs:515:9 in function std::alloc::Layout::alignment

Check 58: std::alloc::Layout::alignment.pointer_dereference.4
	 - Status: SUCCESS
	 - Description: "dereference failure: dead object"
	 - Location: ../../home/runner/.rustup/toolchains/nightly-2025-11-21-x86_64-unknown-linux-gnu/lib/rustlib/src/rust/library/core/src/alloc/layout.rs:515:9 in function std::alloc::Layout::alignment

Check 59: std::alloc::Layout::alignment.pointer_dereference.5
	 - Status: SUCCESS
	 - Description: "dereference failure: pointer outside object bounds"
	 - Location: ../../home/runner/.rustup/toolchains/nightly-2025-11-21-x86_64-unknown-linux-gnu/lib/rustlib/src/rust/library/core/src/alloc/layout.rs:515:9 in function std::alloc::Layout::alignment

Check 60: std::alloc::Layout::alignment.pointer_dereference.6
	 - Status: SUCCESS
	 - Description: "dereference failure: invalid integer address"
	 - Location: ../../home/runner/.rustup/toolchains/nightly-2025-11-21-x86_64-unknown-linux-gnu/lib/rustlib/src/rust/library/core/src/alloc/layout.rs:515:9 in function std::alloc::Layout::alignment

Check 61: std::alloc::Layout::is_size_align_valid.pointer_dereference.1
	 - Status: SUCCESS
	 - Description: "dereference failure: dead object"
	 - Location: ../../home/runner/.rustup/toolchains/nightly-2025-11-21-x86_64-unknown-linux-gnu/lib/rustlib/src/rust/library/core/src/alloc/layout.rs:69:27 in function std::alloc::Layout::is_size_align_valid

Check 62: alloc::raw_vec::RawVecInner::current_memory.pointer_dereference.1
	 - Status: SUCCESS
	 - Description: "dereference failure: pointer NULL"
	 - Location: ../../home/runner/.rustup/toolchains/nightly-2025-11-21-x86_64-unknown-linux-gnu/lib/rustlib/src/rust/library/alloc/src/raw_vec/mod.rs:523:39 in function alloc::raw_vec::RawVecInner::current_memory

Check 63: alloc::raw_vec::RawVecInner::current_memory.pointer_dereference.2
	 - Status: SUCCESS
	 - Description: "dereference failure: pointer invalid"
	 - Location: ../../home/runner/.rustup/toolchains/nightly-2025-11-21-x86_64-unknown-linux-gnu/lib/rustlib/src/rust/library/alloc/src/raw_vec/mod.rs:523:39 in function alloc::raw_vec::RawVecInner::current_memory

Check 64: alloc::raw_vec::RawVecInner::current_memory.pointer_dereference.3
	 - Status: SUCCESS
	 - Description: "dereference failure: deallocated dynamic object"
	 - Location: ../../home/runner/.rustup/toolchains/nightly-2025-11-21-x86_64-unknown-linux-gnu/lib/rustlib/src/rust/library/alloc/src/raw_vec/mod.rs:523:39 in function alloc::raw_vec::RawVecInner::current_memory

Check 65: alloc::raw_vec::RawVecInner::current_memory.pointer_dereference.4
	 - Status: SUCCESS
	 - Description: "dereference failure: dead object"
	 - Location: ../../home/runner/.rustup/toolchains/nightly-2025-11-21-x86_64-unknown-linux-gnu/lib/rustlib/src/rust/library/alloc/src/raw_vec/mod.rs:523:39 in function alloc::raw_vec::RawVecInner::current_memory

Check 66: alloc::raw_vec::RawVecInner::current_memory.pointer_dereference.5
	 - Status: SUCCESS
	 - Description: "dereference failure: pointer outside object bounds"
	 - Location: ../../home/runner/.rustup/toolchains/nightly-2025-11-21-x86_64-unknown-linux-gnu/lib/rustlib/src/rust/library/alloc/src/raw_vec/mod.rs:523:39 in function alloc::raw_vec::RawVecInner::current_memory

Check 67: alloc::raw_vec::RawVecInner::current_memory.pointer_dereference.6
	 - Status: SUCCESS
	 - Description: "dereference failure: invalid integer address"
	 - Location: ../../home/runner/.rustup/toolchains/nightly-2025-11-21-x86_64-unknown-linux-gnu/lib/rustlib/src/rust/library/alloc/src/raw_vec/mod.rs:523:39 in function alloc::raw_vec::RawVecInner::current_memory

Check 68: alloc::raw_vec::RawVecInner::current_memory.pointer_dereference.7
	 - Status: SUCCESS
	 - Description: "dereference failure: pointer NULL"
	 - Location: ../../home/runner/.rustup/toolchains/nightly-2025-11-21-x86_64-unknown-linux-gnu/lib/rustlib/src/rust/library/alloc/src/raw_vec/mod.rs:531:67 in function alloc::raw_vec::RawVecInner::current_memory

Check 69: alloc::raw_vec::RawVecInner::current_memory.pointer_dereference.8
	 - Status: SUCCESS
	 - Description: "dereference failure: pointer invalid"
	 - Location: ../../home/runner/.rustup/toolchains/nightly-2025-11-21-x86_64-unknown-linux-gnu/lib/rustlib/src/rust/library/alloc/src/raw_vec/mod.rs:531:67 in function alloc::raw_vec::RawVecInner::current_memory

Check 70: alloc::raw_vec::RawVecInner::current_memory.pointer_dereference.9
	 - Status: SUCCESS
	 - Description: "dereference failure: deallocated dynamic object"
	 - Location: ../../home/runner/.rustup/toolchains/nightly-2025-11-21-x86_64-unknown-linux-gnu/lib/rustlib/src/rust/library/alloc/src/raw_vec/mod.rs:531:67 in function alloc::raw_vec::RawVecInner::current_memory

Check 71: alloc::raw_vec::RawVecInner::current_memory.pointer_dereference.10
	 - Status: SUCCESS
	 - Description: "dereference failure: dead object"
	 - Location: ../../home/runner/.rustup/toolchains/nightly-2025-11-21-x86_64-unknown-linux-gnu/lib/rustlib/src/rust/library/alloc/src/raw_vec/mod.rs:531:67 in function alloc::raw_vec::RawVecInner::current_memory

Check 72: alloc::raw_vec::RawVecInner::current_memory.pointer_dereference.11
	 - Status: SUCCESS
	 - Description: "dereference failure: pointer outside object bounds"
	 - Location: ../../home/runner/.rustup/toolchains/nightly-2025-11-21-x86_64-unknown-linux-gnu/lib/rustlib/src/rust/library/alloc/src/raw_vec/mod.rs:531:67 in function alloc::raw_vec::RawVecInner::current_memory

Check 73: alloc::raw_vec::RawVecInner::current_memory.pointer_dereference.12
	 - Status: SUCCESS
	 - Description: "dereference failure: invalid integer address"
	 - Location: ../../home/runner/.rustup/toolchains/nightly-2025-11-21-x86_64-unknown-linux-gnu/lib/rustlib/src/rust/library/alloc/src/raw_vec/mod.rs:531:67 in function alloc::raw_vec::RawVecInner::current_memory

Check 74: alloc::raw_vec::RawVecInner::current_memory.pointer_dereference.13
	 - Status: SUCCESS
	 - Description: "dereference failure: pointer NULL"
	 - Location: ../../home/runner/.rustup/toolchains/nightly-2025-11-21-x86_64-unknown-linux-gnu/lib/rustlib/src/rust/library/alloc/src/raw_vec/mod.rs:533:23 in function alloc::raw_vec::RawVecInner::current_memory

Check 75: alloc::raw_vec::RawVecInner::current_memory.pointer_dereference.14
	 - Status: SUCCESS
	 - Description: "dereference failure: pointer invalid"
	 - Location: ../../home/runner/.rustup/toolchains/nightly-2025-11-21-x86_64-unknown-linux-gnu/lib/rustlib/src/rust/library/alloc/src/raw_vec/mod.rs:533:23 in function alloc::raw_vec::RawVecInner::current_memory

Check 76: alloc::raw_vec::RawVecInner::current_memory.pointer_dereference.15
	 - Status: SUCCESS
	 - Description: "dereference failure: deallocated dynamic object"
	 - Location: ../../home/runner/.rustup/toolchains/nightly-2025-11-21-x86_64-unknown-linux-gnu/lib/rustlib/src/rust/library/alloc/src/raw_vec/mod.rs:533:23 in function alloc::raw_vec::RawVecInner::current_memory

Check 77: alloc::raw_vec::RawVecInner::current_memory.pointer_dereference.16
	 - Status: SUCCESS
	 - Description: "dereference failure: dead object"
	 - Location: ../../home/runner/.rustup/toolchains/nightly-2025-11-21-x86_64-unknown-linux-gnu/lib/rustlib/src/rust/library/alloc/src/raw_vec/mod.rs:533:23 in function alloc::raw_vec::RawVecInner::current_memory

Check 78: alloc::raw_vec::RawVecInner::current_memory.pointer_dereference.17
	 - Status: SUCCESS
	 - Description: "dereference failure: pointer outside object bounds"
	 - Location: ../../home/runner/.rustup/toolchains/nightly-2025-11-21-x86_64-unknown-linux-gnu/lib/rustlib/src/rust/library/alloc/src/raw_vec/mod.rs:533:23 in function alloc::raw_vec::RawVecInner::current_memory

Check 79: alloc::raw_vec::RawVecInner::current_memory.pointer_dereference.18
	 - Status: SUCCESS
	 - Description: "dereference failure: invalid integer address"
	 - Location: ../../home/runner/.rustup/toolchains/nightly-2025-11-21-x86_64-unknown-linux-gnu/lib/rustlib/src/rust/library/alloc/src/raw_vec/mod.rs:533:23 in function alloc::raw_vec::RawVecInner::current_memory

Check 80: alloc::raw_vec::RawVecInner::current_memory.pointer_dereference.19
	 - Status: SUCCESS
	 - Description: "dereference failure: dead object"
	 - Location: ../../home/runner/.rustup/toolchains/nightly-2025-11-21-x86_64-unknown-linux-gnu/lib/rustlib/src/rust/library/alloc/src/raw_vec/mod.rs:524:13 in function alloc::raw_vec::RawVecInner::current_memory

Check 81: calloc.pointer_dereference.1
	 - Status: SUCCESS
	 - Description: "dereference failure: dead object"
	 - Location: <builtin-library-calloc>:14 in function calloc

Check 82: alloc::raw_vec::RawVecInner::capacity.pointer_dereference.1
	 - Status: SUCCESS
	 - Description: "dereference failure: pointer NULL"
	 - Location: ../../home/runner/.rustup/toolchains/nightly-2025-11-21-x86_64-unknown-linux-gnu/lib/rustlib/src/rust/library/alloc/src/raw_vec/mod.rs:509:49 in function alloc::raw_vec::RawVecInner::capacity

Check 83: alloc::raw_vec::RawVecInner::capacity.pointer_dereference.2
	 - Status: SUCCESS
	 - Description: "dereference failure: pointer invalid"
	 - Location: ../../home/runner/.rustup/toolchains/nightly-2025-11-21-x86_64-unknown-linux-gnu/lib/rustlib/src/rust/library/alloc/src/raw_vec/mod.rs:509:49 in function alloc::raw_vec::RawVecInner::capacity

Check 84: alloc::raw_vec::RawVecInner::capacity.pointer_dereference.3
	 - Status: SUCCESS
	 - Description: "dereference failure: deallocated dynamic object"
	 - Location: ../../home/runner/.rustup/toolchains/nightly-2025-11-21-x86_64-unknown-linux-gnu/lib/rustlib/src/rust/library/alloc/src/raw_vec/mod.rs:509:49 in function alloc::raw_vec::RawVecInner::capacity

Check 85: alloc::raw_vec::RawVecInner::capacity.pointer_dereference.4
	 - Status: SUCCESS
	 - Description: "dereference failure: dead object"
	 - Location: ../../home/runner/.rustup/toolchains/nightly-2025-11-21-x86_64-unknown-linux-gnu/lib/rustlib/src/rust/library/alloc/src/raw_vec/mod.rs:509:49 in function alloc::raw_vec::RawVecInner::capacity

Check 86: alloc::raw_vec::RawVecInner::capacity.pointer_dereference.5
	 - Status: SUCCESS
	 - Description: "dereference failure: pointer outside object bounds"
	 - Location: ../../home/runner/.rustup/toolchains/nightly-2025-11-21-x86_64-unknown-linux-gnu/lib/rustlib/src/rust/library/alloc/src/raw_vec/mod.rs:509:49 in function alloc::raw_vec::RawVecInner::capacity

Check 87: alloc::raw_vec::RawVecInner::capacity.pointer_dereference.6
	 - Status: SUCCESS
	 - Description: "dereference failure: invalid integer address"
	 - Location: ../../home/runner/.rustup/toolchains/nightly-2025-11-21-x86_64-unknown-linux-gnu/lib/rustlib/src/rust/library/alloc/src/raw_vec/mod.rs:509:49 in function alloc::raw_vec::RawVecInner::capacity

Check 88: alloc::raw_vec::RawVecInner::deallocate.pointer_dereference.1
	 - Status: SUCCESS
	 - Description: "dereference failure: dead object"
	 - Location: ../../home/runner/.rustup/toolchains/nightly-2025-11-21-x86_64-unknown-linux-gnu/lib/rustlib/src/rust/library/alloc/src/raw_vec/mod.rs:832:38 in function alloc::raw_vec::RawVecInner::deallocate

Check 89: std::alloc::Layout::pad_to_align.pointer_dereference.1
	 - Status: SUCCESS
	 - Description: "dereference failure: pointer NULL"
	 - Location: ../../home/runner/.rustup/toolchains/nightly-2025-11-21-x86_64-unknown-linux-gnu/lib/rustlib/src/rust/library/core/src/alloc/layout.rs:324:61 in function std::alloc::Layout::pad_to_align

Check 90: std::alloc::Layout::pad_to_align.pointer_dereference.2
	 - Status: SUCCESS
	 - Description: "dereference failure: pointer invalid"
	 - Location: ../../home/runner/.rustup/toolchains/nightly-2025-11-21-x86_64-unknown-linux-gnu/lib/rustlib/src/rust/library/core/src/alloc/layout.rs:324:61 in function std::alloc::Layout::pad_to_align

Check 91: std::alloc::Layout::pad_to_align.pointer_dereference.3
	 - Status: SUCCESS
	 - Description: "dereference failure: deallocated dynamic object"
	 - Location: ../../home/runner/.rustup/toolchains/nightly-2025-11-21-x86_64-unknown-linux-gnu/lib/rustlib/src/rust/library/core/src/alloc/layout.rs:324:61 in function std::alloc::Layout::pad_to_align

Check 92: std::alloc::Layout::pad_to_align.pointer_dereference.4
	 - Status: SUCCESS
	 - Description: "dereference failure: dead object"
	 - Location: ../../home/runner/.rustup/toolchains/nightly-2025-11-21-x86_64-unknown-linux-gnu/lib/rustlib/src/rust/library/core/src/alloc/layout.rs:324:61 in function std::alloc::Layout::pad_to_align

Check 93: std::alloc::Layout::pad_to_align.pointer_dereference.5
	 - Status: SUCCESS
	 - Description: "dereference failure: pointer outside object bounds"
	 - Location: ../../home/runner/.rustup/toolchains/nightly-2025-11-21-x86_64-unknown-linux-gnu/lib/rustlib/src/rust/library/core/src/alloc/layout.rs:324:61 in function std::alloc::Layout::pad_to_align

Check 94: std::alloc::Layout::pad_to_align.pointer_dereference.6
	 - Status: SUCCESS
	 - Description: "dereference failure: invalid integer address"
	 - Location: ../../home/runner/.rustup/toolchains/nightly-2025-11-21-x86_64-unknown-linux-gnu/lib/rustlib/src/rust/library/core/src/alloc/layout.rs:324:61 in function std::alloc::Layout::pad_to_align

Check 95: std::vec::Vec::<u8>::set_len.pointer_dereference.1
	 - Status: SUCCESS
	 - Description: "dereference failure: pointer NULL"
	 - Location: ../../home/runner/.rustup/toolchains/nightly-2025-11-21-x86_64-unknown-linux-gnu/lib/rustlib/src/rust/library/alloc/src/vec/mod.rs:1945:9 in function std::vec::Vec::<u8>::set_len

Check 96: std::vec::Vec::<u8>::set_len.pointer_dereference.2
	 - Status: SUCCESS
	 - Description: "dereference failure: pointer invalid"
	 - Location: ../../home/runner/.rustup/toolchains/nightly-2025-11-21-x86_64-unknown-linux-gnu/lib/rustlib/src/rust/library/alloc/src/vec/mod.rs:1945:9 in function std::vec::Vec::<u8>::set_len

Check 97: std::vec::Vec::<u8>::set_len.pointer_dereference.3
	 - Status: SUCCESS
	 - Description: "dereference failure: deallocated dynamic object"
	 - Location: ../../home/runner/.rustup/toolchains/nightly-2025-11-21-x86_64-unknown-linux-gnu/lib/rustlib/src/rust/library/alloc/src/vec/mod.rs:1945:9 in function std::vec::Vec::<u8>::set_len

Check 98: std::vec::Vec::<u8>::set_len.pointer_dereference.4
	 - Status: SUCCESS
	 - Description: "dereference failure: dead object"
	 - Location: ../../home/runner/.rustup/toolchains/nightly-2025-11-21-x86_64-unknown-linux-gnu/lib/rustlib/src/rust/library/alloc/src/vec/mod.rs:1945:9 in function std::vec::Vec::<u8>::set_len

Check 99: std::vec::Vec::<u8>::set_len.pointer_dereference.5
	 - Status: SUCCESS
	 - Description: "dereference failure: pointer outside object bounds"
	 - Location: ../../home/runner/.rustup/toolchains/nightly-2025-11-21-x86_64-unknown-linux-gnu/lib/rustlib/src/rust/library/alloc/src/vec/mod.rs:1945:9 in function std::vec::Vec::<u8>::set_len

Check 100: std::vec::Vec::<u8>::set_len.pointer_dereference.6
	 - Status: SUCCESS
	 - Description: "dereference failure: invalid integer address"
	 - Location: ../../home/runner/.rustup/toolchains/nightly-2025-11-21-x86_64-unknown-linux-gnu/lib/rustlib/src/rust/library/alloc/src/vec/mod.rs:1945:9 in function std::vec::Vec::<u8>::set_len

Check 101: std::alloc::Layout::size_rounded_up_to_custom_align.pointer_dereference.1
	 - Status: SUCCESS
	 - Description: "dereference failure: pointer NULL"
	 - Location: ../../home/runner/.rustup/toolchains/nightly-2025-11-21-x86_64-unknown-linux-gnu/lib/rustlib/src/rust/library/core/src/alloc/layout.rs:305:27 in function std::alloc::Layout::size_rounded_up_to_custom_align

Check 102: std::alloc::Layout::size_rounded_up_to_custom_align.pointer_dereference.2
	 - Status: SUCCESS
	 - Description: "dereference failure: pointer invalid"
	 - Location: ../../home/runner/.rustup/toolchains/nightly-2025-11-21-x86_64-unknown-linux-gnu/lib/rustlib/src/rust/library/core/src/alloc/layout.rs:305:27 in function std::alloc::Layout::size_rounded_up_to_custom_align

Check 103: std::alloc::Layout::size_rounded_up_to_custom_align.pointer_dereference.3
	 - Status: SUCCESS
	 - Description: "dereference failure: deallocated dynamic object"
	 - Location: ../../home/runner/.rustup/toolchains/nightly-2025-11-21-x86_64-unknown-linux-gnu/lib/rustlib/src/rust/library/core/src/alloc/layout.rs:305:27 in function std::alloc::Layout::size_rounded_up_to_custom_align

Check 104: std::alloc::Layout::size_rounded_up_to_custom_align.pointer_dereference.4
	 - Status: SUCCESS
	 - Description: "dereference failure: dead object"
	 - Location: ../../home/runner/.rustup/toolchains/nightly-2025-11-21-x86_64-unknown-linux-gnu/lib/rustlib/src/rust/library/core/src/alloc/layout.rs:305:27 in function std::alloc::Layout::size_rounded_up_to_custom_align

Check 105: std::alloc::Layout::size_rounded_up_to_custom_align.pointer_dereference.5
	 - Status: SUCCESS
	 - Description: "dereference failure: pointer outside object bounds"
	 - Location: ../../home/runner/.rustup/toolchains/nightly-2025-11-21-x86_64-unknown-linux-gnu/lib/rustlib/src/rust/library/core/src/alloc/layout.rs:305:27 in function std::alloc::Layout::size_rounded_up_to_custom_align

Check 106: std::alloc::Layout::size_rounded_up_to_custom_align.pointer_dereference.6
	 - Status: SUCCESS
	 - Description: "dereference failure: invalid integer address"
	 - Location: ../../home/runner/.rustup/toolchains/nightly-2025-11-21-x86_64-unknown-linux-gnu/lib/rustlib/src/rust/library/core/src/alloc/layout.rs:305:27 in function std::alloc::Layout::size_rounded_up_to_custom_align

Check 107: <std::result::Result<std::ptr::NonNull<[u8]>, std::alloc::AllocError> as std::ops::FromResidual<std::result::Result<std::convert::Infallible, std::alloc::AllocError>>>::from_residual.pointer_dereference.1
	 - Status: SUCCESS
	 - Description: "dereference failure: dead object"
	 - Location: ../../home/runner/.rustup/toolchains/nightly-2025-11-21-x86_64-unknown-linux-gnu/lib/rustlib/src/rust/library/core/src/result.rs:2189:23 in function <std::result::Result<std::ptr::NonNull<[u8]>, std::alloc::AllocError> as std::ops::FromResidual<std::result::Result<std::convert::Infallible, std::alloc::AllocError>>>::from_residual

Check 108: <std::collections::TryReserveErrorKind as std::clone::Clone>::clone.pointer_dereference.1
	 - Status: SUCCESS
	 - Description: "dereference failure: pointer NULL"
	 - Location: ../../home/runner/.rustup/toolchains/nightly-2025-11-21-x86_64-unknown-linux-gnu/lib/rustlib/src/rust/library/alloc/src/collections/mod.rs:93:10 in function <std::collections::TryReserveErrorKind as std::clone::Clone>::clone

Check 109: <std::collections::TryReserveErrorKind as std::clone::Clone>::clone.pointer_dereference.2
	 - Status: SUCCESS
	 - Description: "dereference failure: pointer invalid"
	 - Location: ../../home/runner/.rustup/toolchains/nightly-2025-11-21-x86_64-unknown-linux-gnu/lib/rustlib/src/rust/library/alloc/src/collections/mod.rs:93:10 in function <std::collections::TryReserveErrorKind as std::clone::Clone>::clone

Check 110: <std::collections::TryReserveErrorKind as std::clone::Clone>::clone.pointer_dereference.3
	 - Status: SUCCESS
	 - Description: "dereference failure: deallocated dynamic object"
	 - Location: ../../home/runner/.rustup/toolchains/nightly-2025-11-21-x86_64-unknown-linux-gnu/lib/rustlib/src/rust/library/alloc/src/collections/mod.rs:93:10 in function <std::collections::TryReserveErrorKind as std::clone::Clone>::clone

Check 111: <std::collections::TryReserveErrorKind as std::clone::Clone>::clone.pointer_dereference.4
	 - Status: SUCCESS
	 - Description: "dereference failure: dead object"
	 - Location: ../../home/runner/.rustup/toolchains/nightly-2025-11-21-x86_64-unknown-linux-gnu/lib/rustlib/src/rust/library/alloc/src/collections/mod.rs:93:10 in function <std::collections::TryReserveErrorKind as std::clone::Clone>::clone

Check 112: <std::collections::TryReserveErrorKind as std::clone::Clone>::clone.pointer_dereference.5
	 - Status: SUCCESS
	 - Description: "dereference failure: pointer outside object bounds"
	 - Location: ../../home/runner/.rustup/toolchains/nightly-2025-11-21-x86_64-unknown-linux-gnu/lib/rustlib/src/rust/library/alloc/src/collections/mod.rs:93:10 in function <std::collections::TryReserveErrorKind as std::clone::Clone>::clone

Check 113: <std::collections::TryReserveErrorKind as std::clone::Clone>::clone.pointer_dereference.6
	 - Status: SUCCESS
	 - Description: "dereference failure: invalid integer address"
	 - Location: ../../home/runner/.rustup/toolchains/nightly-2025-11-21-x86_64-unknown-linux-gnu/lib/rustlib/src/rust/library/alloc/src/collections/mod.rs:93:10 in function <std::collections::TryReserveErrorKind as std::clone::Clone>::clone

Check 114: <std::collections::TryReserveErrorKind as std::clone::Clone>::clone.pointer_dereference.7
	 - Status: SUCCESS
	 - Description: "dereference failure: dead object"
	 - Location: ../../home/runner/.rustup/toolchains/nightly-2025-11-21-x86_64-unknown-linux-gnu/lib/rustlib/src/rust/library/alloc/src/collections/mod.rs:93:10 in function <std::collections::TryReserveErrorKind as std::clone::Clone>::clone

Check 115: __rust_dealloc.precondition_instance.1
	 - Status: SUCCESS
	 - Description: "free argument must be NULL or valid pointer"
	 - Location: ../../home/edisonbl/.kani/kani-0.67.0/library/kani/kani_lib.c:87 in function __rust_dealloc

Check 116: __rust_dealloc.precondition_instance.2
	 - Status: SUCCESS
	 - Description: "free argument must be dynamic object"
	 - Location: ../../home/edisonbl/.kani/kani-0.67.0/library/kani/kani_lib.c:87 in function __rust_dealloc

Check 117: __rust_dealloc.precondition_instance.3
	 - Status: SUCCESS
	 - Description: "free argument has offset zero"
	 - Location: ../../home/edisonbl/.kani/kani-0.67.0/library/kani/kani_lib.c:87 in function __rust_dealloc

Check 118: __rust_dealloc.precondition_instance.4
	 - Status: SUCCESS
	 - Description: "double free"
	 - Location: ../../home/edisonbl/.kani/kani-0.67.0/library/kani/kani_lib.c:87 in function __rust_dealloc

Check 119: __rust_dealloc.precondition_instance.5
	 - Status: SUCCESS
	 - Description: "free called for new[] object"
	 - Location: ../../home/edisonbl/.kani/kani-0.67.0/library/kani/kani_lib.c:87 in function __rust_dealloc

Check 120: __rust_dealloc.precondition_instance.6
	 - Status: SUCCESS
	 - Description: "free called for stack-allocated object"
	 - Location: ../../home/edisonbl/.kani/kani-0.67.0/library/kani/kani_lib.c:87 in function __rust_dealloc

Check 121: alloc::raw_vec::RawVecInner::non_null::<u8>.pointer_dereference.1
	 - Status: SUCCESS
	 - Description: "dereference failure: pointer NULL"
	 - Location: ../../home/runner/.rustup/toolchains/nightly-2025-11-21-x86_64-unknown-linux-gnu/lib/rustlib/src/rust/library/alloc/src/raw_vec/mod.rs:504:9 in function alloc::raw_vec::RawVecInner::non_null::<u8>

Check 122: alloc::raw_vec::RawVecInner::non_null::<u8>.pointer_dereference.2
	 - Status: SUCCESS
	 - Description: "dereference failure: pointer invalid"
	 - Location: ../../home/runner/.rustup/toolchains/nightly-2025-11-21-x86_64-unknown-linux-gnu/lib/rustlib/src/rust/library/alloc/src/raw_vec/mod.rs:504:9 in function alloc::raw_vec::RawVecInner::non_null::<u8>

Check 123: alloc::raw_vec::RawVecInner::non_null::<u8>.pointer_dereference.3
	 - Status: SUCCESS
	 - Description: "dereference failure: deallocated dynamic object"
	 - Location: ../../home/runner/.rustup/toolchains/nightly-2025-11-21-x86_64-unknown-linux-gnu/lib/rustlib/src/rust/library/alloc/src/raw_vec/mod.rs:504:9 in function alloc::raw_vec::RawVecInner::non_null::<u8>

Check 124: alloc::raw_vec::RawVecInner::non_null::<u8>.pointer_dereference.4
	 - Status: SUCCESS
	 - Description: "dereference failure: dead object"
	 - Location: ../../home/runner/.rustup/toolchains/nightly-2025-11-21-x86_64-unknown-linux-gnu/lib/rustlib/src/rust/library/alloc/src/raw_vec/mod.rs:504:9 in function alloc::raw_vec::RawVecInner::non_null::<u8>

Check 125: alloc::raw_vec::RawVecInner::non_null::<u8>.pointer_dereference.5
	 - Status: SUCCESS
	 - Description: "dereference failure: pointer outside object bounds"
	 - Location: ../../home/runner/.rustup/toolchains/nightly-2025-11-21-x86_64-unknown-linux-gnu/lib/rustlib/src/rust/library/alloc/src/raw_vec/mod.rs:504:9 in function alloc::raw_vec::RawVecInner::non_null::<u8>

Check 126: alloc::raw_vec::RawVecInner::non_null::<u8>.pointer_dereference.6
	 - Status: SUCCESS
	 - Description: "dereference failure: invalid integer address"
	 - Location: ../../home/runner/.rustup/toolchains/nightly-2025-11-21-x86_64-unknown-linux-gnu/lib/rustlib/src/rust/library/alloc/src/raw_vec/mod.rs:504:9 in function alloc::raw_vec::RawVecInner::non_null::<u8>

Check 127: alloc::raw_vec::layout_array::{closure#1}.pointer_dereference.1
	 - Status: SUCCESS
	 - Description: "dereference failure: dead object"
	 - Location: ../../home/runner/.rustup/toolchains/nightly-2025-11-21-x86_64-unknown-linux-gnu/lib/rustlib/src/rust/library/alloc/src/raw_vec/mod.rs:853:70 in function alloc::raw_vec::layout_array::{closure#1}

Check 128: <std::vec::Vec<u8> as std::ops::Drop>::drop.pointer_dereference.1
	 - Status: SUCCESS
	 - Description: "dereference failure: pointer NULL"
	 - Location: ../../home/runner/.rustup/toolchains/nightly-2025-11-21-x86_64-unknown-linux-gnu/lib/rustlib/src/rust/library/alloc/src/vec/mod.rs:4076:81 in function <std::vec::Vec<u8> as std::ops::Drop>::drop

Check 129: <std::vec::Vec<u8> as std::ops::Drop>::drop.pointer_dereference.2
	 - Status: SUCCESS
	 - Description: "dereference failure: pointer invalid"
	 - Location: ../../home/runner/.rustup/toolchains/nightly-2025-11-21-x86_64-unknown-linux-gnu/lib/rustlib/src/rust/library/alloc/src/vec/mod.rs:4076:81 in function <std::vec::Vec<u8> as std::ops::Drop>::drop

Check 130: <std::vec::Vec<u8> as std::ops::Drop>::drop.pointer_dereference.3
	 - Status: SUCCESS
	 - Description: "dereference failure: deallocated dynamic object"
	 - Location: ../../home/runner/.rustup/toolchains/nightly-2025-11-21-x86_64-unknown-linux-gnu/lib/rustlib/src/rust/library/alloc/src/vec/mod.rs:4076:81 in function <std::vec::Vec<u8> as std::ops::Drop>::drop

Check 131: <std::vec::Vec<u8> as std::ops::Drop>::drop.pointer_dereference.4
	 - Status: SUCCESS
	 - Description: "dereference failure: dead object"
	 - Location: ../../home/runner/.rustup/toolchains/nightly-2025-11-21-x86_64-unknown-linux-gnu/lib/rustlib/src/rust/library/alloc/src/vec/mod.rs:4076:81 in function <std::vec::Vec<u8> as std::ops::Drop>::drop

Check 132: <std::vec::Vec<u8> as std::ops::Drop>::drop.pointer_dereference.5
	 - Status: SUCCESS
	 - Description: "dereference failure: pointer outside object bounds"
	 - Location: ../../home/runner/.rustup/toolchains/nightly-2025-11-21-x86_64-unknown-linux-gnu/lib/rustlib/src/rust/library/alloc/src/vec/mod.rs:4076:81 in function <std::vec::Vec<u8> as std::ops::Drop>::drop

Check 133: <std::vec::Vec<u8> as std::ops::Drop>::drop.pointer_dereference.6
	 - Status: SUCCESS
	 - Description: "dereference failure: invalid integer address"
	 - Location: ../../home/runner/.rustup/toolchains/nightly-2025-11-21-x86_64-unknown-linux-gnu/lib/rustlib/src/rust/library/alloc/src/vec/mod.rs:4076:81 in function <std::vec::Vec<u8> as std::ops::Drop>::drop

Check 134: std::alloc::Global::alloc_impl.pointer_dereference.1
	 - Status: SUCCESS
	 - Description: "dereference failure: dead object"
	 - Location: ../../home/runner/.rustup/toolchains/nightly-2025-11-21-x86_64-unknown-linux-gnu/lib/rustlib/src/rust/library/alloc/src/alloc.rs:191:27 in function std::alloc::Global::alloc_impl

Check 135: std::option::Option::<std::ptr::NonNull<u8>>::ok_or::<std::alloc::AllocError>.pointer_dereference.1
	 - Status: SUCCESS
	 - Description: "dereference failure: dead object"
	 - Location: ../../home/runner/.rustup/toolchains/nightly-2025-11-21-x86_64-unknown-linux-gnu/lib/rustlib/src/rust/library/core/src/option.rs:1338:15 in function std::option::Option::<std::ptr::NonNull<u8>>::ok_or::<std::alloc::AllocError>

Check 136: std::option::Option::<std::ptr::NonNull<u8>>::ok_or::<std::alloc::AllocError>.pointer_dereference.2
	 - Status: SUCCESS
	 - Description: "dereference failure: dead object"
	 - Location: ../../home/runner/.rustup/toolchains/nightly-2025-11-21-x86_64-unknown-linux-gnu/lib/rustlib/src/rust/library/core/src/option.rs:1340:21 in function std::option::Option::<std::ptr::NonNull<u8>>::ok_or::<std::alloc::AllocError>

Check 137: alloc::raw_vec::handle_error.pointer_dereference.1
	 - Status: SUCCESS
	 - Description: "dereference failure: dead object"
	 - Location: ../../home/runner/.rustup/toolchains/nightly-2025-11-21-x86_64-unknown-linux-gnu/lib/rustlib/src/rust/library/alloc/src/raw_vec/mod.rs:845:11 in function alloc::raw_vec::handle_error

Check 138: std::vec::Vec::<u8>::len.pointer_dereference.1
	 - Status: SUCCESS
	 - Description: "dereference failure: pointer NULL"
	 - Location: ../../home/runner/.rustup/toolchains/nightly-2025-11-21-x86_64-unknown-linux-gnu/lib/rustlib/src/rust/library/alloc/src/vec/mod.rs:2854:19 in function std::vec::Vec::<u8>::len

Check 139: std::vec::Vec::<u8>::len.pointer_dereference.2
	 - Status: SUCCESS
	 - Description: "dereference failure: pointer invalid"
	 - Location: ../../home/runner/.rustup/toolchains/nightly-2025-11-21-x86_64-unknown-linux-gnu/lib/rustlib/src/rust/library/alloc/src/vec/mod.rs:2854:19 in function std::vec::Vec::<u8>::len

Check 140: std::vec::Vec::<u8>::len.pointer_dereference.3
	 - Status: SUCCESS
	 - Description: "dereference failure: deallocated dynamic object"
	 - Location: ../../home/runner/.rustup/toolchains/nightly-2025-11-21-x86_64-unknown-linux-gnu/lib/rustlib/src/rust/library/alloc/src/vec/mod.rs:2854:19 in function std::vec::Vec::<u8>::len

Check 141: std::vec::Vec::<u8>::len.pointer_dereference.4
	 - Status: SUCCESS
	 - Description: "dereference failure: dead object"
	 - Location: ../../home/runner/.rustup/toolchains/nightly-2025-11-21-x86_64-unknown-linux-gnu/lib/rustlib/src/rust/library/alloc/src/vec/mod.rs:2854:19 in function std::vec::Vec::<u8>::len

Check 142: std::vec::Vec::<u8>::len.pointer_dereference.5
	 - Status: SUCCESS
	 - Description: "dereference failure: pointer outside object bounds"
	 - Location: ../../home/runner/.rustup/toolchains/nightly-2025-11-21-x86_64-unknown-linux-gnu/lib/rustlib/src/rust/library/alloc/src/vec/mod.rs:2854:19 in function std::vec::Vec::<u8>::len

Check 143: std::vec::Vec::<u8>::len.pointer_dereference.6
	 - Status: SUCCESS
	 - Description: "dereference failure: invalid integer address"
	 - Location: ../../home/runner/.rustup/toolchains/nightly-2025-11-21-x86_64-unknown-linux-gnu/lib/rustlib/src/rust/library/alloc/src/vec/mod.rs:2854:19 in function std::vec::Vec::<u8>::len

Check 144: std::alloc::Layout::align.pointer_dereference.1
	 - Status: SUCCESS
	 - Description: "dereference failure: pointer NULL"
	 - Location: ../../home/runner/.rustup/toolchains/nightly-2025-11-21-x86_64-unknown-linux-gnu/lib/rustlib/src/rust/library/core/src/alloc/layout.rs:152:9 in function std::alloc::Layout::align

Check 145: std::alloc::Layout::align.pointer_dereference.2
	 - Status: SUCCESS
	 - Description: "dereference failure: pointer invalid"
	 - Location: ../../home/runner/.rustup/toolchains/nightly-2025-11-21-x86_64-unknown-linux-gnu/lib/rustlib/src/rust/library/core/src/alloc/layout.rs:152:9 in function std::alloc::Layout::align

Check 146: std::alloc::Layout::align.pointer_dereference.3
	 - Status: SUCCESS
	 - Description: "dereference failure: deallocated dynamic object"
	 - Location: ../../home/runner/.rustup/toolchains/nightly-2025-11-21-x86_64-unknown-linux-gnu/lib/rustlib/src/rust/library/core/src/alloc/layout.rs:152:9 in function std::alloc::Layout::align

Check 147: std::alloc::Layout::align.pointer_dereference.4
	 - Status: SUCCESS
	 - Description: "dereference failure: dead object"
	 - Location: ../../home/runner/.rustup/toolchains/nightly-2025-11-21-x86_64-unknown-linux-gnu/lib/rustlib/src/rust/library/core/src/alloc/layout.rs:152:9 in function std::alloc::Layout::align

Check 148: std::alloc::Layout::align.pointer_dereference.5
	 - Status: SUCCESS
	 - Description: "dereference failure: pointer outside object bounds"
	 - Location: ../../home/runner/.rustup/toolchains/nightly-2025-11-21-x86_64-unknown-linux-gnu/lib/rustlib/src/rust/library/core/src/alloc/layout.rs:152:9 in function std::alloc::Layout::align

Check 149: std::alloc::Layout::align.pointer_dereference.6
	 - Status: SUCCESS
	 - Description: "dereference failure: invalid integer address"
	 - Location: ../../home/runner/.rustup/toolchains/nightly-2025-11-21-x86_64-unknown-linux-gnu/lib/rustlib/src/rust/library/core/src/alloc/layout.rs:152:9 in function std::alloc::Layout::align

Check 150: std::ptr::Alignment::new.pointer_dereference.1
	 - Status: SUCCESS
	 - Description: "dereference failure: dead object"
	 - Location: ../../home/runner/.rustup/toolchains/nightly-2025-11-21-x86_64-unknown-linux-gnu/lib/rustlib/src/rust/library/core/src/ptr/alignment.rs:64:13 in function std::ptr::Alignment::new

Check 151: alloc::raw_vec::RawVecInner::try_allocate_in.pointer_dereference.1
	 - Status: SUCCESS
	 - Description: "dereference failure: dead object"
	 - Location: ../../home/runner/.rustup/toolchains/nightly-2025-11-21-x86_64-unknown-linux-gnu/lib/rustlib/src/rust/library/alloc/src/raw_vec/mod.rs:459:34 in function alloc::raw_vec::RawVecInner::try_allocate_in

Check 152: alloc::raw_vec::RawVecInner::try_allocate_in.pointer_dereference.2
	 - Status: SUCCESS
	 - Description: "dereference failure: dead object"
	 - Location: ../../home/runner/.rustup/toolchains/nightly-2025-11-21-x86_64-unknown-linux-gnu/lib/rustlib/src/rust/library/alloc/src/raw_vec/mod.rs:472:25 in function alloc::raw_vec::RawVecInner::try_allocate_in

Check 153: std::alloc::Layout::repeat_packed.pointer_dereference.1
	 - Status: SUCCESS
	 - Description: "dereference failure: pointer NULL"
	 - Location: ../../home/runner/.rustup/toolchains/nightly-2025-11-21-x86_64-unknown-linux-gnu/lib/rustlib/src/rust/library/core/src/alloc/layout.rs:448:29 in function std::alloc::Layout::repeat_packed

Check 154: std::alloc::Layout::repeat_packed.pointer_dereference.2
	 - Status: SUCCESS
	 - Description: "dereference failure: pointer invalid"
	 - Location: ../../home/runner/.rustup/toolchains/nightly-2025-11-21-x86_64-unknown-linux-gnu/lib/rustlib/src/rust/library/core/src/alloc/layout.rs:448:29 in function std::alloc::Layout::repeat_packed

Check 155: std::alloc::Layout::repeat_packed.pointer_dereference.3
	 - Status: SUCCESS
	 - Description: "dereference failure: deallocated dynamic object"
	 - Location: ../../home/runner/.rustup/toolchains/nightly-2025-11-21-x86_64-unknown-linux-gnu/lib/rustlib/src/rust/library/core/src/alloc/layout.rs:448:29 in function std::alloc::Layout::repeat_packed

Check 156: std::alloc::Layout::repeat_packed.pointer_dereference.4
	 - Status: SUCCESS
	 - Description: "dereference failure: dead object"
	 - Location: ../../home/runner/.rustup/toolchains/nightly-2025-11-21-x86_64-unknown-linux-gnu/lib/rustlib/src/rust/library/core/src/alloc/layout.rs:448:29 in function std::alloc::Layout::repeat_packed

Check 157: std::alloc::Layout::repeat_packed.pointer_dereference.5
	 - Status: SUCCESS
	 - Description: "dereference failure: pointer outside object bounds"
	 - Location: ../../home/runner/.rustup/toolchains/nightly-2025-11-21-x86_64-unknown-linux-gnu/lib/rustlib/src/rust/library/core/src/alloc/layout.rs:448:29 in function std::alloc::Layout::repeat_packed

Check 158: std::alloc::Layout::repeat_packed.pointer_dereference.6
	 - Status: SUCCESS
	 - Description: "dereference failure: invalid integer address"
	 - Location: ../../home/runner/.rustup/toolchains/nightly-2025-11-21-x86_64-unknown-linux-gnu/lib/rustlib/src/rust/library/core/src/alloc/layout.rs:448:29 in function std::alloc::Layout::repeat_packed

Check 159: std::alloc::Layout::repeat_packed.pointer_dereference.7
	 - Status: SUCCESS
	 - Description: "dereference failure: dead object"
	 - Location: ../../home/runner/.rustup/toolchains/nightly-2025-11-21-x86_64-unknown-linux-gnu/lib/rustlib/src/rust/library/core/src/alloc/layout.rs:452:13 in function std::alloc::Layout::repeat_packed

Check 160: std::alloc::Layout::repeat_packed.pointer_dereference.8
	 - Status: SUCCESS
	 - Description: "dereference failure: pointer NULL"
	 - Location: ../../home/runner/.rustup/toolchains/nightly-2025-11-21-x86_64-unknown-linux-gnu/lib/rustlib/src/rust/library/core/src/alloc/layout.rs:450:47 in function std::alloc::Layout::repeat_packed

Check 161: std::alloc::Layout::repeat_packed.pointer_dereference.9
	 - Status: SUCCESS
	 - Description: "dereference failure: pointer invalid"
	 - Location: ../../home/runner/.rustup/toolchains/nightly-2025-11-21-x86_64-unknown-linux-gnu/lib/rustlib/src/rust/library/core/src/alloc/layout.rs:450:47 in function std::alloc::Layout::repeat_packed

Check 162: std::alloc::Layout::repeat_packed.pointer_dereference.10
	 - Status: SUCCESS
	 - Description: "dereference failure: deallocated dynamic object"
	 - Location: ../../home/runner/.rustup/toolchains/nightly-2025-11-21-x86_64-unknown-linux-gnu/lib/rustlib/src/rust/library/core/src/alloc/layout.rs:450:47 in function std::alloc::Layout::repeat_packed

Check 163: std::alloc::Layout::repeat_packed.pointer_dereference.11
	 - Status: SUCCESS
	 - Description: "dereference failure: dead object"
	 - Location: ../../home/runner/.rustup/toolchains/nightly-2025-11-21-x86_64-unknown-linux-gnu/lib/rustlib/src/rust/library/core/src/alloc/layout.rs:450:47 in function std::alloc::Layout::repeat_packed

Check 164: std::alloc::Layout::repeat_packed.pointer_dereference.12
	 - Status: SUCCESS
	 - Description: "dereference failure: pointer outside object bounds"
	 - Location: ../../home/runner/.rustup/toolchains/nightly-2025-11-21-x86_64-unknown-linux-gnu/lib/rustlib/src/rust/library/core/src/alloc/layout.rs:450:47 in function std::alloc::Layout::repeat_packed

Check 165: std::alloc::Layout::repeat_packed.pointer_dereference.13
	 - Status: SUCCESS
	 - Description: "dereference failure: invalid integer address"
	 - Location: ../../home/runner/.rustup/toolchains/nightly-2025-11-21-x86_64-unknown-linux-gnu/lib/rustlib/src/rust/library/core/src/alloc/layout.rs:450:47 in function std::alloc::Layout::repeat_packed

Check 166: std::alloc::Layout::from_size_alignment.pointer_dereference.1
	 - Status: SUCCESS
	 - Description: "dereference failure: dead object"
	 - Location: ../../home/runner/.rustup/toolchains/nightly-2025-11-21-x86_64-unknown-linux-gnu/lib/rustlib/src/rust/library/core/src/alloc/layout.rs:102:20 in function std::alloc::Layout::from_size_alignment

Check 167: <std::result::Result<std::ptr::NonNull<u8>, std::alloc::AllocError> as std::ops::Try>::branch.pointer_dereference.1
	 - Status: SUCCESS
	 - Description: "dereference failure: dead object"
	 - Location: ../../home/runner/.rustup/toolchains/nightly-2025-11-21-x86_64-unknown-linux-gnu/lib/rustlib/src/rust/library/core/src/result.rs:2173:15 in function <std::result::Result<std::ptr::NonNull<u8>, std::alloc::AllocError> as std::ops::Try>::branch

Check 168: <std::result::Result<std::ptr::NonNull<u8>, std::alloc::AllocError> as std::ops::Try>::branch.pointer_dereference.2
	 - Status: SUCCESS
	 - Description: "dereference failure: dead object"
	 - Location: ../../home/runner/.rustup/toolchains/nightly-2025-11-21-x86_64-unknown-linux-gnu/lib/rustlib/src/rust/library/core/src/result.rs:2175:23 in function <std::result::Result<std::ptr::NonNull<u8>, std::alloc::AllocError> as std::ops::Try>::branch

Check 169: memcpy.pointer.1
	 - Status: SUCCESS
	 - Description: "same object violation in (const char *)(void *)src >= (const char *)(void *)dst + (signed long int)(count * sizeof(unsigned char) /*1*/ )"
	 - Location: <builtin-library-memcpy>:33 in function memcpy

Check 170: memcpy.pointer.2
	 - Status: SUCCESS
	 - Description: "same object violation in (const char *)(void *)dst >= (const char *)(void *)src + (signed long int)(count * sizeof(unsigned char) /*1*/ )"
	 - Location: <builtin-library-memcpy>:34 in function memcpy

Check 171: std::ptr::copy_nonoverlapping::<u8>.precondition_instance.1
	 - Status: SUCCESS
	 - Description: "memcpy src/dst overlap"
	 - Location: ../../home/runner/.rustup/toolchains/nightly-2025-11-21-x86_64-unknown-linux-gnu/lib/rustlib/src/rust/library/core/src/ptr/mod.rs:547:14 in function std::ptr::copy_nonoverlapping::<u8>

Check 172: std::ptr::copy_nonoverlapping::<u8>.precondition_instance.2
	 - Status: SUCCESS
	 - Description: "memcpy source region readable"
	 - Location: ../../home/runner/.rustup/toolchains/nightly-2025-11-21-x86_64-unknown-linux-gnu/lib/rustlib/src/rust/library/core/src/ptr/mod.rs:547:14 in function std::ptr::copy_nonoverlapping::<u8>

Check 173: std::ptr::copy_nonoverlapping::<u8>.precondition_instance.3
	 - Status: SUCCESS
	 - Description: "memcpy destination region writeable"
	 - Location: ../../home/runner/.rustup/toolchains/nightly-2025-11-21-x86_64-unknown-linux-gnu/lib/rustlib/src/rust/library/core/src/ptr/mod.rs:547:14 in function std::ptr::copy_nonoverlapping::<u8>

Check 174: std::result::Result::<(std::alloc::Layout, usize), std::alloc::LayoutError>::map::<std::alloc::Layout, {closure@alloc::raw_vec::layout_array::{closure#0}}>.pointer_dereference.1
	 - Status: SUCCESS
	 - Description: "dereference failure: dead object"
	 - Location: ../../home/runner/.rustup/toolchains/nightly-2025-11-21-x86_64-unknown-linux-gnu/lib/rustlib/src/rust/library/core/src/result.rs:835:15 in function std::result::Result::<(std::alloc::Layout, usize), std::alloc::LayoutError>::map::<std::alloc::Layout, {closure@alloc::raw_vec::layout_array::{closure#0}}>

Check 175: std::result::Result::<(std::alloc::Layout, usize), std::alloc::LayoutError>::map::<std::alloc::Layout, {closure@alloc::raw_vec::layout_array::{closure#0}}>.pointer_dereference.2
	 - Status: SUCCESS
	 - Description: "dereference failure: dead object"
	 - Location: ../../home/runner/.rustup/toolchains/nightly-2025-11-21-x86_64-unknown-linux-gnu/lib/rustlib/src/rust/library/core/src/result.rs:837:23 in function std::result::Result::<(std::alloc::Layout, usize), std::alloc::LayoutError>::map::<std::alloc::Layout, {closure@alloc::raw_vec::layout_array::{closure#0}}>

Check 176: Record::validate.pointer_dereference.1
	 - Status: SUCCESS
	 - Description: "dereference failure: dead object"
	 - Location: src/lib.rs:74:9 in function Record::validate

Check 177: std::result::Result::<(), EdisonError>::is_ok.pointer_dereference.1
	 - Status: SUCCESS
	 - Description: "dereference failure: pointer NULL"
	 - Location: ../../home/runner/.rustup/toolchains/nightly-2025-11-21-x86_64-unknown-linux-gnu/lib/rustlib/src/rust/library/core/src/result.rs:594:18 in function std::result::Result::<(), EdisonError>::is_ok

Check 178: std::result::Result::<(), EdisonError>::is_ok.pointer_dereference.2
	 - Status: SUCCESS
	 - Description: "dereference failure: pointer invalid"
	 - Location: ../../home/runner/.rustup/toolchains/nightly-2025-11-21-x86_64-unknown-linux-gnu/lib/rustlib/src/rust/library/core/src/result.rs:594:18 in function std::result::Result::<(), EdisonError>::is_ok

Check 179: std::result::Result::<(), EdisonError>::is_ok.pointer_dereference.3
	 - Status: SUCCESS
	 - Description: "dereference failure: deallocated dynamic object"
	 - Location: ../../home/runner/.rustup/toolchains/nightly-2025-11-21-x86_64-unknown-linux-gnu/lib/rustlib/src/rust/library/core/src/result.rs:594:18 in function std::result::Result::<(), EdisonError>::is_ok

Check 180: std::result::Result::<(), EdisonError>::is_ok.pointer_dereference.4
	 - Status: SUCCESS
	 - Description: "dereference failure: dead object"
	 - Location: ../../home/runner/.rustup/toolchains/nightly-2025-11-21-x86_64-unknown-linux-gnu/lib/rustlib/src/rust/library/core/src/result.rs:594:18 in function std::result::Result::<(), EdisonError>::is_ok

Check 181: std::result::Result::<(), EdisonError>::is_ok.pointer_dereference.5
	 - Status: SUCCESS
	 - Description: "dereference failure: pointer outside object bounds"
	 - Location: ../../home/runner/.rustup/toolchains/nightly-2025-11-21-x86_64-unknown-linux-gnu/lib/rustlib/src/rust/library/core/src/result.rs:594:18 in function std::result::Result::<(), EdisonError>::is_ok

Check 182: std::result::Result::<(), EdisonError>::is_ok.pointer_dereference.6
	 - Status: SUCCESS
	 - Description: "dereference failure: invalid integer address"
	 - Location: ../../home/runner/.rustup/toolchains/nightly-2025-11-21-x86_64-unknown-linux-gnu/lib/rustlib/src/rust/library/core/src/result.rs:594:18 in function std::result::Result::<(), EdisonError>::is_ok

Check 183: std::result::Result::<std::alloc::Layout, std::alloc::LayoutError>::map_err::<std::collections::TryReserveError, {closure@alloc::raw_vec::layout_array::{closure#1}}>.pointer_dereference.1
	 - Status: SUCCESS
	 - Description: "dereference failure: dead object"
	 - Location: ../../home/runner/.rustup/toolchains/nightly-2025-11-21-x86_64-unknown-linux-gnu/lib/rustlib/src/rust/library/core/src/result.rs:966:15 in function std::result::Result::<std::alloc::Layout, std::alloc::LayoutError>::map_err::<std::collections::TryReserveError, {closure@alloc::raw_vec::layout_array::{closure#1}}>

Check 184: std::ptr::NonNull::<u8>::new.pointer_dereference.1
	 - Status: SUCCESS
	 - Description: "dereference failure: dead object"
	 - Location: ../../home/runner/.rustup/toolchains/nightly-2025-11-21-x86_64-unknown-linux-gnu/lib/rustlib/src/rust/library/core/src/ptr/non_null.rs:275:13 in function std::ptr::NonNull::<u8>::new

Check 185: <std::alloc::Layout as std::clone::Clone>::clone.pointer_dereference.1
	 - Status: SUCCESS
	 - Description: "dereference failure: pointer NULL"
	 - Location: ../../home/runner/.rustup/toolchains/nightly-2025-11-21-x86_64-unknown-linux-gnu/lib/rustlib/src/rust/library/core/src/alloc/layout.rs:28:16 in function <std::alloc::Layout as std::clone::Clone>::clone

Check 186: <std::alloc::Layout as std::clone::Clone>::clone.pointer_dereference.2
	 - Status: SUCCESS
	 - Description: "dereference failure: pointer invalid"
	 - Location: ../../home/runner/.rustup/toolchains/nightly-2025-11-21-x86_64-unknown-linux-gnu/lib/rustlib/src/rust/library/core/src/alloc/layout.rs:28:16 in function <std::alloc::Layout as std::clone::Clone>::clone

Check 187: <std::alloc::Layout as std::clone::Clone>::clone.pointer_dereference.3
	 - Status: SUCCESS
	 - Description: "dereference failure: deallocated dynamic object"
	 - Location: ../../home/runner/.rustup/toolchains/nightly-2025-11-21-x86_64-unknown-linux-gnu/lib/rustlib/src/rust/library/core/src/alloc/layout.rs:28:16 in function <std::alloc::Layout as std::clone::Clone>::clone

Check 188: <std::alloc::Layout as std::clone::Clone>::clone.pointer_dereference.4
	 - Status: SUCCESS
	 - Description: "dereference failure: dead object"
	 - Location: ../../home/runner/.rustup/toolchains/nightly-2025-11-21-x86_64-unknown-linux-gnu/lib/rustlib/src/rust/library/core/src/alloc/layout.rs:28:16 in function <std::alloc::Layout as std::clone::Clone>::clone

Check 189: <std::alloc::Layout as std::clone::Clone>::clone.pointer_dereference.5
	 - Status: SUCCESS
	 - Description: "dereference failure: pointer outside object bounds"
	 - Location: ../../home/runner/.rustup/toolchains/nightly-2025-11-21-x86_64-unknown-linux-gnu/lib/rustlib/src/rust/library/core/src/alloc/layout.rs:28:16 in function <std::alloc::Layout as std::clone::Clone>::clone

Check 190: <std::alloc::Layout as std::clone::Clone>::clone.pointer_dereference.6
	 - Status: SUCCESS
	 - Description: "dereference failure: invalid integer address"
	 - Location: ../../home/runner/.rustup/toolchains/nightly-2025-11-21-x86_64-unknown-linux-gnu/lib/rustlib/src/rust/library/core/src/alloc/layout.rs:28:16 in function <std::alloc::Layout as std::clone::Clone>::clone

Check 191: std::alloc::Layout::size.pointer_dereference.1
	 - Status: SUCCESS
	 - Description: "dereference failure: pointer NULL"
	 - Location: ../../home/runner/.rustup/toolchains/nightly-2025-11-21-x86_64-unknown-linux-gnu/lib/rustlib/src/rust/library/core/src/alloc/layout.rs:140:9 in function std::alloc::Layout::size

Check 192: std::alloc::Layout::size.pointer_dereference.2
	 - Status: SUCCESS
	 - Description: "dereference failure: pointer invalid"
	 - Location: ../../home/runner/.rustup/toolchains/nightly-2025-11-21-x86_64-unknown-linux-gnu/lib/rustlib/src/rust/library/core/src/alloc/layout.rs:140:9 in function std::alloc::Layout::size

Check 193: std::alloc::Layout::size.pointer_dereference.3
	 - Status: SUCCESS
	 - Description: "dereference failure: deallocated dynamic object"
	 - Location: ../../home/runner/.rustup/toolchains/nightly-2025-11-21-x86_64-unknown-linux-gnu/lib/rustlib/src/rust/library/core/src/alloc/layout.rs:140:9 in function std::alloc::Layout::size

Check 194: std::alloc::Layout::size.pointer_dereference.4
	 - Status: SUCCESS
	 - Description: "dereference failure: dead object"
	 - Location: ../../home/runner/.rustup/toolchains/nightly-2025-11-21-x86_64-unknown-linux-gnu/lib/rustlib/src/rust/library/core/src/alloc/layout.rs:140:9 in function std::alloc::Layout::size

Check 195: std::alloc::Layout::size.pointer_dereference.5
	 - Status: SUCCESS
	 - Description: "dereference failure: pointer outside object bounds"
	 - Location: ../../home/runner/.rustup/toolchains/nightly-2025-11-21-x86_64-unknown-linux-gnu/lib/rustlib/src/rust/library/core/src/alloc/layout.rs:140:9 in function std::alloc::Layout::size

Check 196: std::alloc::Layout::size.pointer_dereference.6
	 - Status: SUCCESS
	 - Description: "dereference failure: invalid integer address"
	 - Location: ../../home/runner/.rustup/toolchains/nightly-2025-11-21-x86_64-unknown-linux-gnu/lib/rustlib/src/rust/library/core/src/alloc/layout.rs:140:9 in function std::alloc::Layout::size

Check 197: std::alloc::Layout::repeat.pointer_dereference.1
	 - Status: SUCCESS
	 - Description: "dereference failure: dead object"
	 - Location: ../../home/runner/.rustup/toolchains/nightly-2025-11-21-x86_64-unknown-linux-gnu/lib/rustlib/src/rust/library/core/src/alloc/layout.rs:361:31 in function std::alloc::Layout::repeat

Check 198: std::alloc::Layout::repeat.pointer_dereference.2
	 - Status: SUCCESS
	 - Description: "dereference failure: dead object"
	 - Location: ../../home/runner/.rustup/toolchains/nightly-2025-11-21-x86_64-unknown-linux-gnu/lib/rustlib/src/rust/library/core/src/alloc/layout.rs:364:13 in function std::alloc::Layout::repeat


SUMMARY:
 ** 0 of 198 failed (4 unreachable)

VERIFICATION:- SUCCESSFUL
Verification Time: 0.6092621s

Checking harness verification::kani_harnesses::kani_policy_tier_ceiling...
CBMC 6.8.0 (cbmc-6.8.0)
CBMC version 6.8.0 (cbmc-6.8.0) 64-bit x86_64 linux
Reading GOTO program from file /tmp/edisondb-fv3-count-reaudit/target/kani/x86_64-unknown-linux-gnu/debug/deps/edisondb__RNvNtNtCs8zVKvWqpudH_8edisondb12verification14kani_harnesses24kani_policy_tier_ceiling.out
Generating GOTO Program
Adding CPROVER library (x86_64)
Removal of function pointers and virtual functions
Generic Property Instrumentation
Running with 16 object bits, 48 offset bits (user-specified)
Starting Bounded Model Checking
Runtime Symex: 0.00230963s
size of program expression: 168 steps
slicing removed 77 assignments
Generated 8 VCC(s), 2 remaining after simplification
Runtime Postprocess Equation: 3.3033e-05s
Passing problem to propositional reduction
converting SSA
Runtime Convert SSA: 0.000239033s
Running propositional reduction
Post-processing
Runtime Post-process: 6.062e-06s
Solving with CaDiCaL 2.0.0
92 variables, 104 clauses
SAT checker: instance is SATISFIABLE
Runtime Solver: 5.294e-05s
Runtime decision procedure: 0.000325827s
Running propositional reduction
Solving with CaDiCaL 2.0.0
93 variables, 105 clauses
SAT checker: instance is UNSATISFIABLE
Runtime Solver: 1.3705e-05s
Runtime decision procedure: 2.5168e-05s

RESULTS:
Check 1: verification::kani_harnesses::kani_policy_tier_ceiling.assertion.1
	 - Status: SUCCESS
	 - Description: "assertion failed: allowed == requester_is_owner"
	 - Location: src/verification.rs:276:9 in function verification::kani_harnesses::kani_policy_tier_ceiling

Check 2: policy::tier_ceiling_allows.pointer_dereference.1
	 - Status: SUCCESS
	 - Description: "dereference failure: pointer NULL"
	 - Location: src/policy.rs:210:15 in function policy::tier_ceiling_allows

Check 3: policy::tier_ceiling_allows.pointer_dereference.2
	 - Status: SUCCESS
	 - Description: "dereference failure: pointer invalid"
	 - Location: src/policy.rs:210:15 in function policy::tier_ceiling_allows

Check 4: policy::tier_ceiling_allows.pointer_dereference.3
	 - Status: SUCCESS
	 - Description: "dereference failure: deallocated dynamic object"
	 - Location: src/policy.rs:210:15 in function policy::tier_ceiling_allows

Check 5: policy::tier_ceiling_allows.pointer_dereference.4
	 - Status: SUCCESS
	 - Description: "dereference failure: dead object"
	 - Location: src/policy.rs:210:15 in function policy::tier_ceiling_allows

Check 6: policy::tier_ceiling_allows.pointer_dereference.5
	 - Status: SUCCESS
	 - Description: "dereference failure: pointer outside object bounds"
	 - Location: src/policy.rs:210:15 in function policy::tier_ceiling_allows

Check 7: policy::tier_ceiling_allows.pointer_dereference.6
	 - Status: SUCCESS
	 - Description: "dereference failure: invalid integer address"
	 - Location: src/policy.rs:210:15 in function policy::tier_ceiling_allows


SUMMARY:
 ** 0 of 7 failed

VERIFICATION:- SUCCESSFUL
Verification Time: 0.041514028s

Checking harness verification::kani_harnesses::kani_tier_gate_critical...
CBMC 6.8.0 (cbmc-6.8.0)
CBMC version 6.8.0 (cbmc-6.8.0) 64-bit x86_64 linux
Reading GOTO program from file /tmp/edisondb-fv3-count-reaudit/target/kani/x86_64-unknown-linux-gnu/debug/deps/edisondb__RNvNtNtCs8zVKvWqpudH_8edisondb12verification14kani_harnesses23kani_tier_gate_critical.out
Generating GOTO Program
Adding CPROVER library (x86_64)
Removal of function pointers and virtual functions
Generic Property Instrumentation
Running with 16 object bits, 48 offset bits (user-specified)
Starting Bounded Model Checking
Unwinding loop memcmp.0 iteration 1 file <builtin-library-memcmp> line 25 function memcmp thread 0
Unwinding loop memcmp.0 iteration 2 file <builtin-library-memcmp> line 25 function memcmp thread 0
Unwinding loop memcmp.0 iteration 3 file <builtin-library-memcmp> line 25 function memcmp thread 0
Unwinding loop memcmp.0 iteration 4 file <builtin-library-memcmp> line 25 function memcmp thread 0
Unwinding loop memcmp.0 iteration 5 file <builtin-library-memcmp> line 25 function memcmp thread 0
Runtime Symex: 0.225873s
size of program expression: 6415 steps
slicing removed 4515 assignments
Generated 554 VCC(s), 31 remaining after simplification
Runtime Postprocess Equation: 0.00295001s
Passing problem to propositional reduction
converting SSA
Runtime Convert SSA: 0.0296828s
Running propositional reduction
Post-processing
Runtime Post-process: 0.00379698s
Solving with CaDiCaL 2.0.0
27038 variables, 30760 clauses
SAT checker: instance is SATISFIABLE
Runtime Solver: 0.00468181s
Runtime decision procedure: 0.034882s
Running propositional reduction
Solving with CaDiCaL 2.0.0
27039 variables, 30761 clauses
SAT checker: instance is SATISFIABLE
Runtime Solver: 0.000267066s
Runtime decision procedure: 0.000424644s
Running propositional reduction
Solving with CaDiCaL 2.0.0
27040 variables, 30762 clauses
SAT checker: instance is UNSATISFIABLE
Runtime Solver: 8.7676e-05s
Runtime decision procedure: 0.000215959s

RESULTS:
Check 1: malloc.assertion.1
	 - Status: SUCCESS
	 - Description: "max allocation size exceeded"
	 - Location: <builtin-library-malloc>:31 in function malloc

Check 2: malloc.assertion.2
	 - Status: SUCCESS
	 - Description: "max allocation may fail"
	 - Location: <builtin-library-malloc>:36 in function malloc

Check 3: std::alloc::handle_alloc_error::rt_error.unsupported_construct.1
	 - Status: SUCCESS
	 - Description: "call to foreign "Rust" function `_RNvCs1hStedNDpZ2_7___rustc26___rust_alloc_error_handler` is not currently supported by Kani. Please post your example at https://github.com/model-checking/kani/issues/new/choose"
	 - Location: ../../home/runner/.rustup/toolchains/nightly-2025-11-21-x86_64-unknown-linux-gnu/lib/rustlib/src/rust/library/alloc/src/alloc.rs:366:5 in function std::alloc::handle_alloc_error::rt_error

Check 4: __rust_alloc_zeroed.assertion.1
	 - Status: SUCCESS
	 - Description: "__rust_alloc_zeroed must be called with a size greater than 0"
	 - Location: ../../home/edisonbl/.kani/kani-0.67.0/library/kani/kani_lib.c:62 in function __rust_alloc_zeroed

Check 5: __rust_alloc_zeroed.assertion.2
	 - Status: SUCCESS
	 - Description: "Alignment is power of two"
	 - Location: ../../home/edisonbl/.kani/kani-0.67.0/library/kani/kani_lib.c:65 in function __rust_alloc_zeroed

Check 6: std::result::Result::<(std::alloc::Layout, usize), std::alloc::LayoutError>::map::<std::alloc::Layout, {closure@alloc::raw_vec::layout_array::{closure#0}}>.unreachable.1
	 - Status: SUCCESS
	 - Description: "unreachable code"
	 - Location: ../../home/runner/.rustup/toolchains/nightly-2025-11-21-x86_64-unknown-linux-gnu/lib/rustlib/src/rust/library/core/src/result.rs:835:15 in function std::result::Result::<(std::alloc::Layout, usize), std::alloc::LayoutError>::map::<std::alloc::Layout, {closure@alloc::raw_vec::layout_array::{closure#0}}>

Check 7: std::alloc::Layout::size_rounded_up_to_custom_align.arithmetic_overflow.1
	 - Status: SUCCESS
	 - Description: "attempt to compute `unchecked_sub` which would overflow"
	 - Location: ../../home/runner/.rustup/toolchains/nightly-2025-11-21-x86_64-unknown-linux-gnu/lib/rustlib/src/rust/library/core/src/alloc/layout.rs:304:28 in function std::alloc::Layout::size_rounded_up_to_custom_align

Check 8: std::alloc::Layout::size_rounded_up_to_custom_align.arithmetic_overflow.2
	 - Status: SUCCESS
	 - Description: "attempt to compute `unchecked_add` which would overflow"
	 - Location: ../../home/runner/.rustup/toolchains/nightly-2025-11-21-x86_64-unknown-linux-gnu/lib/rustlib/src/rust/library/core/src/alloc/layout.rs:305:13 in function std::alloc::Layout::size_rounded_up_to_custom_align

Check 9: __rust_dealloc.assertion.1
	 - Status: SUCCESS
	 - Description: "Alignment is power of two"
	 - Location: ../../home/edisonbl/.kani/kani-0.67.0/library/kani/kani_lib.c:83 in function __rust_dealloc

Check 10: __rust_dealloc.assertion.2
	 - Status: SUCCESS
	 - Description: "rust_dealloc must be called on an object whose allocated size matches its layout"
	 - Location: ../../home/edisonbl/.kani/kani-0.67.0/library/kani/kani_lib.c:85 in function __rust_dealloc

Check 11: alloc::raw_vec::RawVecInner::try_allocate_in.unreachable.1
	 - Status: SUCCESS
	 - Description: "unreachable code"
	 - Location: src/lib.rs:0:0 in function alloc::raw_vec::RawVecInner::try_allocate_in

Check 12: memcmp.precondition.1
	 - Status: SUCCESS
	 - Description: "memcmp region 1 readable"
	 - Location: <builtin-library-memcmp>:19 in function memcmp

Check 13: memcmp.precondition.2
	 - Status: SUCCESS
	 - Description: "memcpy region 2 readable"
	 - Location: <builtin-library-memcmp>:21 in function memcmp

Check 14: kani::rustc_intrinsics::size_of_val_raw::<[u8]>.unreachable.1
	 - Status: SUCCESS
	 - Description: "unreachable code"
	 - Location: ../../home/runner/work/kani/kani/library/kani_core/src/models.rs:23:13 in function kani::rustc_intrinsics::size_of_val_raw::<[u8]>

Check 15: kani::rustc_intrinsics::size_of_val_raw::<[u8]>.safety_check.1
	 - Status: SUCCESS
	 - Description: "failed to compute `size_of_val`"
	 - Location: ../../home/runner/work/kani/kani/library/kani/src/lib.rs:57:1 in function kani::rustc_intrinsics::size_of_val_raw::<[u8]>

Check 16: kani::rustc_intrinsics::size_of_val_raw::<[u8]>.assertion.1
	 - Status: SUCCESS
	 - Description: "cannot compute `size_of_val` for extern types"
	 - Location: ../../home/runner/work/kani/kani/library/kani/src/lib.rs:57:1 in function kani::rustc_intrinsics::size_of_val_raw::<[u8]>

Check 17: calloc.assertion.1
	 - Status: SUCCESS
	 - Description: "max allocation size exceeded"
	 - Location: <builtin-library-calloc>:31 in function calloc

Check 18: calloc.assertion.2
	 - Status: SUCCESS
	 - Description: "max allocation may fail"
	 - Location: <builtin-library-calloc>:36 in function calloc

Check 19: std::alloc::Layout::max_size_for_align.assertion.1
	 - Status: SUCCESS
	 - Description: "attempt to add with overflow"
	 - Location: ../../home/runner/.rustup/toolchains/nightly-2025-11-21-x86_64-unknown-linux-gnu/lib/rustlib/src/rust/library/core/src/alloc/layout.rs:95:32 in function std::alloc::Layout::max_size_for_align

Check 20: std::alloc::Layout::max_size_for_align.arithmetic_overflow.1
	 - Status: SUCCESS
	 - Description: "attempt to compute `unchecked_sub` which would overflow"
	 - Location: ../../home/runner/.rustup/toolchains/nightly-2025-11-21-x86_64-unknown-linux-gnu/lib/rustlib/src/rust/library/core/src/alloc/layout.rs:95:18 in function std::alloc::Layout::max_size_for_align

Check 21: core::ub_checks::maybe_is_nonoverlapping::runtime.unreachable.1
	 - Status: SUCCESS
	 - Description: "unreachable code"
	 - Location: ../../home/runner/.rustup/toolchains/nightly-2025-11-21-x86_64-unknown-linux-gnu/lib/rustlib/src/rust/library/core/src/intrinsics/mod.rs:2437:9 in function core::ub_checks::maybe_is_nonoverlapping::runtime

Check 22: core::ub_checks::is_valid_allocation_size.assertion.1
	 - Status: UNREACHABLE
	 - Description: "attempt to divide by zero"
	 - Location: ../../home/runner/.rustup/toolchains/nightly-2025-11-21-x86_64-unknown-linux-gnu/lib/rustlib/src/rust/library/core/src/ub_checks.rs:149:54 in function core::ub_checks::is_valid_allocation_size

Check 23: core::ub_checks::is_valid_allocation_size.arithmetic_overflow.1
	 - Status: SUCCESS
	 - Description: "attempt to divide by zero"
	 - Location: ../../home/runner/.rustup/toolchains/nightly-2025-11-21-x86_64-unknown-linux-gnu/lib/rustlib/src/rust/library/core/src/ub_checks.rs:149:54 in function core::ub_checks::is_valid_allocation_size

Check 24: alloc::raw_vec::RawVecInner::with_capacity_in.unreachable.1
	 - Status: SUCCESS
	 - Description: "unreachable code"
	 - Location: ../../home/runner/.rustup/toolchains/nightly-2025-11-21-x86_64-unknown-linux-gnu/lib/rustlib/src/rust/library/alloc/src/raw_vec/mod.rs:419:15 in function alloc::raw_vec::RawVecInner::with_capacity_in

Check 25: __rust_alloc.assertion.1
	 - Status: SUCCESS
	 - Description: "__rust_alloc must be called with a size greater than 0"
	 - Location: ../../home/edisonbl/.kani/kani-0.67.0/library/kani/kani_lib.c:43 in function __rust_alloc

Check 26: __rust_alloc.assertion.2
	 - Status: SUCCESS
	 - Description: "Alignment is power of two"
	 - Location: ../../home/edisonbl/.kani/kani-0.67.0/library/kani/kani_lib.c:46 in function __rust_alloc

Check 27: std::alloc::Layout::repeat.unreachable.1
	 - Status: SUCCESS
	 - Description: "unreachable code"
	 - Location: ../../home/runner/.rustup/toolchains/nightly-2025-11-21-x86_64-unknown-linux-gnu/lib/rustlib/src/rust/library/core/src/alloc/layout.rs:359:5 in function std::alloc::Layout::repeat

Check 28: core::num::<impl usize>::abs_diff.assertion.1
	 - Status: UNREACHABLE
	 - Description: "attempt to subtract with overflow"
	 - Location: ../../home/runner/.rustup/toolchains/nightly-2025-11-21-x86_64-unknown-linux-gnu/lib/rustlib/src/rust/library/core/src/num/uint_macros.rs:2852:21 in function core::num::<impl usize>::abs_diff

Check 29: core::num::<impl usize>::abs_diff.assertion.2
	 - Status: UNREACHABLE
	 - Description: "attempt to subtract with overflow"
	 - Location: ../../home/runner/.rustup/toolchains/nightly-2025-11-21-x86_64-unknown-linux-gnu/lib/rustlib/src/rust/library/core/src/num/uint_macros.rs:2854:21 in function core::num::<impl usize>::abs_diff

Check 30: std::alloc::Layout::is_size_align_valid.unreachable.1
	 - Status: SUCCESS
	 - Description: "unreachable code"
	 - Location: ../../home/runner/.rustup/toolchains/nightly-2025-11-21-x86_64-unknown-linux-gnu/lib/rustlib/src/rust/library/core/src/alloc/layout.rs:68:5 in function std::alloc::Layout::is_size_align_valid

Check 31: std::ptr::drop_in_place::<alloc::raw_vec::RawVec<u8>>.safety_check.1
	 - Status: SUCCESS
	 - Description: "misaligned pointer to reference cast: address must be a multiple of its type's alignment"
	 - Location: ../../home/runner/.rustup/toolchains/nightly-2025-11-21-x86_64-unknown-linux-gnu/lib/rustlib/src/rust/library/core/src/ptr/mod.rs:805:1 in function std::ptr::drop_in_place::<alloc::raw_vec::RawVec<u8>>

Check 32: std::ptr::drop_in_place::<alloc::raw_vec::RawVec<u8>>.safety_check.2
	 - Status: SUCCESS
	 - Description: "dereference failure: pointer invalid"
	 - Location: ../../home/runner/.rustup/toolchains/nightly-2025-11-21-x86_64-unknown-linux-gnu/lib/rustlib/src/rust/library/core/src/ptr/mod.rs:805:1 in function std::ptr::drop_in_place::<alloc::raw_vec::RawVec<u8>>

Check 33: std::ptr::copy_nonoverlapping::<u8>.safety_check.1
	 - Status: SUCCESS
	 - Description: "`src` must be properly aligned"
	 - Location: ../../home/runner/.rustup/toolchains/nightly-2025-11-21-x86_64-unknown-linux-gnu/lib/rustlib/src/rust/library/core/src/ptr/mod.rs:547:14 in function std::ptr::copy_nonoverlapping::<u8>

Check 34: std::ptr::copy_nonoverlapping::<u8>.safety_check.2
	 - Status: SUCCESS
	 - Description: "`dst` must be properly aligned"
	 - Location: ../../home/runner/.rustup/toolchains/nightly-2025-11-21-x86_64-unknown-linux-gnu/lib/rustlib/src/rust/library/core/src/ptr/mod.rs:547:14 in function std::ptr::copy_nonoverlapping::<u8>

Check 35: std::ptr::copy_nonoverlapping::<u8>.arithmetic_overflow.1
	 - Status: SUCCESS
	 - Description: "copy_nonoverlapping: attempt to compute number in bytes which would overflow"
	 - Location: ../../home/runner/.rustup/toolchains/nightly-2025-11-21-x86_64-unknown-linux-gnu/lib/rustlib/src/rust/library/core/src/ptr/mod.rs:547:14 in function std::ptr::copy_nonoverlapping::<u8>

Check 36: std::ptr::const_ptr::<impl *const ()>::is_aligned_to.assertion.1
	 - Status: UNREACHABLE
	 - Description: "attempt to subtract with overflow"
	 - Location: ../../home/runner/.rustup/toolchains/nightly-2025-11-21-x86_64-unknown-linux-gnu/lib/rustlib/src/rust/library/core/src/ptr/const_ptr.rs:1377:23 in function std::ptr::const_ptr::<impl *const ()>::is_aligned_to

Check 37: std::ptr::const_ptr::<impl *const ()>::is_aligned_to.assertion.2
	 - Status: SUCCESS
	 - Description: "This is a placeholder message; Kani doesn't support message formatted at runtime"
	 - Location: ../../home/runner/.rustup/toolchains/nightly-2025-11-21-x86_64-unknown-linux-gnu/lib/rustlib/src/rust/library/core/src/ptr/const_ptr.rs:1374:13 in function std::ptr::const_ptr::<impl *const ()>::is_aligned_to

Check 38: std::option::Option::<std::ptr::NonNull<u8>>::ok_or::<std::alloc::AllocError>.unreachable.1
	 - Status: SUCCESS
	 - Description: "unreachable code"
	 - Location: ../../home/runner/.rustup/toolchains/nightly-2025-11-21-x86_64-unknown-linux-gnu/lib/rustlib/src/rust/library/core/src/option.rs:1338:15 in function std::option::Option::<std::ptr::NonNull<u8>>::ok_or::<std::alloc::AllocError>

Check 39: <std::result::Result<std::ptr::NonNull<u8>, std::alloc::AllocError> as std::ops::Try>::branch.unreachable.1
	 - Status: SUCCESS
	 - Description: "unreachable code"
	 - Location: ../../home/runner/.rustup/toolchains/nightly-2025-11-21-x86_64-unknown-linux-gnu/lib/rustlib/src/rust/library/core/src/result.rs:2173:15 in function <std::result::Result<std::ptr::NonNull<u8>, std::alloc::AllocError> as std::ops::Try>::branch

Check 40: verification::invariant_tier_gate.unreachable.1
	 - Status: SUCCESS
	 - Description: "unreachable code"
	 - Location: src/verification.rs:35:11 in function verification::invariant_tier_gate

Check 41: std::result::Result::<std::alloc::Layout, std::alloc::LayoutError>::map_err::<std::collections::TryReserveError, {closure@alloc::raw_vec::layout_array::{closure#1}}>.unreachable.1
	 - Status: SUCCESS
	 - Description: "unreachable code"
	 - Location: ../../home/runner/.rustup/toolchains/nightly-2025-11-21-x86_64-unknown-linux-gnu/lib/rustlib/src/rust/library/core/src/result.rs:966:15 in function std::result::Result::<std::alloc::Layout, std::alloc::LayoutError>::map_err::<std::collections::TryReserveError, {closure@alloc::raw_vec::layout_array::{closure#1}}>

Check 42: std::ptr::drop_in_place::<std::vec::Vec<u8>>.safety_check.1
	 - Status: SUCCESS
	 - Description: "misaligned pointer to reference cast: address must be a multiple of its type's alignment"
	 - Location: ../../home/runner/.rustup/toolchains/nightly-2025-11-21-x86_64-unknown-linux-gnu/lib/rustlib/src/rust/library/core/src/ptr/mod.rs:805:1 in function std::ptr::drop_in_place::<std::vec::Vec<u8>>

Check 43: std::ptr::drop_in_place::<std::vec::Vec<u8>>.safety_check.2
	 - Status: SUCCESS
	 - Description: "dereference failure: pointer invalid"
	 - Location: ../../home/runner/.rustup/toolchains/nightly-2025-11-21-x86_64-unknown-linux-gnu/lib/rustlib/src/rust/library/core/src/ptr/mod.rs:805:1 in function std::ptr::drop_in_place::<std::vec::Vec<u8>>

Check 44: std::slice::from_raw_parts::<'_, u8>.safety_check.1
	 - Status: SUCCESS
	 - Description: "misaligned pointer to reference cast: address must be a multiple of its type's alignment"
	 - Location: ../../home/runner/.rustup/toolchains/nightly-2025-11-21-x86_64-unknown-linux-gnu/lib/rustlib/src/rust/library/core/src/slice/raw.rs:139:9 in function std::slice::from_raw_parts::<'_, u8>

Check 45: std::slice::from_raw_parts::<'_, u8>.safety_check.2
	 - Status: SUCCESS
	 - Description: "dereference failure: pointer invalid"
	 - Location: ../../home/runner/.rustup/toolchains/nightly-2025-11-21-x86_64-unknown-linux-gnu/lib/rustlib/src/rust/library/core/src/slice/raw.rs:139:9 in function std::slice::from_raw_parts::<'_, u8>

Check 46: alloc::raw_vec::RawVecInner::deallocate.unreachable.1
	 - Status: SUCCESS
	 - Description: "unreachable code"
	 - Location: ../../home/runner/.rustup/toolchains/nightly-2025-11-21-x86_64-unknown-linux-gnu/lib/rustlib/src/rust/library/alloc/src/raw_vec/mod.rs:830:5 in function alloc::raw_vec::RawVecInner::deallocate

Check 47: core::panicking::panic_nounwind_fmt::runtime.unsupported_construct.1
	 - Status: SUCCESS
	 - Description: "call to foreign "Rust" function `_RNvCs1hStedNDpZ2_7___rustc17rust_begin_unwind` is not currently supported by Kani. Please post your example at https://github.com/model-checking/kani/issues/new/choose"
	 - Location: ../../home/runner/.rustup/toolchains/nightly-2025-11-21-x86_64-unknown-linux-gnu/lib/rustlib/src/rust/library/core/src/panicking.rs:110:17 in function core::panicking::panic_nounwind_fmt::runtime

Check 48: alloc::raw_vec::capacity_overflow.assertion.1
	 - Status: SUCCESS
	 - Description: "This is a placeholder message; Kani doesn't support message formatted at runtime"
	 - Location: ../../home/runner/.rustup/toolchains/nightly-2025-11-21-x86_64-unknown-linux-gnu/lib/rustlib/src/rust/library/alloc/src/raw_vec/mod.rs:28:5 in function alloc::raw_vec::capacity_overflow

Check 49: <std::collections::TryReserveErrorKind as std::clone::Clone>::clone.unreachable.1
	 - Status: SUCCESS
	 - Description: "unreachable code"
	 - Location: ../../home/runner/.rustup/toolchains/nightly-2025-11-21-x86_64-unknown-linux-gnu/lib/rustlib/src/rust/library/alloc/src/collections/mod.rs:93:10 in function <std::collections::TryReserveErrorKind as std::clone::Clone>::clone

Check 50: alloc::raw_vec::handle_error.unreachable.1
	 - Status: SUCCESS
	 - Description: "unreachable code"
	 - Location: ../../home/runner/.rustup/toolchains/nightly-2025-11-21-x86_64-unknown-linux-gnu/lib/rustlib/src/rust/library/alloc/src/raw_vec/mod.rs:845:11 in function alloc::raw_vec::handle_error

Check 51: std::panic::Location::<'_>::caller.unsupported_construct.1
	 - Status: SUCCESS
	 - Description: "caller_location is not currently supported by Kani. Please post your example at https://github.com/model-checking/kani/issues/374"
	 - Location: ../../home/runner/.rustup/toolchains/nightly-2025-11-21-x86_64-unknown-linux-gnu/lib/rustlib/src/rust/library/core/src/panic/location.rs:147:9 in function std::panic::Location::<'_>::caller

Check 52: std::fmt::Arguments::<'_>::from_str.assertion.1
	 - Status: UNREACHABLE
	 - Description: "attempt to shift left with overflow"
	 - Location: ../../home/runner/.rustup/toolchains/nightly-2025-11-21-x86_64-unknown-linux-gnu/lib/rustlib/src/rust/library/core/src/fmt/mod.rs:820:38 in function std::fmt::Arguments::<'_>::from_str

Check 53: verification::kani_harnesses::kani_tier_gate_critical.assertion.1
	 - Status: SUCCESS
	 - Description: "assertion failed: result == requester_is_owner"
	 - Location: src/verification.rs:267:9 in function verification::kani_harnesses::kani_tier_gate_critical

Check 54: std::hint::assert_unchecked.assume.1
	 - Status: SUCCESS
	 - Description: "Rust intrinsic assumption failed"
	 - Location: ../../home/runner/.rustup/toolchains/nightly-2025-11-21-x86_64-unknown-linux-gnu/lib/rustlib/src/rust/library/core/src/hint.rs:210:9 in function std::hint::assert_unchecked

Check 55: std::alloc::Layout::repeat_packed.unreachable.1
	 - Status: SUCCESS
	 - Description: "unreachable code"
	 - Location: ../../home/runner/.rustup/toolchains/nightly-2025-11-21-x86_64-unknown-linux-gnu/lib/rustlib/src/rust/library/core/src/alloc/layout.rs:447:5 in function std::alloc::Layout::repeat_packed

Check 56: core::num::<impl usize>::unchecked_mul.arithmetic_overflow.1
	 - Status: SUCCESS
	 - Description: "attempt to compute `unchecked_mul` which would overflow"
	 - Location: ../../home/runner/.rustup/toolchains/nightly-2025-11-21-x86_64-unknown-linux-gnu/lib/rustlib/src/rust/library/core/src/num/uint_macros.rs:1117:17 in function core::num::<impl usize>::unchecked_mul

Check 57: std::alloc::Global::alloc_impl.unreachable.1
	 - Status: SUCCESS
	 - Description: "unreachable code"
	 - Location: ../../home/runner/.rustup/toolchains/nightly-2025-11-21-x86_64-unknown-linux-gnu/lib/rustlib/src/rust/library/alloc/src/alloc.rs:191:27 in function std::alloc::Global::alloc_impl

Check 58: <std::result::Result<std::ptr::NonNull<[u8]>, std::alloc::AllocError> as std::ops::FromResidual<std::result::Result<std::convert::Infallible, std::alloc::AllocError>>>::from_residual.pointer_dereference.1
	 - Status: SUCCESS
	 - Description: "dereference failure: dead object"
	 - Location: ../../home/runner/.rustup/toolchains/nightly-2025-11-21-x86_64-unknown-linux-gnu/lib/rustlib/src/rust/library/core/src/result.rs:2189:23 in function <std::result::Result<std::ptr::NonNull<[u8]>, std::alloc::AllocError> as std::ops::FromResidual<std::result::Result<std::convert::Infallible, std::alloc::AllocError>>>::from_residual

Check 59: calloc.pointer_dereference.1
	 - Status: SUCCESS
	 - Description: "dereference failure: dead object"
	 - Location: <builtin-library-calloc>:14 in function calloc

Check 60: alloc::raw_vec::RawVecInner::non_null::<u8>.pointer_dereference.1
	 - Status: SUCCESS
	 - Description: "dereference failure: pointer NULL"
	 - Location: ../../home/runner/.rustup/toolchains/nightly-2025-11-21-x86_64-unknown-linux-gnu/lib/rustlib/src/rust/library/alloc/src/raw_vec/mod.rs:504:9 in function alloc::raw_vec::RawVecInner::non_null::<u8>

Check 61: alloc::raw_vec::RawVecInner::non_null::<u8>.pointer_dereference.2
	 - Status: SUCCESS
	 - Description: "dereference failure: pointer invalid"
	 - Location: ../../home/runner/.rustup/toolchains/nightly-2025-11-21-x86_64-unknown-linux-gnu/lib/rustlib/src/rust/library/alloc/src/raw_vec/mod.rs:504:9 in function alloc::raw_vec::RawVecInner::non_null::<u8>

Check 62: alloc::raw_vec::RawVecInner::non_null::<u8>.pointer_dereference.3
	 - Status: SUCCESS
	 - Description: "dereference failure: deallocated dynamic object"
	 - Location: ../../home/runner/.rustup/toolchains/nightly-2025-11-21-x86_64-unknown-linux-gnu/lib/rustlib/src/rust/library/alloc/src/raw_vec/mod.rs:504:9 in function alloc::raw_vec::RawVecInner::non_null::<u8>

Check 63: alloc::raw_vec::RawVecInner::non_null::<u8>.pointer_dereference.4
	 - Status: SUCCESS
	 - Description: "dereference failure: dead object"
	 - Location: ../../home/runner/.rustup/toolchains/nightly-2025-11-21-x86_64-unknown-linux-gnu/lib/rustlib/src/rust/library/alloc/src/raw_vec/mod.rs:504:9 in function alloc::raw_vec::RawVecInner::non_null::<u8>

Check 64: alloc::raw_vec::RawVecInner::non_null::<u8>.pointer_dereference.5
	 - Status: SUCCESS
	 - Description: "dereference failure: pointer outside object bounds"
	 - Location: ../../home/runner/.rustup/toolchains/nightly-2025-11-21-x86_64-unknown-linux-gnu/lib/rustlib/src/rust/library/alloc/src/raw_vec/mod.rs:504:9 in function alloc::raw_vec::RawVecInner::non_null::<u8>

Check 65: alloc::raw_vec::RawVecInner::non_null::<u8>.pointer_dereference.6
	 - Status: SUCCESS
	 - Description: "dereference failure: invalid integer address"
	 - Location: ../../home/runner/.rustup/toolchains/nightly-2025-11-21-x86_64-unknown-linux-gnu/lib/rustlib/src/rust/library/alloc/src/raw_vec/mod.rs:504:9 in function alloc::raw_vec::RawVecInner::non_null::<u8>

Check 66: alloc::raw_vec::RawVecInner::capacity.pointer_dereference.1
	 - Status: SUCCESS
	 - Description: "dereference failure: pointer NULL"
	 - Location: ../../home/runner/.rustup/toolchains/nightly-2025-11-21-x86_64-unknown-linux-gnu/lib/rustlib/src/rust/library/alloc/src/raw_vec/mod.rs:509:49 in function alloc::raw_vec::RawVecInner::capacity

Check 67: alloc::raw_vec::RawVecInner::capacity.pointer_dereference.2
	 - Status: SUCCESS
	 - Description: "dereference failure: pointer invalid"
	 - Location: ../../home/runner/.rustup/toolchains/nightly-2025-11-21-x86_64-unknown-linux-gnu/lib/rustlib/src/rust/library/alloc/src/raw_vec/mod.rs:509:49 in function alloc::raw_vec::RawVecInner::capacity

Check 68: alloc::raw_vec::RawVecInner::capacity.pointer_dereference.3
	 - Status: SUCCESS
	 - Description: "dereference failure: deallocated dynamic object"
	 - Location: ../../home/runner/.rustup/toolchains/nightly-2025-11-21-x86_64-unknown-linux-gnu/lib/rustlib/src/rust/library/alloc/src/raw_vec/mod.rs:509:49 in function alloc::raw_vec::RawVecInner::capacity

Check 69: alloc::raw_vec::RawVecInner::capacity.pointer_dereference.4
	 - Status: SUCCESS
	 - Description: "dereference failure: dead object"
	 - Location: ../../home/runner/.rustup/toolchains/nightly-2025-11-21-x86_64-unknown-linux-gnu/lib/rustlib/src/rust/library/alloc/src/raw_vec/mod.rs:509:49 in function alloc::raw_vec::RawVecInner::capacity

Check 70: alloc::raw_vec::RawVecInner::capacity.pointer_dereference.5
	 - Status: SUCCESS
	 - Description: "dereference failure: pointer outside object bounds"
	 - Location: ../../home/runner/.rustup/toolchains/nightly-2025-11-21-x86_64-unknown-linux-gnu/lib/rustlib/src/rust/library/alloc/src/raw_vec/mod.rs:509:49 in function alloc::raw_vec::RawVecInner::capacity

Check 71: alloc::raw_vec::RawVecInner::capacity.pointer_dereference.6
	 - Status: SUCCESS
	 - Description: "dereference failure: invalid integer address"
	 - Location: ../../home/runner/.rustup/toolchains/nightly-2025-11-21-x86_64-unknown-linux-gnu/lib/rustlib/src/rust/library/alloc/src/raw_vec/mod.rs:509:49 in function alloc::raw_vec::RawVecInner::capacity

Check 72: std::alloc::Layout::repeat_packed.pointer_dereference.1
	 - Status: SUCCESS
	 - Description: "dereference failure: pointer NULL"
	 - Location: ../../home/runner/.rustup/toolchains/nightly-2025-11-21-x86_64-unknown-linux-gnu/lib/rustlib/src/rust/library/core/src/alloc/layout.rs:448:29 in function std::alloc::Layout::repeat_packed

Check 73: std::alloc::Layout::repeat_packed.pointer_dereference.2
	 - Status: SUCCESS
	 - Description: "dereference failure: pointer invalid"
	 - Location: ../../home/runner/.rustup/toolchains/nightly-2025-11-21-x86_64-unknown-linux-gnu/lib/rustlib/src/rust/library/core/src/alloc/layout.rs:448:29 in function std::alloc::Layout::repeat_packed

Check 74: std::alloc::Layout::repeat_packed.pointer_dereference.3
	 - Status: SUCCESS
	 - Description: "dereference failure: deallocated dynamic object"
	 - Location: ../../home/runner/.rustup/toolchains/nightly-2025-11-21-x86_64-unknown-linux-gnu/lib/rustlib/src/rust/library/core/src/alloc/layout.rs:448:29 in function std::alloc::Layout::repeat_packed

Check 75: std::alloc::Layout::repeat_packed.pointer_dereference.4
	 - Status: SUCCESS
	 - Description: "dereference failure: dead object"
	 - Location: ../../home/runner/.rustup/toolchains/nightly-2025-11-21-x86_64-unknown-linux-gnu/lib/rustlib/src/rust/library/core/src/alloc/layout.rs:448:29 in function std::alloc::Layout::repeat_packed

Check 76: std::alloc::Layout::repeat_packed.pointer_dereference.5
	 - Status: SUCCESS
	 - Description: "dereference failure: pointer outside object bounds"
	 - Location: ../../home/runner/.rustup/toolchains/nightly-2025-11-21-x86_64-unknown-linux-gnu/lib/rustlib/src/rust/library/core/src/alloc/layout.rs:448:29 in function std::alloc::Layout::repeat_packed

Check 77: std::alloc::Layout::repeat_packed.pointer_dereference.6
	 - Status: SUCCESS
	 - Description: "dereference failure: invalid integer address"
	 - Location: ../../home/runner/.rustup/toolchains/nightly-2025-11-21-x86_64-unknown-linux-gnu/lib/rustlib/src/rust/library/core/src/alloc/layout.rs:448:29 in function std::alloc::Layout::repeat_packed

Check 78: std::alloc::Layout::repeat_packed.pointer_dereference.7
	 - Status: SUCCESS
	 - Description: "dereference failure: dead object"
	 - Location: ../../home/runner/.rustup/toolchains/nightly-2025-11-21-x86_64-unknown-linux-gnu/lib/rustlib/src/rust/library/core/src/alloc/layout.rs:452:13 in function std::alloc::Layout::repeat_packed

Check 79: std::alloc::Layout::repeat_packed.pointer_dereference.8
	 - Status: SUCCESS
	 - Description: "dereference failure: pointer NULL"
	 - Location: ../../home/runner/.rustup/toolchains/nightly-2025-11-21-x86_64-unknown-linux-gnu/lib/rustlib/src/rust/library/core/src/alloc/layout.rs:450:47 in function std::alloc::Layout::repeat_packed

Check 80: std::alloc::Layout::repeat_packed.pointer_dereference.9
	 - Status: SUCCESS
	 - Description: "dereference failure: pointer invalid"
	 - Location: ../../home/runner/.rustup/toolchains/nightly-2025-11-21-x86_64-unknown-linux-gnu/lib/rustlib/src/rust/library/core/src/alloc/layout.rs:450:47 in function std::alloc::Layout::repeat_packed

Check 81: std::alloc::Layout::repeat_packed.pointer_dereference.10
	 - Status: SUCCESS
	 - Description: "dereference failure: deallocated dynamic object"
	 - Location: ../../home/runner/.rustup/toolchains/nightly-2025-11-21-x86_64-unknown-linux-gnu/lib/rustlib/src/rust/library/core/src/alloc/layout.rs:450:47 in function std::alloc::Layout::repeat_packed

Check 82: std::alloc::Layout::repeat_packed.pointer_dereference.11
	 - Status: SUCCESS
	 - Description: "dereference failure: dead object"
	 - Location: ../../home/runner/.rustup/toolchains/nightly-2025-11-21-x86_64-unknown-linux-gnu/lib/rustlib/src/rust/library/core/src/alloc/layout.rs:450:47 in function std::alloc::Layout::repeat_packed

Check 83: std::alloc::Layout::repeat_packed.pointer_dereference.12
	 - Status: SUCCESS
	 - Description: "dereference failure: pointer outside object bounds"
	 - Location: ../../home/runner/.rustup/toolchains/nightly-2025-11-21-x86_64-unknown-linux-gnu/lib/rustlib/src/rust/library/core/src/alloc/layout.rs:450:47 in function std::alloc::Layout::repeat_packed

Check 84: std::alloc::Layout::repeat_packed.pointer_dereference.13
	 - Status: SUCCESS
	 - Description: "dereference failure: invalid integer address"
	 - Location: ../../home/runner/.rustup/toolchains/nightly-2025-11-21-x86_64-unknown-linux-gnu/lib/rustlib/src/rust/library/core/src/alloc/layout.rs:450:47 in function std::alloc::Layout::repeat_packed

Check 85: std::alloc::Layout::from_size_alignment.pointer_dereference.1
	 - Status: SUCCESS
	 - Description: "dereference failure: dead object"
	 - Location: ../../home/runner/.rustup/toolchains/nightly-2025-11-21-x86_64-unknown-linux-gnu/lib/rustlib/src/rust/library/core/src/alloc/layout.rs:102:20 in function std::alloc::Layout::from_size_alignment

Check 86: memcmp.pointer_dereference.1
	 - Status: SUCCESS
	 - Description: "dereference failure: pointer NULL"
	 - Location: <builtin-library-memcmp>:27 in function memcmp

Check 87: memcmp.pointer_dereference.2
	 - Status: SUCCESS
	 - Description: "dereference failure: pointer invalid"
	 - Location: <builtin-library-memcmp>:27 in function memcmp

Check 88: memcmp.pointer_dereference.3
	 - Status: SUCCESS
	 - Description: "dereference failure: deallocated dynamic object"
	 - Location: <builtin-library-memcmp>:27 in function memcmp

Check 89: memcmp.pointer_dereference.4
	 - Status: SUCCESS
	 - Description: "dereference failure: dead object"
	 - Location: <builtin-library-memcmp>:27 in function memcmp

Check 90: memcmp.pointer_dereference.5
	 - Status: SUCCESS
	 - Description: "dereference failure: pointer outside object bounds"
	 - Location: <builtin-library-memcmp>:27 in function memcmp

Check 91: memcmp.pointer_dereference.6
	 - Status: SUCCESS
	 - Description: "dereference failure: invalid integer address"
	 - Location: <builtin-library-memcmp>:27 in function memcmp

Check 92: memcmp.pointer_dereference.7
	 - Status: SUCCESS
	 - Description: "dereference failure: pointer NULL"
	 - Location: <builtin-library-memcmp>:27 in function memcmp

Check 93: memcmp.pointer_dereference.8
	 - Status: SUCCESS
	 - Description: "dereference failure: pointer invalid"
	 - Location: <builtin-library-memcmp>:27 in function memcmp

Check 94: memcmp.pointer_dereference.9
	 - Status: SUCCESS
	 - Description: "dereference failure: deallocated dynamic object"
	 - Location: <builtin-library-memcmp>:27 in function memcmp

Check 95: memcmp.pointer_dereference.10
	 - Status: SUCCESS
	 - Description: "dereference failure: dead object"
	 - Location: <builtin-library-memcmp>:27 in function memcmp

Check 96: memcmp.pointer_dereference.11
	 - Status: SUCCESS
	 - Description: "dereference failure: pointer outside object bounds"
	 - Location: <builtin-library-memcmp>:27 in function memcmp

Check 97: memcmp.pointer_dereference.12
	 - Status: SUCCESS
	 - Description: "dereference failure: invalid integer address"
	 - Location: <builtin-library-memcmp>:27 in function memcmp

Check 98: std::alloc::Layout::align.pointer_dereference.1
	 - Status: SUCCESS
	 - Description: "dereference failure: pointer NULL"
	 - Location: ../../home/runner/.rustup/toolchains/nightly-2025-11-21-x86_64-unknown-linux-gnu/lib/rustlib/src/rust/library/core/src/alloc/layout.rs:152:9 in function std::alloc::Layout::align

Check 99: std::alloc::Layout::align.pointer_dereference.2
	 - Status: SUCCESS
	 - Description: "dereference failure: pointer invalid"
	 - Location: ../../home/runner/.rustup/toolchains/nightly-2025-11-21-x86_64-unknown-linux-gnu/lib/rustlib/src/rust/library/core/src/alloc/layout.rs:152:9 in function std::alloc::Layout::align

Check 100: std::alloc::Layout::align.pointer_dereference.3
	 - Status: SUCCESS
	 - Description: "dereference failure: deallocated dynamic object"
	 - Location: ../../home/runner/.rustup/toolchains/nightly-2025-11-21-x86_64-unknown-linux-gnu/lib/rustlib/src/rust/library/core/src/alloc/layout.rs:152:9 in function std::alloc::Layout::align

Check 101: std::alloc::Layout::align.pointer_dereference.4
	 - Status: SUCCESS
	 - Description: "dereference failure: dead object"
	 - Location: ../../home/runner/.rustup/toolchains/nightly-2025-11-21-x86_64-unknown-linux-gnu/lib/rustlib/src/rust/library/core/src/alloc/layout.rs:152:9 in function std::alloc::Layout::align

Check 102: std::alloc::Layout::align.pointer_dereference.5
	 - Status: SUCCESS
	 - Description: "dereference failure: pointer outside object bounds"
	 - Location: ../../home/runner/.rustup/toolchains/nightly-2025-11-21-x86_64-unknown-linux-gnu/lib/rustlib/src/rust/library/core/src/alloc/layout.rs:152:9 in function std::alloc::Layout::align

Check 103: std::alloc::Layout::align.pointer_dereference.6
	 - Status: SUCCESS
	 - Description: "dereference failure: invalid integer address"
	 - Location: ../../home/runner/.rustup/toolchains/nightly-2025-11-21-x86_64-unknown-linux-gnu/lib/rustlib/src/rust/library/core/src/alloc/layout.rs:152:9 in function std::alloc::Layout::align

Check 104: <std::alloc::Layout as std::clone::Clone>::clone.pointer_dereference.1
	 - Status: SUCCESS
	 - Description: "dereference failure: pointer NULL"
	 - Location: ../../home/runner/.rustup/toolchains/nightly-2025-11-21-x86_64-unknown-linux-gnu/lib/rustlib/src/rust/library/core/src/alloc/layout.rs:28:16 in function <std::alloc::Layout as std::clone::Clone>::clone

Check 105: <std::alloc::Layout as std::clone::Clone>::clone.pointer_dereference.2
	 - Status: SUCCESS
	 - Description: "dereference failure: pointer invalid"
	 - Location: ../../home/runner/.rustup/toolchains/nightly-2025-11-21-x86_64-unknown-linux-gnu/lib/rustlib/src/rust/library/core/src/alloc/layout.rs:28:16 in function <std::alloc::Layout as std::clone::Clone>::clone

Check 106: <std::alloc::Layout as std::clone::Clone>::clone.pointer_dereference.3
	 - Status: SUCCESS
	 - Description: "dereference failure: deallocated dynamic object"
	 - Location: ../../home/runner/.rustup/toolchains/nightly-2025-11-21-x86_64-unknown-linux-gnu/lib/rustlib/src/rust/library/core/src/alloc/layout.rs:28:16 in function <std::alloc::Layout as std::clone::Clone>::clone

Check 107: <std::alloc::Layout as std::clone::Clone>::clone.pointer_dereference.4
	 - Status: SUCCESS
	 - Description: "dereference failure: dead object"
	 - Location: ../../home/runner/.rustup/toolchains/nightly-2025-11-21-x86_64-unknown-linux-gnu/lib/rustlib/src/rust/library/core/src/alloc/layout.rs:28:16 in function <std::alloc::Layout as std::clone::Clone>::clone

Check 108: <std::alloc::Layout as std::clone::Clone>::clone.pointer_dereference.5
	 - Status: SUCCESS
	 - Description: "dereference failure: pointer outside object bounds"
	 - Location: ../../home/runner/.rustup/toolchains/nightly-2025-11-21-x86_64-unknown-linux-gnu/lib/rustlib/src/rust/library/core/src/alloc/layout.rs:28:16 in function <std::alloc::Layout as std::clone::Clone>::clone

Check 109: <std::alloc::Layout as std::clone::Clone>::clone.pointer_dereference.6
	 - Status: SUCCESS
	 - Description: "dereference failure: invalid integer address"
	 - Location: ../../home/runner/.rustup/toolchains/nightly-2025-11-21-x86_64-unknown-linux-gnu/lib/rustlib/src/rust/library/core/src/alloc/layout.rs:28:16 in function <std::alloc::Layout as std::clone::Clone>::clone

Check 110: __rust_dealloc.precondition_instance.1
	 - Status: SUCCESS
	 - Description: "free argument must be NULL or valid pointer"
	 - Location: ../../home/edisonbl/.kani/kani-0.67.0/library/kani/kani_lib.c:87 in function __rust_dealloc

Check 111: __rust_dealloc.precondition_instance.2
	 - Status: SUCCESS
	 - Description: "free argument must be dynamic object"
	 - Location: ../../home/edisonbl/.kani/kani-0.67.0/library/kani/kani_lib.c:87 in function __rust_dealloc

Check 112: __rust_dealloc.precondition_instance.3
	 - Status: SUCCESS
	 - Description: "free argument has offset zero"
	 - Location: ../../home/edisonbl/.kani/kani-0.67.0/library/kani/kani_lib.c:87 in function __rust_dealloc

Check 113: __rust_dealloc.precondition_instance.4
	 - Status: SUCCESS
	 - Description: "double free"
	 - Location: ../../home/edisonbl/.kani/kani-0.67.0/library/kani/kani_lib.c:87 in function __rust_dealloc

Check 114: __rust_dealloc.precondition_instance.5
	 - Status: SUCCESS
	 - Description: "free called for new[] object"
	 - Location: ../../home/edisonbl/.kani/kani-0.67.0/library/kani/kani_lib.c:87 in function __rust_dealloc

Check 115: __rust_dealloc.precondition_instance.6
	 - Status: SUCCESS
	 - Description: "free called for stack-allocated object"
	 - Location: ../../home/edisonbl/.kani/kani-0.67.0/library/kani/kani_lib.c:87 in function __rust_dealloc

Check 116: std::alloc::Layout::size.pointer_dereference.1
	 - Status: SUCCESS
	 - Description: "dereference failure: pointer NULL"
	 - Location: ../../home/runner/.rustup/toolchains/nightly-2025-11-21-x86_64-unknown-linux-gnu/lib/rustlib/src/rust/library/core/src/alloc/layout.rs:140:9 in function std::alloc::Layout::size

Check 117: std::alloc::Layout::size.pointer_dereference.2
	 - Status: SUCCESS
	 - Description: "dereference failure: pointer invalid"
	 - Location: ../../home/runner/.rustup/toolchains/nightly-2025-11-21-x86_64-unknown-linux-gnu/lib/rustlib/src/rust/library/core/src/alloc/layout.rs:140:9 in function std::alloc::Layout::size

Check 118: std::alloc::Layout::size.pointer_dereference.3
	 - Status: SUCCESS
	 - Description: "dereference failure: deallocated dynamic object"
	 - Location: ../../home/runner/.rustup/toolchains/nightly-2025-11-21-x86_64-unknown-linux-gnu/lib/rustlib/src/rust/library/core/src/alloc/layout.rs:140:9 in function std::alloc::Layout::size

Check 119: std::alloc::Layout::size.pointer_dereference.4
	 - Status: SUCCESS
	 - Description: "dereference failure: dead object"
	 - Location: ../../home/runner/.rustup/toolchains/nightly-2025-11-21-x86_64-unknown-linux-gnu/lib/rustlib/src/rust/library/core/src/alloc/layout.rs:140:9 in function std::alloc::Layout::size

Check 120: std::alloc::Layout::size.pointer_dereference.5
	 - Status: SUCCESS
	 - Description: "dereference failure: pointer outside object bounds"
	 - Location: ../../home/runner/.rustup/toolchains/nightly-2025-11-21-x86_64-unknown-linux-gnu/lib/rustlib/src/rust/library/core/src/alloc/layout.rs:140:9 in function std::alloc::Layout::size

Check 121: std::alloc::Layout::size.pointer_dereference.6
	 - Status: SUCCESS
	 - Description: "dereference failure: invalid integer address"
	 - Location: ../../home/runner/.rustup/toolchains/nightly-2025-11-21-x86_64-unknown-linux-gnu/lib/rustlib/src/rust/library/core/src/alloc/layout.rs:140:9 in function std::alloc::Layout::size

Check 122: alloc::raw_vec::handle_error.pointer_dereference.1
	 - Status: SUCCESS
	 - Description: "dereference failure: dead object"
	 - Location: ../../home/runner/.rustup/toolchains/nightly-2025-11-21-x86_64-unknown-linux-gnu/lib/rustlib/src/rust/library/alloc/src/raw_vec/mod.rs:845:11 in function alloc::raw_vec::handle_error

Check 123: alloc::raw_vec::RawVecInner::deallocate.pointer_dereference.1
	 - Status: SUCCESS
	 - Description: "dereference failure: dead object"
	 - Location: ../../home/runner/.rustup/toolchains/nightly-2025-11-21-x86_64-unknown-linux-gnu/lib/rustlib/src/rust/library/alloc/src/raw_vec/mod.rs:832:38 in function alloc::raw_vec::RawVecInner::deallocate

Check 124: std::vec::Vec::<u8>::as_slice.pointer_dereference.1
	 - Status: SUCCESS
	 - Description: "dereference failure: pointer NULL"
	 - Location: ../../home/runner/.rustup/toolchains/nightly-2025-11-21-x86_64-unknown-linux-gnu/lib/rustlib/src/rust/library/alloc/src/vec/mod.rs:1597:55 in function std::vec::Vec::<u8>::as_slice

Check 125: std::vec::Vec::<u8>::as_slice.pointer_dereference.2
	 - Status: SUCCESS
	 - Description: "dereference failure: pointer invalid"
	 - Location: ../../home/runner/.rustup/toolchains/nightly-2025-11-21-x86_64-unknown-linux-gnu/lib/rustlib/src/rust/library/alloc/src/vec/mod.rs:1597:55 in function std::vec::Vec::<u8>::as_slice

Check 126: std::vec::Vec::<u8>::as_slice.pointer_dereference.3
	 - Status: SUCCESS
	 - Description: "dereference failure: deallocated dynamic object"
	 - Location: ../../home/runner/.rustup/toolchains/nightly-2025-11-21-x86_64-unknown-linux-gnu/lib/rustlib/src/rust/library/alloc/src/vec/mod.rs:1597:55 in function std::vec::Vec::<u8>::as_slice

Check 127: std::vec::Vec::<u8>::as_slice.pointer_dereference.4
	 - Status: SUCCESS
	 - Description: "dereference failure: dead object"
	 - Location: ../../home/runner/.rustup/toolchains/nightly-2025-11-21-x86_64-unknown-linux-gnu/lib/rustlib/src/rust/library/alloc/src/vec/mod.rs:1597:55 in function std::vec::Vec::<u8>::as_slice

Check 128: std::vec::Vec::<u8>::as_slice.pointer_dereference.5
	 - Status: SUCCESS
	 - Description: "dereference failure: pointer outside object bounds"
	 - Location: ../../home/runner/.rustup/toolchains/nightly-2025-11-21-x86_64-unknown-linux-gnu/lib/rustlib/src/rust/library/alloc/src/vec/mod.rs:1597:55 in function std::vec::Vec::<u8>::as_slice

Check 129: std::vec::Vec::<u8>::as_slice.pointer_dereference.6
	 - Status: SUCCESS
	 - Description: "dereference failure: invalid integer address"
	 - Location: ../../home/runner/.rustup/toolchains/nightly-2025-11-21-x86_64-unknown-linux-gnu/lib/rustlib/src/rust/library/alloc/src/vec/mod.rs:1597:55 in function std::vec::Vec::<u8>::as_slice

Check 130: std::vec::Vec::<u8>::set_len.pointer_dereference.1
	 - Status: SUCCESS
	 - Description: "dereference failure: pointer NULL"
	 - Location: ../../home/runner/.rustup/toolchains/nightly-2025-11-21-x86_64-unknown-linux-gnu/lib/rustlib/src/rust/library/alloc/src/vec/mod.rs:1945:9 in function std::vec::Vec::<u8>::set_len

Check 131: std::vec::Vec::<u8>::set_len.pointer_dereference.2
	 - Status: SUCCESS
	 - Description: "dereference failure: pointer invalid"
	 - Location: ../../home/runner/.rustup/toolchains/nightly-2025-11-21-x86_64-unknown-linux-gnu/lib/rustlib/src/rust/library/alloc/src/vec/mod.rs:1945:9 in function std::vec::Vec::<u8>::set_len

Check 132: std::vec::Vec::<u8>::set_len.pointer_dereference.3
	 - Status: SUCCESS
	 - Description: "dereference failure: deallocated dynamic object"
	 - Location: ../../home/runner/.rustup/toolchains/nightly-2025-11-21-x86_64-unknown-linux-gnu/lib/rustlib/src/rust/library/alloc/src/vec/mod.rs:1945:9 in function std::vec::Vec::<u8>::set_len

Check 133: std::vec::Vec::<u8>::set_len.pointer_dereference.4
	 - Status: SUCCESS
	 - Description: "dereference failure: dead object"
	 - Location: ../../home/runner/.rustup/toolchains/nightly-2025-11-21-x86_64-unknown-linux-gnu/lib/rustlib/src/rust/library/alloc/src/vec/mod.rs:1945:9 in function std::vec::Vec::<u8>::set_len

Check 134: std::vec::Vec::<u8>::set_len.pointer_dereference.5
	 - Status: SUCCESS
	 - Description: "dereference failure: pointer outside object bounds"
	 - Location: ../../home/runner/.rustup/toolchains/nightly-2025-11-21-x86_64-unknown-linux-gnu/lib/rustlib/src/rust/library/alloc/src/vec/mod.rs:1945:9 in function std::vec::Vec::<u8>::set_len

Check 135: std::vec::Vec::<u8>::set_len.pointer_dereference.6
	 - Status: SUCCESS
	 - Description: "dereference failure: invalid integer address"
	 - Location: ../../home/runner/.rustup/toolchains/nightly-2025-11-21-x86_64-unknown-linux-gnu/lib/rustlib/src/rust/library/alloc/src/vec/mod.rs:1945:9 in function std::vec::Vec::<u8>::set_len

Check 136: std::alloc::Global::alloc_impl.pointer_dereference.1
	 - Status: SUCCESS
	 - Description: "dereference failure: dead object"
	 - Location: ../../home/runner/.rustup/toolchains/nightly-2025-11-21-x86_64-unknown-linux-gnu/lib/rustlib/src/rust/library/alloc/src/alloc.rs:191:27 in function std::alloc::Global::alloc_impl

Check 137: alloc::raw_vec::RawVecInner::current_memory.pointer_dereference.1
	 - Status: SUCCESS
	 - Description: "dereference failure: pointer NULL"
	 - Location: ../../home/runner/.rustup/toolchains/nightly-2025-11-21-x86_64-unknown-linux-gnu/lib/rustlib/src/rust/library/alloc/src/raw_vec/mod.rs:523:39 in function alloc::raw_vec::RawVecInner::current_memory

Check 138: alloc::raw_vec::RawVecInner::current_memory.pointer_dereference.2
	 - Status: SUCCESS
	 - Description: "dereference failure: pointer invalid"
	 - Location: ../../home/runner/.rustup/toolchains/nightly-2025-11-21-x86_64-unknown-linux-gnu/lib/rustlib/src/rust/library/alloc/src/raw_vec/mod.rs:523:39 in function alloc::raw_vec::RawVecInner::current_memory

Check 139: alloc::raw_vec::RawVecInner::current_memory.pointer_dereference.3
	 - Status: SUCCESS
	 - Description: "dereference failure: deallocated dynamic object"
	 - Location: ../../home/runner/.rustup/toolchains/nightly-2025-11-21-x86_64-unknown-linux-gnu/lib/rustlib/src/rust/library/alloc/src/raw_vec/mod.rs:523:39 in function alloc::raw_vec::RawVecInner::current_memory

Check 140: alloc::raw_vec::RawVecInner::current_memory.pointer_dereference.4
	 - Status: SUCCESS
	 - Description: "dereference failure: dead object"
	 - Location: ../../home/runner/.rustup/toolchains/nightly-2025-11-21-x86_64-unknown-linux-gnu/lib/rustlib/src/rust/library/alloc/src/raw_vec/mod.rs:523:39 in function alloc::raw_vec::RawVecInner::current_memory

Check 141: alloc::raw_vec::RawVecInner::current_memory.pointer_dereference.5
	 - Status: SUCCESS
	 - Description: "dereference failure: pointer outside object bounds"
	 - Location: ../../home/runner/.rustup/toolchains/nightly-2025-11-21-x86_64-unknown-linux-gnu/lib/rustlib/src/rust/library/alloc/src/raw_vec/mod.rs:523:39 in function alloc::raw_vec::RawVecInner::current_memory

Check 142: alloc::raw_vec::RawVecInner::current_memory.pointer_dereference.6
	 - Status: SUCCESS
	 - Description: "dereference failure: invalid integer address"
	 - Location: ../../home/runner/.rustup/toolchains/nightly-2025-11-21-x86_64-unknown-linux-gnu/lib/rustlib/src/rust/library/alloc/src/raw_vec/mod.rs:523:39 in function alloc::raw_vec::RawVecInner::current_memory

Check 143: alloc::raw_vec::RawVecInner::current_memory.pointer_dereference.7
	 - Status: SUCCESS
	 - Description: "dereference failure: pointer NULL"
	 - Location: ../../home/runner/.rustup/toolchains/nightly-2025-11-21-x86_64-unknown-linux-gnu/lib/rustlib/src/rust/library/alloc/src/raw_vec/mod.rs:531:67 in function alloc::raw_vec::RawVecInner::current_memory

Check 144: alloc::raw_vec::RawVecInner::current_memory.pointer_dereference.8
	 - Status: SUCCESS
	 - Description: "dereference failure: pointer invalid"
	 - Location: ../../home/runner/.rustup/toolchains/nightly-2025-11-21-x86_64-unknown-linux-gnu/lib/rustlib/src/rust/library/alloc/src/raw_vec/mod.rs:531:67 in function alloc::raw_vec::RawVecInner::current_memory

Check 145: alloc::raw_vec::RawVecInner::current_memory.pointer_dereference.9
	 - Status: SUCCESS
	 - Description: "dereference failure: deallocated dynamic object"
	 - Location: ../../home/runner/.rustup/toolchains/nightly-2025-11-21-x86_64-unknown-linux-gnu/lib/rustlib/src/rust/library/alloc/src/raw_vec/mod.rs:531:67 in function alloc::raw_vec::RawVecInner::current_memory

Check 146: alloc::raw_vec::RawVecInner::current_memory.pointer_dereference.10
	 - Status: SUCCESS
	 - Description: "dereference failure: dead object"
	 - Location: ../../home/runner/.rustup/toolchains/nightly-2025-11-21-x86_64-unknown-linux-gnu/lib/rustlib/src/rust/library/alloc/src/raw_vec/mod.rs:531:67 in function alloc::raw_vec::RawVecInner::current_memory

Check 147: alloc::raw_vec::RawVecInner::current_memory.pointer_dereference.11
	 - Status: SUCCESS
	 - Description: "dereference failure: pointer outside object bounds"
	 - Location: ../../home/runner/.rustup/toolchains/nightly-2025-11-21-x86_64-unknown-linux-gnu/lib/rustlib/src/rust/library/alloc/src/raw_vec/mod.rs:531:67 in function alloc::raw_vec::RawVecInner::current_memory

Check 148: alloc::raw_vec::RawVecInner::current_memory.pointer_dereference.12
	 - Status: SUCCESS
	 - Description: "dereference failure: invalid integer address"
	 - Location: ../../home/runner/.rustup/toolchains/nightly-2025-11-21-x86_64-unknown-linux-gnu/lib/rustlib/src/rust/library/alloc/src/raw_vec/mod.rs:531:67 in function alloc::raw_vec::RawVecInner::current_memory

Check 149: alloc::raw_vec::RawVecInner::current_memory.pointer_dereference.13
	 - Status: SUCCESS
	 - Description: "dereference failure: pointer NULL"
	 - Location: ../../home/runner/.rustup/toolchains/nightly-2025-11-21-x86_64-unknown-linux-gnu/lib/rustlib/src/rust/library/alloc/src/raw_vec/mod.rs:533:23 in function alloc::raw_vec::RawVecInner::current_memory

Check 150: alloc::raw_vec::RawVecInner::current_memory.pointer_dereference.14
	 - Status: SUCCESS
	 - Description: "dereference failure: pointer invalid"
	 - Location: ../../home/runner/.rustup/toolchains/nightly-2025-11-21-x86_64-unknown-linux-gnu/lib/rustlib/src/rust/library/alloc/src/raw_vec/mod.rs:533:23 in function alloc::raw_vec::RawVecInner::current_memory

Check 151: alloc::raw_vec::RawVecInner::current_memory.pointer_dereference.15
	 - Status: SUCCESS
	 - Description: "dereference failure: deallocated dynamic object"
	 - Location: ../../home/runner/.rustup/toolchains/nightly-2025-11-21-x86_64-unknown-linux-gnu/lib/rustlib/src/rust/library/alloc/src/raw_vec/mod.rs:533:23 in function alloc::raw_vec::RawVecInner::current_memory

Check 152: alloc::raw_vec::RawVecInner::current_memory.pointer_dereference.16
	 - Status: SUCCESS
	 - Description: "dereference failure: dead object"
	 - Location: ../../home/runner/.rustup/toolchains/nightly-2025-11-21-x86_64-unknown-linux-gnu/lib/rustlib/src/rust/library/alloc/src/raw_vec/mod.rs:533:23 in function alloc::raw_vec::RawVecInner::current_memory

Check 153: alloc::raw_vec::RawVecInner::current_memory.pointer_dereference.17
	 - Status: SUCCESS
	 - Description: "dereference failure: pointer outside object bounds"
	 - Location: ../../home/runner/.rustup/toolchains/nightly-2025-11-21-x86_64-unknown-linux-gnu/lib/rustlib/src/rust/library/alloc/src/raw_vec/mod.rs:533:23 in function alloc::raw_vec::RawVecInner::current_memory

Check 154: alloc::raw_vec::RawVecInner::current_memory.pointer_dereference.18
	 - Status: SUCCESS
	 - Description: "dereference failure: invalid integer address"
	 - Location: ../../home/runner/.rustup/toolchains/nightly-2025-11-21-x86_64-unknown-linux-gnu/lib/rustlib/src/rust/library/alloc/src/raw_vec/mod.rs:533:23 in function alloc::raw_vec::RawVecInner::current_memory

Check 155: alloc::raw_vec::RawVecInner::current_memory.pointer_dereference.19
	 - Status: SUCCESS
	 - Description: "dereference failure: dead object"
	 - Location: ../../home/runner/.rustup/toolchains/nightly-2025-11-21-x86_64-unknown-linux-gnu/lib/rustlib/src/rust/library/alloc/src/raw_vec/mod.rs:524:13 in function alloc::raw_vec::RawVecInner::current_memory

Check 156: std::result::Result::<std::alloc::Layout, std::alloc::LayoutError>::map_err::<std::collections::TryReserveError, {closure@alloc::raw_vec::layout_array::{closure#1}}>.pointer_dereference.1
	 - Status: SUCCESS
	 - Description: "dereference failure: dead object"
	 - Location: ../../home/runner/.rustup/toolchains/nightly-2025-11-21-x86_64-unknown-linux-gnu/lib/rustlib/src/rust/library/core/src/result.rs:966:15 in function std::result::Result::<std::alloc::Layout, std::alloc::LayoutError>::map_err::<std::collections::TryReserveError, {closure@alloc::raw_vec::layout_array::{closure#1}}>

Check 157: core::ub_checks::is_valid_allocation_size.division-by-zero.1
	 - Status: SUCCESS
	 - Description: "division by zero"
	 - Location: ../../home/runner/.rustup/toolchains/nightly-2025-11-21-x86_64-unknown-linux-gnu/lib/rustlib/src/rust/library/core/src/ub_checks.rs:149:54 in function core::ub_checks::is_valid_allocation_size

Check 158: <std::vec::Vec<u8> as std::ops::Drop>::drop.pointer_dereference.1
	 - Status: SUCCESS
	 - Description: "dereference failure: pointer NULL"
	 - Location: ../../home/runner/.rustup/toolchains/nightly-2025-11-21-x86_64-unknown-linux-gnu/lib/rustlib/src/rust/library/alloc/src/vec/mod.rs:4076:81 in function <std::vec::Vec<u8> as std::ops::Drop>::drop

Check 159: <std::vec::Vec<u8> as std::ops::Drop>::drop.pointer_dereference.2
	 - Status: SUCCESS
	 - Description: "dereference failure: pointer invalid"
	 - Location: ../../home/runner/.rustup/toolchains/nightly-2025-11-21-x86_64-unknown-linux-gnu/lib/rustlib/src/rust/library/alloc/src/vec/mod.rs:4076:81 in function <std::vec::Vec<u8> as std::ops::Drop>::drop

Check 160: <std::vec::Vec<u8> as std::ops::Drop>::drop.pointer_dereference.3
	 - Status: SUCCESS
	 - Description: "dereference failure: deallocated dynamic object"
	 - Location: ../../home/runner/.rustup/toolchains/nightly-2025-11-21-x86_64-unknown-linux-gnu/lib/rustlib/src/rust/library/alloc/src/vec/mod.rs:4076:81 in function <std::vec::Vec<u8> as std::ops::Drop>::drop

Check 161: <std::vec::Vec<u8> as std::ops::Drop>::drop.pointer_dereference.4
	 - Status: SUCCESS
	 - Description: "dereference failure: dead object"
	 - Location: ../../home/runner/.rustup/toolchains/nightly-2025-11-21-x86_64-unknown-linux-gnu/lib/rustlib/src/rust/library/alloc/src/vec/mod.rs:4076:81 in function <std::vec::Vec<u8> as std::ops::Drop>::drop

Check 162: <std::vec::Vec<u8> as std::ops::Drop>::drop.pointer_dereference.5
	 - Status: SUCCESS
	 - Description: "dereference failure: pointer outside object bounds"
	 - Location: ../../home/runner/.rustup/toolchains/nightly-2025-11-21-x86_64-unknown-linux-gnu/lib/rustlib/src/rust/library/alloc/src/vec/mod.rs:4076:81 in function <std::vec::Vec<u8> as std::ops::Drop>::drop

Check 163: <std::vec::Vec<u8> as std::ops::Drop>::drop.pointer_dereference.6
	 - Status: SUCCESS
	 - Description: "dereference failure: invalid integer address"
	 - Location: ../../home/runner/.rustup/toolchains/nightly-2025-11-21-x86_64-unknown-linux-gnu/lib/rustlib/src/rust/library/alloc/src/vec/mod.rs:4076:81 in function <std::vec::Vec<u8> as std::ops::Drop>::drop

Check 164: std::alloc::Layout::alignment.pointer_dereference.1
	 - Status: SUCCESS
	 - Description: "dereference failure: pointer NULL"
	 - Location: ../../home/runner/.rustup/toolchains/nightly-2025-11-21-x86_64-unknown-linux-gnu/lib/rustlib/src/rust/library/core/src/alloc/layout.rs:515:9 in function std::alloc::Layout::alignment

Check 165: std::alloc::Layout::alignment.pointer_dereference.2
	 - Status: SUCCESS
	 - Description: "dereference failure: pointer invalid"
	 - Location: ../../home/runner/.rustup/toolchains/nightly-2025-11-21-x86_64-unknown-linux-gnu/lib/rustlib/src/rust/library/core/src/alloc/layout.rs:515:9 in function std::alloc::Layout::alignment

Check 166: std::alloc::Layout::alignment.pointer_dereference.3
	 - Status: SUCCESS
	 - Description: "dereference failure: deallocated dynamic object"
	 - Location: ../../home/runner/.rustup/toolchains/nightly-2025-11-21-x86_64-unknown-linux-gnu/lib/rustlib/src/rust/library/core/src/alloc/layout.rs:515:9 in function std::alloc::Layout::alignment

Check 167: std::alloc::Layout::alignment.pointer_dereference.4
	 - Status: SUCCESS
	 - Description: "dereference failure: dead object"
	 - Location: ../../home/runner/.rustup/toolchains/nightly-2025-11-21-x86_64-unknown-linux-gnu/lib/rustlib/src/rust/library/core/src/alloc/layout.rs:515:9 in function std::alloc::Layout::alignment

Check 168: std::alloc::Layout::alignment.pointer_dereference.5
	 - Status: SUCCESS
	 - Description: "dereference failure: pointer outside object bounds"
	 - Location: ../../home/runner/.rustup/toolchains/nightly-2025-11-21-x86_64-unknown-linux-gnu/lib/rustlib/src/rust/library/core/src/alloc/layout.rs:515:9 in function std::alloc::Layout::alignment

Check 169: std::alloc::Layout::alignment.pointer_dereference.6
	 - Status: SUCCESS
	 - Description: "dereference failure: invalid integer address"
	 - Location: ../../home/runner/.rustup/toolchains/nightly-2025-11-21-x86_64-unknown-linux-gnu/lib/rustlib/src/rust/library/core/src/alloc/layout.rs:515:9 in function std::alloc::Layout::alignment

Check 170: std::alloc::Layout::is_size_align_valid.pointer_dereference.1
	 - Status: SUCCESS
	 - Description: "dereference failure: dead object"
	 - Location: ../../home/runner/.rustup/toolchains/nightly-2025-11-21-x86_64-unknown-linux-gnu/lib/rustlib/src/rust/library/core/src/alloc/layout.rs:69:27 in function std::alloc::Layout::is_size_align_valid

Check 171: std::alloc::Layout::size_rounded_up_to_custom_align.pointer_dereference.1
	 - Status: SUCCESS
	 - Description: "dereference failure: pointer NULL"
	 - Location: ../../home/runner/.rustup/toolchains/nightly-2025-11-21-x86_64-unknown-linux-gnu/lib/rustlib/src/rust/library/core/src/alloc/layout.rs:305:27 in function std::alloc::Layout::size_rounded_up_to_custom_align

Check 172: std::alloc::Layout::size_rounded_up_to_custom_align.pointer_dereference.2
	 - Status: SUCCESS
	 - Description: "dereference failure: pointer invalid"
	 - Location: ../../home/runner/.rustup/toolchains/nightly-2025-11-21-x86_64-unknown-linux-gnu/lib/rustlib/src/rust/library/core/src/alloc/layout.rs:305:27 in function std::alloc::Layout::size_rounded_up_to_custom_align

Check 173: std::alloc::Layout::size_rounded_up_to_custom_align.pointer_dereference.3
	 - Status: SUCCESS
	 - Description: "dereference failure: deallocated dynamic object"
	 - Location: ../../home/runner/.rustup/toolchains/nightly-2025-11-21-x86_64-unknown-linux-gnu/lib/rustlib/src/rust/library/core/src/alloc/layout.rs:305:27 in function std::alloc::Layout::size_rounded_up_to_custom_align

Check 174: std::alloc::Layout::size_rounded_up_to_custom_align.pointer_dereference.4
	 - Status: SUCCESS
	 - Description: "dereference failure: dead object"
	 - Location: ../../home/runner/.rustup/toolchains/nightly-2025-11-21-x86_64-unknown-linux-gnu/lib/rustlib/src/rust/library/core/src/alloc/layout.rs:305:27 in function std::alloc::Layout::size_rounded_up_to_custom_align

Check 175: std::alloc::Layout::size_rounded_up_to_custom_align.pointer_dereference.5
	 - Status: SUCCESS
	 - Description: "dereference failure: pointer outside object bounds"
	 - Location: ../../home/runner/.rustup/toolchains/nightly-2025-11-21-x86_64-unknown-linux-gnu/lib/rustlib/src/rust/library/core/src/alloc/layout.rs:305:27 in function std::alloc::Layout::size_rounded_up_to_custom_align

Check 176: std::alloc::Layout::size_rounded_up_to_custom_align.pointer_dereference.6
	 - Status: SUCCESS
	 - Description: "dereference failure: invalid integer address"
	 - Location: ../../home/runner/.rustup/toolchains/nightly-2025-11-21-x86_64-unknown-linux-gnu/lib/rustlib/src/rust/library/core/src/alloc/layout.rs:305:27 in function std::alloc::Layout::size_rounded_up_to_custom_align

Check 177: std::result::Result::<(std::alloc::Layout, usize), std::alloc::LayoutError>::map::<std::alloc::Layout, {closure@alloc::raw_vec::layout_array::{closure#0}}>.pointer_dereference.1
	 - Status: SUCCESS
	 - Description: "dereference failure: dead object"
	 - Location: ../../home/runner/.rustup/toolchains/nightly-2025-11-21-x86_64-unknown-linux-gnu/lib/rustlib/src/rust/library/core/src/result.rs:835:15 in function std::result::Result::<(std::alloc::Layout, usize), std::alloc::LayoutError>::map::<std::alloc::Layout, {closure@alloc::raw_vec::layout_array::{closure#0}}>

Check 178: std::result::Result::<(std::alloc::Layout, usize), std::alloc::LayoutError>::map::<std::alloc::Layout, {closure@alloc::raw_vec::layout_array::{closure#0}}>.pointer_dereference.2
	 - Status: SUCCESS
	 - Description: "dereference failure: dead object"
	 - Location: ../../home/runner/.rustup/toolchains/nightly-2025-11-21-x86_64-unknown-linux-gnu/lib/rustlib/src/rust/library/core/src/result.rs:837:23 in function std::result::Result::<(std::alloc::Layout, usize), std::alloc::LayoutError>::map::<std::alloc::Layout, {closure@alloc::raw_vec::layout_array::{closure#0}}>

Check 179: memcpy.pointer.1
	 - Status: SUCCESS
	 - Description: "same object violation in (const char *)(void *)src >= (const char *)(void *)dst + (signed long int)(count * sizeof(unsigned char) /*1*/ )"
	 - Location: <builtin-library-memcpy>:33 in function memcpy

Check 180: memcpy.pointer.2
	 - Status: SUCCESS
	 - Description: "same object violation in (const char *)(void *)dst >= (const char *)(void *)src + (signed long int)(count * sizeof(unsigned char) /*1*/ )"
	 - Location: <builtin-library-memcpy>:34 in function memcpy

Check 181: std::ptr::copy_nonoverlapping::<u8>.precondition_instance.1
	 - Status: SUCCESS
	 - Description: "memcpy src/dst overlap"
	 - Location: ../../home/runner/.rustup/toolchains/nightly-2025-11-21-x86_64-unknown-linux-gnu/lib/rustlib/src/rust/library/core/src/ptr/mod.rs:547:14 in function std::ptr::copy_nonoverlapping::<u8>

Check 182: std::ptr::copy_nonoverlapping::<u8>.precondition_instance.2
	 - Status: SUCCESS
	 - Description: "memcpy source region readable"
	 - Location: ../../home/runner/.rustup/toolchains/nightly-2025-11-21-x86_64-unknown-linux-gnu/lib/rustlib/src/rust/library/core/src/ptr/mod.rs:547:14 in function std::ptr::copy_nonoverlapping::<u8>

Check 183: std::ptr::copy_nonoverlapping::<u8>.precondition_instance.3
	 - Status: SUCCESS
	 - Description: "memcpy destination region writeable"
	 - Location: ../../home/runner/.rustup/toolchains/nightly-2025-11-21-x86_64-unknown-linux-gnu/lib/rustlib/src/rust/library/core/src/ptr/mod.rs:547:14 in function std::ptr::copy_nonoverlapping::<u8>

Check 184: <std::collections::TryReserveErrorKind as std::clone::Clone>::clone.pointer_dereference.1
	 - Status: SUCCESS
	 - Description: "dereference failure: pointer NULL"
	 - Location: ../../home/runner/.rustup/toolchains/nightly-2025-11-21-x86_64-unknown-linux-gnu/lib/rustlib/src/rust/library/alloc/src/collections/mod.rs:93:10 in function <std::collections::TryReserveErrorKind as std::clone::Clone>::clone

Check 185: <std::collections::TryReserveErrorKind as std::clone::Clone>::clone.pointer_dereference.2
	 - Status: SUCCESS
	 - Description: "dereference failure: pointer invalid"
	 - Location: ../../home/runner/.rustup/toolchains/nightly-2025-11-21-x86_64-unknown-linux-gnu/lib/rustlib/src/rust/library/alloc/src/collections/mod.rs:93:10 in function <std::collections::TryReserveErrorKind as std::clone::Clone>::clone

Check 186: <std::collections::TryReserveErrorKind as std::clone::Clone>::clone.pointer_dereference.3
	 - Status: SUCCESS
	 - Description: "dereference failure: deallocated dynamic object"
	 - Location: ../../home/runner/.rustup/toolchains/nightly-2025-11-21-x86_64-unknown-linux-gnu/lib/rustlib/src/rust/library/alloc/src/collections/mod.rs:93:10 in function <std::collections::TryReserveErrorKind as std::clone::Clone>::clone

Check 187: <std::collections::TryReserveErrorKind as std::clone::Clone>::clone.pointer_dereference.4
	 - Status: SUCCESS
	 - Description: "dereference failure: dead object"
	 - Location: ../../home/runner/.rustup/toolchains/nightly-2025-11-21-x86_64-unknown-linux-gnu/lib/rustlib/src/rust/library/alloc/src/collections/mod.rs:93:10 in function <std::collections::TryReserveErrorKind as std::clone::Clone>::clone

Check 188: <std::collections::TryReserveErrorKind as std::clone::Clone>::clone.pointer_dereference.5
	 - Status: SUCCESS
	 - Description: "dereference failure: pointer outside object bounds"
	 - Location: ../../home/runner/.rustup/toolchains/nightly-2025-11-21-x86_64-unknown-linux-gnu/lib/rustlib/src/rust/library/alloc/src/collections/mod.rs:93:10 in function <std::collections::TryReserveErrorKind as std::clone::Clone>::clone

Check 189: <std::collections::TryReserveErrorKind as std::clone::Clone>::clone.pointer_dereference.6
	 - Status: SUCCESS
	 - Description: "dereference failure: invalid integer address"
	 - Location: ../../home/runner/.rustup/toolchains/nightly-2025-11-21-x86_64-unknown-linux-gnu/lib/rustlib/src/rust/library/alloc/src/collections/mod.rs:93:10 in function <std::collections::TryReserveErrorKind as std::clone::Clone>::clone

Check 190: <std::collections::TryReserveErrorKind as std::clone::Clone>::clone.pointer_dereference.7
	 - Status: SUCCESS
	 - Description: "dereference failure: dead object"
	 - Location: ../../home/runner/.rustup/toolchains/nightly-2025-11-21-x86_64-unknown-linux-gnu/lib/rustlib/src/rust/library/alloc/src/collections/mod.rs:93:10 in function <std::collections::TryReserveErrorKind as std::clone::Clone>::clone

Check 191: <std::result::Result<std::ptr::NonNull<u8>, std::alloc::AllocError> as std::ops::Try>::branch.pointer_dereference.1
	 - Status: SUCCESS
	 - Description: "dereference failure: dead object"
	 - Location: ../../home/runner/.rustup/toolchains/nightly-2025-11-21-x86_64-unknown-linux-gnu/lib/rustlib/src/rust/library/core/src/result.rs:2173:15 in function <std::result::Result<std::ptr::NonNull<u8>, std::alloc::AllocError> as std::ops::Try>::branch

Check 192: <std::result::Result<std::ptr::NonNull<u8>, std::alloc::AllocError> as std::ops::Try>::branch.pointer_dereference.2
	 - Status: SUCCESS
	 - Description: "dereference failure: dead object"
	 - Location: ../../home/runner/.rustup/toolchains/nightly-2025-11-21-x86_64-unknown-linux-gnu/lib/rustlib/src/rust/library/core/src/result.rs:2175:23 in function <std::result::Result<std::ptr::NonNull<u8>, std::alloc::AllocError> as std::ops::Try>::branch

Check 193: alloc::raw_vec::layout_array::{closure#1}.pointer_dereference.1
	 - Status: SUCCESS
	 - Description: "dereference failure: dead object"
	 - Location: ../../home/runner/.rustup/toolchains/nightly-2025-11-21-x86_64-unknown-linux-gnu/lib/rustlib/src/rust/library/alloc/src/raw_vec/mod.rs:853:70 in function alloc::raw_vec::layout_array::{closure#1}

Check 194: alloc::raw_vec::RawVecInner::try_allocate_in.pointer_dereference.1
	 - Status: SUCCESS
	 - Description: "dereference failure: dead object"
	 - Location: ../../home/runner/.rustup/toolchains/nightly-2025-11-21-x86_64-unknown-linux-gnu/lib/rustlib/src/rust/library/alloc/src/raw_vec/mod.rs:459:34 in function alloc::raw_vec::RawVecInner::try_allocate_in

Check 195: alloc::raw_vec::RawVecInner::try_allocate_in.pointer_dereference.2
	 - Status: SUCCESS
	 - Description: "dereference failure: dead object"
	 - Location: ../../home/runner/.rustup/toolchains/nightly-2025-11-21-x86_64-unknown-linux-gnu/lib/rustlib/src/rust/library/alloc/src/raw_vec/mod.rs:472:25 in function alloc::raw_vec::RawVecInner::try_allocate_in

Check 196: std::alloc::Layout::pad_to_align.pointer_dereference.1
	 - Status: SUCCESS
	 - Description: "dereference failure: pointer NULL"
	 - Location: ../../home/runner/.rustup/toolchains/nightly-2025-11-21-x86_64-unknown-linux-gnu/lib/rustlib/src/rust/library/core/src/alloc/layout.rs:324:61 in function std::alloc::Layout::pad_to_align

Check 197: std::alloc::Layout::pad_to_align.pointer_dereference.2
	 - Status: SUCCESS
	 - Description: "dereference failure: pointer invalid"
	 - Location: ../../home/runner/.rustup/toolchains/nightly-2025-11-21-x86_64-unknown-linux-gnu/lib/rustlib/src/rust/library/core/src/alloc/layout.rs:324:61 in function std::alloc::Layout::pad_to_align

Check 198: std::alloc::Layout::pad_to_align.pointer_dereference.3
	 - Status: SUCCESS
	 - Description: "dereference failure: deallocated dynamic object"
	 - Location: ../../home/runner/.rustup/toolchains/nightly-2025-11-21-x86_64-unknown-linux-gnu/lib/rustlib/src/rust/library/core/src/alloc/layout.rs:324:61 in function std::alloc::Layout::pad_to_align

Check 199: std::alloc::Layout::pad_to_align.pointer_dereference.4
	 - Status: SUCCESS
	 - Description: "dereference failure: dead object"
	 - Location: ../../home/runner/.rustup/toolchains/nightly-2025-11-21-x86_64-unknown-linux-gnu/lib/rustlib/src/rust/library/core/src/alloc/layout.rs:324:61 in function std::alloc::Layout::pad_to_align

Check 200: std::alloc::Layout::pad_to_align.pointer_dereference.5
	 - Status: SUCCESS
	 - Description: "dereference failure: pointer outside object bounds"
	 - Location: ../../home/runner/.rustup/toolchains/nightly-2025-11-21-x86_64-unknown-linux-gnu/lib/rustlib/src/rust/library/core/src/alloc/layout.rs:324:61 in function std::alloc::Layout::pad_to_align

Check 201: std::alloc::Layout::pad_to_align.pointer_dereference.6
	 - Status: SUCCESS
	 - Description: "dereference failure: invalid integer address"
	 - Location: ../../home/runner/.rustup/toolchains/nightly-2025-11-21-x86_64-unknown-linux-gnu/lib/rustlib/src/rust/library/core/src/alloc/layout.rs:324:61 in function std::alloc::Layout::pad_to_align

Check 202: verification::invariant_tier_gate.pointer_dereference.1
	 - Status: SUCCESS
	 - Description: "dereference failure: pointer NULL"
	 - Location: src/verification.rs:35:11 in function verification::invariant_tier_gate

Check 203: verification::invariant_tier_gate.pointer_dereference.2
	 - Status: SUCCESS
	 - Description: "dereference failure: pointer invalid"
	 - Location: src/verification.rs:35:11 in function verification::invariant_tier_gate

Check 204: verification::invariant_tier_gate.pointer_dereference.3
	 - Status: SUCCESS
	 - Description: "dereference failure: deallocated dynamic object"
	 - Location: src/verification.rs:35:11 in function verification::invariant_tier_gate

Check 205: verification::invariant_tier_gate.pointer_dereference.4
	 - Status: SUCCESS
	 - Description: "dereference failure: dead object"
	 - Location: src/verification.rs:35:11 in function verification::invariant_tier_gate

Check 206: verification::invariant_tier_gate.pointer_dereference.5
	 - Status: SUCCESS
	 - Description: "dereference failure: pointer outside object bounds"
	 - Location: src/verification.rs:35:11 in function verification::invariant_tier_gate

Check 207: verification::invariant_tier_gate.pointer_dereference.6
	 - Status: SUCCESS
	 - Description: "dereference failure: invalid integer address"
	 - Location: src/verification.rs:35:11 in function verification::invariant_tier_gate

Check 208: std::alloc::Layout::dangling.pointer_dereference.1
	 - Status: SUCCESS
	 - Description: "dereference failure: pointer NULL"
	 - Location: ../../home/runner/.rustup/toolchains/nightly-2025-11-21-x86_64-unknown-linux-gnu/lib/rustlib/src/rust/library/core/src/alloc/layout.rs:223:37 in function std::alloc::Layout::dangling

Check 209: std::alloc::Layout::dangling.pointer_dereference.2
	 - Status: SUCCESS
	 - Description: "dereference failure: pointer invalid"
	 - Location: ../../home/runner/.rustup/toolchains/nightly-2025-11-21-x86_64-unknown-linux-gnu/lib/rustlib/src/rust/library/core/src/alloc/layout.rs:223:37 in function std::alloc::Layout::dangling

Check 210: std::alloc::Layout::dangling.pointer_dereference.3
	 - Status: SUCCESS
	 - Description: "dereference failure: deallocated dynamic object"
	 - Location: ../../home/runner/.rustup/toolchains/nightly-2025-11-21-x86_64-unknown-linux-gnu/lib/rustlib/src/rust/library/core/src/alloc/layout.rs:223:37 in function std::alloc::Layout::dangling

Check 211: std::alloc::Layout::dangling.pointer_dereference.4
	 - Status: SUCCESS
	 - Description: "dereference failure: dead object"
	 - Location: ../../home/runner/.rustup/toolchains/nightly-2025-11-21-x86_64-unknown-linux-gnu/lib/rustlib/src/rust/library/core/src/alloc/layout.rs:223:37 in function std::alloc::Layout::dangling

Check 212: std::alloc::Layout::dangling.pointer_dereference.5
	 - Status: SUCCESS
	 - Description: "dereference failure: pointer outside object bounds"
	 - Location: ../../home/runner/.rustup/toolchains/nightly-2025-11-21-x86_64-unknown-linux-gnu/lib/rustlib/src/rust/library/core/src/alloc/layout.rs:223:37 in function std::alloc::Layout::dangling

Check 213: std::alloc::Layout::dangling.pointer_dereference.6
	 - Status: SUCCESS
	 - Description: "dereference failure: invalid integer address"
	 - Location: ../../home/runner/.rustup/toolchains/nightly-2025-11-21-x86_64-unknown-linux-gnu/lib/rustlib/src/rust/library/core/src/alloc/layout.rs:223:37 in function std::alloc::Layout::dangling

Check 214: std::string::<impl std::cmp::PartialEq<std::string::String> for &str>::eq.pointer_dereference.1
	 - Status: SUCCESS
	 - Description: "dereference failure: pointer NULL"
	 - Location: ../../home/runner/.rustup/toolchains/nightly-2025-11-21-x86_64-unknown-linux-gnu/lib/rustlib/src/rust/library/alloc/src/string.rs:2639:32 in function std::string::<impl std::cmp::PartialEq<std::string::String> for &str>::eq

Check 215: std::string::<impl std::cmp::PartialEq<std::string::String> for &str>::eq.pointer_dereference.2
	 - Status: SUCCESS
	 - Description: "dereference failure: pointer invalid"
	 - Location: ../../home/runner/.rustup/toolchains/nightly-2025-11-21-x86_64-unknown-linux-gnu/lib/rustlib/src/rust/library/alloc/src/string.rs:2639:32 in function std::string::<impl std::cmp::PartialEq<std::string::String> for &str>::eq

Check 216: std::string::<impl std::cmp::PartialEq<std::string::String> for &str>::eq.pointer_dereference.3
	 - Status: SUCCESS
	 - Description: "dereference failure: deallocated dynamic object"
	 - Location: ../../home/runner/.rustup/toolchains/nightly-2025-11-21-x86_64-unknown-linux-gnu/lib/rustlib/src/rust/library/alloc/src/string.rs:2639:32 in function std::string::<impl std::cmp::PartialEq<std::string::String> for &str>::eq

Check 217: std::string::<impl std::cmp::PartialEq<std::string::String> for &str>::eq.pointer_dereference.4
	 - Status: SUCCESS
	 - Description: "dereference failure: dead object"
	 - Location: ../../home/runner/.rustup/toolchains/nightly-2025-11-21-x86_64-unknown-linux-gnu/lib/rustlib/src/rust/library/alloc/src/string.rs:2639:32 in function std::string::<impl std::cmp::PartialEq<std::string::String> for &str>::eq

Check 218: std::string::<impl std::cmp::PartialEq<std::string::String> for &str>::eq.pointer_dereference.5
	 - Status: SUCCESS
	 - Description: "dereference failure: pointer outside object bounds"
	 - Location: ../../home/runner/.rustup/toolchains/nightly-2025-11-21-x86_64-unknown-linux-gnu/lib/rustlib/src/rust/library/alloc/src/string.rs:2639:32 in function std::string::<impl std::cmp::PartialEq<std::string::String> for &str>::eq

Check 219: std::string::<impl std::cmp::PartialEq<std::string::String> for &str>::eq.pointer_dereference.6
	 - Status: SUCCESS
	 - Description: "dereference failure: invalid integer address"
	 - Location: ../../home/runner/.rustup/toolchains/nightly-2025-11-21-x86_64-unknown-linux-gnu/lib/rustlib/src/rust/library/alloc/src/string.rs:2639:32 in function std::string::<impl std::cmp::PartialEq<std::string::String> for &str>::eq

Check 220: std::ptr::NonNull::<u8>::new.pointer_dereference.1
	 - Status: SUCCESS
	 - Description: "dereference failure: dead object"
	 - Location: ../../home/runner/.rustup/toolchains/nightly-2025-11-21-x86_64-unknown-linux-gnu/lib/rustlib/src/rust/library/core/src/ptr/non_null.rs:275:13 in function std::ptr::NonNull::<u8>::new

Check 221: std::ptr::Alignment::new.pointer_dereference.1
	 - Status: SUCCESS
	 - Description: "dereference failure: dead object"
	 - Location: ../../home/runner/.rustup/toolchains/nightly-2025-11-21-x86_64-unknown-linux-gnu/lib/rustlib/src/rust/library/core/src/ptr/alignment.rs:64:13 in function std::ptr::Alignment::new

Check 222: std::alloc::Layout::repeat.pointer_dereference.1
	 - Status: SUCCESS
	 - Description: "dereference failure: dead object"
	 - Location: ../../home/runner/.rustup/toolchains/nightly-2025-11-21-x86_64-unknown-linux-gnu/lib/rustlib/src/rust/library/core/src/alloc/layout.rs:361:31 in function std::alloc::Layout::repeat

Check 223: std::alloc::Layout::repeat.pointer_dereference.2
	 - Status: SUCCESS
	 - Description: "dereference failure: dead object"
	 - Location: ../../home/runner/.rustup/toolchains/nightly-2025-11-21-x86_64-unknown-linux-gnu/lib/rustlib/src/rust/library/core/src/alloc/layout.rs:364:13 in function std::alloc::Layout::repeat

Check 224: std::cmp::impls::<impl std::cmp::PartialEq for &[u8]>::eq.pointer_dereference.1
	 - Status: SUCCESS
	 - Description: "dereference failure: pointer NULL"
	 - Location: ../../home/runner/.rustup/toolchains/nightly-2025-11-21-x86_64-unknown-linux-gnu/lib/rustlib/src/rust/library/core/src/cmp.rs:2090:27 in function std::cmp::impls::<impl std::cmp::PartialEq for &[u8]>::eq

Check 225: std::cmp::impls::<impl std::cmp::PartialEq for &[u8]>::eq.pointer_dereference.2
	 - Status: SUCCESS
	 - Description: "dereference failure: pointer invalid"
	 - Location: ../../home/runner/.rustup/toolchains/nightly-2025-11-21-x86_64-unknown-linux-gnu/lib/rustlib/src/rust/library/core/src/cmp.rs:2090:27 in function std::cmp::impls::<impl std::cmp::PartialEq for &[u8]>::eq

Check 226: std::cmp::impls::<impl std::cmp::PartialEq for &[u8]>::eq.pointer_dereference.3
	 - Status: SUCCESS
	 - Description: "dereference failure: deallocated dynamic object"
	 - Location: ../../home/runner/.rustup/toolchains/nightly-2025-11-21-x86_64-unknown-linux-gnu/lib/rustlib/src/rust/library/core/src/cmp.rs:2090:27 in function std::cmp::impls::<impl std::cmp::PartialEq for &[u8]>::eq

Check 227: std::cmp::impls::<impl std::cmp::PartialEq for &[u8]>::eq.pointer_dereference.4
	 - Status: SUCCESS
	 - Description: "dereference failure: dead object"
	 - Location: ../../home/runner/.rustup/toolchains/nightly-2025-11-21-x86_64-unknown-linux-gnu/lib/rustlib/src/rust/library/core/src/cmp.rs:2090:27 in function std::cmp::impls::<impl std::cmp::PartialEq for &[u8]>::eq

Check 228: std::cmp::impls::<impl std::cmp::PartialEq for &[u8]>::eq.pointer_dereference.5
	 - Status: SUCCESS
	 - Description: "dereference failure: pointer outside object bounds"
	 - Location: ../../home/runner/.rustup/toolchains/nightly-2025-11-21-x86_64-unknown-linux-gnu/lib/rustlib/src/rust/library/core/src/cmp.rs:2090:27 in function std::cmp::impls::<impl std::cmp::PartialEq for &[u8]>::eq

Check 229: std::cmp::impls::<impl std::cmp::PartialEq for &[u8]>::eq.pointer_dereference.6
	 - Status: SUCCESS
	 - Description: "dereference failure: invalid integer address"
	 - Location: ../../home/runner/.rustup/toolchains/nightly-2025-11-21-x86_64-unknown-linux-gnu/lib/rustlib/src/rust/library/core/src/cmp.rs:2090:27 in function std::cmp::impls::<impl std::cmp::PartialEq for &[u8]>::eq

Check 230: std::cmp::impls::<impl std::cmp::PartialEq for &[u8]>::eq.pointer_dereference.7
	 - Status: SUCCESS
	 - Description: "dereference failure: pointer NULL"
	 - Location: ../../home/runner/.rustup/toolchains/nightly-2025-11-21-x86_64-unknown-linux-gnu/lib/rustlib/src/rust/library/core/src/cmp.rs:2090:34 in function std::cmp::impls::<impl std::cmp::PartialEq for &[u8]>::eq

Check 231: std::cmp::impls::<impl std::cmp::PartialEq for &[u8]>::eq.pointer_dereference.8
	 - Status: SUCCESS
	 - Description: "dereference failure: pointer invalid"
	 - Location: ../../home/runner/.rustup/toolchains/nightly-2025-11-21-x86_64-unknown-linux-gnu/lib/rustlib/src/rust/library/core/src/cmp.rs:2090:34 in function std::cmp::impls::<impl std::cmp::PartialEq for &[u8]>::eq

Check 232: std::cmp::impls::<impl std::cmp::PartialEq for &[u8]>::eq.pointer_dereference.9
	 - Status: SUCCESS
	 - Description: "dereference failure: deallocated dynamic object"
	 - Location: ../../home/runner/.rustup/toolchains/nightly-2025-11-21-x86_64-unknown-linux-gnu/lib/rustlib/src/rust/library/core/src/cmp.rs:2090:34 in function std::cmp::impls::<impl std::cmp::PartialEq for &[u8]>::eq

Check 233: std::cmp::impls::<impl std::cmp::PartialEq for &[u8]>::eq.pointer_dereference.10
	 - Status: SUCCESS
	 - Description: "dereference failure: dead object"
	 - Location: ../../home/runner/.rustup/toolchains/nightly-2025-11-21-x86_64-unknown-linux-gnu/lib/rustlib/src/rust/library/core/src/cmp.rs:2090:34 in function std::cmp::impls::<impl std::cmp::PartialEq for &[u8]>::eq

Check 234: std::cmp::impls::<impl std::cmp::PartialEq for &[u8]>::eq.pointer_dereference.11
	 - Status: SUCCESS
	 - Description: "dereference failure: pointer outside object bounds"
	 - Location: ../../home/runner/.rustup/toolchains/nightly-2025-11-21-x86_64-unknown-linux-gnu/lib/rustlib/src/rust/library/core/src/cmp.rs:2090:34 in function std::cmp::impls::<impl std::cmp::PartialEq for &[u8]>::eq

Check 235: std::cmp::impls::<impl std::cmp::PartialEq for &[u8]>::eq.pointer_dereference.12
	 - Status: SUCCESS
	 - Description: "dereference failure: invalid integer address"
	 - Location: ../../home/runner/.rustup/toolchains/nightly-2025-11-21-x86_64-unknown-linux-gnu/lib/rustlib/src/rust/library/core/src/cmp.rs:2090:34 in function std::cmp::impls::<impl std::cmp::PartialEq for &[u8]>::eq

Check 236: std::option::Option::<std::ptr::NonNull<u8>>::ok_or::<std::alloc::AllocError>.pointer_dereference.1
	 - Status: SUCCESS
	 - Description: "dereference failure: dead object"
	 - Location: ../../home/runner/.rustup/toolchains/nightly-2025-11-21-x86_64-unknown-linux-gnu/lib/rustlib/src/rust/library/core/src/option.rs:1338:15 in function std::option::Option::<std::ptr::NonNull<u8>>::ok_or::<std::alloc::AllocError>

Check 237: std::option::Option::<std::ptr::NonNull<u8>>::ok_or::<std::alloc::AllocError>.pointer_dereference.2
	 - Status: SUCCESS
	 - Description: "dereference failure: dead object"
	 - Location: ../../home/runner/.rustup/toolchains/nightly-2025-11-21-x86_64-unknown-linux-gnu/lib/rustlib/src/rust/library/core/src/option.rs:1340:21 in function std::option::Option::<std::ptr::NonNull<u8>>::ok_or::<std::alloc::AllocError>


SUMMARY:
 ** 0 of 237 failed (5 unreachable)

VERIFICATION:- SUCCESSFUL
Verification Time: 0.44225186s

Checking harness verification::kani_harnesses::kani_owner_nonempty_invariant...
CBMC 6.8.0 (cbmc-6.8.0)
CBMC version 6.8.0 (cbmc-6.8.0) 64-bit x86_64 linux
Reading GOTO program from file /tmp/edisondb-fv3-count-reaudit/target/kani/x86_64-unknown-linux-gnu/debug/deps/edisondb__RNvNtNtCs8zVKvWqpudH_8edisondb12verification14kani_harnesses29kani_owner_nonempty_invariant.out
Generating GOTO Program
Adding CPROVER library (x86_64)
Removal of function pointers and virtual functions
Generic Property Instrumentation
Running with 16 object bits, 48 offset bits (user-specified)
Starting Bounded Model Checking
aborting path on assume(false) at file src/verification.rs line 225 column 15 function verification::kani_harnesses::identity_str thread 0
aborting path on assume(false) at file /home/runner/.rustup/toolchains/nightly-2025-11-21-x86_64-unknown-linux-gnu/lib/rustlib/src/rust/library/core/src/alloc/layout.rs line 359 column 5 function std::alloc::Layout::repeat thread 0
aborting path on assume(false) at file /home/runner/.rustup/toolchains/nightly-2025-11-21-x86_64-unknown-linux-gnu/lib/rustlib/src/rust/library/core/src/result.rs line 835 column 15 function std::result::Result::<(std::alloc::Layout, usize), std::alloc::LayoutError>::map::<std::alloc::Layout, {closure@alloc::raw_vec::layout_array::{closure#0}}> thread 0
aborting path on assume(false) at file /home/runner/.rustup/toolchains/nightly-2025-11-21-x86_64-unknown-linux-gnu/lib/rustlib/src/rust/library/core/src/result.rs line 966 column 15 function std::result::Result::<std::alloc::Layout, std::alloc::LayoutError>::map_err::<std::collections::TryReserveError, {closure@alloc::raw_vec::layout_array::{closure#1}}> thread 0
aborting path on assume(false) at file src/lib.rs line 0 column 0 function alloc::raw_vec::RawVecInner::try_allocate_in thread 0
aborting path on assume(false) at file /home/runner/.rustup/toolchains/nightly-2025-11-21-x86_64-unknown-linux-gnu/lib/rustlib/src/rust/library/alloc/src/raw_vec/mod.rs line 419 column 15 function alloc::raw_vec::RawVecInner::with_capacity_in thread 0
aborting path on assume(false) at file /home/runner/.rustup/toolchains/nightly-2025-11-21-x86_64-unknown-linux-gnu/lib/rustlib/src/rust/library/alloc/src/collections/mod.rs line 93 column 10 function <std::collections::TryReserveErrorKind as std::clone::Clone>::clone thread 0
aborting path on assume(false) at file /home/runner/.rustup/toolchains/nightly-2025-11-21-x86_64-unknown-linux-gnu/lib/rustlib/src/rust/library/alloc/src/raw_vec/mod.rs line 845 column 11 function alloc::raw_vec::handle_error thread 0
aborting path on assume(false) at file /home/runner/.rustup/toolchains/nightly-2025-11-21-x86_64-unknown-linux-gnu/lib/rustlib/src/rust/library/alloc/src/alloc.rs line 366 column 5 function std::alloc::handle_alloc_error::rt_error thread 0
aborting path on assume(false) at file /home/runner/.rustup/toolchains/nightly-2025-11-21-x86_64-unknown-linux-gnu/lib/rustlib/src/rust/library/alloc/src/alloc.rs line 407 column 13 function std::alloc::handle_alloc_error::rt_error thread 0
aborting path on assume(false) at file /home/runner/.rustup/toolchains/nightly-2025-11-21-x86_64-unknown-linux-gnu/lib/rustlib/src/rust/library/alloc/src/alloc.rs line 413 column 9 function std::alloc::handle_alloc_error thread 0
aborting path on assume(false) at file /home/runner/.rustup/toolchains/nightly-2025-11-21-x86_64-unknown-linux-gnu/lib/rustlib/src/rust/library/alloc/src/raw_vec/mod.rs line 847 column 38 function alloc::raw_vec::handle_error thread 0
aborting path on assume(false) at file /home/runner/.rustup/toolchains/nightly-2025-11-21-x86_64-unknown-linux-gnu/lib/rustlib/src/rust/library/alloc/src/raw_vec/mod.rs line 28 column 5 function alloc::raw_vec::capacity_overflow thread 0
aborting path on assume(false) at file /home/runner/.rustup/toolchains/nightly-2025-11-21-x86_64-unknown-linux-gnu/lib/rustlib/src/rust/library/alloc/src/raw_vec/mod.rs line 846 column 29 function alloc::raw_vec::handle_error thread 0
aborting path on assume(false) at file /home/runner/.rustup/toolchains/nightly-2025-11-21-x86_64-unknown-linux-gnu/lib/rustlib/src/rust/library/alloc/src/raw_vec/mod.rs line 427 column 25 function alloc::raw_vec::RawVecInner::with_capacity_in thread 0
aborting path on assume(false) at file /home/runner/.rustup/toolchains/nightly-2025-11-21-x86_64-unknown-linux-gnu/lib/rustlib/src/rust/library/alloc/src/raw_vec/mod.rs line 830 column 5 function alloc::raw_vec::RawVecInner::deallocate thread 0
Runtime Symex: 0.264592s
size of program expression: 7600 steps
slicing removed 5029 assignments
Generated 521 VCC(s), 62 remaining after simplification
Runtime Postprocess Equation: 0.00403291s
Passing problem to propositional reduction
converting SSA
Runtime Convert SSA: 0.0425115s
Running propositional reduction
Post-processing
Runtime Post-process: 0.00843636s
Solving with CaDiCaL 2.0.0
35005 variables, 53491 clauses
SAT checker: instance is SATISFIABLE
Runtime Solver: 0.00987558s
Runtime decision procedure: 0.0532464s
Running propositional reduction
Solving with CaDiCaL 2.0.0
35006 variables, 53492 clauses
SAT checker: instance is SATISFIABLE
Runtime Solver: 0.000820854s
Runtime decision procedure: 0.00109521s
Running propositional reduction
Solving with CaDiCaL 2.0.0
35007 variables, 53493 clauses
SAT checker: instance is UNSATISFIABLE
Runtime Solver: 0.000383616s
Runtime decision procedure: 0.000574327s

RESULTS:
Check 1: __rust_dealloc.assertion.1
	 - Status: SUCCESS
	 - Description: "Alignment is power of two"
	 - Location: ../../home/edisonbl/.kani/kani-0.67.0/library/kani/kani_lib.c:83 in function __rust_dealloc

Check 2: __rust_dealloc.assertion.2
	 - Status: SUCCESS
	 - Description: "rust_dealloc must be called on an object whose allocated size matches its layout"
	 - Location: ../../home/edisonbl/.kani/kani-0.67.0/library/kani/kani_lib.c:85 in function __rust_dealloc

Check 3: __rust_alloc.assertion.1
	 - Status: SUCCESS
	 - Description: "__rust_alloc must be called with a size greater than 0"
	 - Location: ../../home/edisonbl/.kani/kani-0.67.0/library/kani/kani_lib.c:43 in function __rust_alloc

Check 4: __rust_alloc.assertion.2
	 - Status: SUCCESS
	 - Description: "Alignment is power of two"
	 - Location: ../../home/edisonbl/.kani/kani-0.67.0/library/kani/kani_lib.c:46 in function __rust_alloc

Check 5: __rust_alloc_zeroed.assertion.1
	 - Status: SUCCESS
	 - Description: "__rust_alloc_zeroed must be called with a size greater than 0"
	 - Location: ../../home/edisonbl/.kani/kani-0.67.0/library/kani/kani_lib.c:62 in function __rust_alloc_zeroed

Check 6: __rust_alloc_zeroed.assertion.2
	 - Status: SUCCESS
	 - Description: "Alignment is power of two"
	 - Location: ../../home/edisonbl/.kani/kani-0.67.0/library/kani/kani_lib.c:65 in function __rust_alloc_zeroed

Check 7: verification::kani_harnesses::kani_owner_nonempty_invariant.assertion.1
	 - Status: SUCCESS
	 - Description: "assertion failed: invariant_record_owner_nonempty(&record)"
	 - Location: src/verification.rs:247:9 in function verification::kani_harnesses::kani_owner_nonempty_invariant

Check 8: core::ub_checks::maybe_is_nonoverlapping::runtime.unreachable.1
	 - Status: SUCCESS
	 - Description: "unreachable code"
	 - Location: ../../home/runner/.rustup/toolchains/nightly-2025-11-21-x86_64-unknown-linux-gnu/lib/rustlib/src/rust/library/core/src/intrinsics/mod.rs:2437:9 in function core::ub_checks::maybe_is_nonoverlapping::runtime

Check 9: core::panicking::panic_nounwind_fmt::runtime.unsupported_construct.1
	 - Status: SUCCESS
	 - Description: "call to foreign "Rust" function `_RNvCs1hStedNDpZ2_7___rustc17rust_begin_unwind` is not currently supported by Kani. Please post your example at https://github.com/model-checking/kani/issues/new/choose"
	 - Location: ../../home/runner/.rustup/toolchains/nightly-2025-11-21-x86_64-unknown-linux-gnu/lib/rustlib/src/rust/library/core/src/panicking.rs:110:17 in function core::panicking::panic_nounwind_fmt::runtime

Check 10: malloc.assertion.1
	 - Status: SUCCESS
	 - Description: "max allocation size exceeded"
	 - Location: <builtin-library-malloc>:31 in function malloc

Check 11: malloc.assertion.2
	 - Status: SUCCESS
	 - Description: "max allocation may fail"
	 - Location: <builtin-library-malloc>:36 in function malloc

Check 12: alloc::raw_vec::RawVecInner::with_capacity_in.unreachable.1
	 - Status: SUCCESS
	 - Description: "unreachable code"
	 - Location: ../../home/runner/.rustup/toolchains/nightly-2025-11-21-x86_64-unknown-linux-gnu/lib/rustlib/src/rust/library/alloc/src/raw_vec/mod.rs:419:15 in function alloc::raw_vec::RawVecInner::with_capacity_in

Check 13: calloc.assertion.1
	 - Status: SUCCESS
	 - Description: "max allocation size exceeded"
	 - Location: <builtin-library-calloc>:31 in function calloc

Check 14: calloc.assertion.2
	 - Status: SUCCESS
	 - Description: "max allocation may fail"
	 - Location: <builtin-library-calloc>:36 in function calloc

Check 15: alloc::raw_vec::RawVecInner::try_allocate_in.unreachable.1
	 - Status: SUCCESS
	 - Description: "unreachable code"
	 - Location: src/lib.rs:0:0 in function alloc::raw_vec::RawVecInner::try_allocate_in

Check 16: std::alloc::Layout::size_rounded_up_to_custom_align.arithmetic_overflow.1
	 - Status: SUCCESS
	 - Description: "attempt to compute `unchecked_sub` which would overflow"
	 - Location: ../../home/runner/.rustup/toolchains/nightly-2025-11-21-x86_64-unknown-linux-gnu/lib/rustlib/src/rust/library/core/src/alloc/layout.rs:304:28 in function std::alloc::Layout::size_rounded_up_to_custom_align

Check 17: std::alloc::Layout::size_rounded_up_to_custom_align.arithmetic_overflow.2
	 - Status: SUCCESS
	 - Description: "attempt to compute `unchecked_add` which would overflow"
	 - Location: ../../home/runner/.rustup/toolchains/nightly-2025-11-21-x86_64-unknown-linux-gnu/lib/rustlib/src/rust/library/core/src/alloc/layout.rs:305:13 in function std::alloc::Layout::size_rounded_up_to_custom_align

Check 18: core::num::<impl usize>::abs_diff.assertion.1
	 - Status: UNREACHABLE
	 - Description: "attempt to subtract with overflow"
	 - Location: ../../home/runner/.rustup/toolchains/nightly-2025-11-21-x86_64-unknown-linux-gnu/lib/rustlib/src/rust/library/core/src/num/uint_macros.rs:2852:21 in function core::num::<impl usize>::abs_diff

Check 19: core::num::<impl usize>::abs_diff.assertion.2
	 - Status: UNREACHABLE
	 - Description: "attempt to subtract with overflow"
	 - Location: ../../home/runner/.rustup/toolchains/nightly-2025-11-21-x86_64-unknown-linux-gnu/lib/rustlib/src/rust/library/core/src/num/uint_macros.rs:2854:21 in function core::num::<impl usize>::abs_diff

Check 20: std::vec::Vec::<u8>::len.assume.1
	 - Status: SUCCESS
	 - Description: "Rust intrinsic assumption failed"
	 - Location: ../../home/runner/.rustup/toolchains/nightly-2025-11-21-x86_64-unknown-linux-gnu/lib/rustlib/src/rust/library/alloc/src/vec/mod.rs:2859:18 in function std::vec::Vec::<u8>::len

Check 21: std::result::Result::<std::alloc::Layout, std::alloc::LayoutError>::map_err::<std::collections::TryReserveError, {closure@alloc::raw_vec::layout_array::{closure#1}}>.unreachable.1
	 - Status: SUCCESS
	 - Description: "unreachable code"
	 - Location: ../../home/runner/.rustup/toolchains/nightly-2025-11-21-x86_64-unknown-linux-gnu/lib/rustlib/src/rust/library/core/src/result.rs:966:15 in function std::result::Result::<std::alloc::Layout, std::alloc::LayoutError>::map_err::<std::collections::TryReserveError, {closure@alloc::raw_vec::layout_array::{closure#1}}>

Check 22: std::result::Result::<(std::alloc::Layout, usize), std::alloc::LayoutError>::map::<std::alloc::Layout, {closure@alloc::raw_vec::layout_array::{closure#0}}>.unreachable.1
	 - Status: SUCCESS
	 - Description: "unreachable code"
	 - Location: ../../home/runner/.rustup/toolchains/nightly-2025-11-21-x86_64-unknown-linux-gnu/lib/rustlib/src/rust/library/core/src/result.rs:835:15 in function std::result::Result::<(std::alloc::Layout, usize), std::alloc::LayoutError>::map::<std::alloc::Layout, {closure@alloc::raw_vec::layout_array::{closure#0}}>

Check 23: std::ptr::drop_in_place::<std::vec::Vec<u8>>.safety_check.1
	 - Status: SUCCESS
	 - Description: "misaligned pointer to reference cast: address must be a multiple of its type's alignment"
	 - Location: ../../home/runner/.rustup/toolchains/nightly-2025-11-21-x86_64-unknown-linux-gnu/lib/rustlib/src/rust/library/core/src/ptr/mod.rs:805:1 in function std::ptr::drop_in_place::<std::vec::Vec<u8>>

Check 24: std::ptr::drop_in_place::<std::vec::Vec<u8>>.safety_check.2
	 - Status: SUCCESS
	 - Description: "dereference failure: pointer invalid"
	 - Location: ../../home/runner/.rustup/toolchains/nightly-2025-11-21-x86_64-unknown-linux-gnu/lib/rustlib/src/rust/library/core/src/ptr/mod.rs:805:1 in function std::ptr::drop_in_place::<std::vec::Vec<u8>>

Check 25: alloc::raw_vec::capacity_overflow.assertion.1
	 - Status: SUCCESS
	 - Description: "This is a placeholder message; Kani doesn't support message formatted at runtime"
	 - Location: ../../home/runner/.rustup/toolchains/nightly-2025-11-21-x86_64-unknown-linux-gnu/lib/rustlib/src/rust/library/alloc/src/raw_vec/mod.rs:28:5 in function alloc::raw_vec::capacity_overflow

Check 26: std::alloc::Global::alloc_impl.unreachable.1
	 - Status: SUCCESS
	 - Description: "unreachable code"
	 - Location: ../../home/runner/.rustup/toolchains/nightly-2025-11-21-x86_64-unknown-linux-gnu/lib/rustlib/src/rust/library/alloc/src/alloc.rs:191:27 in function std::alloc::Global::alloc_impl

Check 27: std::ptr::const_ptr::<impl *const ()>::is_aligned_to.assertion.1
	 - Status: UNREACHABLE
	 - Description: "attempt to subtract with overflow"
	 - Location: ../../home/runner/.rustup/toolchains/nightly-2025-11-21-x86_64-unknown-linux-gnu/lib/rustlib/src/rust/library/core/src/ptr/const_ptr.rs:1377:23 in function std::ptr::const_ptr::<impl *const ()>::is_aligned_to

Check 28: std::ptr::const_ptr::<impl *const ()>::is_aligned_to.assertion.2
	 - Status: SUCCESS
	 - Description: "This is a placeholder message; Kani doesn't support message formatted at runtime"
	 - Location: ../../home/runner/.rustup/toolchains/nightly-2025-11-21-x86_64-unknown-linux-gnu/lib/rustlib/src/rust/library/core/src/ptr/const_ptr.rs:1374:13 in function std::ptr::const_ptr::<impl *const ()>::is_aligned_to

Check 29: std::fmt::Arguments::<'_>::from_str.assertion.1
	 - Status: UNREACHABLE
	 - Description: "attempt to shift left with overflow"
	 - Location: ../../home/runner/.rustup/toolchains/nightly-2025-11-21-x86_64-unknown-linux-gnu/lib/rustlib/src/rust/library/core/src/fmt/mod.rs:820:38 in function std::fmt::Arguments::<'_>::from_str

Check 30: std::alloc::Layout::max_size_for_align.assertion.1
	 - Status: SUCCESS
	 - Description: "attempt to add with overflow"
	 - Location: ../../home/runner/.rustup/toolchains/nightly-2025-11-21-x86_64-unknown-linux-gnu/lib/rustlib/src/rust/library/core/src/alloc/layout.rs:95:32 in function std::alloc::Layout::max_size_for_align

Check 31: std::alloc::Layout::max_size_for_align.arithmetic_overflow.1
	 - Status: SUCCESS
	 - Description: "attempt to compute `unchecked_sub` which would overflow"
	 - Location: ../../home/runner/.rustup/toolchains/nightly-2025-11-21-x86_64-unknown-linux-gnu/lib/rustlib/src/rust/library/core/src/alloc/layout.rs:95:18 in function std::alloc::Layout::max_size_for_align

Check 32: std::alloc::Layout::repeat_packed.unreachable.1
	 - Status: SUCCESS
	 - Description: "unreachable code"
	 - Location: ../../home/runner/.rustup/toolchains/nightly-2025-11-21-x86_64-unknown-linux-gnu/lib/rustlib/src/rust/library/core/src/alloc/layout.rs:447:5 in function std::alloc::Layout::repeat_packed

Check 33: <std::collections::TryReserveErrorKind as std::clone::Clone>::clone.unreachable.1
	 - Status: SUCCESS
	 - Description: "unreachable code"
	 - Location: ../../home/runner/.rustup/toolchains/nightly-2025-11-21-x86_64-unknown-linux-gnu/lib/rustlib/src/rust/library/alloc/src/collections/mod.rs:93:10 in function <std::collections::TryReserveErrorKind as std::clone::Clone>::clone

Check 34: <std::result::Result<std::ptr::NonNull<u8>, std::alloc::AllocError> as std::ops::Try>::branch.unreachable.1
	 - Status: SUCCESS
	 - Description: "unreachable code"
	 - Location: ../../home/runner/.rustup/toolchains/nightly-2025-11-21-x86_64-unknown-linux-gnu/lib/rustlib/src/rust/library/core/src/result.rs:2173:15 in function <std::result::Result<std::ptr::NonNull<u8>, std::alloc::AllocError> as std::ops::Try>::branch

Check 35: std::option::Option::<std::ptr::NonNull<u8>>::ok_or::<std::alloc::AllocError>.unreachable.1
	 - Status: SUCCESS
	 - Description: "unreachable code"
	 - Location: ../../home/runner/.rustup/toolchains/nightly-2025-11-21-x86_64-unknown-linux-gnu/lib/rustlib/src/rust/library/core/src/option.rs:1338:15 in function std::option::Option::<std::ptr::NonNull<u8>>::ok_or::<std::alloc::AllocError>

Check 36: std::ptr::copy_nonoverlapping::<u8>.safety_check.1
	 - Status: SUCCESS
	 - Description: "`src` must be properly aligned"
	 - Location: ../../home/runner/.rustup/toolchains/nightly-2025-11-21-x86_64-unknown-linux-gnu/lib/rustlib/src/rust/library/core/src/ptr/mod.rs:547:14 in function std::ptr::copy_nonoverlapping::<u8>

Check 37: std::ptr::copy_nonoverlapping::<u8>.safety_check.2
	 - Status: SUCCESS
	 - Description: "`dst` must be properly aligned"
	 - Location: ../../home/runner/.rustup/toolchains/nightly-2025-11-21-x86_64-unknown-linux-gnu/lib/rustlib/src/rust/library/core/src/ptr/mod.rs:547:14 in function std::ptr::copy_nonoverlapping::<u8>

Check 38: std::ptr::copy_nonoverlapping::<u8>.arithmetic_overflow.1
	 - Status: SUCCESS
	 - Description: "copy_nonoverlapping: attempt to compute number in bytes which would overflow"
	 - Location: ../../home/runner/.rustup/toolchains/nightly-2025-11-21-x86_64-unknown-linux-gnu/lib/rustlib/src/rust/library/core/src/ptr/mod.rs:547:14 in function std::ptr::copy_nonoverlapping::<u8>

Check 39: verification::kani_harnesses::identity_str.unreachable.1
	 - Status: SUCCESS
	 - Description: "unreachable code"
	 - Location: src/verification.rs:225:15 in function verification::kani_harnesses::identity_str

Check 40: std::ptr::drop_in_place::<alloc::raw_vec::RawVec<u8>>.safety_check.1
	 - Status: SUCCESS
	 - Description: "misaligned pointer to reference cast: address must be a multiple of its type's alignment"
	 - Location: ../../home/runner/.rustup/toolchains/nightly-2025-11-21-x86_64-unknown-linux-gnu/lib/rustlib/src/rust/library/core/src/ptr/mod.rs:805:1 in function std::ptr::drop_in_place::<alloc::raw_vec::RawVec<u8>>

Check 41: std::ptr::drop_in_place::<alloc::raw_vec::RawVec<u8>>.safety_check.2
	 - Status: SUCCESS
	 - Description: "dereference failure: pointer invalid"
	 - Location: ../../home/runner/.rustup/toolchains/nightly-2025-11-21-x86_64-unknown-linux-gnu/lib/rustlib/src/rust/library/core/src/ptr/mod.rs:805:1 in function std::ptr::drop_in_place::<alloc::raw_vec::RawVec<u8>>

Check 42: std::alloc::Layout::repeat.unreachable.1
	 - Status: SUCCESS
	 - Description: "unreachable code"
	 - Location: ../../home/runner/.rustup/toolchains/nightly-2025-11-21-x86_64-unknown-linux-gnu/lib/rustlib/src/rust/library/core/src/alloc/layout.rs:359:5 in function std::alloc::Layout::repeat

Check 43: alloc::raw_vec::RawVecInner::deallocate.unreachable.1
	 - Status: SUCCESS
	 - Description: "unreachable code"
	 - Location: ../../home/runner/.rustup/toolchains/nightly-2025-11-21-x86_64-unknown-linux-gnu/lib/rustlib/src/rust/library/alloc/src/raw_vec/mod.rs:830:5 in function alloc::raw_vec::RawVecInner::deallocate

Check 44: alloc::raw_vec::handle_error.unreachable.1
	 - Status: SUCCESS
	 - Description: "unreachable code"
	 - Location: ../../home/runner/.rustup/toolchains/nightly-2025-11-21-x86_64-unknown-linux-gnu/lib/rustlib/src/rust/library/alloc/src/raw_vec/mod.rs:845:11 in function alloc::raw_vec::handle_error

Check 45: verification::kani_harnesses::symbolic_identity.assertion.1
	 - Status: SUCCESS
	 - Description: "attempt to calculate the remainder with a divisor of zero"
	 - Location: src/verification.rs:216:15 in function verification::kani_harnesses::symbolic_identity

Check 46: verification::kani_harnesses::symbolic_identity.arithmetic_overflow.1
	 - Status: SUCCESS
	 - Description: "attempt to calculate the remainder with a divisor of zero"
	 - Location: src/verification.rs:216:15 in function verification::kani_harnesses::symbolic_identity

Check 47: std::alloc::Layout::is_size_align_valid.unreachable.1
	 - Status: SUCCESS
	 - Description: "unreachable code"
	 - Location: ../../home/runner/.rustup/toolchains/nightly-2025-11-21-x86_64-unknown-linux-gnu/lib/rustlib/src/rust/library/core/src/alloc/layout.rs:68:5 in function std::alloc::Layout::is_size_align_valid

Check 48: std::hint::assert_unchecked.assume.1
	 - Status: SUCCESS
	 - Description: "Rust intrinsic assumption failed"
	 - Location: ../../home/runner/.rustup/toolchains/nightly-2025-11-21-x86_64-unknown-linux-gnu/lib/rustlib/src/rust/library/core/src/hint.rs:210:9 in function std::hint::assert_unchecked

Check 49: std::alloc::handle_alloc_error::rt_error.unsupported_construct.1
	 - Status: SUCCESS
	 - Description: "call to foreign "Rust" function `_RNvCs1hStedNDpZ2_7___rustc26___rust_alloc_error_handler` is not currently supported by Kani. Please post your example at https://github.com/model-checking/kani/issues/new/choose"
	 - Location: ../../home/runner/.rustup/toolchains/nightly-2025-11-21-x86_64-unknown-linux-gnu/lib/rustlib/src/rust/library/alloc/src/alloc.rs:366:5 in function std::alloc::handle_alloc_error::rt_error

Check 50: std::panic::Location::<'_>::caller.unsupported_construct.1
	 - Status: SUCCESS
	 - Description: "caller_location is not currently supported by Kani. Please post your example at https://github.com/model-checking/kani/issues/374"
	 - Location: ../../home/runner/.rustup/toolchains/nightly-2025-11-21-x86_64-unknown-linux-gnu/lib/rustlib/src/rust/library/core/src/panic/location.rs:147:9 in function std::panic::Location::<'_>::caller

Check 51: core::num::<impl usize>::unchecked_mul.arithmetic_overflow.1
	 - Status: SUCCESS
	 - Description: "attempt to compute `unchecked_mul` which would overflow"
	 - Location: ../../home/runner/.rustup/toolchains/nightly-2025-11-21-x86_64-unknown-linux-gnu/lib/rustlib/src/rust/library/core/src/num/uint_macros.rs:1117:17 in function core::num::<impl usize>::unchecked_mul

Check 52: calloc.pointer_dereference.1
	 - Status: SUCCESS
	 - Description: "dereference failure: dead object"
	 - Location: <builtin-library-calloc>:14 in function calloc

Check 53: std::alloc::Layout::is_size_align_valid.pointer_dereference.1
	 - Status: SUCCESS
	 - Description: "dereference failure: dead object"
	 - Location: ../../home/runner/.rustup/toolchains/nightly-2025-11-21-x86_64-unknown-linux-gnu/lib/rustlib/src/rust/library/core/src/alloc/layout.rs:69:27 in function std::alloc::Layout::is_size_align_valid

Check 54: alloc::raw_vec::handle_error.pointer_dereference.1
	 - Status: SUCCESS
	 - Description: "dereference failure: dead object"
	 - Location: ../../home/runner/.rustup/toolchains/nightly-2025-11-21-x86_64-unknown-linux-gnu/lib/rustlib/src/rust/library/alloc/src/raw_vec/mod.rs:845:11 in function alloc::raw_vec::handle_error

Check 55: alloc::raw_vec::RawVecInner::deallocate.pointer_dereference.1
	 - Status: SUCCESS
	 - Description: "dereference failure: dead object"
	 - Location: ../../home/runner/.rustup/toolchains/nightly-2025-11-21-x86_64-unknown-linux-gnu/lib/rustlib/src/rust/library/alloc/src/raw_vec/mod.rs:832:38 in function alloc::raw_vec::RawVecInner::deallocate

Check 56: std::alloc::Layout::repeat.pointer_dereference.1
	 - Status: SUCCESS
	 - Description: "dereference failure: dead object"
	 - Location: ../../home/runner/.rustup/toolchains/nightly-2025-11-21-x86_64-unknown-linux-gnu/lib/rustlib/src/rust/library/core/src/alloc/layout.rs:361:31 in function std::alloc::Layout::repeat

Check 57: std::alloc::Layout::repeat.pointer_dereference.2
	 - Status: SUCCESS
	 - Description: "dereference failure: dead object"
	 - Location: ../../home/runner/.rustup/toolchains/nightly-2025-11-21-x86_64-unknown-linux-gnu/lib/rustlib/src/rust/library/core/src/alloc/layout.rs:364:13 in function std::alloc::Layout::repeat

Check 58: <std::vec::Vec<u8> as std::ops::Drop>::drop.pointer_dereference.1
	 - Status: SUCCESS
	 - Description: "dereference failure: pointer NULL"
	 - Location: ../../home/runner/.rustup/toolchains/nightly-2025-11-21-x86_64-unknown-linux-gnu/lib/rustlib/src/rust/library/alloc/src/vec/mod.rs:4076:81 in function <std::vec::Vec<u8> as std::ops::Drop>::drop

Check 59: <std::vec::Vec<u8> as std::ops::Drop>::drop.pointer_dereference.2
	 - Status: SUCCESS
	 - Description: "dereference failure: pointer invalid"
	 - Location: ../../home/runner/.rustup/toolchains/nightly-2025-11-21-x86_64-unknown-linux-gnu/lib/rustlib/src/rust/library/alloc/src/vec/mod.rs:4076:81 in function <std::vec::Vec<u8> as std::ops::Drop>::drop

Check 60: <std::vec::Vec<u8> as std::ops::Drop>::drop.pointer_dereference.3
	 - Status: SUCCESS
	 - Description: "dereference failure: deallocated dynamic object"
	 - Location: ../../home/runner/.rustup/toolchains/nightly-2025-11-21-x86_64-unknown-linux-gnu/lib/rustlib/src/rust/library/alloc/src/vec/mod.rs:4076:81 in function <std::vec::Vec<u8> as std::ops::Drop>::drop

Check 61: <std::vec::Vec<u8> as std::ops::Drop>::drop.pointer_dereference.4
	 - Status: SUCCESS
	 - Description: "dereference failure: dead object"
	 - Location: ../../home/runner/.rustup/toolchains/nightly-2025-11-21-x86_64-unknown-linux-gnu/lib/rustlib/src/rust/library/alloc/src/vec/mod.rs:4076:81 in function <std::vec::Vec<u8> as std::ops::Drop>::drop

Check 62: <std::vec::Vec<u8> as std::ops::Drop>::drop.pointer_dereference.5
	 - Status: SUCCESS
	 - Description: "dereference failure: pointer outside object bounds"
	 - Location: ../../home/runner/.rustup/toolchains/nightly-2025-11-21-x86_64-unknown-linux-gnu/lib/rustlib/src/rust/library/alloc/src/vec/mod.rs:4076:81 in function <std::vec::Vec<u8> as std::ops::Drop>::drop

Check 63: <std::vec::Vec<u8> as std::ops::Drop>::drop.pointer_dereference.6
	 - Status: SUCCESS
	 - Description: "dereference failure: invalid integer address"
	 - Location: ../../home/runner/.rustup/toolchains/nightly-2025-11-21-x86_64-unknown-linux-gnu/lib/rustlib/src/rust/library/alloc/src/vec/mod.rs:4076:81 in function <std::vec::Vec<u8> as std::ops::Drop>::drop

Check 64: alloc::raw_vec::layout_array::{closure#1}.pointer_dereference.1
	 - Status: SUCCESS
	 - Description: "dereference failure: dead object"
	 - Location: ../../home/runner/.rustup/toolchains/nightly-2025-11-21-x86_64-unknown-linux-gnu/lib/rustlib/src/rust/library/alloc/src/raw_vec/mod.rs:853:70 in function alloc::raw_vec::layout_array::{closure#1}

Check 65: <std::alloc::Layout as std::clone::Clone>::clone.pointer_dereference.1
	 - Status: SUCCESS
	 - Description: "dereference failure: pointer NULL"
	 - Location: ../../home/runner/.rustup/toolchains/nightly-2025-11-21-x86_64-unknown-linux-gnu/lib/rustlib/src/rust/library/core/src/alloc/layout.rs:28:16 in function <std::alloc::Layout as std::clone::Clone>::clone

Check 66: <std::alloc::Layout as std::clone::Clone>::clone.pointer_dereference.2
	 - Status: SUCCESS
	 - Description: "dereference failure: pointer invalid"
	 - Location: ../../home/runner/.rustup/toolchains/nightly-2025-11-21-x86_64-unknown-linux-gnu/lib/rustlib/src/rust/library/core/src/alloc/layout.rs:28:16 in function <std::alloc::Layout as std::clone::Clone>::clone

Check 67: <std::alloc::Layout as std::clone::Clone>::clone.pointer_dereference.3
	 - Status: SUCCESS
	 - Description: "dereference failure: deallocated dynamic object"
	 - Location: ../../home/runner/.rustup/toolchains/nightly-2025-11-21-x86_64-unknown-linux-gnu/lib/rustlib/src/rust/library/core/src/alloc/layout.rs:28:16 in function <std::alloc::Layout as std::clone::Clone>::clone

Check 68: <std::alloc::Layout as std::clone::Clone>::clone.pointer_dereference.4
	 - Status: SUCCESS
	 - Description: "dereference failure: dead object"
	 - Location: ../../home/runner/.rustup/toolchains/nightly-2025-11-21-x86_64-unknown-linux-gnu/lib/rustlib/src/rust/library/core/src/alloc/layout.rs:28:16 in function <std::alloc::Layout as std::clone::Clone>::clone

Check 69: <std::alloc::Layout as std::clone::Clone>::clone.pointer_dereference.5
	 - Status: SUCCESS
	 - Description: "dereference failure: pointer outside object bounds"
	 - Location: ../../home/runner/.rustup/toolchains/nightly-2025-11-21-x86_64-unknown-linux-gnu/lib/rustlib/src/rust/library/core/src/alloc/layout.rs:28:16 in function <std::alloc::Layout as std::clone::Clone>::clone

Check 70: <std::alloc::Layout as std::clone::Clone>::clone.pointer_dereference.6
	 - Status: SUCCESS
	 - Description: "dereference failure: invalid integer address"
	 - Location: ../../home/runner/.rustup/toolchains/nightly-2025-11-21-x86_64-unknown-linux-gnu/lib/rustlib/src/rust/library/core/src/alloc/layout.rs:28:16 in function <std::alloc::Layout as std::clone::Clone>::clone

Check 71: std::option::Option::<std::ptr::NonNull<u8>>::ok_or::<std::alloc::AllocError>.pointer_dereference.1
	 - Status: SUCCESS
	 - Description: "dereference failure: dead object"
	 - Location: ../../home/runner/.rustup/toolchains/nightly-2025-11-21-x86_64-unknown-linux-gnu/lib/rustlib/src/rust/library/core/src/option.rs:1338:15 in function std::option::Option::<std::ptr::NonNull<u8>>::ok_or::<std::alloc::AllocError>

Check 72: std::option::Option::<std::ptr::NonNull<u8>>::ok_or::<std::alloc::AllocError>.pointer_dereference.2
	 - Status: SUCCESS
	 - Description: "dereference failure: dead object"
	 - Location: ../../home/runner/.rustup/toolchains/nightly-2025-11-21-x86_64-unknown-linux-gnu/lib/rustlib/src/rust/library/core/src/option.rs:1340:21 in function std::option::Option::<std::ptr::NonNull<u8>>::ok_or::<std::alloc::AllocError>

Check 73: <std::result::Result<std::ptr::NonNull<u8>, std::alloc::AllocError> as std::ops::Try>::branch.pointer_dereference.1
	 - Status: SUCCESS
	 - Description: "dereference failure: dead object"
	 - Location: ../../home/runner/.rustup/toolchains/nightly-2025-11-21-x86_64-unknown-linux-gnu/lib/rustlib/src/rust/library/core/src/result.rs:2173:15 in function <std::result::Result<std::ptr::NonNull<u8>, std::alloc::AllocError> as std::ops::Try>::branch

Check 74: <std::result::Result<std::ptr::NonNull<u8>, std::alloc::AllocError> as std::ops::Try>::branch.pointer_dereference.2
	 - Status: SUCCESS
	 - Description: "dereference failure: dead object"
	 - Location: ../../home/runner/.rustup/toolchains/nightly-2025-11-21-x86_64-unknown-linux-gnu/lib/rustlib/src/rust/library/core/src/result.rs:2175:23 in function <std::result::Result<std::ptr::NonNull<u8>, std::alloc::AllocError> as std::ops::Try>::branch

Check 75: std::ptr::Alignment::new.pointer_dereference.1
	 - Status: SUCCESS
	 - Description: "dereference failure: dead object"
	 - Location: ../../home/runner/.rustup/toolchains/nightly-2025-11-21-x86_64-unknown-linux-gnu/lib/rustlib/src/rust/library/core/src/ptr/alignment.rs:64:13 in function std::ptr::Alignment::new

Check 76: std::alloc::Layout::from_size_alignment.pointer_dereference.1
	 - Status: SUCCESS
	 - Description: "dereference failure: dead object"
	 - Location: ../../home/runner/.rustup/toolchains/nightly-2025-11-21-x86_64-unknown-linux-gnu/lib/rustlib/src/rust/library/core/src/alloc/layout.rs:102:20 in function std::alloc::Layout::from_size_alignment

Check 77: <std::collections::TryReserveErrorKind as std::clone::Clone>::clone.pointer_dereference.1
	 - Status: SUCCESS
	 - Description: "dereference failure: pointer NULL"
	 - Location: ../../home/runner/.rustup/toolchains/nightly-2025-11-21-x86_64-unknown-linux-gnu/lib/rustlib/src/rust/library/alloc/src/collections/mod.rs:93:10 in function <std::collections::TryReserveErrorKind as std::clone::Clone>::clone

Check 78: <std::collections::TryReserveErrorKind as std::clone::Clone>::clone.pointer_dereference.2
	 - Status: SUCCESS
	 - Description: "dereference failure: pointer invalid"
	 - Location: ../../home/runner/.rustup/toolchains/nightly-2025-11-21-x86_64-unknown-linux-gnu/lib/rustlib/src/rust/library/alloc/src/collections/mod.rs:93:10 in function <std::collections::TryReserveErrorKind as std::clone::Clone>::clone

Check 79: <std::collections::TryReserveErrorKind as std::clone::Clone>::clone.pointer_dereference.3
	 - Status: SUCCESS
	 - Description: "dereference failure: deallocated dynamic object"
	 - Location: ../../home/runner/.rustup/toolchains/nightly-2025-11-21-x86_64-unknown-linux-gnu/lib/rustlib/src/rust/library/alloc/src/collections/mod.rs:93:10 in function <std::collections::TryReserveErrorKind as std::clone::Clone>::clone

Check 80: <std::collections::TryReserveErrorKind as std::clone::Clone>::clone.pointer_dereference.4
	 - Status: SUCCESS
	 - Description: "dereference failure: dead object"
	 - Location: ../../home/runner/.rustup/toolchains/nightly-2025-11-21-x86_64-unknown-linux-gnu/lib/rustlib/src/rust/library/alloc/src/collections/mod.rs:93:10 in function <std::collections::TryReserveErrorKind as std::clone::Clone>::clone

Check 81: <std::collections::TryReserveErrorKind as std::clone::Clone>::clone.pointer_dereference.5
	 - Status: SUCCESS
	 - Description: "dereference failure: pointer outside object bounds"
	 - Location: ../../home/runner/.rustup/toolchains/nightly-2025-11-21-x86_64-unknown-linux-gnu/lib/rustlib/src/rust/library/alloc/src/collections/mod.rs:93:10 in function <std::collections::TryReserveErrorKind as std::clone::Clone>::clone

Check 82: <std::collections::TryReserveErrorKind as std::clone::Clone>::clone.pointer_dereference.6
	 - Status: SUCCESS
	 - Description: "dereference failure: invalid integer address"
	 - Location: ../../home/runner/.rustup/toolchains/nightly-2025-11-21-x86_64-unknown-linux-gnu/lib/rustlib/src/rust/library/alloc/src/collections/mod.rs:93:10 in function <std::collections::TryReserveErrorKind as std::clone::Clone>::clone

Check 83: <std::collections::TryReserveErrorKind as std::clone::Clone>::clone.pointer_dereference.7
	 - Status: SUCCESS
	 - Description: "dereference failure: dead object"
	 - Location: ../../home/runner/.rustup/toolchains/nightly-2025-11-21-x86_64-unknown-linux-gnu/lib/rustlib/src/rust/library/alloc/src/collections/mod.rs:93:10 in function <std::collections::TryReserveErrorKind as std::clone::Clone>::clone

Check 84: std::alloc::Layout::repeat_packed.pointer_dereference.1
	 - Status: SUCCESS
	 - Description: "dereference failure: pointer NULL"
	 - Location: ../../home/runner/.rustup/toolchains/nightly-2025-11-21-x86_64-unknown-linux-gnu/lib/rustlib/src/rust/library/core/src/alloc/layout.rs:448:29 in function std::alloc::Layout::repeat_packed

Check 85: std::alloc::Layout::repeat_packed.pointer_dereference.2
	 - Status: SUCCESS
	 - Description: "dereference failure: pointer invalid"
	 - Location: ../../home/runner/.rustup/toolchains/nightly-2025-11-21-x86_64-unknown-linux-gnu/lib/rustlib/src/rust/library/core/src/alloc/layout.rs:448:29 in function std::alloc::Layout::repeat_packed

Check 86: std::alloc::Layout::repeat_packed.pointer_dereference.3
	 - Status: SUCCESS
	 - Description: "dereference failure: deallocated dynamic object"
	 - Location: ../../home/runner/.rustup/toolchains/nightly-2025-11-21-x86_64-unknown-linux-gnu/lib/rustlib/src/rust/library/core/src/alloc/layout.rs:448:29 in function std::alloc::Layout::repeat_packed

Check 87: std::alloc::Layout::repeat_packed.pointer_dereference.4
	 - Status: SUCCESS
	 - Description: "dereference failure: dead object"
	 - Location: ../../home/runner/.rustup/toolchains/nightly-2025-11-21-x86_64-unknown-linux-gnu/lib/rustlib/src/rust/library/core/src/alloc/layout.rs:448:29 in function std::alloc::Layout::repeat_packed

Check 88: std::alloc::Layout::repeat_packed.pointer_dereference.5
	 - Status: SUCCESS
	 - Description: "dereference failure: pointer outside object bounds"
	 - Location: ../../home/runner/.rustup/toolchains/nightly-2025-11-21-x86_64-unknown-linux-gnu/lib/rustlib/src/rust/library/core/src/alloc/layout.rs:448:29 in function std::alloc::Layout::repeat_packed

Check 89: std::alloc::Layout::repeat_packed.pointer_dereference.6
	 - Status: SUCCESS
	 - Description: "dereference failure: invalid integer address"
	 - Location: ../../home/runner/.rustup/toolchains/nightly-2025-11-21-x86_64-unknown-linux-gnu/lib/rustlib/src/rust/library/core/src/alloc/layout.rs:448:29 in function std::alloc::Layout::repeat_packed

Check 90: std::alloc::Layout::repeat_packed.pointer_dereference.7
	 - Status: SUCCESS
	 - Description: "dereference failure: dead object"
	 - Location: ../../home/runner/.rustup/toolchains/nightly-2025-11-21-x86_64-unknown-linux-gnu/lib/rustlib/src/rust/library/core/src/alloc/layout.rs:452:13 in function std::alloc::Layout::repeat_packed

Check 91: std::alloc::Layout::repeat_packed.pointer_dereference.8
	 - Status: SUCCESS
	 - Description: "dereference failure: pointer NULL"
	 - Location: ../../home/runner/.rustup/toolchains/nightly-2025-11-21-x86_64-unknown-linux-gnu/lib/rustlib/src/rust/library/core/src/alloc/layout.rs:450:47 in function std::alloc::Layout::repeat_packed

Check 92: std::alloc::Layout::repeat_packed.pointer_dereference.9
	 - Status: SUCCESS
	 - Description: "dereference failure: pointer invalid"
	 - Location: ../../home/runner/.rustup/toolchains/nightly-2025-11-21-x86_64-unknown-linux-gnu/lib/rustlib/src/rust/library/core/src/alloc/layout.rs:450:47 in function std::alloc::Layout::repeat_packed

Check 93: std::alloc::Layout::repeat_packed.pointer_dereference.10
	 - Status: SUCCESS
	 - Description: "dereference failure: deallocated dynamic object"
	 - Location: ../../home/runner/.rustup/toolchains/nightly-2025-11-21-x86_64-unknown-linux-gnu/lib/rustlib/src/rust/library/core/src/alloc/layout.rs:450:47 in function std::alloc::Layout::repeat_packed

Check 94: std::alloc::Layout::repeat_packed.pointer_dereference.11
	 - Status: SUCCESS
	 - Description: "dereference failure: dead object"
	 - Location: ../../home/runner/.rustup/toolchains/nightly-2025-11-21-x86_64-unknown-linux-gnu/lib/rustlib/src/rust/library/core/src/alloc/layout.rs:450:47 in function std::alloc::Layout::repeat_packed

Check 95: std::alloc::Layout::repeat_packed.pointer_dereference.12
	 - Status: SUCCESS
	 - Description: "dereference failure: pointer outside object bounds"
	 - Location: ../../home/runner/.rustup/toolchains/nightly-2025-11-21-x86_64-unknown-linux-gnu/lib/rustlib/src/rust/library/core/src/alloc/layout.rs:450:47 in function std::alloc::Layout::repeat_packed

Check 96: std::alloc::Layout::repeat_packed.pointer_dereference.13
	 - Status: SUCCESS
	 - Description: "dereference failure: invalid integer address"
	 - Location: ../../home/runner/.rustup/toolchains/nightly-2025-11-21-x86_64-unknown-linux-gnu/lib/rustlib/src/rust/library/core/src/alloc/layout.rs:450:47 in function std::alloc::Layout::repeat_packed

Check 97: __rust_dealloc.precondition_instance.1
	 - Status: SUCCESS
	 - Description: "free argument must be NULL or valid pointer"
	 - Location: ../../home/edisonbl/.kani/kani-0.67.0/library/kani/kani_lib.c:87 in function __rust_dealloc

Check 98: __rust_dealloc.precondition_instance.2
	 - Status: SUCCESS
	 - Description: "free argument must be dynamic object"
	 - Location: ../../home/edisonbl/.kani/kani-0.67.0/library/kani/kani_lib.c:87 in function __rust_dealloc

Check 99: __rust_dealloc.precondition_instance.3
	 - Status: SUCCESS
	 - Description: "free argument has offset zero"
	 - Location: ../../home/edisonbl/.kani/kani-0.67.0/library/kani/kani_lib.c:87 in function __rust_dealloc

Check 100: __rust_dealloc.precondition_instance.4
	 - Status: SUCCESS
	 - Description: "double free"
	 - Location: ../../home/edisonbl/.kani/kani-0.67.0/library/kani/kani_lib.c:87 in function __rust_dealloc

Check 101: __rust_dealloc.precondition_instance.5
	 - Status: SUCCESS
	 - Description: "free called for new[] object"
	 - Location: ../../home/edisonbl/.kani/kani-0.67.0/library/kani/kani_lib.c:87 in function __rust_dealloc

Check 102: __rust_dealloc.precondition_instance.6
	 - Status: SUCCESS
	 - Description: "free called for stack-allocated object"
	 - Location: ../../home/edisonbl/.kani/kani-0.67.0/library/kani/kani_lib.c:87 in function __rust_dealloc

Check 103: std::vec::Vec::<u8>::set_len.pointer_dereference.1
	 - Status: SUCCESS
	 - Description: "dereference failure: pointer NULL"
	 - Location: ../../home/runner/.rustup/toolchains/nightly-2025-11-21-x86_64-unknown-linux-gnu/lib/rustlib/src/rust/library/alloc/src/vec/mod.rs:1945:9 in function std::vec::Vec::<u8>::set_len

Check 104: std::vec::Vec::<u8>::set_len.pointer_dereference.2
	 - Status: SUCCESS
	 - Description: "dereference failure: pointer invalid"
	 - Location: ../../home/runner/.rustup/toolchains/nightly-2025-11-21-x86_64-unknown-linux-gnu/lib/rustlib/src/rust/library/alloc/src/vec/mod.rs:1945:9 in function std::vec::Vec::<u8>::set_len

Check 105: std::vec::Vec::<u8>::set_len.pointer_dereference.3
	 - Status: SUCCESS
	 - Description: "dereference failure: deallocated dynamic object"
	 - Location: ../../home/runner/.rustup/toolchains/nightly-2025-11-21-x86_64-unknown-linux-gnu/lib/rustlib/src/rust/library/alloc/src/vec/mod.rs:1945:9 in function std::vec::Vec::<u8>::set_len

Check 106: std::vec::Vec::<u8>::set_len.pointer_dereference.4
	 - Status: SUCCESS
	 - Description: "dereference failure: dead object"
	 - Location: ../../home/runner/.rustup/toolchains/nightly-2025-11-21-x86_64-unknown-linux-gnu/lib/rustlib/src/rust/library/alloc/src/vec/mod.rs:1945:9 in function std::vec::Vec::<u8>::set_len

Check 107: std::vec::Vec::<u8>::set_len.pointer_dereference.5
	 - Status: SUCCESS
	 - Description: "dereference failure: pointer outside object bounds"
	 - Location: ../../home/runner/.rustup/toolchains/nightly-2025-11-21-x86_64-unknown-linux-gnu/lib/rustlib/src/rust/library/alloc/src/vec/mod.rs:1945:9 in function std::vec::Vec::<u8>::set_len

Check 108: std::vec::Vec::<u8>::set_len.pointer_dereference.6
	 - Status: SUCCESS
	 - Description: "dereference failure: invalid integer address"
	 - Location: ../../home/runner/.rustup/toolchains/nightly-2025-11-21-x86_64-unknown-linux-gnu/lib/rustlib/src/rust/library/alloc/src/vec/mod.rs:1945:9 in function std::vec::Vec::<u8>::set_len

Check 109: std::alloc::Layout::alignment.pointer_dereference.1
	 - Status: SUCCESS
	 - Description: "dereference failure: pointer NULL"
	 - Location: ../../home/runner/.rustup/toolchains/nightly-2025-11-21-x86_64-unknown-linux-gnu/lib/rustlib/src/rust/library/core/src/alloc/layout.rs:515:9 in function std::alloc::Layout::alignment

Check 110: std::alloc::Layout::alignment.pointer_dereference.2
	 - Status: SUCCESS
	 - Description: "dereference failure: pointer invalid"
	 - Location: ../../home/runner/.rustup/toolchains/nightly-2025-11-21-x86_64-unknown-linux-gnu/lib/rustlib/src/rust/library/core/src/alloc/layout.rs:515:9 in function std::alloc::Layout::alignment

Check 111: std::alloc::Layout::alignment.pointer_dereference.3
	 - Status: SUCCESS
	 - Description: "dereference failure: deallocated dynamic object"
	 - Location: ../../home/runner/.rustup/toolchains/nightly-2025-11-21-x86_64-unknown-linux-gnu/lib/rustlib/src/rust/library/core/src/alloc/layout.rs:515:9 in function std::alloc::Layout::alignment

Check 112: std::alloc::Layout::alignment.pointer_dereference.4
	 - Status: SUCCESS
	 - Description: "dereference failure: dead object"
	 - Location: ../../home/runner/.rustup/toolchains/nightly-2025-11-21-x86_64-unknown-linux-gnu/lib/rustlib/src/rust/library/core/src/alloc/layout.rs:515:9 in function std::alloc::Layout::alignment

Check 113: std::alloc::Layout::alignment.pointer_dereference.5
	 - Status: SUCCESS
	 - Description: "dereference failure: pointer outside object bounds"
	 - Location: ../../home/runner/.rustup/toolchains/nightly-2025-11-21-x86_64-unknown-linux-gnu/lib/rustlib/src/rust/library/core/src/alloc/layout.rs:515:9 in function std::alloc::Layout::alignment

Check 114: std::alloc::Layout::alignment.pointer_dereference.6
	 - Status: SUCCESS
	 - Description: "dereference failure: invalid integer address"
	 - Location: ../../home/runner/.rustup/toolchains/nightly-2025-11-21-x86_64-unknown-linux-gnu/lib/rustlib/src/rust/library/core/src/alloc/layout.rs:515:9 in function std::alloc::Layout::alignment

Check 115: alloc::raw_vec::RawVecInner::try_allocate_in.pointer_dereference.1
	 - Status: SUCCESS
	 - Description: "dereference failure: dead object"
	 - Location: ../../home/runner/.rustup/toolchains/nightly-2025-11-21-x86_64-unknown-linux-gnu/lib/rustlib/src/rust/library/alloc/src/raw_vec/mod.rs:459:34 in function alloc::raw_vec::RawVecInner::try_allocate_in

Check 116: alloc::raw_vec::RawVecInner::try_allocate_in.pointer_dereference.2
	 - Status: SUCCESS
	 - Description: "dereference failure: dead object"
	 - Location: ../../home/runner/.rustup/toolchains/nightly-2025-11-21-x86_64-unknown-linux-gnu/lib/rustlib/src/rust/library/alloc/src/raw_vec/mod.rs:472:25 in function alloc::raw_vec::RawVecInner::try_allocate_in

Check 117: alloc::raw_vec::RawVecInner::non_null::<u8>.pointer_dereference.1
	 - Status: SUCCESS
	 - Description: "dereference failure: pointer NULL"
	 - Location: ../../home/runner/.rustup/toolchains/nightly-2025-11-21-x86_64-unknown-linux-gnu/lib/rustlib/src/rust/library/alloc/src/raw_vec/mod.rs:504:9 in function alloc::raw_vec::RawVecInner::non_null::<u8>

Check 118: alloc::raw_vec::RawVecInner::non_null::<u8>.pointer_dereference.2
	 - Status: SUCCESS
	 - Description: "dereference failure: pointer invalid"
	 - Location: ../../home/runner/.rustup/toolchains/nightly-2025-11-21-x86_64-unknown-linux-gnu/lib/rustlib/src/rust/library/alloc/src/raw_vec/mod.rs:504:9 in function alloc::raw_vec::RawVecInner::non_null::<u8>

Check 119: alloc::raw_vec::RawVecInner::non_null::<u8>.pointer_dereference.3
	 - Status: SUCCESS
	 - Description: "dereference failure: deallocated dynamic object"
	 - Location: ../../home/runner/.rustup/toolchains/nightly-2025-11-21-x86_64-unknown-linux-gnu/lib/rustlib/src/rust/library/alloc/src/raw_vec/mod.rs:504:9 in function alloc::raw_vec::RawVecInner::non_null::<u8>

Check 120: alloc::raw_vec::RawVecInner::non_null::<u8>.pointer_dereference.4
	 - Status: SUCCESS
	 - Description: "dereference failure: dead object"
	 - Location: ../../home/runner/.rustup/toolchains/nightly-2025-11-21-x86_64-unknown-linux-gnu/lib/rustlib/src/rust/library/alloc/src/raw_vec/mod.rs:504:9 in function alloc::raw_vec::RawVecInner::non_null::<u8>

Check 121: alloc::raw_vec::RawVecInner::non_null::<u8>.pointer_dereference.5
	 - Status: SUCCESS
	 - Description: "dereference failure: pointer outside object bounds"
	 - Location: ../../home/runner/.rustup/toolchains/nightly-2025-11-21-x86_64-unknown-linux-gnu/lib/rustlib/src/rust/library/alloc/src/raw_vec/mod.rs:504:9 in function alloc::raw_vec::RawVecInner::non_null::<u8>

Check 122: alloc::raw_vec::RawVecInner::non_null::<u8>.pointer_dereference.6
	 - Status: SUCCESS
	 - Description: "dereference failure: invalid integer address"
	 - Location: ../../home/runner/.rustup/toolchains/nightly-2025-11-21-x86_64-unknown-linux-gnu/lib/rustlib/src/rust/library/alloc/src/raw_vec/mod.rs:504:9 in function alloc::raw_vec::RawVecInner::non_null::<u8>

Check 123: std::ptr::NonNull::<u8>::new.pointer_dereference.1
	 - Status: SUCCESS
	 - Description: "dereference failure: dead object"
	 - Location: ../../home/runner/.rustup/toolchains/nightly-2025-11-21-x86_64-unknown-linux-gnu/lib/rustlib/src/rust/library/core/src/ptr/non_null.rs:275:13 in function std::ptr::NonNull::<u8>::new

Check 124: std::alloc::Layout::dangling.pointer_dereference.1
	 - Status: SUCCESS
	 - Description: "dereference failure: pointer NULL"
	 - Location: ../../home/runner/.rustup/toolchains/nightly-2025-11-21-x86_64-unknown-linux-gnu/lib/rustlib/src/rust/library/core/src/alloc/layout.rs:223:37 in function std::alloc::Layout::dangling

Check 125: std::alloc::Layout::dangling.pointer_dereference.2
	 - Status: SUCCESS
	 - Description: "dereference failure: pointer invalid"
	 - Location: ../../home/runner/.rustup/toolchains/nightly-2025-11-21-x86_64-unknown-linux-gnu/lib/rustlib/src/rust/library/core/src/alloc/layout.rs:223:37 in function std::alloc::Layout::dangling

Check 126: std::alloc::Layout::dangling.pointer_dereference.3
	 - Status: SUCCESS
	 - Description: "dereference failure: deallocated dynamic object"
	 - Location: ../../home/runner/.rustup/toolchains/nightly-2025-11-21-x86_64-unknown-linux-gnu/lib/rustlib/src/rust/library/core/src/alloc/layout.rs:223:37 in function std::alloc::Layout::dangling

Check 127: std::alloc::Layout::dangling.pointer_dereference.4
	 - Status: SUCCESS
	 - Description: "dereference failure: dead object"
	 - Location: ../../home/runner/.rustup/toolchains/nightly-2025-11-21-x86_64-unknown-linux-gnu/lib/rustlib/src/rust/library/core/src/alloc/layout.rs:223:37 in function std::alloc::Layout::dangling

Check 128: std::alloc::Layout::dangling.pointer_dereference.5
	 - Status: SUCCESS
	 - Description: "dereference failure: pointer outside object bounds"
	 - Location: ../../home/runner/.rustup/toolchains/nightly-2025-11-21-x86_64-unknown-linux-gnu/lib/rustlib/src/rust/library/core/src/alloc/layout.rs:223:37 in function std::alloc::Layout::dangling

Check 129: std::alloc::Layout::dangling.pointer_dereference.6
	 - Status: SUCCESS
	 - Description: "dereference failure: invalid integer address"
	 - Location: ../../home/runner/.rustup/toolchains/nightly-2025-11-21-x86_64-unknown-linux-gnu/lib/rustlib/src/rust/library/core/src/alloc/layout.rs:223:37 in function std::alloc::Layout::dangling

Check 130: alloc::raw_vec::RawVecInner::current_memory.pointer_dereference.1
	 - Status: SUCCESS
	 - Description: "dereference failure: pointer NULL"
	 - Location: ../../home/runner/.rustup/toolchains/nightly-2025-11-21-x86_64-unknown-linux-gnu/lib/rustlib/src/rust/library/alloc/src/raw_vec/mod.rs:523:39 in function alloc::raw_vec::RawVecInner::current_memory

Check 131: alloc::raw_vec::RawVecInner::current_memory.pointer_dereference.2
	 - Status: SUCCESS
	 - Description: "dereference failure: pointer invalid"
	 - Location: ../../home/runner/.rustup/toolchains/nightly-2025-11-21-x86_64-unknown-linux-gnu/lib/rustlib/src/rust/library/alloc/src/raw_vec/mod.rs:523:39 in function alloc::raw_vec::RawVecInner::current_memory

Check 132: alloc::raw_vec::RawVecInner::current_memory.pointer_dereference.3
	 - Status: SUCCESS
	 - Description: "dereference failure: deallocated dynamic object"
	 - Location: ../../home/runner/.rustup/toolchains/nightly-2025-11-21-x86_64-unknown-linux-gnu/lib/rustlib/src/rust/library/alloc/src/raw_vec/mod.rs:523:39 in function alloc::raw_vec::RawVecInner::current_memory

Check 133: alloc::raw_vec::RawVecInner::current_memory.pointer_dereference.4
	 - Status: SUCCESS
	 - Description: "dereference failure: dead object"
	 - Location: ../../home/runner/.rustup/toolchains/nightly-2025-11-21-x86_64-unknown-linux-gnu/lib/rustlib/src/rust/library/alloc/src/raw_vec/mod.rs:523:39 in function alloc::raw_vec::RawVecInner::current_memory

Check 134: alloc::raw_vec::RawVecInner::current_memory.pointer_dereference.5
	 - Status: SUCCESS
	 - Description: "dereference failure: pointer outside object bounds"
	 - Location: ../../home/runner/.rustup/toolchains/nightly-2025-11-21-x86_64-unknown-linux-gnu/lib/rustlib/src/rust/library/alloc/src/raw_vec/mod.rs:523:39 in function alloc::raw_vec::RawVecInner::current_memory

Check 135: alloc::raw_vec::RawVecInner::current_memory.pointer_dereference.6
	 - Status: SUCCESS
	 - Description: "dereference failure: invalid integer address"
	 - Location: ../../home/runner/.rustup/toolchains/nightly-2025-11-21-x86_64-unknown-linux-gnu/lib/rustlib/src/rust/library/alloc/src/raw_vec/mod.rs:523:39 in function alloc::raw_vec::RawVecInner::current_memory

Check 136: alloc::raw_vec::RawVecInner::current_memory.pointer_dereference.7
	 - Status: SUCCESS
	 - Description: "dereference failure: pointer NULL"
	 - Location: ../../home/runner/.rustup/toolchains/nightly-2025-11-21-x86_64-unknown-linux-gnu/lib/rustlib/src/rust/library/alloc/src/raw_vec/mod.rs:531:67 in function alloc::raw_vec::RawVecInner::current_memory

Check 137: alloc::raw_vec::RawVecInner::current_memory.pointer_dereference.8
	 - Status: SUCCESS
	 - Description: "dereference failure: pointer invalid"
	 - Location: ../../home/runner/.rustup/toolchains/nightly-2025-11-21-x86_64-unknown-linux-gnu/lib/rustlib/src/rust/library/alloc/src/raw_vec/mod.rs:531:67 in function alloc::raw_vec::RawVecInner::current_memory

Check 138: alloc::raw_vec::RawVecInner::current_memory.pointer_dereference.9
	 - Status: SUCCESS
	 - Description: "dereference failure: deallocated dynamic object"
	 - Location: ../../home/runner/.rustup/toolchains/nightly-2025-11-21-x86_64-unknown-linux-gnu/lib/rustlib/src/rust/library/alloc/src/raw_vec/mod.rs:531:67 in function alloc::raw_vec::RawVecInner::current_memory

Check 139: alloc::raw_vec::RawVecInner::current_memory.pointer_dereference.10
	 - Status: SUCCESS
	 - Description: "dereference failure: dead object"
	 - Location: ../../home/runner/.rustup/toolchains/nightly-2025-11-21-x86_64-unknown-linux-gnu/lib/rustlib/src/rust/library/alloc/src/raw_vec/mod.rs:531:67 in function alloc::raw_vec::RawVecInner::current_memory

Check 140: alloc::raw_vec::RawVecInner::current_memory.pointer_dereference.11
	 - Status: SUCCESS
	 - Description: "dereference failure: pointer outside object bounds"
	 - Location: ../../home/runner/.rustup/toolchains/nightly-2025-11-21-x86_64-unknown-linux-gnu/lib/rustlib/src/rust/library/alloc/src/raw_vec/mod.rs:531:67 in function alloc::raw_vec::RawVecInner::current_memory

Check 141: alloc::raw_vec::RawVecInner::current_memory.pointer_dereference.12
	 - Status: SUCCESS
	 - Description: "dereference failure: invalid integer address"
	 - Location: ../../home/runner/.rustup/toolchains/nightly-2025-11-21-x86_64-unknown-linux-gnu/lib/rustlib/src/rust/library/alloc/src/raw_vec/mod.rs:531:67 in function alloc::raw_vec::RawVecInner::current_memory

Check 142: alloc::raw_vec::RawVecInner::current_memory.pointer_dereference.13
	 - Status: SUCCESS
	 - Description: "dereference failure: pointer NULL"
	 - Location: ../../home/runner/.rustup/toolchains/nightly-2025-11-21-x86_64-unknown-linux-gnu/lib/rustlib/src/rust/library/alloc/src/raw_vec/mod.rs:533:23 in function alloc::raw_vec::RawVecInner::current_memory

Check 143: alloc::raw_vec::RawVecInner::current_memory.pointer_dereference.14
	 - Status: SUCCESS
	 - Description: "dereference failure: pointer invalid"
	 - Location: ../../home/runner/.rustup/toolchains/nightly-2025-11-21-x86_64-unknown-linux-gnu/lib/rustlib/src/rust/library/alloc/src/raw_vec/mod.rs:533:23 in function alloc::raw_vec::RawVecInner::current_memory

Check 144: alloc::raw_vec::RawVecInner::current_memory.pointer_dereference.15
	 - Status: SUCCESS
	 - Description: "dereference failure: deallocated dynamic object"
	 - Location: ../../home/runner/.rustup/toolchains/nightly-2025-11-21-x86_64-unknown-linux-gnu/lib/rustlib/src/rust/library/alloc/src/raw_vec/mod.rs:533:23 in function alloc::raw_vec::RawVecInner::current_memory

Check 145: alloc::raw_vec::RawVecInner::current_memory.pointer_dereference.16
	 - Status: SUCCESS
	 - Description: "dereference failure: dead object"
	 - Location: ../../home/runner/.rustup/toolchains/nightly-2025-11-21-x86_64-unknown-linux-gnu/lib/rustlib/src/rust/library/alloc/src/raw_vec/mod.rs:533:23 in function alloc::raw_vec::RawVecInner::current_memory

Check 146: alloc::raw_vec::RawVecInner::current_memory.pointer_dereference.17
	 - Status: SUCCESS
	 - Description: "dereference failure: pointer outside object bounds"
	 - Location: ../../home/runner/.rustup/toolchains/nightly-2025-11-21-x86_64-unknown-linux-gnu/lib/rustlib/src/rust/library/alloc/src/raw_vec/mod.rs:533:23 in function alloc::raw_vec::RawVecInner::current_memory

Check 147: alloc::raw_vec::RawVecInner::current_memory.pointer_dereference.18
	 - Status: SUCCESS
	 - Description: "dereference failure: invalid integer address"
	 - Location: ../../home/runner/.rustup/toolchains/nightly-2025-11-21-x86_64-unknown-linux-gnu/lib/rustlib/src/rust/library/alloc/src/raw_vec/mod.rs:533:23 in function alloc::raw_vec::RawVecInner::current_memory

Check 148: alloc::raw_vec::RawVecInner::current_memory.pointer_dereference.19
	 - Status: SUCCESS
	 - Description: "dereference failure: dead object"
	 - Location: ../../home/runner/.rustup/toolchains/nightly-2025-11-21-x86_64-unknown-linux-gnu/lib/rustlib/src/rust/library/alloc/src/raw_vec/mod.rs:524:13 in function alloc::raw_vec::RawVecInner::current_memory

Check 149: std::alloc::Layout::pad_to_align.pointer_dereference.1
	 - Status: SUCCESS
	 - Description: "dereference failure: pointer NULL"
	 - Location: ../../home/runner/.rustup/toolchains/nightly-2025-11-21-x86_64-unknown-linux-gnu/lib/rustlib/src/rust/library/core/src/alloc/layout.rs:324:61 in function std::alloc::Layout::pad_to_align

Check 150: std::alloc::Layout::pad_to_align.pointer_dereference.2
	 - Status: SUCCESS
	 - Description: "dereference failure: pointer invalid"
	 - Location: ../../home/runner/.rustup/toolchains/nightly-2025-11-21-x86_64-unknown-linux-gnu/lib/rustlib/src/rust/library/core/src/alloc/layout.rs:324:61 in function std::alloc::Layout::pad_to_align

Check 151: std::alloc::Layout::pad_to_align.pointer_dereference.3
	 - Status: SUCCESS
	 - Description: "dereference failure: deallocated dynamic object"
	 - Location: ../../home/runner/.rustup/toolchains/nightly-2025-11-21-x86_64-unknown-linux-gnu/lib/rustlib/src/rust/library/core/src/alloc/layout.rs:324:61 in function std::alloc::Layout::pad_to_align

Check 152: std::alloc::Layout::pad_to_align.pointer_dereference.4
	 - Status: SUCCESS
	 - Description: "dereference failure: dead object"
	 - Location: ../../home/runner/.rustup/toolchains/nightly-2025-11-21-x86_64-unknown-linux-gnu/lib/rustlib/src/rust/library/core/src/alloc/layout.rs:324:61 in function std::alloc::Layout::pad_to_align

Check 153: std::alloc::Layout::pad_to_align.pointer_dereference.5
	 - Status: SUCCESS
	 - Description: "dereference failure: pointer outside object bounds"
	 - Location: ../../home/runner/.rustup/toolchains/nightly-2025-11-21-x86_64-unknown-linux-gnu/lib/rustlib/src/rust/library/core/src/alloc/layout.rs:324:61 in function std::alloc::Layout::pad_to_align

Check 154: std::alloc::Layout::pad_to_align.pointer_dereference.6
	 - Status: SUCCESS
	 - Description: "dereference failure: invalid integer address"
	 - Location: ../../home/runner/.rustup/toolchains/nightly-2025-11-21-x86_64-unknown-linux-gnu/lib/rustlib/src/rust/library/core/src/alloc/layout.rs:324:61 in function std::alloc::Layout::pad_to_align

Check 155: std::alloc::Layout::align.pointer_dereference.1
	 - Status: SUCCESS
	 - Description: "dereference failure: pointer NULL"
	 - Location: ../../home/runner/.rustup/toolchains/nightly-2025-11-21-x86_64-unknown-linux-gnu/lib/rustlib/src/rust/library/core/src/alloc/layout.rs:152:9 in function std::alloc::Layout::align

Check 156: std::alloc::Layout::align.pointer_dereference.2
	 - Status: SUCCESS
	 - Description: "dereference failure: pointer invalid"
	 - Location: ../../home/runner/.rustup/toolchains/nightly-2025-11-21-x86_64-unknown-linux-gnu/lib/rustlib/src/rust/library/core/src/alloc/layout.rs:152:9 in function std::alloc::Layout::align

Check 157: std::alloc::Layout::align.pointer_dereference.3
	 - Status: SUCCESS
	 - Description: "dereference failure: deallocated dynamic object"
	 - Location: ../../home/runner/.rustup/toolchains/nightly-2025-11-21-x86_64-unknown-linux-gnu/lib/rustlib/src/rust/library/core/src/alloc/layout.rs:152:9 in function std::alloc::Layout::align

Check 158: std::alloc::Layout::align.pointer_dereference.4
	 - Status: SUCCESS
	 - Description: "dereference failure: dead object"
	 - Location: ../../home/runner/.rustup/toolchains/nightly-2025-11-21-x86_64-unknown-linux-gnu/lib/rustlib/src/rust/library/core/src/alloc/layout.rs:152:9 in function std::alloc::Layout::align

Check 159: std::alloc::Layout::align.pointer_dereference.5
	 - Status: SUCCESS
	 - Description: "dereference failure: pointer outside object bounds"
	 - Location: ../../home/runner/.rustup/toolchains/nightly-2025-11-21-x86_64-unknown-linux-gnu/lib/rustlib/src/rust/library/core/src/alloc/layout.rs:152:9 in function std::alloc::Layout::align

Check 160: std::alloc::Layout::align.pointer_dereference.6
	 - Status: SUCCESS
	 - Description: "dereference failure: invalid integer address"
	 - Location: ../../home/runner/.rustup/toolchains/nightly-2025-11-21-x86_64-unknown-linux-gnu/lib/rustlib/src/rust/library/core/src/alloc/layout.rs:152:9 in function std::alloc::Layout::align

Check 161: memcpy.pointer.1
	 - Status: SUCCESS
	 - Description: "same object violation in (const char *)(void *)src >= (const char *)(void *)dst + (signed long int)(count * sizeof(unsigned char) /*1*/ )"
	 - Location: <builtin-library-memcpy>:33 in function memcpy

Check 162: memcpy.pointer.2
	 - Status: SUCCESS
	 - Description: "same object violation in (const char *)(void *)dst >= (const char *)(void *)src + (signed long int)(count * sizeof(unsigned char) /*1*/ )"
	 - Location: <builtin-library-memcpy>:34 in function memcpy

Check 163: std::ptr::copy_nonoverlapping::<u8>.precondition_instance.1
	 - Status: SUCCESS
	 - Description: "memcpy src/dst overlap"
	 - Location: ../../home/runner/.rustup/toolchains/nightly-2025-11-21-x86_64-unknown-linux-gnu/lib/rustlib/src/rust/library/core/src/ptr/mod.rs:547:14 in function std::ptr::copy_nonoverlapping::<u8>

Check 164: std::ptr::copy_nonoverlapping::<u8>.precondition_instance.2
	 - Status: SUCCESS
	 - Description: "memcpy source region readable"
	 - Location: ../../home/runner/.rustup/toolchains/nightly-2025-11-21-x86_64-unknown-linux-gnu/lib/rustlib/src/rust/library/core/src/ptr/mod.rs:547:14 in function std::ptr::copy_nonoverlapping::<u8>

Check 165: std::ptr::copy_nonoverlapping::<u8>.precondition_instance.3
	 - Status: SUCCESS
	 - Description: "memcpy destination region writeable"
	 - Location: ../../home/runner/.rustup/toolchains/nightly-2025-11-21-x86_64-unknown-linux-gnu/lib/rustlib/src/rust/library/core/src/ptr/mod.rs:547:14 in function std::ptr::copy_nonoverlapping::<u8>

Check 166: std::alloc::Layout::size_rounded_up_to_custom_align.pointer_dereference.1
	 - Status: SUCCESS
	 - Description: "dereference failure: pointer NULL"
	 - Location: ../../home/runner/.rustup/toolchains/nightly-2025-11-21-x86_64-unknown-linux-gnu/lib/rustlib/src/rust/library/core/src/alloc/layout.rs:305:27 in function std::alloc::Layout::size_rounded_up_to_custom_align

Check 167: std::alloc::Layout::size_rounded_up_to_custom_align.pointer_dereference.2
	 - Status: SUCCESS
	 - Description: "dereference failure: pointer invalid"
	 - Location: ../../home/runner/.rustup/toolchains/nightly-2025-11-21-x86_64-unknown-linux-gnu/lib/rustlib/src/rust/library/core/src/alloc/layout.rs:305:27 in function std::alloc::Layout::size_rounded_up_to_custom_align

Check 168: std::alloc::Layout::size_rounded_up_to_custom_align.pointer_dereference.3
	 - Status: SUCCESS
	 - Description: "dereference failure: deallocated dynamic object"
	 - Location: ../../home/runner/.rustup/toolchains/nightly-2025-11-21-x86_64-unknown-linux-gnu/lib/rustlib/src/rust/library/core/src/alloc/layout.rs:305:27 in function std::alloc::Layout::size_rounded_up_to_custom_align

Check 169: std::alloc::Layout::size_rounded_up_to_custom_align.pointer_dereference.4
	 - Status: SUCCESS
	 - Description: "dereference failure: dead object"
	 - Location: ../../home/runner/.rustup/toolchains/nightly-2025-11-21-x86_64-unknown-linux-gnu/lib/rustlib/src/rust/library/core/src/alloc/layout.rs:305:27 in function std::alloc::Layout::size_rounded_up_to_custom_align

Check 170: std::alloc::Layout::size_rounded_up_to_custom_align.pointer_dereference.5
	 - Status: SUCCESS
	 - Description: "dereference failure: pointer outside object bounds"
	 - Location: ../../home/runner/.rustup/toolchains/nightly-2025-11-21-x86_64-unknown-linux-gnu/lib/rustlib/src/rust/library/core/src/alloc/layout.rs:305:27 in function std::alloc::Layout::size_rounded_up_to_custom_align

Check 171: std::alloc::Layout::size_rounded_up_to_custom_align.pointer_dereference.6
	 - Status: SUCCESS
	 - Description: "dereference failure: invalid integer address"
	 - Location: ../../home/runner/.rustup/toolchains/nightly-2025-11-21-x86_64-unknown-linux-gnu/lib/rustlib/src/rust/library/core/src/alloc/layout.rs:305:27 in function std::alloc::Layout::size_rounded_up_to_custom_align

Check 172: alloc::raw_vec::RawVecInner::capacity.pointer_dereference.1
	 - Status: SUCCESS
	 - Description: "dereference failure: pointer NULL"
	 - Location: ../../home/runner/.rustup/toolchains/nightly-2025-11-21-x86_64-unknown-linux-gnu/lib/rustlib/src/rust/library/alloc/src/raw_vec/mod.rs:509:49 in function alloc::raw_vec::RawVecInner::capacity

Check 173: alloc::raw_vec::RawVecInner::capacity.pointer_dereference.2
	 - Status: SUCCESS
	 - Description: "dereference failure: pointer invalid"
	 - Location: ../../home/runner/.rustup/toolchains/nightly-2025-11-21-x86_64-unknown-linux-gnu/lib/rustlib/src/rust/library/alloc/src/raw_vec/mod.rs:509:49 in function alloc::raw_vec::RawVecInner::capacity

Check 174: alloc::raw_vec::RawVecInner::capacity.pointer_dereference.3
	 - Status: SUCCESS
	 - Description: "dereference failure: deallocated dynamic object"
	 - Location: ../../home/runner/.rustup/toolchains/nightly-2025-11-21-x86_64-unknown-linux-gnu/lib/rustlib/src/rust/library/alloc/src/raw_vec/mod.rs:509:49 in function alloc::raw_vec::RawVecInner::capacity

Check 175: alloc::raw_vec::RawVecInner::capacity.pointer_dereference.4
	 - Status: SUCCESS
	 - Description: "dereference failure: dead object"
	 - Location: ../../home/runner/.rustup/toolchains/nightly-2025-11-21-x86_64-unknown-linux-gnu/lib/rustlib/src/rust/library/alloc/src/raw_vec/mod.rs:509:49 in function alloc::raw_vec::RawVecInner::capacity

Check 176: alloc::raw_vec::RawVecInner::capacity.pointer_dereference.5
	 - Status: SUCCESS
	 - Description: "dereference failure: pointer outside object bounds"
	 - Location: ../../home/runner/.rustup/toolchains/nightly-2025-11-21-x86_64-unknown-linux-gnu/lib/rustlib/src/rust/library/alloc/src/raw_vec/mod.rs:509:49 in function alloc::raw_vec::RawVecInner::capacity

Check 177: alloc::raw_vec::RawVecInner::capacity.pointer_dereference.6
	 - Status: SUCCESS
	 - Description: "dereference failure: invalid integer address"
	 - Location: ../../home/runner/.rustup/toolchains/nightly-2025-11-21-x86_64-unknown-linux-gnu/lib/rustlib/src/rust/library/alloc/src/raw_vec/mod.rs:509:49 in function alloc::raw_vec::RawVecInner::capacity

Check 178: <std::result::Result<std::ptr::NonNull<[u8]>, std::alloc::AllocError> as std::ops::FromResidual<std::result::Result<std::convert::Infallible, std::alloc::AllocError>>>::from_residual.pointer_dereference.1
	 - Status: SUCCESS
	 - Description: "dereference failure: dead object"
	 - Location: ../../home/runner/.rustup/toolchains/nightly-2025-11-21-x86_64-unknown-linux-gnu/lib/rustlib/src/rust/library/core/src/result.rs:2189:23 in function <std::result::Result<std::ptr::NonNull<[u8]>, std::alloc::AllocError> as std::ops::FromResidual<std::result::Result<std::convert::Infallible, std::alloc::AllocError>>>::from_residual

Check 179: std::vec::Vec::<u8>::len.pointer_dereference.1
	 - Status: SUCCESS
	 - Description: "dereference failure: pointer NULL"
	 - Location: ../../home/runner/.rustup/toolchains/nightly-2025-11-21-x86_64-unknown-linux-gnu/lib/rustlib/src/rust/library/alloc/src/vec/mod.rs:2854:19 in function std::vec::Vec::<u8>::len

Check 180: std::vec::Vec::<u8>::len.pointer_dereference.2
	 - Status: SUCCESS
	 - Description: "dereference failure: pointer invalid"
	 - Location: ../../home/runner/.rustup/toolchains/nightly-2025-11-21-x86_64-unknown-linux-gnu/lib/rustlib/src/rust/library/alloc/src/vec/mod.rs:2854:19 in function std::vec::Vec::<u8>::len

Check 181: std::vec::Vec::<u8>::len.pointer_dereference.3
	 - Status: SUCCESS
	 - Description: "dereference failure: deallocated dynamic object"
	 - Location: ../../home/runner/.rustup/toolchains/nightly-2025-11-21-x86_64-unknown-linux-gnu/lib/rustlib/src/rust/library/alloc/src/vec/mod.rs:2854:19 in function std::vec::Vec::<u8>::len

Check 182: std::vec::Vec::<u8>::len.pointer_dereference.4
	 - Status: SUCCESS
	 - Description: "dereference failure: dead object"
	 - Location: ../../home/runner/.rustup/toolchains/nightly-2025-11-21-x86_64-unknown-linux-gnu/lib/rustlib/src/rust/library/alloc/src/vec/mod.rs:2854:19 in function std::vec::Vec::<u8>::len

Check 183: std::vec::Vec::<u8>::len.pointer_dereference.5
	 - Status: SUCCESS
	 - Description: "dereference failure: pointer outside object bounds"
	 - Location: ../../home/runner/.rustup/toolchains/nightly-2025-11-21-x86_64-unknown-linux-gnu/lib/rustlib/src/rust/library/alloc/src/vec/mod.rs:2854:19 in function std::vec::Vec::<u8>::len

Check 184: std::vec::Vec::<u8>::len.pointer_dereference.6
	 - Status: SUCCESS
	 - Description: "dereference failure: invalid integer address"
	 - Location: ../../home/runner/.rustup/toolchains/nightly-2025-11-21-x86_64-unknown-linux-gnu/lib/rustlib/src/rust/library/alloc/src/vec/mod.rs:2854:19 in function std::vec::Vec::<u8>::len

Check 185: std::result::Result::<std::alloc::Layout, std::alloc::LayoutError>::map_err::<std::collections::TryReserveError, {closure@alloc::raw_vec::layout_array::{closure#1}}>.pointer_dereference.1
	 - Status: SUCCESS
	 - Description: "dereference failure: dead object"
	 - Location: ../../home/runner/.rustup/toolchains/nightly-2025-11-21-x86_64-unknown-linux-gnu/lib/rustlib/src/rust/library/core/src/result.rs:966:15 in function std::result::Result::<std::alloc::Layout, std::alloc::LayoutError>::map_err::<std::collections::TryReserveError, {closure@alloc::raw_vec::layout_array::{closure#1}}>

Check 186: std::result::Result::<(std::alloc::Layout, usize), std::alloc::LayoutError>::map::<std::alloc::Layout, {closure@alloc::raw_vec::layout_array::{closure#0}}>.pointer_dereference.1
	 - Status: SUCCESS
	 - Description: "dereference failure: dead object"
	 - Location: ../../home/runner/.rustup/toolchains/nightly-2025-11-21-x86_64-unknown-linux-gnu/lib/rustlib/src/rust/library/core/src/result.rs:835:15 in function std::result::Result::<(std::alloc::Layout, usize), std::alloc::LayoutError>::map::<std::alloc::Layout, {closure@alloc::raw_vec::layout_array::{closure#0}}>

Check 187: std::result::Result::<(std::alloc::Layout, usize), std::alloc::LayoutError>::map::<std::alloc::Layout, {closure@alloc::raw_vec::layout_array::{closure#0}}>.pointer_dereference.2
	 - Status: SUCCESS
	 - Description: "dereference failure: dead object"
	 - Location: ../../home/runner/.rustup/toolchains/nightly-2025-11-21-x86_64-unknown-linux-gnu/lib/rustlib/src/rust/library/core/src/result.rs:837:23 in function std::result::Result::<(std::alloc::Layout, usize), std::alloc::LayoutError>::map::<std::alloc::Layout, {closure@alloc::raw_vec::layout_array::{closure#0}}>

Check 188: std::alloc::Global::alloc_impl.pointer_dereference.1
	 - Status: SUCCESS
	 - Description: "dereference failure: dead object"
	 - Location: ../../home/runner/.rustup/toolchains/nightly-2025-11-21-x86_64-unknown-linux-gnu/lib/rustlib/src/rust/library/alloc/src/alloc.rs:191:27 in function std::alloc::Global::alloc_impl

Check 189: std::alloc::Layout::size.pointer_dereference.1
	 - Status: SUCCESS
	 - Description: "dereference failure: pointer NULL"
	 - Location: ../../home/runner/.rustup/toolchains/nightly-2025-11-21-x86_64-unknown-linux-gnu/lib/rustlib/src/rust/library/core/src/alloc/layout.rs:140:9 in function std::alloc::Layout::size

Check 190: std::alloc::Layout::size.pointer_dereference.2
	 - Status: SUCCESS
	 - Description: "dereference failure: pointer invalid"
	 - Location: ../../home/runner/.rustup/toolchains/nightly-2025-11-21-x86_64-unknown-linux-gnu/lib/rustlib/src/rust/library/core/src/alloc/layout.rs:140:9 in function std::alloc::Layout::size

Check 191: std::alloc::Layout::size.pointer_dereference.3
	 - Status: SUCCESS
	 - Description: "dereference failure: deallocated dynamic object"
	 - Location: ../../home/runner/.rustup/toolchains/nightly-2025-11-21-x86_64-unknown-linux-gnu/lib/rustlib/src/rust/library/core/src/alloc/layout.rs:140:9 in function std::alloc::Layout::size

Check 192: std::alloc::Layout::size.pointer_dereference.4
	 - Status: SUCCESS
	 - Description: "dereference failure: dead object"
	 - Location: ../../home/runner/.rustup/toolchains/nightly-2025-11-21-x86_64-unknown-linux-gnu/lib/rustlib/src/rust/library/core/src/alloc/layout.rs:140:9 in function std::alloc::Layout::size

Check 193: std::alloc::Layout::size.pointer_dereference.5
	 - Status: SUCCESS
	 - Description: "dereference failure: pointer outside object bounds"
	 - Location: ../../home/runner/.rustup/toolchains/nightly-2025-11-21-x86_64-unknown-linux-gnu/lib/rustlib/src/rust/library/core/src/alloc/layout.rs:140:9 in function std::alloc::Layout::size

Check 194: std::alloc::Layout::size.pointer_dereference.6
	 - Status: SUCCESS
	 - Description: "dereference failure: invalid integer address"
	 - Location: ../../home/runner/.rustup/toolchains/nightly-2025-11-21-x86_64-unknown-linux-gnu/lib/rustlib/src/rust/library/core/src/alloc/layout.rs:140:9 in function std::alloc::Layout::size


SUMMARY:
 ** 0 of 194 failed (4 unreachable)

VERIFICATION:- SUCCESSFUL
Verification Time: 0.5154429s

Manual Harness Summary:
Complete - 6 successfully verified harnesses, 0 failures, 6 total.
	Command being timed: "cargo kani"
	User time (seconds): 9.07
	System time (seconds): 2.89
	Percent of CPU this job got: 102%
	Elapsed (wall clock) time (h:mm:ss or m:ss): 0:11.65
	Average shared text size (kbytes): 0
	Average unshared data size (kbytes): 0
	Average stack size (kbytes): 0
	Average total size (kbytes): 0
	Maximum resident set size (kbytes): 433552
	Average resident set size (kbytes): 0
	Major (requiring I/O) page faults: 0
	Minor (reclaiming a frame) page faults: 457271
	Voluntary context switches: 3220
	Involuntary context switches: 346
	Swaps: 0
	File system inputs: 0
	File system outputs: 161592
	Socket messages sent: 0
	Socket messages received: 0
	Signals delivered: 0
	Page size (bytes): 4096
	Exit status: 0
